,Price,SquareFootage,NumBathrooms,BackyardSpace,CrimeRate,AgeOfHome,DistanceToCityCenter,EmploymentRate,PropertyTaxRate,PreviousSalePrice
0,176391.7665,1002.49,1,354.22,44.61,106.01,26.79,94.32,1.36,165208.5865
1,402358.3158,897.55,5,579.57,41.05,13.77,24.4,86.13,1.76,524019.6443
2,124287.4584,774.63,2,1114.67,49.1,22.59,8.74,99.9,1.84,76449.7098
3,396428.1539,550.0,1,561.07,29.17,104.06,2.94,94.05,1.07,491021.5171
4,208725.8216,614.91,2,782.71,63.76,22.15,15.01,99.9,1.88,142189.9214
5,394620.5868,550.0,1,317.82,62.92,141.84,19.99,94.52,0.97,252727.7574
6,126925.7731,550.0,1,286.36,53.45,75.62,34.53,84.64,1.67,65149.99911
7,229853.3099,550.0,1,376.66,10.75,36.14,5.5,93.48,2.14,102046.909
9,200818.954,1068.3,1,629.24,38.4,24.07,22.23,91.87,2.2,193122.5853
10,357035.4249,1201.84,3,1209.03,49.9,27.26,10.94,90.36,1.5,268943.0146
11,463808.856,1337.43,3,955.18,20.59,32.28,3.17,89.72,0.82,536039.3908
12,313945.7134,738.56,2,493.17,9.32,34.11,24.19,98.25,2.1,193268.1435
13,165031.6016,695.79,3,83.24,47.32,47.77,7.97,93.74,1.44,79052.54416
14,256587.6562,550.0,1,283.41,49.39,67.51,31.51,88.31,2.36,186543.244
15,398669.8832,1912.38,3,507.06,41.58,27.11,14.38,96.4,1.05,486523.6679
16,323380.2074,859.83,3,708.09,21.88,23.49,11.97,91.77,0.68,279680.2035
17,448203.1313,1513.03,2,529.1,28.46,26.41,19.34,91.63,2.45,476128.3479
18,352825.9544,660.82,4,347.39,5.77,2.58,23.43,99.9,1.89,646336.6601
19,545962.0806,1835.88,2,491.31,46.18,95.53,15.05,87.67,0.71,541756.8039
20,149533.4247,550.0,2,697.31,36.49,30.3,23.89,84.98,0.67,73425.08501
21,264441.7319,1336.19,1,305.2,53.4,72.88,32.06,94.68,1.07,263213.226
22,238200.4947,1814.94,1,482.49,13.44,46.63,23.18,93.48,1.18,419202.6282
23,135171.2247,946.9,1,596.87,25.8,120.73,26.67,97.35,1.82,38906.05314
24,229353.9442,1352.52,2,459.03,48.95,21.52,20.02,99.9,1.64,194836.3861
25,139404.3725,976.2,1,34.11,53.63,56.83,21.91,93.36,2.26,79444.95455
26,118318.5553,550.0,1,496.46,17.29,114.72,22.01,92.34,1.93,4747.917512
27,197581.5547,708.19,1,139.15,5.39,28.68,16.1,91.08,1.45,100437.2396
28,429178.0547,935.84,2,480.78,14.04,85.05,9.29,85.7,1.42,421672.4877
29,156375.4648,550.0,2,200.61,46.26,62.18,37.1,88.73,0.96,64295.43476
31,282855.1167,550.0,2,135.08,39.45,28.71,30.42,99.9,1.78,149549.2599
32,171418.0448,1272.98,1,439.48,44.4,104.43,10.51,92.81,1.99,85252.91224
33,356250.7195,1881.78,3,31.56,5.18,48.85,10.23,93.98,1.07,432153.303
34,459577.8498,1061.97,2,333.14,31.09,7.25,34.39,91.82,1.7,482118.338
35,474262.431,1477.56,4,1071.19,25.58,44.02,23.52,99.9,1.25,479802.0439
36,551271.1624,1259.78,3,550.08,54.61,68.01,27.13,91.41,1.57,433461.4675
37,143197.3936,1225.68,2,277.91,50.76,126.53,4.78,94.75,0.92,104629.9954
38,220449.0188,641.92,2,728.7,1.13,92.3,15.02,99.07,1.51,387841.7319
39,183257.9263,1067.69,1,313.38,26.3,40.59,1.02,85.43,0.92,141880.7505
40,338942.4888,1544.53,1,677.97,2.88,17.8,13.3,99.9,0.98,412579.9944
41,456965.1835,1790.88,3,695.61,20.81,24.52,30.63,87.88,0.8,337761.8265
42,285175.2294,1114.3,2,821.15,52.77,16.89,5.29,86.69,2.98,312651.6828
43,267888.0566,968.6,4,625.87,45.22,13.54,2.28,96.71,0.68,376588.7389
44,197044.3929,550.0,3,322.77,29.04,30.58,29.27,97.48,2.61,165592.7666
45,198393.1279,842.16,3,509.27,20.73,35.88,36.54,98.54,1.54,212641.0238
46,340473.0578,979.4,1,651.09,76.65,24.69,16.67,93.44,0.96,321053.1422
47,153653.6431,550.0,1,163.98,48.13,81.83,25.94,85.44,2.31,113681.0813
48,315305.8611,1298.5,2,307.21,22.51,33.31,6.76,95.91,1.83,313392.5017
49,470536.3101,1594.17,2,567.07,0.05,25.66,10.42,98.1,2.14,812591.7859
50,321465.721,551.61,3,547.19,35.1,32.35,13.3,96.05,1.55,255872.3588
51,257606.4882,678.71,3,524.98,20.75,54.64,39.12,86.4,1.38,316287.6994
52,141906.3328,550.0,1,402.81,1.55,56.19,25.44,98.3,1.58,30476.04412
53,191199.6967,550.0,1,746.43,46.2,113.42,0.72,90.73,1.96,131907.532
54,214544.3699,1108.17,1,599.08,34.18,41.57,27.91,99.9,2.0,326871.9349
55,197318.2591,556.22,1,233.88,48.64,42.32,13.08,98.9,0.86,181098.2394
56,286606.7534,877.48,2,10.29,41.36,29.63,24.03,89.98,2.77,224654.9278
57,262908.9842,550.0,2,614.11,27.62,88.31,25.87,91.95,1.45,314738.3821
58,104494.1398,550.0,1,152.62,41.49,77.29,6.96,91.23,2.96,18819.4621
59,600382.1171,1747.09,2,911.97,29.24,48.65,4.61,98.27,1.67,776303.338
60,204273.6783,906.49,2,699.35,57.0,107.8,52.74,90.5,1.57,224602.4137
61,113545.7587,550.0,1,272.87,10.16,138.66,40.12,91.94,1.12,26415.70062
62,459577.1829,1044.97,3,672.27,15.47,52.31,15.42,99.9,1.41,755423.1728
63,382797.6505,1554.72,1,633.52,12.7,48.77,20.87,95.78,1.6,543117.7569
64,414962.7495,1222.16,1,620.8,57.28,97.86,5.6,86.51,1.15,406989.4093
65,265124.8389,1193.27,1,514.51,29.36,38.72,15.62,92.71,1.38,177754.2012
66,443253.3088,1486.54,3,590.92,26.56,31.47,3.2,93.34,1.84,668283.1176
67,562151.053,1286.17,3,387.44,21.56,17.5,0.23,95.34,2.06,547769.6363
68,391309.264,1422.5,3,610.96,18.95,13.98,2.36,99.06,2.01,447581.2695
69,293993.3106,1233.39,2,1103.46,42.39,32.33,39.45,91.12,1.89,358485.656
70,356616.8564,1645.41,1,528.26,24.92,44.71,10.4,93.68,1.35,373940.2851
71,158916.1659,550.0,1,422.75,43.77,32.67,35.18,95.9,1.85,71959.48995
72,323339.5808,1032.34,3,221.1,72.3,32.45,20.49,96.54,1.54,469495.1696
73,255996.8651,1535.57,2,867.01,6.26,30.99,18.84,99.58,1.05,368890.6677
74,290455.1881,1513.75,2,462.52,31.62,32.43,32.14,98.58,1.72,457800.9591
76,443988.6118,1016.27,4,401.64,39.96,20.9,31.14,92.1,1.92,430095.2019
77,358519.7049,1864.95,3,855.28,16.03,53.04,19.61,99.37,1.39,668604.752
78,455877.0274,1029.31,4,412.54,44.29,86.13,22.07,91.83,1.55,503257.8749
79,103212.0744,550.0,1,458.89,49.0,76.35,7.26,90.91,1.02,16088.93035
80,239822.1002,972.44,1,181.58,72.18,38.06,35.95,94.53,1.51,191925.6804
81,190286.3937,1287.85,1,587.45,18.23,3.49,18.77,87.73,2.33,137189.5439
82,384299.924,1257.82,1,479.92,8.17,6.75,27.73,90.28,1.66,353181.3941
83,355509.5762,1138.98,2,97.15,43.64,19.46,14.61,95.72,1.36,215467.1332
84,380408.5489,938.17,1,116.05,29.16,87.07,32.27,94.59,0.73,299887.5545
85,255046.6856,897.34,2,465.82,29.83,64.15,27.25,91.53,1.18,116639.8566
86,462244.0767,1391.17,1,494.7,40.47,33.02,4.93,99.9,1.3,407789.724
87,410697.6667,939.61,1,419.2,10.14,62.77,2.35,82.76,0.46,299673.1726
88,341453.6385,708.49,1,937.85,34.27,41.12,0.51,89.85,1.74,393959.0545
89,145164.6243,982.12,1,906.47,37.93,120.0,22.46,81.31,1.61,94574.73851
90,597561.8821,1427.45,3,14.46,30.83,40.0,10.83,89.91,1.76,413956.3415
91,138399.473,550.0,1,1007.36,42.32,1.42,12.24,93.81,1.09,154720.3375
92,200794.2658,1195.55,1,445.23,29.9,76.24,27.14,94.45,1.58,224252.2063
93,280736.3999,897.88,3,292.13,10.98,39.69,13.39,94.46,1.6,381114.9193
94,268783.2257,922.14,2,498.24,36.83,50.06,18.08,88.56,1.36,177938.6605
95,188922.9338,1117.43,2,546.97,32.53,42.19,31.63,91.03,1.59,86268.49103
96,243173.1802,1620.01,2,940.72,35.52,44.53,6.41,95.22,1.02,260011.399
97,482609.8577,979.53,2,673.71,9.91,58.37,7.94,92.24,1.96,460852.3995
98,329468.1081,1408.7,1,1053.13,42.0,74.13,1.46,93.46,1.34,290338.5185
99,168330.4741,783.13,2,372.3,52.89,83.51,8.74,91.1,1.24,79155.29125
101,105659.5162,628.88,2,179.77,41.63,45.89,28.63,92.71,2.01,24371.03455
102,416597.0363,1138.0,2,300.71,10.83,12.93,13.93,99.43,1.73,495549.3666
103,283619.0625,1761.22,1,1100.2,8.96,44.13,7.79,94.47,1.43,276320.7584
104,515034.703,1294.28,3,781.13,25.49,13.26,1.9,89.12,1.32,762024.2044
105,622313.4809,1135.3,3,756.1,41.46,0.16,10.72,94.64,1.34,507695.363
106,281768.783,550.0,1,935.23,51.79,63.93,20.88,91.9,2.66,176339.6105
107,363985.391,778.54,3,861.69,25.78,108.38,0.79,93.43,1.56,436796.0704
108,372486.1554,1866.18,2,1059.36,41.54,21.74,24.62,91.43,1.41,365885.3664
109,517017.3736,1458.01,2,360.62,42.61,94.43,3.71,99.9,1.83,379079.4811
110,96581.15482,1171.46,1,656.11,23.59,38.31,14.56,91.04,1.27,12609.68017
111,189805.7933,603.88,3,663.77,49.29,58.78,5.71,99.9,1.67,168635.6435
112,492082.8928,1216.56,2,624.93,8.96,69.65,20.57,98.1,1.04,618653.7437
113,98513.09269,550.0,2,500.92,9.39,14.3,15.68,95.91,1.99,10648.1766
114,334199.9353,1289.46,1,667.17,41.11,46.35,23.49,86.95,1.36,226867.9175
115,138503.6879,710.29,1,588.34,43.08,63.61,8.06,98.34,1.53,53172.54135
116,329886.498,1974.31,1,926.42,29.23,7.79,0.73,95.19,0.71,410890.9745
117,470665.0211,1364.59,2,89.46,39.6,57.09,7.57,97.3,0.95,537732.1574
118,197143.7222,568.77,2,58.05,75.0,0.02,6.3,87.0,1.9,166080.2134
119,209382.3033,762.27,2,545.06,27.68,60.25,20.37,86.13,1.73,134129.1809
120,219051.4837,860.5,1,316.29,28.98,66.86,15.93,86.46,1.41,281249.714
121,241370.1502,930.21,2,566.0,40.66,34.76,26.76,94.9,1.6,187134.6322
122,348708.1724,1393.42,3,708.88,0.91,11.7,0.8,99.9,1.76,243243.8481
123,188197.7996,1012.32,1,256.97,50.62,59.56,3.9,91.81,1.27,342711.0883
125,153304.2906,1032.08,1,530.8,21.44,4.13,14.57,94.57,1.58,47457.14311
126,605064.1428,1642.1,3,1076.98,30.47,8.38,3.18,82.12,0.74,489003.6291
127,660109.3536,1526.53,2,1276.59,13.63,71.51,2.5,90.55,1.27,495607.7539
128,195802.9462,550.0,2,626.78,13.12,29.23,3.56,99.9,2.08,166754.3776
129,265790.3215,808.65,1,624.84,34.01,21.94,10.78,87.85,1.99,255977.0197
130,167792.6953,550.0,2,113.42,34.42,16.15,16.07,94.11,1.24,129957.5696
131,244689.5845,1239.22,1,704.29,15.15,38.71,14.52,96.98,2.57,389338.7871
132,249935.6617,1004.76,1,838.79,30.1,29.4,21.78,99.11,1.45,136462.0516
134,452288.5216,1906.63,2,308.92,64.06,37.18,11.48,89.51,2.39,584209.071
135,172692.171,550.0,3,290.28,17.7,5.79,16.49,89.02,1.02,81668.28711
136,216118.7539,782.67,1,510.22,33.65,41.73,20.43,94.48,1.59,150720.0561
138,365858.4583,1233.94,2,963.69,40.04,44.03,49.67,91.71,0.89,268725.3363
139,99267.04837,550.0,3,242.65,45.42,3.12,17.34,91.12,1.55,22919.63691
140,98169.57031,690.15,2,215.54,7.89,54.57,29.26,89.36,0.93,12116.32176
141,137434.8608,1536.98,1,267.89,23.77,93.62,25.63,93.45,2.04,64238.44087
142,267385.6889,718.96,4,786.18,44.73,42.3,31.59,97.29,1.17,458658.1941
143,456955.7679,838.39,3,347.59,20.33,10.5,1.85,93.1,1.49,521828.1684
144,148261.471,1064.61,1,401.68,7.05,0.67,9.93,97.96,1.65,124805.2449
145,372086.4342,1014.11,3,908.45,17.96,64.42,38.18,94.87,1.72,277662.226
146,92938.70913,960.39,2,56.01,48.45,45.56,19.38,99.9,1.57,2548.52884
147,302758.8424,854.37,1,300.71,23.05,34.93,7.47,91.53,1.18,250640.666
148,450049.6827,1929.23,3,564.42,51.54,11.34,2.89,96.37,1.56,741284.5407
150,174263.9779,550.0,1,288.91,45.92,68.46,25.51,89.52,1.91,144357.5573
151,477659.6964,1564.88,4,697.54,37.87,39.27,10.11,86.3,1.73,454004.0592
152,299931.0375,1447.86,2,717.05,12.55,32.86,6.49,94.7,0.81,517052.145
153,256483.9589,1195.99,1,604.53,16.13,40.76,15.44,99.9,1.77,198484.8755
154,236691.7614,917.28,1,662.34,10.57,8.89,36.92,94.55,1.83,145771.4042
155,264839.3572,1456.13,1,505.8,18.49,17.64,18.58,93.8,1.82,124572.3536
156,219115.0432,946.99,1,507.04,72.72,1.59,16.94,93.96,0.72,231124.0805
157,111551.2801,752.35,2,723.63,53.33,61.57,39.25,98.83,1.03,21393.39346
158,173749.1011,550.0,2,80.0,62.86,36.86,8.79,89.06,0.65,124793.2442
159,163923.6526,866.92,2,490.14,28.7,29.55,7.82,83.79,2.1,125056.847
160,275767.8705,995.68,1,110.33,38.76,9.83,9.36,82.78,0.6,299085.7757
161,268596.5887,574.35,1,792.79,6.61,9.45,16.48,95.41,0.97,246772.9168
162,152156.6843,550.0,3,752.61,25.2,45.4,8.39,91.15,1.63,83149.72661
163,257395.0336,785.79,2,329.29,29.53,56.2,4.07,93.31,1.33,364205.5907
164,386716.6117,948.01,3,735.23,37.11,61.08,0.49,91.44,1.27,275295.1124
165,450120.2274,1323.84,4,541.45,30.8,72.15,1.95,99.7,0.99,471436.2409
166,165109.7744,550.0,1,424.8,35.81,53.91,10.86,90.25,2.11,89075.16513
167,573083.1594,1516.73,1,149.41,25.37,32.96,2.07,90.16,1.02,476003.0198
168,279091.9309,1530.02,1,175.19,45.09,101.8,27.47,92.41,2.36,331009.6354
169,292393.51,1223.17,2,100.38,36.79,41.37,22.61,93.04,0.98,165471.2967
170,280145.9092,550.0,1,430.67,30.91,71.45,23.98,96.57,1.84,150534.813
171,425329.428,841.64,2,642.0,28.13,51.07,0.3,89.03,1.7,268959.8686
172,110414.4485,550.0,1,192.6,34.62,86.63,48.12,99.29,1.89,46990.28354
175,235149.0994,857.78,3,615.54,27.79,25.63,12.94,94.34,1.18,282915.8867
176,556413.2707,1194.44,4,565.41,21.81,3.8,13.02,92.97,2.17,439887.9722
177,268927.7861,550.0,3,652.27,14.79,4.84,13.41,95.65,0.94,315626.4274
178,380920.0576,652.85,3,655.21,21.09,68.43,6.85,96.15,2.38,311502.4498
179,197633.9779,1198.14,2,137.93,6.15,54.8,5.9,94.9,1.65,90385.53636
180,198687.8753,1413.38,2,380.84,36.26,39.59,20.49,95.51,1.44,230580.4248
181,313323.3904,1259.71,3,482.01,33.45,10.05,3.39,88.1,0.5,529601.5947
182,184014.233,1151.89,1,782.58,70.69,63.99,22.19,94.01,1.02,113773.1377
183,338485.1269,1732.38,1,432.37,25.88,58.8,33.94,96.77,1.83,245750.9113
184,423017.0623,1493.58,3,129.92,45.13,82.23,17.26,98.65,1.36,574095.2573
185,252873.0692,1435.02,1,820.63,49.85,43.35,0.23,95.63,2.37,149189.4196
186,144270.6511,966.05,2,366.65,56.62,7.85,40.41,93.52,2.18,43032.2054
187,511443.7364,1416.23,4,461.51,34.96,2.43,14.07,99.9,0.57,464984.3714
188,247938.1754,588.65,4,577.26,24.47,53.95,12.29,87.31,1.53,363555.3124
189,227842.6556,671.09,2,1075.03,44.77,46.21,19.07,98.68,1.88,144111.4723
190,313708.945,652.65,2,854.55,48.39,77.11,3.21,89.19,1.62,210630.5392
191,223576.1619,1040.39,2,363.11,10.43,12.24,1.5,86.69,0.6,249929.0909
192,542695.4537,1325.64,2,568.87,43.44,9.83,17.53,87.37,1.47,386595.0828
193,379709.2558,1778.46,1,657.76,63.4,53.84,3.29,91.84,2.32,727254.452
194,220975.2677,550.0,2,699.71,32.22,101.98,16.26,94.4,1.5,176564.7709
195,300755.5043,1427.72,3,659.9,11.33,36.95,20.68,92.33,2.59,378364.4374
196,127334.7909,550.0,1,621.03,39.89,52.95,20.42,94.63,2.02,74694.14436
197,210881.4665,1481.33,1,373.24,21.49,39.41,14.53,83.86,1.06,167742.1176
198,287109.9397,1176.46,2,660.02,26.29,40.96,29.55,93.88,1.68,410271.0218
199,323479.2753,1593.06,3,973.46,10.63,72.49,8.12,99.8,1.36,557311.7243
200,468984.6839,1492.0,5,610.47,17.85,1.82,7.29,84.79,1.11,818639.7382
201,157124.4944,693.72,2,867.88,27.4,6.11,15.4,92.96,1.8,70311.93644
203,290806.1083,550.0,1,592.31,58.94,74.28,46.55,90.79,1.8,290300.5712
204,323473.5061,1331.18,2,88.42,3.0,33.76,9.35,89.09,1.94,425879.1112
205,312489.6979,985.8,2,380.07,33.39,1.45,25.72,99.9,1.3,252965.0547
206,358084.3671,1379.4,2,39.47,38.54,36.29,24.7,92.66,1.43,219080.4787
207,276698.6903,645.97,1,306.13,39.96,65.6,2.79,91.41,0.69,218044.8076
208,216506.6648,1286.25,2,213.99,54.66,46.13,19.1,91.85,1.52,227987.1312
209,237931.6911,1103.49,1,1027.16,9.82,24.47,26.09,84.54,2.48,107788.9879
210,191119.5959,1550.84,1,480.93,41.67,71.79,15.21,92.67,1.54,359658.7499
211,288481.2046,976.42,2,272.46,18.71,24.42,36.69,95.31,1.66,166325.4772
212,256648.7761,884.1,1,926.52,19.2,98.18,2.28,93.39,1.3,185839.3264
213,670334.3299,1399.82,3,546.74,7.05,21.09,10.19,98.56,1.15,555020.7178
215,172624.5777,593.12,2,205.52,48.09,15.01,9.78,97.62,0.93,114717.0433
216,340874.8921,550.0,2,374.41,25.36,71.2,8.27,93.87,1.6,289172.6693
217,158374.7565,600.01,1,922.82,23.37,39.03,4.57,91.45,1.4,193743.3205
218,214599.2362,1034.3,1,193.7,21.15,24.45,1.56,98.29,1.68,280297.0426
219,657127.9763,1761.18,3,48.26,15.11,46.07,7.59,87.61,1.58,661316.4645
220,175680.1302,906.93,1,851.72,40.62,29.21,10.02,95.75,1.89,96892.59627
221,318949.998,988.48,1,597.16,1.22,57.42,20.55,87.73,1.28,195707.0025
222,409990.2258,1900.51,1,815.84,32.11,49.15,8.39,99.9,0.73,344288.9252
223,129221.7779,1316.02,1,377.5,30.89,86.61,7.37,99.9,2.05,38434.12672
224,153917.287,1099.39,2,473.78,30.55,77.29,33.23,88.82,0.62,44376.00143
225,128863.451,1344.89,1,102.77,14.53,82.25,17.88,91.66,2.65,68342.28086
226,104735.1932,550.0,1,342.05,37.68,11.35,47.23,91.46,2.42,-4390.753336
227,680379.2709,1411.04,1,465.67,37.83,63.68,2.26,91.82,2.3,434924.7769
228,324162.0997,550.0,3,547.29,39.86,14.48,19.81,99.9,1.93,309042.0764
229,145990.4461,550.0,3,581.43,1.24,50.41,22.87,96.36,1.75,77934.25627
230,373332.3341,1199.21,2,562.34,66.9,59.89,39.01,84.63,0.82,236476.2493
231,160332.0108,581.4,1,454.75,9.17,58.29,27.87,96.59,0.9,94932.02301
232,488214.642,2299.19,2,315.0,36.45,85.36,32.72,81.58,1.8,320523.9238
233,383062.9673,1114.36,5,505.49,26.67,37.75,19.23,99.9,1.53,414937.2676
234,130991.5648,550.0,1,71.09,31.67,136.09,27.2,95.22,1.68,75510.56458
236,543193.7648,1812.59,2,641.93,52.88,139.03,28.98,99.67,1.41,346251.7547
237,265068.4697,1142.34,2,543.48,42.96,25.78,0.76,94.98,1.87,324905.1287
238,226312.606,830.87,1,548.86,34.28,50.18,26.37,96.39,2.02,148245.4803
239,381030.2686,1138.02,2,624.6,28.96,70.5,12.2,90.6,1.33,419672.9771
240,518293.9497,1467.33,2,153.22,46.37,37.99,19.18,99.9,1.09,530541.6981
241,156581.1599,720.82,2,875.02,33.01,64.39,18.36,92.89,1.75,117689.5115
242,225726.3565,550.0,4,1043.79,46.13,52.41,5.03,91.57,0.98,141694.2808
243,489889.2199,1120.54,3,556.24,27.84,35.65,15.37,94.9,1.51,607833.9882
244,660281.9581,1529.95,4,182.81,41.32,21.28,16.32,92.75,1.1,559467.9153
245,215416.4879,1913.94,1,468.23,2.21,0.86,6.35,85.61,1.08,173658.5605
246,155116.99,868.62,2,206.64,30.34,24.76,7.67,99.9,1.79,63591.73286
247,640803.1033,1599.75,3,802.63,23.38,53.49,28.04,99.9,1.0,657176.4633
248,301380.6057,550.0,2,447.39,27.65,23.59,33.71,98.95,1.84,233843.1976
249,551667.0323,1484.37,5,220.67,4.54,37.66,2.99,99.9,1.52,401009.8324
250,298345.4482,1016.49,2,499.0,17.68,68.21,16.87,95.96,1.13,379226.5125
251,288106.0885,1284.7,3,453.26,28.69,45.37,11.43,96.58,0.8,479977.5765
252,566227.9255,1146.53,2,493.91,32.84,38.74,11.25,92.68,0.31,452280.9146
253,236381.0551,1028.83,2,739.36,10.24,65.38,23.16,99.9,1.63,350794.0185
254,165044.0344,1220.33,1,470.58,3.27,29.08,28.17,94.51,2.1,130627.9569
255,458112.4045,648.52,2,756.06,64.15,23.21,30.69,96.21,1.33,305760.6912
256,235650.2469,1540.02,1,956.39,25.36,3.63,10.65,90.56,2.6,398530.7188
257,348718.2566,1269.7,3,792.87,29.09,44.28,8.33,86.42,1.63,219957.5217
258,336313.9307,722.64,2,254.76,40.79,81.42,46.05,94.02,1.9,206763.2668
259,211883.045,1067.3,3,665.83,11.73,20.03,29.33,94.46,1.09,204894.7445
260,135240.9527,550.0,2,175.5,45.15,73.93,25.49,94.04,2.48,44186.82009
262,185061.8277,1107.73,1,510.97,14.31,101.21,23.65,96.34,1.56,127455.8677
263,249029.7925,550.0,2,129.04,31.96,21.36,11.46,94.35,1.85,186088.4746
264,128433.5857,786.48,3,247.96,34.43,58.07,26.77,99.15,1.26,61155.96443
265,119661.8405,550.0,1,427.19,33.22,3.64,14.83,86.33,0.96,24879.27194
266,203073.0997,550.0,4,683.43,6.52,99.07,31.77,99.9,1.27,131526.127
267,223625.846,896.66,2,780.08,24.65,66.69,17.39,91.35,1.61,166049.7739
268,114541.7742,550.0,2,136.88,25.14,98.56,22.28,90.32,2.47,20875.65572
269,115209.9412,715.11,2,993.74,48.18,52.98,22.15,87.58,1.98,23771.29138
270,184676.9077,1113.4,1,479.39,30.42,6.75,25.91,97.69,1.9,160828.1771
271,483538.6537,593.3,3,757.83,29.29,36.45,11.09,91.46,1.14,291964.4915
272,252206.3363,996.4,2,462.37,34.75,121.06,36.63,83.16,1.49,132725.175
273,299416.7236,807.07,3,445.1,0.3,59.04,30.26,86.31,0.97,300135.8299
274,157820.79,550.0,1,678.37,2.88,66.75,46.7,97.92,1.15,60396.85087
275,239896.6105,1149.13,2,727.37,24.04,38.34,16.9,94.0,1.49,323854.6259
276,322889.1985,1241.4,3,663.77,49.7,64.95,22.4,99.9,1.84,357557.789
277,207397.7233,550.0,2,290.65,27.16,108.3,0.82,92.38,1.09,126751.1874
278,194645.6957,550.0,1,459.12,31.68,43.19,34.65,94.78,2.75,230712.9661
279,163370.4662,550.0,1,258.23,21.5,64.94,21.91,94.33,2.1,257393.4347
280,340631.8618,980.86,2,717.95,31.73,14.69,23.59,93.12,2.04,296259.5186
281,206316.8392,550.0,3,381.77,7.15,50.5,4.3,95.08,1.18,122437.1826
282,381358.9809,1236.22,1,344.69,5.85,16.1,13.77,91.36,2.27,458543.061
283,239145.3146,759.92,1,237.53,19.42,72.37,20.92,99.9,2.22,175073.5731
284,348803.1786,1508.69,4,581.1,9.35,46.99,23.86,90.06,1.38,409827.5124
285,222458.8726,748.24,1,109.07,7.19,56.47,8.84,90.36,2.25,217387.6399
286,579176.5925,1396.47,3,989.85,1.44,111.41,15.64,97.34,1.63,352774.319
287,397345.969,2043.27,2,715.98,43.17,8.58,20.28,99.9,1.19,510303.3374
288,125803.2263,550.0,2,279.77,23.71,10.11,29.45,88.13,1.2,24010.94675
289,349805.471,1284.04,2,727.56,44.01,11.36,10.13,99.9,1.49,203291.9003
290,373841.5628,1024.7,1,827.3,12.85,13.88,9.28,99.9,0.88,275005.5216
291,168185.3541,604.96,4,511.42,36.02,47.66,2.78,92.78,2.12,91640.00098
292,378609.6357,1179.33,3,424.35,33.38,7.33,33.96,98.96,0.8,333127.4127
293,188442.1053,694.97,2,489.78,66.84,48.91,21.78,87.59,1.43,233305.0603
294,247234.9113,550.0,2,622.44,45.71,57.65,13.26,96.1,2.68,202498.0362
295,361249.6732,1236.56,1,533.95,18.63,44.17,32.49,93.48,1.51,344093.8166
296,360643.2227,550.0,2,130.93,21.83,7.03,5.71,95.18,1.25,252071.4323
297,581250.1542,1752.42,3,555.27,23.14,48.24,27.07,92.94,2.35,481329.7949
298,215335.419,630.11,2,470.22,0.39,27.9,2.76,92.16,0.85,285468.523
299,384455.619,784.31,2,1012.43,37.14,54.89,6.54,89.89,2.03,330777.6192
300,424643.659,1431.14,2,642.51,52.27,54.06,5.18,91.51,1.46,426194.5944
301,299949.6785,613.65,3,167.43,21.39,4.56,10.47,98.24,1.88,167425.802
302,203699.5856,1327.51,2,1132.4,15.69,16.16,1.34,99.9,1.58,281191.9831
303,204657.2539,550.0,1,239.34,50.25,22.23,34.43,91.25,1.37,125626.4582
304,225922.8165,550.0,2,834.41,35.69,14.31,9.29,99.9,1.42,243369.611
305,299791.0386,1358.08,1,524.26,4.39,50.96,18.75,92.79,0.98,498626.2743
306,332625.6738,550.0,1,500.8,55.26,43.13,26.28,89.49,2.0,186449.7247
307,387338.4613,1653.52,3,938.48,39.59,10.34,24.35,99.9,0.65,321837.4339
308,723129.0195,1258.04,4,590.21,40.66,17.65,30.54,88.71,1.21,620069.5958
309,303263.1002,1026.89,2,149.28,31.68,51.37,7.32,92.33,1.05,247504.6547
310,273342.7544,1455.53,1,629.97,26.49,63.87,16.17,95.74,1.22,170605.7671
311,255571.3046,1757.89,2,442.04,17.84,45.33,15.94,95.03,0.35,319067.1456
312,474113.0391,1179.81,4,235.87,28.24,61.55,9.9,99.9,2.22,382124.4309
313,542634.4865,1850.41,4,380.26,12.84,22.38,0.61,86.96,1.25,412166.0012
314,250513.3016,829.58,2,384.04,23.32,81.71,18.52,94.06,2.07,201790.0964
315,97058.08872,805.65,2,539.13,48.83,21.07,18.09,88.33,1.38,12089.47772
316,451607.1293,969.23,2,520.41,39.87,45.53,38.54,86.82,1.46,775322.5786
317,108490.1181,550.0,2,464.48,17.37,58.57,9.18,96.32,0.75,31465.79415
319,491275.8051,1116.13,2,911.13,56.28,2.84,12.3,91.83,1.71,517182.2055
320,237298.1737,899.53,3,328.43,4.05,27.81,16.74,93.74,0.62,279262.1358
321,452040.361,1389.16,2,708.77,32.33,51.28,16.57,92.41,1.88,362843.6877
322,339942.7401,1174.77,2,519.3,33.31,108.3,28.59,93.35,1.71,478688.3641
323,619118.0958,957.72,2,243.74,46.61,27.72,27.06,95.54,1.67,416090.5233
324,308210.9175,550.0,1,200.14,53.6,34.2,38.95,92.86,0.75,323212.685
325,166249.1423,696.71,1,1109.8,50.24,56.54,31.78,96.92,1.4,59232.90194
326,158586.5965,550.0,2,182.65,19.69,113.37,37.74,99.9,0.78,198064.7471
327,349936.8147,732.74,3,766.49,5.11,23.57,2.02,97.68,0.23,506209.4983
328,350479.6175,1169.45,1,463.43,21.98,17.96,13.3,94.31,2.0,298266.2739
329,449710.6488,1979.9,2,387.54,3.75,16.12,11.07,96.33,1.72,403689.0833
330,232895.9821,1235.16,2,659.72,38.95,43.09,16.96,93.94,1.4,255617.4088
331,161259.969,550.0,2,185.82,33.44,43.79,13.87,92.55,0.75,153475.7132
332,385714.3105,1287.61,3,1054.2,51.53,50.01,10.76,95.26,1.01,479809.0114
333,189599.5983,931.48,3,441.0,23.97,41.32,23.8,95.42,1.96,149196.1255
334,691793.7395,1384.52,3,718.69,59.12,20.41,0.06,93.79,1.42,523950.3209
335,253572.0031,1247.24,2,508.51,60.16,37.74,11.43,84.92,1.11,309543.9053
336,234312.0381,1508.28,1,323.23,32.39,78.59,26.43,88.92,1.49,180885.3671
337,454510.2017,974.21,4,712.49,53.26,48.43,16.98,87.61,2.01,577650.6625
338,668647.8979,1714.27,4,389.17,21.66,87.97,17.04,84.3,1.53,548642.6743
339,422218.6244,990.36,2,270.8,19.87,38.09,2.07,99.13,1.48,307249.2654
340,285884.5054,966.84,3,90.6,13.61,34.79,27.92,86.4,1.94,298779.5391
341,558091.1803,1117.64,3,1111.76,21.99,41.77,6.9,96.98,1.93,519662.9576
342,123607.752,550.0,1,476.85,52.05,25.66,30.69,89.3,0.8,25490.11079
343,108831.3591,1229.67,1,165.76,57.5,83.46,16.44,88.68,2.16,31154.69136
344,199859.2865,1210.02,1,414.33,53.52,61.29,22.32,90.66,1.36,182303.087
345,273656.1229,1453.22,2,176.69,50.55,27.35,1.98,96.81,0.89,656474.9021
346,373244.7733,1640.53,2,762.09,38.79,30.19,8.29,96.06,1.32,432010.9338
347,373283.2345,1871.3,3,449.26,45.89,14.39,0.82,85.65,1.9,700512.6825
348,166979.9417,1074.05,1,599.49,36.09,13.87,31.21,96.0,1.46,159334.9473
349,280856.0706,897.32,2,248.28,32.13,53.95,23.25,96.28,2.03,150251.6261
350,649626.5373,1634.97,3,873.35,53.4,15.26,19.77,91.36,1.96,428472.8809
351,271564.8979,714.31,1,380.52,32.9,73.3,28.85,92.22,1.7,381483.2368
352,418571.6063,1594.84,3,714.72,51.53,29.47,1.15,92.22,0.42,482614.7525
354,337437.9892,550.0,1,785.92,24.7,106.56,17.31,95.04,1.3,174758.0563
355,529431.1245,1217.68,4,407.63,34.18,100.17,1.38,99.9,1.52,612626.2821
356,208981.4525,1401.71,1,497.84,69.09,49.18,3.12,95.93,0.77,177365.2405
357,562160.7089,645.66,2,432.17,2.05,86.32,2.1,95.06,0.7,487361.7384
358,176540.0897,591.05,2,609.33,24.52,58.93,34.44,98.53,1.26,73689.14401
359,209554.4884,550.0,2,121.95,45.67,7.5,14.48,91.19,2.16,117750.0781
360,120464.7704,550.0,1,42.64,18.48,30.24,33.36,99.9,1.92,39320.77936
361,315392.5697,1261.2,1,689.67,22.1,84.25,23.04,98.0,0.95,332648.0657
362,516493.2791,1318.48,4,729.79,18.15,93.88,17.27,97.85,1.26,476565.634
363,386853.4093,594.82,3,30.06,16.17,17.64,4.12,98.66,1.38,319495.2808
364,486979.2979,1510.55,3,145.97,40.03,10.94,6.26,94.82,1.23,460759.3303
365,523759.2625,1346.45,3,512.67,30.96,1.58,29.52,89.67,1.4,545052.0702
366,746628.1996,1849.91,3,778.43,11.23,18.19,12.1,99.9,2.02,788161.5212
367,354353.6387,897.24,3,981.44,45.12,7.01,0.44,84.97,1.97,336168.0142
368,191978.5615,550.0,3,727.82,36.87,25.26,13.54,95.83,1.66,211106.8653
369,369969.2973,877.95,3,1109.06,17.89,9.58,17.3,95.34,1.68,339933.2549
370,469333.7639,1465.35,3,588.34,48.88,49.88,19.22,94.82,1.73,453131.6806
371,475423.0378,1421.07,1,242.62,38.02,61.0,15.38,99.9,1.74,371321.2106
372,367193.2871,1247.5,2,67.11,47.06,20.83,17.17,99.9,1.77,314617.4969
373,431806.1057,1036.74,3,281.27,36.4,9.12,10.75,96.11,1.35,481539.8968
374,355199.2606,1153.92,2,669.68,14.18,3.59,5.8,94.9,1.03,203923.5004
375,245087.8371,1010.8,2,489.74,5.04,69.94,18.03,90.33,1.9,202999.5634
376,204063.8821,1487.76,1,840.15,46.09,47.69,35.19,95.28,2.09,134622.002
377,356969.6722,1642.29,4,345.19,11.9,43.69,0.2,99.9,0.72,471848.9382
378,111416.3788,550.0,1,468.94,42.26,64.59,7.84,97.21,1.79,16326.71986
379,171613.4246,896.7,1,314.71,66.78,105.47,25.25,93.21,0.93,58395.27037
380,238850.653,851.29,1,522.92,9.66,3.66,34.27,96.71,0.53,373704.2354
381,508240.4454,1506.08,2,705.39,39.94,8.5,1.87,96.7,0.66,549578.3839
382,343701.8081,1147.95,1,190.36,1.1,44.35,3.07,99.9,1.43,317214.4615
383,468387.3522,969.93,3,1056.2,10.58,6.45,12.24,97.84,2.21,446218.8391
384,379621.3228,788.8,4,327.3,62.7,94.8,2.36,90.48,1.7,281179.0702
385,207873.7325,1055.81,1,39.81,6.77,2.64,11.78,86.57,0.8,99288.96054
386,329601.4479,1689.85,4,194.47,38.78,83.27,5.49,99.49,1.11,596846.9444
387,152297.6017,700.9,1,840.32,0.29,92.84,8.42,87.5,1.77,69497.04211
388,332770.3718,743.83,3,926.96,22.8,91.53,12.23,87.08,2.21,265211.8096
389,620485.497,1093.37,4,640.98,51.03,44.31,17.41,99.9,1.23,482829.9785
390,261715.0866,837.06,1,408.7,36.24,32.17,25.34,92.87,1.49,295294.0933
391,132210.7474,1148.42,1,411.71,7.21,25.25,15.32,96.28,1.6,35075.44666
392,365843.4516,1499.48,5,239.94,49.71,8.75,37.11,83.89,1.96,531410.1672
393,407233.324,550.0,4,671.69,30.57,64.78,33.19,86.72,2.27,433102.013
394,440441.4913,955.82,2,602.47,60.62,41.71,32.53,87.27,0.73,315803.6908
395,230880.5805,1188.27,1,520.48,13.98,68.48,14.23,97.75,0.92,216122.1748
396,305843.0619,740.4,2,553.4,12.65,59.87,15.54,99.9,1.61,311765.2278
397,326576.8023,1541.96,1,833.53,8.55,50.92,1.51,99.9,1.39,289551.7302
398,434766.9091,2082.88,1,49.18,39.72,56.25,0.95,92.73,0.81,613405.3753
399,113167.6128,550.0,1,353.03,8.28,16.8,43.13,86.5,1.26,22934.59654
400,255647.7753,1662.92,2,268.64,53.94,35.25,30.19,93.78,1.68,128557.5093
401,249095.1846,1102.15,1,154.99,56.57,50.98,0.96,93.07,1.92,167593.7069
402,227591.673,998.15,2,583.62,23.69,34.62,10.82,93.42,1.4,222371.8723
403,210450.8806,550.0,2,490.96,42.41,1.79,14.94,99.9,2.01,176342.4353
404,144597.4335,550.0,1,859.24,34.43,22.53,10.72,98.48,2.15,56654.96002
405,384097.6603,783.23,3,538.66,26.05,108.61,34.64,91.01,2.2,319815.8342
406,346591.1288,2187.19,2,222.5,17.14,49.71,5.11,94.0,1.38,269822.1989
407,305549.9909,1280.31,2,621.16,40.7,62.37,12.51,86.71,1.89,301955.4124
408,412373.3986,1278.96,4,788.81,36.19,26.61,27.82,94.88,1.47,340637.255
409,164222.1711,550.0,2,403.71,30.92,38.74,23.72,96.3,2.65,92308.39207
410,572622.5536,1250.32,2,673.64,35.24,19.87,35.45,94.33,1.68,641270.4571
411,722574.6253,1216.33,4,298.63,11.06,10.06,13.57,99.9,1.36,814878.8795
412,194022.0792,692.76,2,360.81,17.65,53.76,27.9,95.75,1.85,139281.738
413,431823.3071,2120.93,3,868.57,22.37,23.94,1.45,95.96,1.61,349876.264
414,443320.3326,1450.22,2,167.31,39.09,1.43,10.77,94.4,1.31,416782.6669
415,172227.7567,984.42,1,418.85,37.17,32.14,26.94,84.25,2.33,86042.28003
416,233789.3427,550.0,2,470.97,46.95,63.28,16.99,91.65,1.77,144424.8466
417,133985.6069,661.76,1,316.68,24.52,26.37,7.78,83.84,2.32,98161.34715
418,495148.1821,812.15,4,599.29,16.87,29.67,14.0,88.33,2.44,382256.9195
419,108074.4061,613.32,1,895.23,61.27,8.04,27.62,92.6,0.69,24227.41436
420,291765.9698,1713.06,2,490.96,33.38,78.31,30.18,97.93,1.92,429202.1851
421,155755.9859,550.0,2,541.91,39.57,67.49,17.34,96.69,1.83,108507.9332
422,528127.8507,1420.25,3,513.57,21.61,60.63,1.13,93.24,0.04,595325.8107
423,310011.5463,830.53,1,551.53,39.68,96.53,25.0,99.2,1.29,226639.1185
424,110019.2136,550.0,1,919.28,22.0,66.76,43.5,99.9,1.93,23320.56446
425,525813.4096,1115.24,5,852.38,20.23,29.12,16.19,99.25,1.24,366826.1634
426,224359.4159,1014.03,2,396.61,47.7,73.66,9.11,95.51,1.9,213219.0172
427,321142.0997,1625.2,1,30.27,13.9,36.28,5.04,89.2,0.6,361811.0767
428,257834.9712,550.0,3,753.8,14.54,29.12,24.19,92.17,2.25,202098.7724
429,313484.1485,822.24,1,967.04,51.71,66.18,17.17,96.51,1.6,266763.5432
430,545576.5566,980.09,3,849.4,27.13,51.49,40.97,91.91,2.13,367215.5415
431,196765.808,996.16,2,368.3,35.72,27.83,12.22,87.55,2.04,219650.7324
432,174931.3019,977.85,2,1071.73,39.1,101.54,8.43,94.81,1.28,90016.09141
433,380247.8732,1841.69,2,631.45,22.37,76.23,9.63,92.85,2.02,297249.7169
434,596871.5103,2186.62,2,741.75,25.63,11.33,20.19,98.01,1.15,421793.7201
435,314277.9998,550.0,1,32.17,39.35,90.33,33.18,92.63,0.93,336878.1752
436,160221.4031,793.3,1,648.22,16.36,47.64,11.15,96.1,1.18,118936.4125
437,113282.0931,1522.56,1,39.91,42.98,105.14,36.59,97.3,2.25,41028.31104
438,384459.5762,1493.52,2,376.53,16.21,45.43,3.14,97.7,1.1,307262.997
439,185133.6985,550.0,2,418.02,20.34,69.13,38.42,87.03,1.63,121903.222
440,542380.0601,1619.61,3,525.23,34.42,13.99,36.61,98.96,0.51,423700.4188
441,217357.924,654.97,2,460.78,1.87,67.19,21.87,94.12,2.23,241564.8819
442,265916.5792,1608.13,1,751.05,33.09,37.3,7.78,97.45,1.22,281459.367
443,310063.45,864.89,1,161.5,52.18,70.94,30.05,97.78,2.28,175069.4507
444,538399.5854,1396.88,2,676.08,4.72,34.15,26.21,94.61,2.06,496848.4367
445,149941.6077,731.76,2,253.21,21.06,22.77,31.53,99.9,0.87,60591.92346
446,389246.5963,1096.37,3,515.33,75.94,8.97,6.01,87.0,1.12,532327.9057
447,356002.4758,2173.85,4,357.43,9.22,37.44,18.03,91.07,0.93,664660.817
448,147724.0952,742.07,1,865.78,43.01,61.23,50.05,96.97,1.62,26011.84819
449,576780.8894,1423.76,1,356.87,33.88,28.06,20.74,92.77,1.43,367131.3661
450,342049.4357,606.37,3,545.39,42.28,27.27,11.33,88.85,2.11,206571.0834
451,748256.0279,1842.17,3,630.94,56.05,19.25,13.22,94.19,1.6,507697.8447
452,480345.5749,1361.71,2,316.54,1.4,6.09,10.87,97.02,0.77,411238.1649
453,573920.1164,1920.34,1,972.2,35.77,21.24,15.79,98.4,1.77,381845.5453
454,338905.9794,1252.56,3,239.71,25.03,22.39,2.31,95.09,2.18,307791.9793
455,433254.7866,983.44,3,230.94,24.73,90.16,20.58,96.02,1.09,340219.0907
456,135635.1167,896.7,2,751.63,64.82,56.09,12.83,95.33,1.37,64620.1328
457,560068.1806,1337.26,3,159.82,20.92,44.41,1.65,97.15,1.96,594566.9352
458,123575.9347,550.0,2,684.01,51.3,11.03,15.76,94.46,1.43,50967.66452
459,706274.9596,2105.87,4,25.33,46.44,79.01,25.17,98.58,1.22,608569.5517
460,269142.4041,959.84,4,398.1,2.65,95.46,2.47,99.9,1.88,259838.7877
461,554555.2712,821.43,4,800.0,21.32,35.88,1.93,91.06,1.68,370102.5654
462,268522.6089,913.27,2,41.47,37.97,81.2,10.7,98.1,1.48,379674.6453
463,342470.7477,1267.8,1,892.99,13.36,12.69,25.54,96.55,1.66,307255.37
464,208764.2546,1173.31,3,245.29,76.09,18.36,9.02,95.85,1.39,86105.24861
465,218284.2311,1243.17,2,565.05,17.25,34.94,15.37,93.02,1.51,73250.96852
466,93963.58358,550.0,2,680.53,21.93,85.3,5.24,93.11,0.99,14620.32686
467,320569.0269,1124.19,2,439.41,14.72,54.96,23.52,97.86,2.15,169936.0022
468,331474.4211,550.0,2,696.52,62.44,22.06,22.58,83.63,1.68,170616.1755
469,184100.4687,628.32,2,273.04,3.83,103.47,31.04,94.78,2.07,115462.1155
470,196541.7694,1636.48,1,284.29,62.06,8.38,7.52,95.02,1.24,242071.7353
471,161052.3668,550.0,1,397.94,10.59,19.21,20.16,99.9,1.62,93816.42059
472,245663.369,688.57,2,711.6,5.13,91.73,5.44,90.46,1.76,178439.7421
473,446114.0807,890.0,2,235.71,64.25,26.18,6.05,92.34,0.16,626800.4435
474,321849.8444,683.28,2,683.59,40.6,20.2,4.09,98.43,1.66,270057.6033
475,644478.1921,2203.77,3,537.82,17.2,76.93,30.1,90.96,1.23,561083.7763
476,477320.8515,800.24,4,538.07,27.28,47.79,7.99,96.01,2.2,439960.143
477,189162.786,550.0,2,1188.94,39.14,28.98,3.71,94.29,1.4,194443.9266
478,317819.7604,550.0,2,424.28,63.65,53.06,18.97,94.15,2.55,317161.4902
479,350380.8319,1082.65,3,792.37,61.83,21.04,1.78,95.36,1.77,257512.2087
480,340315.5408,1500.9,3,558.21,22.19,11.49,15.37,91.7,1.39,496568.7424
481,270705.4256,550.0,1,449.25,22.78,7.31,17.24,88.99,1.57,216504.7266
482,252095.495,932.47,1,48.82,38.88,35.65,39.16,92.36,1.15,339470.2015
483,258216.0685,788.01,1,82.89,31.81,6.21,7.54,96.0,2.1,213574.6915
484,414412.5618,883.15,1,96.79,6.41,14.19,7.22,94.55,0.67,300867.4928
486,208066.991,550.0,1,863.66,58.14,30.08,4.38,88.21,1.27,106239.4386
487,173180.6965,722.64,2,579.73,43.58,42.9,14.8,97.78,1.71,129298.8024
488,191026.5823,710.7,1,786.11,8.59,91.95,10.39,92.71,1.83,173729.0987
489,509765.5037,808.35,3,835.73,45.25,43.08,22.99,99.9,0.92,345420.5974
490,197747.4995,724.79,1,912.79,34.78,24.88,1.42,94.89,1.85,90658.60804
491,199614.6079,559.86,3,216.52,26.86,105.43,26.73,89.37,0.53,218166.8716
492,427689.9658,1856.98,3,175.51,33.9,14.21,26.06,93.76,2.17,541825.7226
493,157667.7423,896.07,2,221.12,43.53,67.63,0.67,86.82,2.4,100840.0405
494,339797.2043,1181.53,4,550.01,69.19,71.42,37.44,89.9,1.13,416683.9676
495,316604.0103,1336.16,2,398.12,49.95,78.26,29.79,93.74,0.97,186866.9714
496,267934.4178,730.57,2,144.83,38.1,67.26,0.68,83.03,2.31,172317.0729
497,530438.3597,1044.63,2,522.58,5.25,24.99,12.63,97.91,1.95,531943.6824
498,138522.2516,550.0,1,855.73,41.36,39.47,16.19,99.66,0.03,51355.09586
499,118339.1469,1336.58,1,938.65,48.3,75.04,5.11,96.15,2.19,21625.84674
500,208793.7303,666.15,2,831.59,15.22,69.85,22.32,94.52,1.64,87185.42451
501,358909.4737,1520.86,1,464.08,3.37,58.45,13.44,90.59,1.92,530903.3731
502,586225.2075,1531.42,3,1096.88,10.39,43.79,29.43,87.34,0.86,576344.4814
503,407629.4936,785.82,1,601.04,29.56,41.15,20.99,93.84,0.78,513921.2367
504,336680.2021,1352.5,1,379.43,27.5,44.47,15.01,90.16,0.87,773911.3778
505,464796.0271,796.19,3,1088.34,53.34,37.92,11.24,91.83,1.54,511531.9376
506,150688.617,717.8,1,524.78,33.84,78.09,20.54,93.32,1.53,59680.49372
507,469779.5525,692.32,2,292.98,16.44,39.56,19.89,90.68,0.94,401574.0024
508,139008.7115,885.02,1,382.34,5.84,45.25,27.63,92.2,1.51,80664.36876
509,156967.4791,1107.8,1,230.53,24.96,76.35,26.52,91.75,1.28,182958.9357
510,441105.0733,2167.29,1,119.79,11.64,11.65,18.75,93.84,1.2,380746.0172
511,399559.1881,859.96,3,133.08,51.88,63.9,7.19,99.9,2.21,230056.3439
512,99931.23778,550.0,1,568.72,69.23,86.15,25.78,99.54,1.46,-6084.476378
513,162023.5571,550.0,1,436.97,26.02,88.33,12.8,98.78,1.46,61670.3211
514,354907.8477,1406.63,1,68.52,34.58,33.31,4.0,89.65,0.94,425481.1935
515,413163.3197,1075.91,3,27.67,21.66,47.1,30.38,96.9,1.2,362237.0044
516,209459.8706,818.4,1,740.32,1.36,53.03,21.14,88.53,1.5,142382.5948
517,188420.495,638.75,1,416.38,4.71,9.18,4.01,97.39,0.08,107653.5454
518,275672.8901,1335.43,3,784.03,36.0,8.56,1.49,87.82,1.54,332704.1606
519,167114.0659,1210.49,1,248.46,19.59,60.74,11.11,99.42,0.64,73838.11143
520,358905.9131,976.75,2,768.59,19.68,24.61,29.75,99.9,2.02,363396.1268
521,335423.1111,811.92,2,19.64,21.89,44.8,25.54,95.51,1.21,224560.2154
522,264706.2813,949.31,1,221.81,27.26,16.8,22.9,92.95,1.4,172412.6046
523,267734.1461,1461.11,2,561.27,26.19,88.1,32.43,95.52,1.15,325260.9035
524,198410.1318,635.65,3,890.22,47.46,81.48,1.87,91.44,1.45,186667.0285
525,497093.5765,817.6,4,451.7,1.17,22.64,10.34,90.06,0.57,833094.5411
526,226378.703,1725.96,2,271.42,33.85,40.13,28.96,89.68,0.57,171294.6148
527,124802.108,550.0,2,557.55,46.88,19.87,2.11,94.17,1.19,67341.7875
528,283028.7124,550.0,2,331.56,23.64,73.67,43.44,88.2,1.97,164503.459
529,264914.0796,674.64,1,730.15,13.36,6.17,12.54,94.65,1.42,164525.719
530,481902.0478,1411.64,3,247.03,21.64,65.61,23.17,93.73,1.4,360131.5249
531,412837.757,1439.53,2,153.92,17.84,0.24,43.05,99.29,1.61,255300.5171
532,560377.0145,2033.79,3,123.13,67.68,94.09,29.1,93.92,1.12,691878.2254
533,368004.9107,1326.19,2,444.04,47.6,35.46,34.6,96.21,1.76,226995.3003
534,93232.90803,550.0,4,761.09,39.02,0.13,10.68,91.86,1.35,3297.468349
535,256709.7659,1056.18,3,439.76,54.6,78.53,13.4,91.38,0.93,476420.1128
536,314630.9598,1937.42,1,569.13,28.92,40.53,10.55,89.85,1.45,261793.2825
537,494888.9838,1420.14,2,715.21,19.59,39.42,7.53,88.62,0.84,319776.0327
538,564217.122,1968.46,2,159.66,18.22,39.59,1.63,90.84,1.7,638749.4767
539,165809.6323,854.64,2,411.4,45.77,77.16,12.73,88.76,1.29,51243.43901
540,125547.0981,697.91,2,485.98,1.36,40.3,25.53,93.92,1.44,54628.70202
541,289804.9546,913.84,1,919.24,6.08,94.23,20.77,96.85,1.74,312343.702
542,200664.6325,914.69,1,423.72,56.66,35.24,15.57,98.19,1.34,110871.7187
543,91763.35075,576.91,2,501.05,10.54,84.42,1.24,95.24,1.7,5319.097922
544,311591.5511,1168.93,3,143.66,24.84,39.15,7.6,91.26,1.43,392481.5865
545,181429.723,767.75,2,457.76,11.5,64.96,35.85,91.44,1.32,123157.6374
546,402488.8464,1017.6,4,1050.06,27.09,16.16,21.63,95.73,1.31,408901.8994
547,281180.6138,1099.56,2,432.09,31.18,77.51,16.49,92.35,1.5,343415.2069
548,390743.2922,901.73,1,110.39,33.46,88.29,2.77,91.8,1.39,289142.1729
549,380733.0623,872.78,2,351.0,29.3,25.18,0.53,85.19,1.69,220569.3106
550,173076.6515,793.9,2,254.51,83.35,72.56,24.11,88.65,1.19,189652.6337
551,244027.2836,611.52,1,217.89,52.44,56.5,2.83,94.05,1.39,183593.3034
552,500296.9494,1221.08,1,866.35,8.31,13.18,8.4,92.22,1.03,345177.651
553,220926.562,1589.48,2,257.65,23.97,54.52,21.3,86.59,1.47,364946.8022
554,134583.2515,550.0,1,715.05,6.03,36.97,34.52,97.55,1.57,54874.10554
555,397043.65,933.54,3,403.69,52.34,73.09,13.36,93.01,1.8,224043.0615
556,414012.7775,1522.53,2,470.29,7.08,28.2,11.06,93.24,1.74,313783.1701
557,144240.8553,550.0,2,544.76,14.29,71.68,3.25,87.11,1.74,75699.56691
558,491132.4585,2072.28,3,91.17,31.63,46.4,17.3,94.3,1.23,806186.8306
560,458236.3894,648.6,4,472.46,2.51,13.41,9.28,98.65,1.75,372224.9634
561,290743.0373,635.71,1,212.83,44.46,109.18,36.72,90.99,1.42,352090.5992
562,597585.9219,1982.9,3,1014.98,8.82,44.28,14.88,93.96,1.52,517323.7383
563,298228.7665,1306.61,2,585.89,43.38,16.07,4.52,94.53,1.44,389872.3669
564,207249.2201,779.94,1,66.42,34.3,12.91,1.4,90.36,1.62,210763.0227
565,415701.1553,1312.22,1,31.51,23.51,1.64,1.14,85.09,1.69,360616.4683
566,612273.691,1687.73,3,760.11,22.96,44.3,12.25,95.58,1.24,503492.2847
567,506388.8471,801.77,2,135.67,36.55,55.26,20.33,91.46,0.98,428494.8875
568,322181.3029,934.62,3,383.98,23.99,41.69,32.8,91.7,1.25,186817.9744
569,152273.9906,1520.66,1,390.41,23.12,79.46,18.0,99.9,0.89,127095.5939
570,280091.384,560.6,2,821.94,42.25,19.79,29.68,91.57,1.38,370939.2702
571,502926.1317,1236.81,2,345.24,21.12,22.59,4.15,98.54,0.61,396093.1259
572,373177.5445,583.03,1,432.66,50.65,17.21,27.51,84.22,1.03,305478.7468
573,418979.6667,1720.27,2,575.18,52.25,85.34,29.53,94.79,2.3,270976.2752
574,303146.052,863.99,2,578.21,44.02,58.04,1.91,99.78,1.77,290199.094
575,345974.6345,1401.23,3,39.45,13.1,43.15,7.32,93.27,1.33,545975.6491
576,469454.3563,1191.4,3,749.31,33.34,91.45,15.38,99.29,1.09,604581.5344
577,276584.3605,550.0,2,315.89,25.03,79.71,12.57,93.73,1.75,293829.5694
578,330090.5606,550.0,4,337.9,60.47,69.62,16.41,91.81,1.62,303008.2914
579,236938.4329,586.15,3,286.79,29.18,82.53,26.67,95.49,1.87,138297.108
580,167546.7668,826.35,1,667.2,13.62,52.03,9.4,91.92,0.42,160419.296
581,125238.514,550.0,1,229.63,23.94,60.06,14.81,95.89,2.18,23066.99327
582,299140.8378,1821.84,1,398.52,26.83,0.98,14.09,93.33,2.26,225393.1055
583,273784.2413,788.46,2,552.26,15.75,71.52,21.6,96.97,2.35,181671.4879
584,398689.505,1199.68,1,409.66,22.86,19.19,29.88,94.42,1.42,332201.6037
585,237290.0276,764.52,5,386.47,31.95,0.38,11.08,89.11,0.39,508015.2438
586,373445.2218,1182.99,2,548.96,43.67,26.76,4.49,96.36,1.39,228509.0391
587,304780.9044,676.94,3,504.16,6.87,24.54,15.51,99.2,1.79,362188.5474
588,571365.9853,1476.04,3,393.1,68.22,29.88,15.71,82.16,1.46,540612.616
589,554802.8735,1184.97,1,48.27,19.39,13.58,6.09,90.72,1.41,466128.1403
590,417295.1059,1597.38,3,376.09,24.5,15.7,5.79,99.9,2.39,455420.9381
591,286637.342,1592.82,2,741.86,62.74,50.99,0.53,91.67,2.03,328393.3614
592,276251.1461,1266.86,1,420.43,4.4,15.76,30.19,98.21,1.3,295327.6615
593,223963.9275,1094.72,1,798.38,27.04,36.74,28.39,87.25,1.86,172156.4107
594,155163.1578,737.43,1,564.54,47.35,74.01,12.82,98.03,2.04,102286.3488
595,259399.4915,1441.96,1,725.81,16.34,22.21,32.42,98.6,1.32,403164.9256
596,249815.1871,1592.1,2,134.74,55.69,14.77,12.04,92.38,1.86,234709.9372
597,237640.116,1307.13,1,912.24,20.24,25.13,28.09,97.55,0.57,284459.3979
598,232133.557,932.66,2,817.34,16.89,23.4,8.4,99.9,1.5,173972.1023
599,163575.4804,550.0,1,575.64,3.97,97.6,1.45,91.73,1.88,105898.7758
600,477183.1747,1701.34,1,798.06,57.15,36.11,5.43,89.93,0.01,323495.5492
601,454144.7834,1367.63,3,44.28,41.83,18.4,7.33,94.34,1.12,384581.9658
602,165863.1355,1226.59,2,900.44,5.32,12.87,20.06,98.24,1.0,130453.5625
603,262495.0027,550.0,4,651.3,39.67,41.28,21.35,86.98,1.41,265818.8894
604,165566.0579,550.0,2,649.67,9.63,114.35,27.58,98.08,0.94,63368.91918
605,145540.6955,859.02,1,471.27,41.98,44.95,17.82,99.9,0.8,108906.1765
606,443378.8118,1011.04,4,409.82,21.48,12.28,9.58,99.9,1.51,630587.0524
607,115076.6196,992.46,1,358.12,51.91,43.37,32.8,90.97,2.17,31387.24972
608,348991.4784,1398.64,1,117.0,24.14,48.19,4.22,88.66,1.39,374371.9442
609,139014.6639,1135.53,1,638.61,39.12,21.53,28.42,93.83,1.13,90044.63194
610,171463.446,1315.31,1,776.44,10.45,70.14,31.28,94.3,2.05,200336.4998
611,620881.7003,1394.65,3,565.49,20.49,14.81,10.93,94.53,1.11,525115.1613
612,315102.2944,1309.65,2,707.09,6.07,21.14,6.97,99.47,2.08,393837.673
613,503314.3608,1899.3,2,447.03,22.73,8.82,2.19,94.57,1.11,654222.9907
614,205880.9663,1016.62,1,540.36,22.6,101.67,17.39,99.9,2.7,148042.7408
615,185176.1107,866.59,1,443.86,38.24,20.68,8.41,90.22,0.86,212913.9279
616,168989.7578,584.62,1,76.98,8.62,28.67,29.77,90.09,1.45,114024.451
617,137458.5869,550.0,1,223.64,23.82,40.43,33.79,96.8,2.18,69469.4376
618,330576.3618,1247.11,4,621.73,29.86,43.38,7.91,99.9,0.99,362901.4215
619,733103.4288,1377.9,4,758.06,43.93,12.29,2.26,88.53,0.84,614291.1487
620,463435.9881,1742.26,3,691.85,12.64,54.45,9.81,92.47,1.01,374789.3545
621,189735.9028,958.81,1,912.69,32.08,37.9,12.61,83.23,1.36,140400.8381
622,111529.805,1262.83,1,708.0,46.48,86.7,21.21,92.59,1.87,15959.44115
624,432711.3006,949.39,2,252.68,24.21,59.5,5.16,99.9,0.84,462808.9501
625,325830.4139,1076.83,1,353.65,24.86,12.32,6.14,96.55,1.39,167238.5035
626,262871.0421,1593.51,2,824.79,25.46,35.77,3.94,87.13,2.13,207076.1073
627,330395.2954,761.51,2,612.64,36.04,11.8,6.25,81.41,1.41,302634.167
628,318574.8172,1109.14,2,358.51,51.45,50.34,52.61,92.33,1.89,177877.3161
629,188491.6851,1008.1,2,764.26,21.14,86.49,35.36,92.08,2.51,144078.848
630,275313.1724,1590.06,1,422.69,19.03,6.35,3.05,86.64,0.3,336966.6752
631,408287.9462,901.82,2,592.31,28.72,105.35,4.34,92.18,1.74,534823.9978
632,431107.0448,723.29,3,569.25,34.91,9.74,18.55,93.9,0.99,252655.463
633,226594.365,1318.79,1,404.84,11.63,18.18,3.59,99.9,1.71,127906.5423
634,255145.0835,967.51,2,204.59,22.47,0.53,20.39,98.13,2.35,119207.6603
635,455238.6954,1448.19,3,959.64,24.53,45.9,4.28,91.38,2.41,370702.5552
636,417832.9095,1127.89,3,511.23,56.71,60.94,21.87,91.94,1.15,325309.6099
637,193488.1005,816.16,2,576.84,1.27,61.14,24.52,92.5,2.51,139217.3015
638,334482.7915,1789.32,2,960.32,21.04,14.75,17.55,95.39,1.16,502549.1675
639,392990.4556,1203.36,3,190.19,39.23,72.55,15.64,98.94,0.66,282252.9809
640,305092.5135,1274.02,2,97.38,43.73,10.14,18.42,96.76,2.08,545995.3007
641,222701.3807,863.31,2,502.33,52.52,80.9,0.42,92.74,1.77,110666.3063
642,221064.633,732.21,2,102.03,0.35,20.33,19.03,91.18,1.26,164179.0173
643,100792.618,550.0,2,310.34,27.04,50.77,31.43,92.0,2.1,18197.85811
644,277628.6859,566.19,2,404.67,20.9,67.93,15.06,84.96,1.94,222656.7405
645,199494.4664,550.0,2,484.81,62.49,77.71,36.14,90.64,1.91,203109.7794
646,186141.0781,550.0,1,287.32,44.49,92.71,26.32,86.14,2.7,121591.5621
647,210127.892,1388.91,1,440.11,24.65,16.4,14.0,99.82,1.55,248847.4113
648,463689.7188,2163.35,4,929.43,15.63,51.36,5.76,92.41,1.51,663990.8033
649,220351.6395,550.0,1,674.68,23.03,105.94,13.89,96.21,0.71,122685.5348
650,334222.911,1128.09,3,1188.71,23.63,88.8,8.35,93.15,1.94,297892.8048
651,106203.7719,736.55,1,458.72,33.88,48.02,7.02,91.84,1.74,-3876.394708
652,205821.4283,861.54,1,323.51,42.74,33.77,47.5,88.39,0.96,113848.1612
653,300628.8077,550.0,1,688.88,45.47,78.23,14.98,91.98,1.31,147718.6213
654,130804.6513,550.0,1,786.36,43.56,42.69,19.64,90.84,2.5,86987.909
655,579001.6333,1531.71,1,318.78,40.63,71.76,9.98,97.88,1.7,403961.0157
656,158717.4633,550.0,3,574.77,42.01,57.96,30.3,99.9,2.1,111483.7929
657,175080.1936,1118.5,1,797.38,11.84,61.14,7.53,88.99,1.33,61565.04323
658,254107.183,830.2,3,407.98,9.6,80.36,15.82,96.86,1.41,474570.2524
659,300684.2367,1470.97,2,253.54,44.06,72.28,5.73,92.19,1.83,391043.9456
660,424157.0636,1266.03,1,193.31,8.01,58.56,0.43,98.05,1.7,315056.9254
661,185506.6524,1074.52,1,76.99,76.47,1.46,43.07,93.5,1.14,215872.9861
662,357344.5766,550.0,2,961.83,21.95,74.42,11.09,82.32,1.74,208014.8236
663,500642.8657,1417.24,2,573.58,18.81,7.1,6.17,99.9,1.36,671634.2168
664,110549.6391,550.0,1,144.77,54.85,92.21,8.68,97.16,1.9,28489.09968
665,150695.0969,870.25,2,803.11,15.34,3.87,47.15,90.14,1.63,60874.13877
666,132458.2991,550.0,2,36.3,33.08,0.45,17.05,94.62,1.81,95064.7711
667,384852.8758,622.97,4,1043.84,26.91,27.37,8.27,94.29,0.79,317466.3149
668,377781.3912,550.89,3,174.12,7.71,3.5,16.3,92.78,1.58,332910.2258
669,290681.4959,550.0,1,561.86,60.08,46.79,19.48,93.54,1.7,173200.5553
670,228894.6688,1434.23,2,1098.97,7.96,61.85,17.43,99.9,1.33,257906.3357
671,257820.883,1231.41,1,247.54,69.66,26.01,13.0,89.13,1.3,296406.4239
672,504948.6069,1725.96,2,247.68,74.01,45.07,19.59,98.65,2.03,314188.3044
673,506088.6728,1421.32,3,1235.6,6.16,23.76,9.46,91.38,0.93,461933.024
674,165314.1196,550.0,3,705.59,24.42,46.64,14.38,98.59,1.06,113128.3905
675,466229.3639,1756.32,3,633.69,25.71,10.45,7.74,88.06,2.48,305893.1983
676,409285.3193,882.39,3,694.16,23.84,7.0,12.56,99.22,2.12,358704.481
677,413947.5455,1648.14,2,286.13,27.48,72.61,32.08,95.97,0.96,363855.6368
678,373827.7512,840.12,2,1251.42,30.8,27.71,21.97,99.84,1.53,273431.8807
679,267189.6762,1676.08,2,800.64,15.08,1.45,0.51,94.56,0.99,401257.6895
680,148674.4693,1340.98,1,1008.71,13.05,107.22,6.51,83.71,1.27,105431.7338
681,198803.6428,834.57,1,439.92,22.32,70.86,3.67,94.74,1.96,69543.51776
682,574797.8715,1371.48,4,141.89,40.93,6.91,11.87,90.21,1.48,637684.9445
683,373416.1307,1314.28,3,703.95,8.9,5.54,14.61,92.72,1.36,478894.1646
684,135239.6454,550.0,1,16.51,45.73,94.11,25.18,89.05,1.81,88854.28685
685,332259.4237,656.16,3,643.36,36.9,21.5,3.49,94.21,1.28,301519.4581
686,346632.8721,1385.14,3,1030.63,12.7,55.78,8.11,89.36,1.06,428901.6604
687,126326.4729,550.0,1,249.68,39.55,7.73,24.14,99.9,1.17,60366.38874
688,484163.7669,1442.01,2,282.2,26.76,3.53,12.53,92.23,1.93,362458.7634
689,242770.8674,550.0,2,719.3,5.62,62.82,46.22,89.0,1.56,124327.0714
690,192662.9644,1134.14,3,610.98,44.48,7.18,32.0,99.28,2.4,153248.3566
691,248909.1914,1605.01,1,389.2,11.83,70.95,12.36,95.43,1.7,254523.2808
692,227381.0904,599.5,2,267.64,19.0,33.63,9.61,97.69,1.52,135425.4057
693,183190.785,1155.22,1,484.34,25.07,39.91,6.17,89.42,1.44,109198.6338
694,354630.7593,851.58,3,405.31,5.83,21.44,29.0,99.57,2.33,402873.1266
695,171925.6082,550.0,1,196.71,39.53,83.06,3.15,96.03,1.44,87667.44339
696,716433.5331,1740.34,2,831.82,19.57,60.25,9.19,99.9,0.76,506570.1743
697,242090.3177,1567.09,2,468.89,37.41,97.63,3.03,93.67,1.92,311559.397
698,199596.2137,838.6,2,382.42,25.2,44.1,9.2,90.7,1.69,183163.368
699,116262.2223,642.03,3,582.14,83.69,126.93,35.44,96.86,2.11,46409.87623
700,151227.593,550.0,3,255.07,42.94,20.21,18.46,88.11,1.8,135218.8964
701,190732.4501,1185.85,3,389.82,49.18,0.21,10.85,89.4,1.21,146537.4307
702,233930.5767,847.13,1,1113.81,40.58,13.62,7.01,96.41,1.22,205987.446
703,111939.1888,600.31,1,142.87,38.31,36.76,40.1,93.14,1.95,50863.57368
704,220243.667,1406.5,2,390.13,26.56,19.05,20.34,87.97,2.05,177084.4318
705,506588.2279,1937.36,4,471.75,33.14,34.71,1.37,85.37,0.56,572903.6641
706,137586.1798,616.33,1,705.33,11.24,24.69,29.21,95.34,1.16,100909.5214
707,584773.6586,1698.19,2,567.55,56.15,9.3,33.3,97.2,2.25,433067.5536
708,234564.8609,934.7,2,490.73,29.8,20.31,15.81,92.47,2.19,280626.4736
709,543120.4207,1476.09,3,353.2,35.18,102.72,10.09,98.86,1.66,434782.5468
710,199781.8604,744.45,1,632.75,46.56,39.75,16.84,91.36,1.66,110397.4394
711,316592.6204,1386.37,2,590.93,48.09,44.33,4.47,99.9,1.14,263865.5095
712,293872.7446,1264.37,2,232.61,45.01,38.16,24.14,94.13,0.87,411399.1917
713,161625.0268,1235.84,2,772.48,1.79,93.07,4.31,85.55,1.26,242515.5896
714,190849.8791,612.66,2,139.13,34.45,46.62,33.21,97.28,1.6,145865.2334
715,94995.80949,550.0,1,727.66,31.2,5.52,18.41,89.01,1.54,18600.98567
716,304817.7262,1157.68,1,820.77,3.04,11.92,7.93,87.97,1.4,372519.6424
717,407645.5491,762.09,5,703.08,35.11,2.98,23.88,92.96,1.8,559938.5784
718,352120.6362,1368.13,1,635.82,35.67,61.85,14.21,84.71,1.47,438526.1078
719,557907.882,1366.15,2,684.88,46.53,16.6,22.81,95.46,1.5,512985.9902
720,300761.3612,973.77,2,21.96,2.2,33.45,1.71,99.17,1.8,373239.1861
721,238886.441,817.26,4,942.17,17.58,114.97,33.9,86.02,1.89,239202.7346
722,238031.5034,660.3,3,840.21,18.93,64.21,15.34,93.67,1.68,304171.233
723,417501.9437,1124.01,4,275.75,4.15,62.0,5.34,90.65,2.12,335643.442
724,129904.8224,550.0,1,1005.13,9.31,45.68,9.01,99.9,0.53,19781.70618
725,108692.1363,614.58,1,207.28,37.4,77.09,10.8,98.25,2.64,6235.488942
726,623993.8792,1625.16,3,583.95,42.91,39.49,14.75,97.18,0.93,556506.8283
727,160724.8169,680.06,1,783.6,46.06,93.92,5.5,98.68,1.4,111407.4702
728,108250.9154,678.79,2,371.5,12.69,87.35,27.32,89.42,1.25,5200.578812
729,408791.31,1806.23,3,898.98,22.15,35.91,10.91,95.56,1.91,242502.5509
730,517881.0845,1573.65,3,501.65,15.21,31.05,25.87,97.83,0.95,403804.9816
731,195341.3991,1450.43,1,892.14,25.04,2.39,9.53,96.16,1.28,148084.1292
732,355748.8956,1444.86,2,733.19,2.48,22.43,32.8,99.9,1.65,201643.7349
733,233342.2854,550.0,1,467.52,40.7,23.37,6.58,98.99,1.66,187715.6386
734,488247.7457,904.71,3,482.02,8.29,34.5,2.02,91.21,1.51,408062.0759
735,286754.0923,671.79,1,325.32,39.49,9.45,28.55,93.83,1.49,160536.5197
736,374306.8394,1199.76,3,456.96,5.69,72.11,24.31,99.9,1.06,270109.6852
737,339460.7397,1635.79,1,383.34,6.94,58.37,2.22,96.72,1.05,336364.1528
738,247646.9723,550.0,1,496.29,21.44,71.57,30.91,99.9,1.41,164582.939
739,214739.3865,1094.17,1,865.94,13.97,25.27,21.59,95.55,1.64,155899.0034
740,248774.6128,1314.72,1,765.95,59.41,7.83,7.51,88.73,1.38,131432.2131
741,309018.0742,792.4,4,720.05,38.52,33.96,12.53,91.15,1.29,338938.2793
742,317603.9583,1010.05,1,673.64,27.42,79.32,11.09,91.13,0.11,284099.8239
743,319230.5488,1010.17,1,362.01,59.67,65.73,14.86,98.49,2.21,254523.3051
744,388797.7139,1146.22,2,727.99,44.19,70.97,38.64,91.56,1.51,448610.4457
745,224003.9849,1452.7,2,58.99,40.47,34.31,15.61,95.98,2.59,342451.2155
746,321072.6461,960.37,2,535.83,18.37,4.92,30.3,91.59,0.97,162313.1615
747,354779.4553,550.0,2,631.11,10.96,38.52,13.66,98.98,1.66,398879.2712
748,508327.047,1915.77,1,651.22,43.37,77.12,7.49,96.86,0.53,618672.2216
749,124085.0562,660.24,1,534.92,36.51,0.09,26.64,96.6,1.12,18846.67923
750,186119.9462,778.73,2,328.2,4.07,73.88,3.46,96.85,0.73,95622.20945
752,338874.9432,746.19,3,175.3,42.92,36.92,5.17,97.64,1.85,243204.3952
753,182149.6268,550.0,1,387.23,45.88,73.98,15.75,92.71,0.62,110717.4951
754,333690.06,1717.65,3,431.28,0.06,9.17,1.88,96.79,1.34,383036.1863
755,446542.03,1036.05,2,577.03,44.88,58.88,12.16,95.81,2.3,265508.2441
756,530368.3448,1259.6,3,770.83,42.77,102.78,10.14,89.18,1.61,356983.5141
757,244843.6422,876.12,2,1248.47,21.6,55.92,17.08,92.4,0.96,199628.4913
758,286637.4928,550.0,4,239.0,36.91,32.15,4.43,89.81,1.75,266170.0425
759,157501.3561,907.68,2,140.1,11.86,0.83,13.9,95.21,1.03,138757.8915
760,249773.6916,1320.89,1,572.21,36.49,55.24,24.39,92.91,1.67,154364.4105
761,463281.4699,1061.65,3,1117.28,18.35,27.83,11.15,87.93,1.77,583822.5581
762,182779.7308,550.0,1,62.43,26.23,115.37,49.71,89.46,2.09,91970.7935
763,266242.4441,550.0,3,402.0,30.64,10.23,7.41,90.59,2.03,235030.3987
764,240397.6212,1420.65,3,897.0,25.05,125.22,0.55,99.9,1.57,292933.0497
765,173453.0226,586.27,1,468.91,18.49,33.13,39.04,94.06,1.59,145373.9594
766,439736.5995,1054.45,1,571.38,43.91,93.43,2.13,99.9,1.1,412400.9441
767,422653.6677,1883.99,3,562.14,36.72,33.68,8.56,99.9,0.89,511380.9736
768,505151.2756,2177.7,3,746.98,24.26,7.59,25.62,99.9,1.33,433722.5381
769,270462.6923,1084.91,4,830.3,46.78,27.96,39.4,96.65,1.0,292518.7888
770,248443.0907,971.06,1,757.35,7.36,46.44,20.25,96.21,0.83,315936.6382
771,406852.8596,833.57,2,545.42,19.33,100.59,8.92,96.63,1.49,537340.7359
772,239314.4644,550.0,2,691.0,47.44,62.45,23.32,94.53,2.23,126891.0026
773,569970.3125,1490.23,2,689.33,49.56,10.68,15.31,95.68,1.19,399257.3861
774,228252.0107,550.0,3,389.02,29.16,62.75,1.27,91.96,2.2,134772.4586
775,387589.0129,873.68,3,249.09,23.16,24.34,18.27,99.9,0.97,309136.6687
776,112494.5377,550.0,1,249.64,28.0,37.67,23.21,91.28,2.13,32633.47564
777,485007.0675,1724.11,2,670.39,30.88,55.69,21.31,91.94,1.55,287659.6499
778,506032.5354,1392.98,3,540.6,45.52,137.73,6.56,94.08,1.11,794342.6109
779,261627.3172,978.37,3,680.76,34.85,74.67,17.86,88.36,0.78,158788.2107
780,507981.2627,1579.72,3,89.37,39.68,51.07,8.63,93.55,1.56,494665.3942
781,453631.532,550.0,2,349.43,2.61,42.73,14.91,98.83,0.54,270604.2798
782,302079.734,797.22,2,711.96,5.42,36.67,13.89,94.05,2.07,327819.2197
784,211272.5621,960.83,2,448.31,45.95,26.01,11.82,94.96,1.82,160910.6681
785,363179.2547,963.49,2,593.93,35.6,27.91,12.26,91.06,1.78,229282.307
786,387702.7452,1014.08,3,276.56,20.73,15.87,24.89,89.25,1.03,488958.6589
787,242922.689,550.0,3,1158.81,5.27,64.04,31.94,91.16,1.09,121212.409
788,480624.165,1106.34,4,431.21,20.21,79.66,0.11,91.15,0.42,627541.7513
789,499211.8898,1704.06,3,820.04,32.74,23.24,15.83,93.86,0.77,314183.6506
790,347310.1185,1468.73,3,488.45,61.96,9.26,15.54,93.44,0.94,262529.0227
791,458241.994,1180.85,2,134.27,18.45,29.48,23.92,92.63,1.54,436577.5188
792,233758.1789,1154.48,2,736.5,4.36,30.22,9.97,98.1,1.19,162566.3107
793,177944.3403,891.4,2,81.12,43.9,14.24,17.72,91.52,0.59,81300.68235
794,123699.6303,550.0,1,419.16,24.11,7.0,13.14,91.0,2.09,55537.75231
795,300227.2395,1536.47,2,318.57,41.33,98.22,3.68,90.88,1.74,210811.9824
796,171563.133,550.0,3,1023.45,3.96,62.71,14.45,87.38,0.98,250269.4217
797,196620.752,642.63,1,184.79,24.75,88.24,27.78,97.41,0.74,78239.24927
798,180323.8538,739.21,2,944.13,53.19,86.72,21.14,99.9,2.2,134223.7811
799,225754.0051,550.0,1,578.78,35.07,109.14,23.58,93.76,2.22,130052.3209
800,232799.37,1226.69,2,341.57,39.68,7.97,3.07,99.46,2.22,298820.3115
802,337752.827,1297.31,3,504.1,9.91,13.86,8.48,99.9,1.67,585930.5438
803,458837.414,1421.05,4,788.01,43.06,10.07,12.68,88.41,0.72,506669.1005
804,272321.0159,1313.83,2,607.12,44.94,58.41,15.0,99.17,0.85,616184.8585
805,257001.1014,1333.9,3,978.39,47.77,55.63,0.8,93.36,1.93,334283.3214
806,139123.0843,761.18,3,595.16,47.42,98.69,32.67,95.36,1.82,69956.02957
807,333793.7857,1498.62,2,568.73,34.08,129.7,14.47,99.9,0.99,330326.9385
808,323895.5717,550.0,2,600.0,43.0,18.48,1.25,98.51,0.44,338878.3488
809,185130.3115,550.0,1,710.84,35.57,106.19,28.38,83.58,1.91,254395.5888
810,151377.1018,697.88,2,121.1,49.41,20.57,13.88,89.76,1.49,88724.64574
811,131819.8828,557.98,1,59.19,44.5,51.15,16.71,95.43,1.09,52801.80291
812,352552.9691,1405.05,2,697.03,38.27,70.48,14.13,99.9,1.29,459850.9313
813,368673.76,617.3,3,79.43,33.38,34.87,11.76,96.39,1.47,248408.1965
814,114500.6397,550.0,2,650.06,63.47,98.5,21.86,95.43,1.04,39694.68448
815,152661.8792,599.43,3,191.79,42.13,94.11,30.41,90.8,2.34,94994.68821
816,276946.0848,986.66,3,490.08,46.58,11.94,8.3,89.88,2.0,263775.3854
817,491609.262,1819.02,1,531.05,37.73,103.39,20.78,98.32,1.02,417215.0153
818,121928.5813,1106.95,1,593.5,10.43,12.23,18.26,86.96,0.72,73256.756
819,224747.4841,587.4,2,342.57,36.43,7.64,11.36,89.53,1.12,153060.6005
820,346686.6221,718.51,2,562.48,2.75,5.8,25.38,99.9,1.31,230441.3225
821,179707.2477,550.0,1,250.64,17.19,29.4,43.44,90.13,0.96,118534.1565
822,515607.6582,1141.41,5,644.65,33.72,22.72,12.21,89.83,1.96,516484.6751
823,317035.3403,2166.82,1,621.29,12.85,4.5,5.93,96.19,1.92,500854.0669
824,199128.6832,1231.15,2,376.56,9.22,92.63,25.07,86.27,2.41,111408.9852
825,341377.1702,1196.66,1,803.69,14.05,31.45,17.73,98.48,2.07,276602.8802
826,160527.0884,550.0,1,713.64,34.8,9.12,8.92,94.17,1.03,79685.5305
827,411710.1671,634.81,2,623.14,36.13,8.96,15.25,93.55,0.69,342853.1214
828,227544.747,1101.67,1,397.86,7.66,39.74,7.32,89.03,1.72,171113.1133
830,565300.7513,1831.94,2,523.42,45.6,22.85,10.15,98.07,1.44,479484.4287
831,336276.9028,965.01,3,821.61,50.46,2.55,16.81,81.02,1.63,377597.0026
832,381307.9566,923.6,3,1037.53,44.11,57.03,22.55,97.28,1.42,393706.7126
833,434970.7078,1724.89,3,734.3,49.13,31.7,13.96,88.4,1.74,423606.9623
834,675518.3312,638.75,4,797.27,26.89,20.15,5.4,98.19,0.99,531551.1576
835,150396.4581,550.0,1,899.22,51.62,38.94,15.11,83.31,1.4,102522.8054
836,253414.7142,870.74,1,250.99,13.34,72.34,8.46,94.97,0.97,200903.0392
837,260976.6665,550.0,4,362.83,7.87,12.4,28.47,88.43,1.37,402759.8785
838,204927.6177,550.0,2,214.34,62.61,29.44,19.47,99.72,2.16,119891.759
839,372767.7884,1178.17,1,786.3,39.16,40.0,17.08,95.09,0.1,360849.0481
840,195998.6689,1351.19,2,122.85,9.69,32.84,8.79,95.59,1.43,252560.2971
841,140831.8237,914.76,2,172.7,32.48,56.63,33.56,92.93,1.95,85558.51129
842,319753.5556,1090.75,2,534.13,28.53,24.56,31.58,97.55,0.83,295073.4578
843,465727.5718,1754.22,2,635.61,4.6,34.31,7.55,90.2,1.54,668842.773
844,121486.5873,956.19,1,620.13,6.59,70.15,3.54,95.85,1.29,40293.74876
845,289914.9883,550.0,1,528.13,65.22,51.73,14.0,97.32,0.98,320981.3981
846,433475.4898,671.38,1,504.15,17.83,35.76,1.22,89.65,0.88,428104.5703
847,373566.5159,1484.35,2,513.61,43.1,24.74,19.63,93.65,1.25,642047.6998
848,521223.2561,1747.75,2,651.49,20.41,8.88,7.77,89.16,1.28,463228.4463
849,125511.7175,550.0,3,116.6,52.8,103.32,34.33,96.61,2.1,58209.19421
850,462140.1472,1930.82,3,958.8,14.83,62.72,15.61,93.6,1.48,356247.2172
851,655183.3652,1450.16,2,580.83,11.26,56.67,21.94,96.24,0.69,692850.7799
852,118141.2757,629.32,1,451.87,79.91,93.85,7.73,98.67,1.62,33134.89879
854,115173.7373,605.11,1,372.46,39.48,8.32,4.26,93.74,1.52,16828.77238
855,240155.1237,550.0,2,802.57,27.45,36.04,1.86,81.99,0.46,176268.6847
856,151626.2655,1002.61,2,245.08,15.47,45.71,22.91,98.44,1.08,99916.71379
857,129375.8222,550.0,2,557.19,24.73,73.11,10.43,94.89,1.14,106672.0083
858,199637.143,550.0,2,353.75,20.73,63.28,25.6,93.07,0.93,146753.1835
859,155726.5703,550.0,1,350.39,42.59,74.45,29.28,87.35,1.12,100931.0646
860,168961.3183,593.33,4,522.54,26.44,18.44,6.15,94.18,1.65,84049.0257
861,300545.6297,786.76,2,264.36,22.98,30.55,21.3,90.63,1.05,304927.4912
862,201575.1283,884.33,1,119.82,3.99,3.26,10.05,96.91,2.18,137965.4967
863,361398.7754,714.9,4,662.04,42.74,10.04,10.78,90.76,1.11,242058.879
864,340834.0191,1020.7,2,1182.57,26.23,38.14,12.15,99.9,1.28,378159.8316
865,143168.2995,754.91,1,619.55,40.16,8.51,0.16,99.82,1.39,76000.78166
866,267549.2592,1211.19,1,391.27,50.28,6.11,19.9,90.83,1.46,280437.8951
867,357602.8609,1332.85,4,320.84,57.22,7.5,8.29,84.68,2.07,489710.1184
868,245031.3197,1359.73,3,831.67,54.02,48.42,9.9,84.85,2.19,167078.6188
869,536763.4995,1312.94,1,365.39,3.88,38.57,17.1,94.84,0.68,378618.9225
870,369834.2411,1903.44,3,713.63,26.04,1.93,12.98,97.71,2.02,371614.1954
871,737642.2279,1300.3,4,467.71,8.64,50.9,3.89,97.01,2.2,670051.6672
872,475264.6945,1005.21,4,327.68,42.2,34.06,1.16,90.85,0.73,439471.4837
873,557080.2338,1008.9,4,604.24,34.79,3.98,12.23,96.47,1.56,423403.7187
874,252944.9569,589.22,2,452.4,43.84,90.89,37.08,90.8,2.27,193727.3155
875,342115.0793,1466.77,3,862.44,56.45,12.44,19.77,89.13,1.32,467686.5835
877,149161.886,925.54,2,300.08,36.94,0.75,27.03,92.27,1.69,90218.49559
878,631103.0835,1540.52,3,626.58,56.18,0.12,17.64,90.64,1.63,568596.7254
879,425692.9945,879.16,3,626.06,59.77,59.29,5.6,94.33,1.99,657214.5289
880,173719.3748,550.0,3,420.08,32.44,45.3,35.21,91.57,2.07,74483.78523
882,529170.2351,1506.32,2,600.17,38.68,3.58,18.81,93.8,1.0,493802.0675
884,235267.7873,1228.38,3,507.16,27.96,44.5,1.51,97.53,1.91,424380.0744
885,585684.5332,1352.56,4,222.97,5.9,2.09,11.21,88.0,0.85,620319.3833
886,506727.4175,1403.34,2,250.95,55.93,99.9,23.11,92.24,1.84,497935.9237
887,139220.3462,797.81,1,859.48,15.99,45.27,12.3,93.75,1.44,85247.34849
888,118774.584,667.55,2,635.72,34.58,18.54,21.24,97.1,1.85,50404.94795
889,184180.3022,1248.3,1,347.05,11.27,57.76,15.15,93.83,1.58,189974.6571
890,355192.0153,1615.16,1,906.21,35.01,51.01,7.22,95.46,1.96,315862.6185
891,128296.7434,787.7,2,62.85,53.83,48.54,21.69,90.61,1.52,69278.77008
892,213238.3186,550.0,1,601.51,44.86,21.57,15.95,91.52,1.72,98357.67003
893,204229.4149,817.57,1,567.89,69.3,129.23,19.82,84.81,0.94,84616.54391
894,244280.9675,1253.07,1,719.02,17.68,11.86,4.32,98.35,1.57,207339.0434
895,168620.4161,550.0,2,417.8,36.77,45.27,5.53,88.21,1.53,126800.3862
896,96794.62338,1203.41,1,719.25,38.5,76.66,36.93,95.07,1.8,10402.19298
897,245104.5692,873.9,2,232.09,41.15,56.28,37.71,87.92,2.37,134559.8973
898,518253.3659,1085.41,3,579.87,11.62,104.78,38.67,96.08,1.15,379567.5226
899,430986.6528,1290.08,3,545.48,40.42,69.25,35.93,86.9,0.82,336821.9024
900,312812.2156,550.0,2,517.5,7.45,55.19,34.38,88.01,1.46,266676.9403
901,179602.2797,852.56,1,163.08,26.6,22.25,37.58,94.33,1.61,122901.6693
902,217710.7415,915.61,2,350.37,12.01,48.52,25.06,98.64,0.6,291756.2417
903,120404.5924,1105.58,1,65.68,57.57,10.64,13.27,92.53,2.66,18203.24137
904,202655.5484,550.0,2,225.53,21.82,39.84,30.69,96.35,1.56,214216.1815
905,314726.1984,1251.41,3,108.84,33.2,91.42,21.07,99.9,1.7,215944.9062
906,319372.9775,1443.32,1,427.78,20.09,1.03,17.88,92.0,1.53,353297.263
907,449529.6374,1183.0,2,332.92,40.62,3.09,22.02,87.5,0.47,475241.6117
908,378370.4141,1418.33,4,1128.52,36.31,66.04,20.72,97.68,0.87,517157.8648
909,216655.028,679.29,1,889.96,24.35,63.3,17.88,89.26,0.81,177467.5749
911,316909.5352,930.04,4,340.51,6.47,10.78,23.54,95.29,0.82,389573.4498
912,152093.8417,550.0,1,357.19,65.13,42.01,11.42,83.84,1.85,107117.4223
913,302150.1384,730.35,4,414.12,24.48,41.57,15.76,97.02,2.58,314024.1738
914,284879.1228,931.87,3,451.27,32.4,92.11,39.11,94.47,1.87,193063.6048
915,365276.7021,1486.85,2,117.67,37.0,62.93,44.36,91.92,2.65,271248.5677
916,246946.1074,550.0,2,77.07,49.79,11.38,35.77,91.78,1.84,168531.2204
917,279007.9273,931.73,2,295.54,0.72,1.0,6.95,94.6,1.52,273424.4313
918,168317.69,620.57,1,341.6,36.93,5.2,50.86,98.69,2.0,118589.5297
919,258489.1512,1136.09,1,845.61,20.2,48.85,4.04,99.5,2.02,371024.2436
920,576752.4502,1566.17,1,413.19,28.69,9.75,3.54,87.55,0.57,360758.7201
921,197259.9378,1396.24,1,477.56,19.94,25.51,6.75,96.89,1.9,192481.1918
922,608734.7679,550.0,3,550.49,12.1,60.19,2.02,99.9,1.28,583636.1758
924,554080.7887,1594.37,2,677.17,8.96,37.54,1.89,88.95,0.59,436412.9697
925,527018.0762,1071.04,4,123.81,2.01,61.15,10.4,97.61,1.97,302809.9705
926,163561.6621,638.87,1,418.58,22.36,139.46,29.92,98.38,1.64,94836.59945
927,323789.908,553.44,2,886.46,26.45,85.24,10.5,96.36,0.99,316437.5183
928,550994.9312,2235.66,5,269.14,11.07,23.3,21.4,88.92,1.33,706796.877
929,213545.5455,550.0,2,150.11,16.11,92.06,28.38,92.7,1.57,176386.4939
930,233002.9048,986.07,2,71.57,24.76,141.09,19.69,89.45,1.9,320729.6216
931,204763.8543,604.56,3,193.57,65.68,34.3,17.23,88.47,1.58,88749.00963
932,188994.8131,1034.81,2,1047.28,27.22,14.56,2.88,92.12,0.99,315713.4703
933,400168.3896,1027.16,2,1154.71,49.78,1.11,28.55,92.96,1.2,499160.6854
934,147432.4916,610.18,1,323.85,39.15,64.11,48.7,94.75,1.42,138455.4232
935,505005.466,1239.85,3,47.58,28.45,33.02,33.92,95.04,1.27,561533.7278
936,250347.5042,550.0,2,275.19,54.0,28.92,18.11,91.18,1.5,249336.666
937,266132.3364,1161.71,4,774.41,0.81,74.0,19.17,91.74,0.81,334317.621
938,269320.9444,550.0,2,357.36,36.28,15.72,11.95,93.35,1.59,156793.0892
939,293853.7085,1204.2,2,264.73,38.88,21.36,12.5,85.12,1.94,129924.2673
940,327347.9656,1261.06,1,590.21,40.84,23.85,0.14,88.63,1.17,203812.7907
941,359293.2998,1678.43,4,707.16,48.43,25.51,10.74,95.7,1.33,782560.0609
942,689258.045,2068.36,3,314.26,54.28,66.77,8.89,93.95,2.1,490241.307
943,107491.6315,935.74,3,94.36,34.86,93.36,12.96,92.52,2.3,32293.49216
944,432803.8536,998.05,2,937.29,1.27,86.61,14.8,87.03,2.21,270096.0853
945,250270.0733,958.39,3,521.3,25.95,37.87,13.14,87.17,1.07,138132.8105
946,293640.4683,1220.52,1,985.27,31.06,55.57,21.4,93.97,0.65,155001.956
947,264529.5677,1384.13,3,423.58,50.77,47.63,31.13,93.26,1.32,359752.795
948,285337.659,1662.01,1,313.55,37.73,30.73,9.17,93.43,1.41,415082.3369
949,300974.5539,1258.83,2,706.86,42.24,2.71,7.99,99.9,0.96,398084.8022
950,376670.0437,1317.59,1,848.9,41.79,25.82,18.88,99.15,1.93,411015.509
951,316473.2471,936.15,2,239.11,42.81,83.9,22.6,94.01,1.37,338429.1076
952,381979.7939,1424.81,5,395.86,52.83,82.92,3.18,87.96,1.19,260575.4925
953,114899.8269,550.0,1,586.88,30.55,75.73,17.87,92.51,1.62,17427.83396
954,255148.639,728.28,2,747.22,37.11,86.34,8.98,87.56,1.76,150858.7685
955,391493.9671,1538.64,3,855.67,56.65,69.81,9.83,80.96,1.25,358532.1623
956,277537.2027,1057.01,1,207.59,0.92,30.22,8.29,98.27,1.35,201866.3574
957,705360.8368,1781.54,3,804.56,48.4,50.92,4.25,99.9,1.72,685543.8513
958,119751.4925,550.0,1,142.71,26.94,88.54,16.32,93.87,1.32,106951.1456
959,678290.7408,2114.0,4,820.65,10.6,2.54,10.9,99.9,1.41,659405.6193
961,283615.4031,1734.6,3,673.13,35.29,64.29,1.49,91.68,1.94,213044.327
962,368668.559,960.64,2,695.44,13.51,89.02,9.37,93.2,1.12,505930.3565
963,166987.0495,1177.13,1,282.06,59.04,17.52,24.51,99.16,1.0,125915.9305
964,169245.1904,550.0,2,188.4,15.88,53.18,20.49,96.12,1.43,50760.89615
965,459321.3611,550.0,1,110.97,53.02,49.12,16.75,93.34,1.86,299388.7662
966,354094.8412,550.0,4,285.58,33.56,0.2,28.01,99.79,0.99,271324.9181
967,209226.8989,1502.69,2,195.91,3.82,5.63,42.44,97.55,1.33,185348.404
968,118420.3323,550.0,2,555.05,10.91,53.43,7.98,99.85,1.47,52071.15059
970,321152.9688,1161.42,1,470.5,30.05,55.89,18.69,99.9,0.76,371305.3071
971,192581.5685,1122.2,1,207.03,8.49,28.57,13.84,85.73,0.82,102190.9602
973,443302.0701,1456.69,3,830.48,29.04,67.65,8.76,92.03,2.36,288928.8168
974,437886.321,1183.87,1,500.16,38.03,9.48,8.21,90.17,1.57,400679.0379
975,421281.1787,837.88,2,1011.85,36.58,21.1,12.98,94.71,1.11,353943.5333
976,533299.9959,1405.16,3,606.14,35.16,42.49,10.49,99.9,1.73,513143.1366
977,367857.0917,1399.45,1,951.7,33.02,50.91,7.19,89.61,1.84,357411.7218
978,260260.6374,857.2,2,556.04,1.5,48.03,32.98,85.92,0.97,309914.7043
979,407612.3561,1144.41,1,431.84,38.74,77.71,0.82,91.73,1.88,332185.7476
980,195394.7271,550.0,2,609.16,16.42,98.03,21.73,99.9,2.1,82818.77743
981,244700.5513,562.66,1,1033.7,31.32,39.75,15.11,98.52,1.37,187029.6332
982,140598.8579,550.0,1,426.87,44.32,52.36,24.62,88.2,1.98,95153.28566
983,191506.719,700.48,2,293.74,50.52,62.41,36.51,82.4,1.65,213212.6029
984,181909.8306,550.0,1,956.66,28.22,18.07,1.2,99.9,1.99,146499.1281
985,166401.0351,1573.03,1,220.63,4.89,134.12,15.44,96.99,1.66,119158.4838
986,98828.1106,863.07,2,589.11,27.63,13.01,40.23,99.87,1.59,7159.627461
987,380018.3714,1125.46,3,998.37,2.09,35.6,15.42,94.99,1.9,397726.5402
988,118378.6969,1002.74,2,81.65,43.42,87.01,29.88,99.9,1.7,18199.65571
989,423092.3785,1379.65,2,898.24,26.94,35.89,14.52,90.27,1.29,675242.1184
990,140619.4594,1140.04,2,755.41,71.21,78.04,33.23,96.15,1.62,58358.63301
992,136992.0677,1190.94,3,605.16,7.87,69.0,16.09,99.9,1.78,51748.07108
993,108036.1452,550.0,2,467.4,6.44,72.96,16.13,91.98,1.49,5228.463946
994,212861.6656,1729.98,2,958.72,21.64,34.72,23.34,92.74,1.6,238537.4625
995,212457.828,629.81,2,372.23,19.15,19.92,31.91,99.9,0.42,263171.3074
997,127841.1119,1074.68,1,100.3,38.25,19.45,14.82,85.62,2.06,84131.6221
998,278658.9998,1215.45,2,784.93,13.16,95.88,5.02,91.98,1.13,179048.5639
999,222198.5451,550.0,2,1125.79,41.79,7.17,38.42,93.87,2.17,142934.4577
1000,281812.0299,1099.92,2,597.07,38.1,6.59,21.46,86.52,1.61,247222.4897
1001,108849.7826,764.24,1,664.94,21.28,4.06,12.9,99.9,1.81,15891.48035
1002,346545.9581,1155.29,4,1012.36,22.93,31.93,4.19,94.42,1.1,491888.7794
1003,346928.3793,749.4,3,1098.2,30.32,28.27,7.87,99.29,2.27,260871.9898
1004,331897.4486,1129.74,2,492.98,29.21,15.82,35.49,99.9,0.88,720007.1462
1005,127557.7162,835.07,1,545.52,34.01,4.37,9.25,99.9,1.52,54571.73477
1006,301183.2875,1314.37,1,846.03,46.93,71.29,17.3,95.63,1.76,241583.6966
1007,178337.6542,1312.45,1,254.48,74.74,52.27,33.63,86.17,2.38,118721.3214
1008,231084.943,550.0,2,135.95,44.81,40.94,36.28,99.9,2.07,240064.9977
1009,420325.6531,1091.16,2,989.68,30.23,25.58,1.73,99.9,1.13,393003.2219
1010,455628.2404,1463.73,3,738.76,20.99,26.96,23.74,88.08,1.7,549787.1598
1011,488512.0736,1255.41,2,600.75,11.32,39.45,19.28,83.98,2.64,348567.6702
1012,376791.9595,924.0,2,540.95,41.77,14.0,36.37,88.68,1.79,361300.7443
1013,476293.4389,1619.76,3,465.92,31.76,23.2,28.72,99.38,1.61,328661.4671
1014,144716.443,550.0,1,189.21,40.61,72.05,30.93,91.91,1.9,54355.99297
1015,363742.5039,550.0,3,420.07,8.48,36.55,6.65,93.22,1.71,299630.0425
1016,208962.346,935.67,3,272.8,26.2,72.45,45.36,92.73,1.99,199375.4755
1017,222228.9304,920.51,2,582.43,49.18,46.04,15.46,94.49,1.64,168045.2225
1018,682995.0557,1564.31,5,203.81,26.46,21.56,21.05,99.9,1.41,582653.0365
1019,619336.2494,1161.33,2,431.2,25.92,18.75,0.38,93.11,1.8,618510.8928
1020,240969.3991,611.72,2,77.18,39.03,25.5,17.74,95.13,1.36,385719.9817
1021,403407.0994,1428.71,2,959.21,22.77,19.33,8.89,99.9,0.49,581412.6396
1022,230854.4814,743.14,2,7.43,57.53,63.48,7.49,99.9,0.96,357141.0485
1023,200198.5874,550.0,2,671.47,22.13,40.23,26.41,91.59,0.66,95894.25659
1024,116389.6093,797.1,2,1071.69,52.6,43.98,25.43,87.32,2.09,13998.59974
1025,153457.8801,695.32,1,643.56,13.54,44.13,13.85,97.18,1.45,108191.0264
1026,271942.7666,550.0,3,459.52,40.7,81.78,3.02,95.76,1.2,145812.2752
1027,95319.3426,550.0,2,83.86,9.53,77.0,24.42,90.03,1.03,12774.5247
1028,523320.7973,1521.72,2,243.93,54.28,65.67,11.91,99.41,1.73,498542.0941
1029,171020.9746,550.0,1,64.6,6.1,96.69,9.12,87.96,0.77,96827.65945
1030,631038.2748,1301.89,3,614.3,49.21,65.18,8.98,96.49,2.16,419108.1228
1032,193930.913,713.64,3,481.79,61.6,13.3,30.93,90.0,1.65,281506.3188
1033,164309.6409,550.0,2,458.77,28.06,131.75,35.61,86.7,1.78,189470.2825
1034,213503.8134,847.8,3,355.44,38.68,40.91,34.71,99.9,1.57,198988.9352
1036,410773.7438,1223.21,2,318.94,40.7,61.26,26.64,85.16,1.76,358465.3818
1037,288793.2703,688.72,2,1038.51,31.65,25.35,13.06,92.54,0.55,167716.6407
1038,422216.4882,1519.25,3,355.87,35.03,39.18,14.24,86.81,1.44,633872.5376
1039,277979.9734,550.0,2,304.19,67.46,31.83,26.15,92.85,2.12,143219.0943
1040,339351.4185,1015.29,1,1044.76,2.74,28.84,11.16,92.58,1.35,316542.9349
1041,695356.7368,1476.04,2,263.1,21.04,12.01,6.27,95.78,1.27,573021.4557
1042,269009.2878,807.11,3,134.11,26.15,33.18,0.22,95.84,1.11,372907.4637
1043,242627.3715,740.01,1,375.97,41.46,90.17,27.47,91.81,1.41,162732.8489
1044,580749.5254,1027.19,4,34.8,55.38,126.28,9.04,99.01,1.49,549144.6811
1045,261299.0612,876.01,4,255.08,7.12,59.58,1.6,99.9,1.48,403239.3194
1046,264221.5762,1493.17,2,277.14,35.35,0.29,2.44,98.86,1.65,333732.4536
1047,151152.5158,550.0,1,453.89,30.11,4.68,15.11,95.92,0.9,53751.98863
1048,237259.4408,853.71,1,319.26,42.17,37.3,17.74,96.17,0.83,151186.7165
1049,225046.1016,1010.31,1,399.25,35.53,51.96,26.41,96.07,2.4,125336.0566
1050,168395.9918,550.0,3,761.76,17.39,65.28,2.02,99.9,1.29,150016.3787
1051,118293.0448,550.0,2,47.03,52.37,109.4,21.06,92.72,2.35,41047.99523
1052,270917.5383,1542.53,1,462.3,31.22,7.38,27.23,92.89,1.75,425805.3791
1053,383291.0398,1133.28,2,601.8,1.68,24.42,9.27,94.91,1.37,417886.2753
1054,527791.5519,1661.41,2,843.68,37.79,38.88,45.88,89.39,1.73,460383.6823
1055,536474.0456,1782.66,1,531.74,40.28,31.29,32.99,86.93,2.2,446982.6465
1056,113104.3844,550.0,1,337.16,20.54,33.87,13.55,91.67,0.58,29371.38837
1057,387216.5626,675.02,4,218.21,53.63,8.42,0.51,98.41,0.47,319655.0349
1058,182488.3861,1348.31,1,1012.37,10.57,74.04,17.16,85.52,2.09,113221.6296
1059,321947.5436,1499.31,2,653.16,15.67,70.9,12.31,95.07,1.03,375804.5889
1060,503702.0815,1417.73,2,1065.12,8.17,34.59,9.83,99.9,0.61,575272.0985
1061,445123.7902,710.01,3,47.38,3.23,45.29,22.83,95.14,1.52,451360.3698
1062,197997.101,890.77,2,1208.82,13.4,34.36,12.34,99.25,0.98,218802.3833
1063,239369.4839,695.98,1,885.73,18.15,2.25,15.9,94.86,1.9,218269.7856
1064,160457.3193,550.0,1,140.74,37.74,136.57,29.99,95.42,2.61,100058.5555
1066,413801.6422,1322.55,3,818.06,6.72,9.27,1.49,99.9,0.65,517766.1693
1068,369438.1439,1807.95,3,497.24,35.32,91.15,23.01,99.9,1.64,293360.1722
1069,151361.7125,941.81,2,439.59,22.22,94.67,5.22,91.45,1.45,84594.12145
1070,493676.5673,1428.66,2,329.34,47.37,8.01,19.43,99.9,1.29,535860.7967
1071,330299.8118,1237.24,1,424.39,22.88,68.02,13.49,95.79,2.11,242799.3579
1072,312296.6703,936.96,3,273.26,64.24,42.04,1.57,83.11,0.43,720236.7969
1073,186239.1336,550.0,2,641.2,37.94,9.92,26.27,90.78,0.99,103123.6608
1074,285138.4883,1411.12,1,402.09,19.58,66.86,36.85,99.9,0.93,320907.4294
1075,112529.2773,550.0,1,12.93,19.18,33.46,19.83,86.3,1.92,37069.30607
1076,347272.8982,1137.9,2,627.53,28.49,33.84,3.52,99.9,1.45,225194.4602
1077,135762.7724,690.85,2,463.16,41.93,65.32,22.01,95.61,1.86,51498.06209
1078,380313.1506,1064.85,2,125.42,48.73,60.8,10.71,88.14,1.08,324227.0803
1079,435944.4423,1406.46,3,169.89,11.27,36.12,5.13,95.96,1.54,323639.5546
1080,333409.777,1137.14,1,902.28,30.18,86.06,6.45,99.49,1.22,373942.4099
1081,122942.4841,1932.48,1,729.53,26.85,50.14,10.56,94.52,2.04,66121.38409
1082,573344.3516,1671.42,2,849.25,50.25,35.72,41.69,94.79,1.0,513197.8348
1083,532685.0983,1191.34,3,254.22,1.45,135.0,18.54,99.9,1.47,353287.5376
1084,105757.9411,550.0,1,371.01,46.49,116.36,43.17,99.9,1.32,23740.46639
1085,122312.5598,743.76,1,70.48,27.75,11.87,21.02,88.97,1.92,56889.52541
1086,174132.6508,1337.19,2,681.56,8.8,14.15,22.82,93.72,2.03,155463.6341
1087,158839.4141,550.0,2,623.76,29.13,29.17,7.75,85.2,1.7,47072.52054
1088,195739.1771,550.0,2,814.85,47.49,28.34,19.55,97.15,1.89,257140.7288
1089,352007.6445,1366.41,2,1067.16,0.58,26.46,22.74,97.09,1.33,371832.5018
1090,362669.4953,861.09,2,259.3,32.52,27.87,16.96,87.79,1.32,208541.3904
1091,263012.9653,1167.24,1,39.92,50.25,25.14,31.29,90.96,1.01,175887.1081
1092,355873.0695,995.76,2,132.59,48.1,33.69,1.58,99.9,1.61,306216.8371
1093,212746.8088,679.57,1,518.23,46.36,13.87,4.22,98.41,2.76,138895.3891
1094,483449.2151,2090.48,1,769.54,11.08,9.86,7.27,98.0,0.73,575488.8103
1096,397803.9845,550.0,3,225.35,53.2,49.85,43.13,89.21,1.57,412661.186
1097,271883.4021,550.0,1,116.43,9.97,34.9,7.69,96.68,1.7,162823.5977
1098,470275.8625,1497.53,3,340.43,12.6,102.68,14.48,99.9,0.92,305355.4116
1099,136396.0182,992.02,1,703.47,23.18,50.96,18.7,96.88,2.72,112762.2769
1100,92151.74651,564.44,2,667.33,39.66,7.11,10.09,87.27,1.76,8919.858238
1101,272444.5384,836.62,2,555.84,7.86,62.4,32.78,90.35,1.57,189315.0762
1102,189257.8577,717.52,1,706.84,3.49,30.85,6.98,84.54,2.15,169868.8019
1103,323252.7729,632.87,1,366.7,40.08,10.57,39.98,86.55,1.76,254931.8567
1104,480474.4537,1320.57,2,916.17,28.32,90.86,12.79,90.49,2.31,363994.8413
1105,234034.0348,1251.87,3,1153.38,27.86,139.4,7.11,93.9,1.29,265740.0434
1106,324412.5087,960.99,3,841.25,16.49,115.0,42.77,90.4,1.95,302142.1023
1107,349919.6373,1545.95,2,573.53,35.09,66.75,10.25,94.91,1.9,478298.7798
1108,378924.1605,1237.47,1,70.59,55.38,105.76,35.18,95.78,1.03,241281.0325
1109,353661.9706,753.57,2,111.24,9.15,111.44,35.04,99.75,1.18,412934.0832
1111,157979.5478,550.0,2,466.2,56.43,2.75,28.01,94.81,1.68,99564.52638
1112,98235.07669,1033.23,1,488.34,78.47,30.72,34.02,85.6,1.08,12940.65675
1113,367459.4312,582.18,3,462.19,22.1,41.66,33.05,91.72,0.91,285069.6716
1114,657864.6024,1262.26,3,393.63,22.68,0.51,4.53,99.9,1.29,519032.7393
1115,126945.9536,550.0,1,76.17,39.31,94.45,30.63,89.95,1.99,19588.73288
1116,291340.4072,1324.76,2,591.56,0.53,40.36,28.77,95.09,1.1,291692.4095
1117,322496.1499,891.59,2,213.04,0.3,8.43,11.99,99.9,1.25,310526.8495
1118,548884.3065,839.02,4,646.01,11.48,5.31,3.56,93.18,0.82,474044.7664
1119,149122.5341,677.25,2,808.46,25.86,17.78,32.28,99.9,2.21,82966.5788
1120,181631.6169,550.0,3,322.83,25.89,80.67,18.43,94.06,1.35,111692.261
1121,146992.1027,550.0,1,1004.72,31.04,59.59,5.88,90.17,1.34,123472.3321
1122,706219.0713,1604.98,4,1003.18,56.09,4.37,12.33,91.02,1.62,487162.7012
1123,179465.1961,550.0,2,685.98,24.34,68.13,7.31,97.33,1.17,91189.01874
1124,459567.602,795.11,5,892.19,24.73,55.03,17.04,98.02,0.87,504373.6156
1125,193604.4884,1000.08,2,429.12,15.15,35.94,21.75,85.14,1.5,195687.9308
1126,550819.4833,976.42,5,22.64,45.98,37.52,6.72,91.57,1.39,695076.4626
1127,170595.5044,550.0,1,272.49,13.99,133.32,43.51,96.64,2.66,132745.7894
1128,445634.9722,550.0,2,573.4,32.94,46.08,12.35,92.18,1.34,320486.6545
1129,103809.7946,628.95,1,319.79,44.59,73.87,24.22,95.4,1.78,20681.45416
1130,150986.1489,550.0,1,603.45,26.64,54.07,40.13,89.58,1.79,109311.4591
1131,105444.823,755.33,1,645.2,41.03,118.89,25.81,91.78,2.14,1043.931448
1132,333004.9719,2130.05,1,839.07,26.12,49.11,30.91,99.48,2.36,425479.7531
1133,368599.2912,1075.66,2,526.25,16.71,47.39,3.14,89.93,1.45,454224.74
1134,171747.0522,550.0,4,160.54,3.1,58.61,11.33,94.97,0.72,219187.1602
1135,507058.1517,1308.37,2,422.95,3.25,66.67,18.92,86.32,1.89,464991.0505
1136,551047.2345,1507.28,3,766.22,1.82,32.77,27.53,98.84,1.75,625021.9161
1137,480959.1294,1127.34,3,695.64,31.66,53.33,2.98,99.42,1.72,433431.997
1139,659953.378,1239.61,3,318.27,35.62,4.33,6.75,99.04,1.7,515562.3516
1140,147064.2281,724.17,3,65.14,31.06,55.72,24.72,86.71,1.77,112968.0944
1141,174163.6594,767.77,1,1045.55,20.16,30.16,1.45,95.77,1.41,210389.2184
1142,200768.8166,550.0,3,323.31,32.52,25.8,4.81,86.52,1.18,367980.7315
1143,435576.1234,1580.54,2,768.23,30.45,16.64,13.95,90.72,2.07,392679.1607
1144,111848.1471,594.91,1,645.44,38.01,14.38,45.92,88.14,0.94,28701.33948
1145,350210.6549,890.03,3,620.5,50.83,82.1,33.8,94.72,1.4,356440.6443
1146,191458.4188,550.0,1,107.05,70.38,83.9,19.31,86.52,0.57,159593.6579
1147,468592.981,1412.1,2,331.92,44.88,52.27,8.39,97.78,1.75,387443.9559
1148,193324.0549,974.8,2,278.95,10.78,54.53,7.22,99.9,1.59,202602.2106
1149,263045.3486,594.6,1,207.14,34.0,114.32,39.35,89.87,1.43,188160.3585
1150,170448.1784,1067.85,1,429.77,19.06,30.9,5.59,95.51,1.68,172031.378
1151,198868.8431,683.19,1,293.02,30.63,59.58,23.7,97.63,0.49,318268.9499
1152,247865.2916,550.0,1,542.42,20.15,64.23,10.99,99.46,1.62,196930.2725
1153,232974.9339,1615.82,1,513.8,9.94,55.17,10.58,93.8,2.11,157311.2208
1154,402487.8841,1338.02,3,115.06,10.23,48.72,3.39,89.55,2.04,568308.5888
1155,398073.4053,1145.43,3,592.24,39.32,36.31,12.94,90.22,1.8,351287.7533
1156,752492.1903,1516.79,5,332.84,6.83,20.47,10.41,81.89,2.4,770226.5585
1157,232734.2708,1119.59,1,713.89,53.98,14.89,11.41,93.07,0.89,289476.7506
1158,604141.8781,1380.8,3,647.68,7.25,30.69,0.02,94.4,1.01,491504.2603
1159,611786.1264,1101.4,4,234.64,21.31,14.27,16.85,99.9,1.59,572024.6423
1160,525579.2303,1656.84,2,433.85,58.15,74.15,14.67,98.81,1.16,357762.4838
1161,334675.3086,644.63,3,26.58,68.84,54.61,39.69,99.21,1.81,352182.7238
1162,323668.3978,1309.07,2,814.98,50.91,48.85,11.01,89.09,2.05,324594.6609
1163,252379.5882,1269.27,2,249.34,32.19,57.33,28.73,92.11,2.26,254521.5076
1164,529933.9121,1532.08,3,596.12,31.49,28.65,1.1,95.02,1.38,583299.4453
1165,295980.5785,1852.27,1,329.49,25.56,7.53,27.03,91.82,2.4,321810.0561
1166,240192.4531,804.51,2,29.88,61.67,84.74,13.14,99.52,1.98,224227.6398
1167,276203.9201,1066.25,1,993.82,47.32,78.85,23.71,95.21,2.51,307351.5079
1168,392663.8886,1402.17,2,715.93,10.71,67.77,27.66,99.9,1.88,487140.8111
1169,270249.3015,820.59,1,216.74,53.91,83.11,19.81,82.46,1.22,295920.895
1170,472945.5328,1204.79,2,425.86,11.02,23.67,10.9,99.0,0.4,446929.7147
1171,372061.6469,778.36,4,774.95,54.21,40.27,2.15,99.9,0.15,593486.0153
1172,264098.3392,1356.3,2,1108.87,12.95,27.97,0.87,99.27,0.59,407323.1948
1173,277087.4016,1047.86,2,905.7,29.59,12.44,4.61,99.9,1.47,353693.53
1174,209841.1212,1019.02,2,715.25,33.37,58.16,50.13,83.17,0.83,110514.3142
1176,333044.5036,550.0,4,703.11,62.44,53.18,9.2,96.22,1.85,167895.9955
1177,376242.2191,1383.96,1,622.16,66.01,47.43,5.94,94.51,1.41,350939.3103
1179,414467.0282,965.33,1,167.4,81.77,20.43,0.97,88.97,1.58,205918.2152
1180,138516.6529,912.71,1,203.05,0.13,119.1,19.83,97.31,2.31,69504.38807
1181,156294.8951,550.0,1,205.84,81.87,66.47,36.86,89.24,1.13,89841.08722
1182,260675.9106,1116.34,2,438.81,46.07,31.53,6.66,93.63,1.73,316268.0095
1183,324655.1221,1075.51,3,243.85,22.7,44.48,0.79,96.6,1.68,196519.0927
1184,288084.4238,571.36,2,756.17,43.54,76.32,26.46,97.03,1.41,256437.8285
1185,243841.9274,614.09,1,522.41,50.68,30.04,7.57,88.72,1.66,180602.2002
1186,107694.0092,790.99,2,923.93,23.69,67.83,40.17,90.29,1.28,33453.91021
1187,324219.1165,1440.88,2,234.59,33.33,25.91,5.54,95.36,1.66,336188.9126
1188,182556.2508,679.78,2,253.64,15.43,2.43,0.68,97.09,2.15,114775.879
1189,353166.4,1600.28,1,570.58,33.28,86.67,3.35,87.81,1.65,198845.6067
1190,255664.0662,749.05,2,549.21,32.97,37.82,39.85,90.36,2.37,143465.3715
1191,306098.6227,850.46,2,12.78,11.17,51.74,8.21,84.46,0.78,402397.3956
1192,214542.4035,550.0,3,340.36,14.6,51.41,12.25,93.09,1.67,138648.2066
1193,228650.8296,713.4,2,560.47,12.85,51.37,0.31,99.9,1.17,176048.9069
1194,636408.7725,1834.29,1,599.69,21.92,64.88,26.31,86.8,1.64,366987.3434
1195,152467.1669,550.0,1,103.49,70.32,127.08,28.16,94.58,1.86,123781.0834
1196,317470.2329,1485.13,3,489.19,56.6,82.1,11.26,95.92,1.93,283754.2468
1197,447293.5671,1261.09,3,598.7,22.74,104.42,23.95,93.08,1.65,308257.1147
1198,294918.3927,813.24,1,656.34,38.29,85.1,21.86,96.81,1.77,161969.591
1199,309108.6326,851.0,2,807.35,72.9,50.86,36.47,95.92,0.49,216815.3538
1200,295492.6005,1589.14,2,59.83,78.42,35.79,0.11,99.9,1.77,422854.9797
1202,224962.3678,1340.03,1,131.12,48.45,10.64,4.08,90.19,1.52,293425.9077
1203,317104.3559,985.36,2,873.14,55.3,19.91,12.92,98.08,1.37,196533.0859
1204,152926.0367,550.0,1,492.37,37.45,53.11,11.73,87.58,1.69,59000.08929
1205,312135.2372,1019.73,1,577.71,15.02,12.29,19.41,99.9,1.85,226223.7925
1206,258971.5503,652.06,1,468.82,14.55,76.46,26.9,97.01,0.99,186561.027
1207,324848.6239,1251.03,1,532.89,38.21,75.32,30.19,91.8,1.74,197249.797
1208,123248.2187,550.0,2,550.0,12.75,19.46,7.21,96.15,1.19,26192.25949
1209,117408.8394,778.08,2,282.42,48.16,106.08,38.65,90.93,1.77,30538.79064
1210,245919.7565,1334.77,3,438.21,57.07,5.48,6.6,95.84,2.11,298354.2426
1211,434637.2054,1475.81,3,311.06,33.3,22.73,7.95,95.95,2.11,620410.1615
1212,216467.0959,1081.06,2,430.23,33.84,25.42,3.16,93.42,1.43,286535.3341
1213,750242.8919,2119.1,3,1084.11,48.07,2.68,2.47,91.78,1.88,514838.5546
1214,102550.9162,561.99,1,599.31,16.54,14.64,35.88,92.88,2.51,27083.35982
1215,304845.3009,578.1,1,570.93,54.6,67.76,26.5,99.9,1.1,212328.4525
1216,452303.4089,922.31,3,314.82,47.2,1.1,22.2,93.56,2.48,328178.1174
1217,390638.4666,1384.88,1,486.84,17.87,92.69,12.6,97.79,2.05,250688.8758
1218,204151.4319,1177.71,1,328.97,15.24,49.3,16.59,84.73,1.29,175718.3251
1219,166618.3744,550.0,2,1032.22,1.51,41.09,28.83,94.62,1.25,90666.83526
1220,143713.339,550.0,2,834.79,39.06,96.32,12.2,98.53,1.31,82118.92073
1221,344194.0908,1682.77,1,652.84,21.68,17.07,24.91,91.01,1.53,216961.8714
1222,146631.3669,550.0,2,683.12,65.12,6.01,25.26,85.94,1.11,80955.87358
1223,113969.9106,683.04,1,245.15,23.32,32.35,15.52,90.57,2.02,18105.07791
1224,185539.3918,608.71,1,448.97,23.0,73.96,1.1,83.11,2.05,126116.655
1225,355292.796,1235.19,2,647.86,5.9,37.48,27.27,95.15,1.31,213393.376
1226,411343.6274,603.82,2,431.28,40.73,78.05,1.74,99.9,0.39,276366.9937
1227,103436.2248,550.0,1,885.91,30.13,2.5,3.87,99.9,1.75,11349.47044
1228,139974.2133,574.97,1,728.27,14.94,34.67,19.46,90.29,0.61,61853.94057
1229,149706.996,550.0,1,494.49,20.81,72.23,26.47,87.61,1.95,125698.1824
1230,210617.1296,1053.75,2,357.8,30.95,105.75,22.85,96.03,1.23,200795.7525
1231,509505.0897,1670.89,4,272.95,47.21,32.07,22.69,97.78,1.7,449468.0738
1232,509865.6213,1440.64,3,813.66,13.07,37.91,23.29,99.9,0.31,760692.8731
1233,355730.1629,550.0,4,407.63,57.14,84.92,8.06,97.59,1.04,290957.5558
1234,196708.7074,1258.21,2,186.08,29.21,59.26,18.27,88.44,1.68,168180.8527
1235,336337.8924,651.31,2,1028.26,47.49,12.85,31.27,96.06,1.31,265067.8392
1236,292921.509,1361.23,2,300.72,42.52,119.18,24.28,99.9,1.52,378814.814
1237,237392.0616,993.27,2,362.75,50.7,53.42,11.41,93.34,1.57,256345.1091
1238,266370.7393,1465.27,3,106.69,63.63,54.48,1.57,88.96,2.01,339352.9934
1239,95779.76584,550.0,1,676.02,13.56,33.44,9.88,95.4,1.65,-1079.467194
1240,289207.8725,1187.73,2,162.59,20.07,44.67,11.56,95.22,1.89,481830.6955
1241,338734.8157,1152.94,3,188.76,15.84,54.0,19.73,95.2,1.56,222016.1772
1242,506332.0959,1612.72,2,1324.12,43.94,13.92,1.02,99.78,0.69,503324.3122
1243,552095.1351,1446.72,2,96.14,27.24,62.44,7.56,86.73,1.46,394956.0053
1244,107662.5961,1256.37,2,659.19,26.85,85.62,32.84,88.46,2.35,37348.57645
1245,137084.6115,576.05,1,705.36,33.8,0.2,6.39,86.57,2.08,37781.33227
1246,455248.5557,1036.36,2,155.28,23.66,9.21,7.29,90.73,1.51,327644.904
1247,507060.376,1006.33,3,120.7,35.3,17.29,11.91,91.9,0.85,420982.6881
1248,388014.5042,1774.97,3,799.75,34.45,32.31,13.06,93.99,1.39,442676.7248
1249,384728.6432,897.9,2,878.38,41.81,108.37,23.31,96.31,2.24,214567.9897
1250,485113.8642,1593.68,2,403.84,0.89,14.64,4.26,92.94,1.45,482459.2353
1251,370966.7021,1315.47,3,532.28,32.95,36.99,14.88,81.89,1.29,363874.1095
1252,498208.2619,2115.54,3,1054.76,35.47,5.16,30.55,94.48,1.73,360130.9808
1253,542943.1356,925.73,3,449.65,42.02,42.34,5.75,93.73,1.58,323914.3166
1254,265414.2368,674.01,2,838.75,31.79,0.92,24.82,97.83,1.71,239196.0641
1255,293232.5093,550.0,3,270.78,20.43,80.52,30.84,88.12,1.32,195755.208
1256,203340.639,550.0,2,389.56,15.79,71.12,44.76,97.97,1.0,195070.2972
1257,174200.3734,1180.83,1,460.01,12.76,76.84,3.22,99.9,1.78,158729.4801
1258,112350.1734,1291.47,1,428.66,31.55,119.97,33.04,81.08,1.17,27149.45537
1259,566129.1395,906.3,3,232.94,25.07,49.47,0.16,90.06,0.9,448097.1276
1260,419409.8298,1601.72,2,236.11,34.09,50.32,12.62,89.93,1.35,531206.0551
1261,216105.8736,1280.29,2,504.68,13.82,2.48,1.39,97.76,2.16,290950.0566
1262,171882.397,550.0,1,221.67,50.54,24.7,23.05,95.89,0.83,110028.6404
1263,205001.7894,550.0,3,468.29,7.65,92.63,20.29,91.38,1.21,160988.9713
1264,183397.9195,550.0,1,266.9,20.45,15.94,13.91,96.25,1.65,170968.988
1265,436083.1742,1535.24,3,228.08,8.32,32.6,0.31,99.9,1.49,454404.9824
1266,103024.6398,664.28,2,392.33,39.91,3.48,10.55,96.26,1.24,15496.4411
1267,181434.0593,550.0,1,793.43,35.85,41.49,17.35,88.73,0.9,140849.1312
1268,290249.893,1020.35,1,114.53,28.17,7.59,39.81,90.41,1.59,150647.7484
1269,390605.9215,699.29,3,319.61,41.17,2.53,28.96,98.2,1.7,344753.473
1270,220849.5079,837.24,2,159.38,57.1,66.66,11.59,85.65,2.33,118832.4867
1271,179304.2649,1073.25,1,843.34,25.57,47.62,31.67,95.85,1.43,127059.2758
1272,167472.0815,1299.69,1,424.48,23.92,43.32,24.3,90.26,1.05,109262.9466
1273,285727.0871,795.54,2,446.84,27.53,48.88,0.76,88.26,1.12,289854.3112
1274,544763.5776,1769.01,2,388.99,12.43,61.9,25.5,93.64,1.99,574193.7712
1275,486223.6836,1144.18,2,269.27,4.06,76.16,4.12,98.02,1.35,349451.0054
1276,560996.5578,1788.56,2,138.08,6.45,69.79,29.72,99.9,2.14,498430.9712
1277,119365.209,550.0,3,530.03,41.38,37.99,22.32,93.74,1.25,59111.99664
1278,249169.7703,550.0,2,417.39,35.64,50.11,25.47,97.35,1.85,200872.5606
1280,367059.5017,799.83,4,316.67,22.93,69.22,23.66,95.93,1.78,571899.8417
1281,296217.7279,550.0,3,604.56,60.97,13.04,20.98,91.48,2.1,449115.3152
1282,231338.412,890.36,2,495.31,48.44,49.25,8.52,94.99,1.27,265652.2489
1283,257544.0629,576.07,3,450.58,17.39,82.85,4.34,91.56,0.72,197836.9608
1284,111689.8093,550.0,2,20.18,27.39,46.42,29.39,97.1,1.07,13457.64432
1285,154933.1427,559.06,1,494.75,35.66,35.22,17.84,98.23,0.89,105762.5848
1286,681994.9094,1120.64,2,368.3,75.38,11.37,0.46,93.07,1.15,553544.9374
1287,437594.4926,1365.18,2,1306.51,18.31,55.42,31.81,99.36,1.22,327989.56
1288,220771.2414,1573.03,1,820.74,8.91,45.87,9.64,94.69,1.28,279996.3291
1289,565634.5769,1635.03,3,944.49,58.93,78.79,18.82,98.73,2.0,533514.3498
1290,334719.6051,1572.46,1,792.09,30.2,9.53,22.68,95.51,1.57,293968.2249
1291,371639.9016,1919.08,3,178.23,7.12,15.98,16.01,99.9,1.47,772629.8134
1292,150242.8915,592.47,3,319.47,11.41,55.66,2.16,99.9,1.65,74176.68982
1293,524598.9768,1446.86,2,608.95,55.05,11.54,7.58,93.08,1.07,551834.0434
1294,379268.1187,598.26,1,303.09,26.02,67.8,17.57,90.9,2.13,282584.1265
1295,189134.1212,837.98,1,526.94,35.55,41.77,8.11,99.9,1.35,179679.0926
1296,284055.183,1312.83,2,1178.25,15.58,47.61,18.27,94.58,1.39,334746.9435
1297,186449.6369,1443.74,2,643.82,5.5,38.0,6.66,95.61,1.39,270496.6676
1298,307857.6781,790.32,1,603.84,14.13,21.54,20.21,98.89,1.53,249974.722
1299,344545.4984,688.09,3,385.88,70.9,68.12,14.36,93.53,2.24,182279.8859
1300,525904.4053,1130.13,1,183.8,21.85,10.56,11.4,93.97,2.07,325876.0848
1301,222101.5906,1433.02,2,1066.27,45.39,61.39,4.39,89.06,2.15,98090.56106
1302,197930.0233,765.15,1,469.24,15.01,59.63,9.69,87.16,1.82,120806.3775
1303,264961.9379,558.39,3,902.12,42.23,23.59,16.34,91.38,2.33,185802.8264
1304,625386.2148,1600.25,3,589.4,24.56,47.13,22.3,88.67,1.53,616064.6859
1305,142240.2358,1041.16,1,433.62,67.75,82.52,20.81,94.16,1.2,32274.08704
1306,217570.6037,1469.13,3,477.54,34.46,20.67,19.9,96.07,1.26,246327.5648
1308,172399.9853,550.0,1,552.97,34.33,108.02,20.75,89.01,2.01,64132.908
1309,280920.0402,1368.39,2,418.29,36.67,23.91,27.49,99.46,0.3,346953.8519
1310,483683.052,550.0,3,906.71,57.87,11.52,29.19,93.72,1.04,360671.5643
1311,204192.7232,1114.19,1,533.56,18.94,49.83,28.67,94.97,2.06,223304.4713
1312,417432.9492,1339.23,3,630.25,27.85,1.48,1.72,95.77,0.53,386570.5017
1313,253944.4545,763.92,1,951.59,11.19,20.62,15.71,92.69,1.81,320731.7389
1314,409934.7182,1098.26,2,769.18,32.34,46.84,38.64,99.35,1.6,264689.0483
1315,123193.9487,550.0,2,578.73,11.14,17.17,19.79,95.16,0.87,55395.38916
1316,264808.5711,834.38,5,1248.14,29.08,61.38,23.95,86.77,1.4,523045.5219
1317,300430.7599,1459.79,4,804.58,7.1,49.96,13.46,99.9,1.24,341522.1161
1318,292428.3672,796.45,4,787.55,34.52,55.19,19.3,90.5,1.43,348154.3514
1319,509396.2491,1294.63,4,975.53,13.67,12.56,12.9,99.9,0.84,754888.9641
1320,257554.7764,550.0,2,25.58,63.9,108.67,3.53,95.43,1.09,174072.1772
1321,540968.028,1445.05,2,425.25,42.65,2.04,5.56,93.2,1.46,532217.9375
1322,310531.4984,990.0,2,804.71,50.74,24.61,31.22,94.09,1.74,308582.7063
1323,428833.192,1356.68,4,986.92,58.21,64.4,18.52,95.63,1.25,618575.7399
1324,183995.1525,1286.07,3,187.63,54.68,7.62,32.31,99.9,1.2,174273.9657
1325,354546.9918,1193.45,2,14.21,6.1,31.69,13.43,99.9,1.59,409876.887
1326,196204.535,909.16,1,841.63,14.46,81.74,12.1,99.9,1.58,114450.9894
1327,186050.0754,550.0,1,803.59,27.49,7.29,12.97,95.66,1.25,135249.7958
1328,427537.2168,899.55,1,1009.02,0.85,5.55,12.04,99.03,1.87,329549.6953
1329,229867.2818,742.01,2,307.52,49.15,27.28,31.85,91.4,1.79,200553.5542
1330,134650.013,1164.17,3,353.24,51.56,52.9,12.84,89.68,1.45,84070.6852
1331,163139.1092,550.0,2,69.63,46.8,20.23,12.4,90.6,1.71,99675.14231
1332,308897.155,1539.94,3,252.26,38.41,31.34,39.67,95.55,1.66,345875.9479
1333,150319.056,1280.56,1,672.56,47.69,91.08,9.84,86.83,1.59,128271.4952
1334,138482.0027,625.26,1,721.89,25.69,58.65,16.4,92.63,0.29,67141.30332
1335,180812.6816,968.4,2,474.64,44.0,76.54,20.49,84.46,0.95,108773.3221
1336,340568.4586,982.87,2,495.4,17.54,56.15,34.62,98.12,1.69,307436.6769
1337,352065.9162,950.65,3,606.46,42.78,38.43,11.12,85.11,1.78,256861.9169
1338,163835.2208,669.63,2,79.51,24.6,54.64,13.31,91.17,1.94,115225.9999
1339,191532.491,1159.89,1,868.14,23.36,54.88,3.98,94.85,1.45,93757.27093
1340,189138.1239,1193.66,1,725.85,22.38,51.05,9.34,99.48,1.47,132697.5984
1341,258466.8909,1036.9,2,496.63,17.3,26.95,15.39,96.85,1.26,191284.3764
1342,466401.4281,1096.07,3,432.12,32.66,23.02,35.14,80.68,1.68,544312.2516
1343,527678.7966,1789.2,4,575.16,29.46,29.52,17.44,94.66,1.46,805392.1752
1344,265594.885,550.0,1,715.85,47.83,55.92,27.33,86.66,0.77,215602.1932
1345,106382.0395,690.17,1,595.01,68.87,39.97,39.67,89.4,1.88,24488.24855
1346,251516.9781,632.32,4,488.42,34.18,29.78,27.75,89.08,1.39,192733.2759
1347,564668.1947,2194.65,2,479.92,54.6,15.09,7.48,93.26,1.09,373314.7659
1348,330214.4503,1005.66,2,331.58,24.34,15.83,19.42,90.7,1.37,278023.9361
1349,136062.8211,550.0,2,351.87,30.77,46.36,14.88,95.79,1.02,51804.53577
1350,253823.7214,1330.19,1,1112.81,28.24,53.99,8.55,99.9,0.02,333195.2274
1351,89280.14708,550.0,1,278.16,15.87,40.53,12.2,93.05,0.89,4332.825303
1352,631312.376,1811.82,2,423.66,25.14,31.67,9.98,99.06,2.13,450738.5086
1353,102571.8795,550.0,2,112.89,44.62,21.95,1.99,95.22,2.11,22.79598469
1354,451105.5525,1404.97,3,239.1,38.42,50.89,19.67,88.44,0.43,405208.6315
1355,478875.1957,1122.0,2,1008.94,25.61,22.5,38.67,94.9,1.19,481980.8367
1356,552338.3594,1226.31,3,214.73,5.54,59.93,7.63,96.42,1.21,596973.396
1357,516899.9028,1457.02,3,193.61,66.17,49.06,15.12,91.6,1.88,323044.9573
1358,525873.6076,1496.96,1,729.14,6.88,57.47,0.75,97.02,1.39,366630.5464
1359,190229.8273,550.0,1,585.06,3.85,30.59,17.19,99.66,1.43,230520.8829
1360,270876.7096,550.0,1,9.16,54.6,30.07,6.25,91.6,1.21,172761.9045
1361,245653.9598,599.1,2,40.54,44.24,91.32,6.54,91.44,1.93,170469.9525
1362,256432.41,797.3,2,793.67,27.01,0.91,7.66,94.07,0.83,340847.1655
1363,232339.2558,550.0,2,708.09,41.43,26.78,21.53,94.88,1.53,131293.0955
1364,485170.8378,1599.49,3,726.01,10.54,8.76,22.26,92.76,0.72,335733.7557
1365,251669.3432,550.0,2,242.04,55.31,49.47,16.98,90.5,1.59,151431.0376
1366,320500.8382,1301.39,4,432.03,47.65,21.04,9.37,85.3,1.05,296802.1887
1367,425157.08,1133.71,1,565.32,36.18,55.63,31.74,95.88,1.65,381966.0307
1368,464444.5259,1352.28,2,437.29,38.59,35.28,10.11,88.61,1.05,486214.0844
1369,122318.6077,550.0,1,628.14,10.55,59.46,14.52,88.53,1.24,28432.10261
1370,155604.02,550.0,1,681.04,29.12,8.82,8.57,99.15,1.44,69323.67337
1371,204157.2991,550.0,2,704.21,34.23,101.12,23.02,99.29,2.13,176297.6904
1372,180250.0277,1238.69,1,1112.74,17.08,48.1,9.79,97.92,1.71,82104.41899
1373,235053.9275,990.97,1,209.96,62.61,83.92,22.58,87.71,1.91,197311.5545
1374,309996.9726,831.96,2,489.08,21.21,9.0,0.19,90.98,2.29,257496.0954
1375,260597.4029,1108.96,1,523.92,36.58,38.87,26.65,98.25,1.36,190085.6256
1376,326809.4335,888.61,2,190.48,8.0,74.05,23.33,93.08,2.03,487784.0185
1377,380932.1843,964.37,3,750.08,24.98,15.99,21.3,96.82,1.87,237509.4955
1378,337425.7693,737.2,3,165.21,18.88,82.01,6.63,99.7,2.06,338714.3469
1379,612887.7486,1320.0,4,669.14,47.81,33.11,0.35,96.25,2.13,566943.1682
1380,278062.661,1438.77,3,176.24,24.06,3.31,21.36,93.02,1.24,390299.3172
1381,374382.3752,1059.86,1,702.92,23.53,95.11,15.28,95.77,1.27,234023.3346
1382,307325.5166,694.2,1,945.74,49.35,35.72,4.68,99.78,1.17,271988.8921
1383,454814.8805,1395.6,3,644.65,21.54,98.4,13.94,94.12,1.24,768750.4133
1384,177081.8556,1483.89,2,542.94,48.02,80.22,17.02,96.5,1.62,88884.37611
1385,666148.7699,1612.52,3,1159.82,38.87,43.81,14.01,83.17,1.54,481231.9781
1386,175046.6052,550.0,3,516.81,47.88,90.79,5.09,88.33,1.35,161310.6784
1387,254020.7906,550.0,2,948.0,16.52,59.07,26.55,99.9,0.89,299958.1156
1388,242853.308,550.0,4,154.58,41.08,27.46,1.69,85.53,1.76,174203.6892
1389,97105.98165,550.0,2,833.86,9.43,83.26,9.38,96.49,1.23,7898.485182
1390,134259.7363,550.0,2,486.54,32.23,10.28,2.39,93.11,1.49,40960.15255
1391,362897.7455,859.76,4,629.07,22.74,17.86,6.32,92.99,0.61,379208.6463
1392,394038.3909,1226.96,3,531.09,14.93,62.42,36.45,91.28,2.07,591243.0487
1393,122369.3828,1317.8,1,790.22,32.45,39.41,17.38,99.9,1.67,75071.60059
1394,245992.4681,550.0,1,845.92,24.96,47.69,25.87,90.98,1.7,161706.7611
1395,466152.7444,939.53,3,308.58,64.54,58.02,11.78,99.82,2.11,335756.4306
1396,151676.3925,550.0,2,405.75,48.02,12.9,19.32,98.28,1.25,236700.7652
1397,168141.7004,550.0,3,228.76,12.67,61.04,9.78,96.81,0.85,100101.8545
1398,305813.1243,1214.59,2,250.64,27.82,81.17,27.23,95.28,1.92,387107.4444
1399,202105.9233,550.0,1,419.73,12.48,115.89,1.56,99.9,1.39,119914.749
1400,371386.4164,684.47,3,801.58,12.23,26.23,28.47,94.7,2.03,200173.7523
1401,250967.0996,588.48,4,319.66,26.67,55.35,32.6,93.13,0.63,191352.6757
1402,129585.866,550.0,2,773.29,7.32,37.24,5.97,90.44,1.49,30111.17435
1403,153786.7746,550.32,2,833.79,29.54,24.09,9.6,99.9,1.7,58027.56097
1404,318042.4425,842.69,3,21.99,32.36,28.77,8.95,97.6,2.25,476132.221
1405,273089.5777,936.61,1,840.64,23.1,11.41,15.35,99.9,2.24,171212.7483
1406,270706.3543,1154.95,1,199.91,39.81,120.6,9.03,91.12,1.23,252769.8469
1407,237871.3158,1553.08,1,90.12,18.7,30.81,37.79,91.21,1.37,191608.6273
1408,158545.4049,995.86,2,467.67,30.89,2.44,2.42,93.92,1.43,145371.9187
1409,164865.8263,550.0,1,181.29,53.97,9.49,0.12,96.63,1.95,100673.0265
1410,682875.7818,1940.29,3,795.7,61.26,37.89,19.52,87.32,1.44,540145.099
1411,347521.6518,1130.98,3,728.38,7.6,72.66,26.38,88.87,1.08,575282.8217
1412,228217.1805,1557.14,1,124.6,34.25,75.82,28.92,90.66,1.87,174333.8793
1413,290215.0327,1265.16,1,636.71,38.04,60.39,39.29,93.53,1.2,304450.5272
1414,506532.904,1431.12,1,579.17,15.22,27.48,8.22,86.57,0.62,386058.659
1415,408199.614,818.85,1,123.91,32.19,12.11,14.68,95.16,1.73,279702.9077
1416,95153.23721,1013.78,1,258.82,24.69,83.44,8.55,94.59,1.53,3032.312499
1417,462194.2771,1048.34,2,1239.55,39.38,40.77,6.13,90.29,1.77,470563.7363
1418,182530.0161,938.02,1,130.91,22.04,19.66,23.46,94.91,1.66,112062.5659
1419,279867.7461,1033.49,3,326.57,37.44,45.38,25.52,95.1,0.37,259407.6885
1420,339846.8397,550.0,2,31.28,79.44,22.87,43.68,91.83,1.67,206257.3529
1421,142295.662,550.0,1,232.45,32.01,73.54,28.42,87.21,1.03,109654.2232
1422,380664.6365,839.48,2,279.98,19.65,96.64,48.28,89.24,0.56,317937.2615
1423,182527.0627,608.41,2,500.72,59.42,133.6,30.95,87.55,1.85,72050.01134
1424,186531.7629,550.0,1,433.28,66.58,42.5,2.46,92.35,1.48,91146.87913
1425,214365.1076,550.0,1,380.43,10.91,73.1,38.07,94.03,1.8,82390.42879
1426,464114.6722,1678.0,2,269.96,40.49,110.61,0.28,91.97,1.84,333968.6957
1427,445395.1191,1146.96,2,263.16,34.1,67.66,16.38,94.41,2.11,412753.4929
1428,203330.5476,800.65,1,924.14,28.2,75.68,26.9,90.85,2.16,221897.7729
1429,250219.6031,958.82,1,475.59,48.48,36.82,6.98,88.73,1.88,167208.1095
1430,383100.28,1506.8,1,371.52,9.67,88.74,41.96,97.46,1.63,215383.9114
1431,146466.797,965.39,1,895.86,35.35,57.21,0.91,97.6,2.25,66921.81516
1432,410196.7071,1255.64,4,625.39,6.03,46.96,2.72,91.14,1.48,662887.2926
1433,667022.0286,847.43,3,424.46,53.6,28.76,18.96,99.9,0.9,747768.3675
1434,499696.5864,1069.5,1,606.66,15.72,20.77,23.65,90.86,0.47,716331.0072
1435,481402.8049,1001.9,4,600.67,27.83,109.23,41.57,89.18,1.52,563708.0922
1436,167842.3834,1184.42,1,374.27,49.89,48.83,25.91,91.13,2.05,85560.50228
1437,227420.7281,550.0,1,284.84,35.03,6.12,29.69,98.88,2.38,134835.3143
1438,326152.9331,1702.8,4,691.93,9.49,17.33,4.19,93.75,1.62,735956.2095
1439,210158.5888,550.0,1,734.97,42.68,39.9,11.18,91.14,2.0,182313.1519
1440,423666.1849,1164.87,2,501.71,64.9,48.85,8.81,84.83,1.46,404157.5966
1441,272175.1689,550.0,1,78.01,38.2,23.61,11.65,87.43,1.72,204425.7091
1442,276745.1316,550.0,5,519.1,23.41,55.3,5.52,86.12,0.53,480559.1
1443,121511.9327,739.23,2,472.3,37.34,43.04,9.92,89.77,1.85,45843.39588
1444,200405.0955,550.0,2,423.64,61.21,10.81,1.85,90.66,2.0,92819.1076
1445,301249.9623,1476.26,2,256.84,38.87,73.67,31.98,81.76,1.21,486676.3273
1446,360685.9972,1196.63,2,609.7,31.65,21.38,20.32,99.9,1.05,268724.3436
1447,423935.6588,1546.85,4,350.83,49.94,9.02,23.96,93.99,1.41,579950.8564
1448,527756.2985,1434.43,4,370.18,20.76,66.2,1.09,93.39,1.1,381954.5133
1449,295324.819,937.66,2,459.2,42.84,1.24,17.81,90.94,1.78,253966.7719
1450,392351.1221,1114.83,2,315.97,17.94,62.92,8.29,98.47,1.96,455141.6568
1452,391586.6612,1010.84,2,643.57,30.64,73.02,7.96,88.69,1.02,481565.8687
1453,333524.6641,864.12,2,306.02,51.99,34.27,21.52,91.31,1.63,266136.7494
1454,223665.42,1844.94,2,1202.52,63.25,20.67,5.02,99.9,1.49,312876.4707
1455,553869.8339,1943.54,3,418.46,28.06,44.41,7.62,99.9,1.57,410027.1923
1456,180908.3476,1191.88,1,190.24,49.65,79.96,19.56,95.06,1.6,88816.21445
1457,445799.2446,1648.71,3,817.04,50.29,13.37,10.32,84.28,1.79,313643.8912
1458,126222.5514,550.0,1,319.36,57.92,63.32,30.23,83.63,2.07,47091.25276
1459,469711.9726,727.21,2,909.97,55.57,26.54,23.48,87.87,1.94,431243.6665
1460,357397.9156,1167.16,2,765.47,13.18,89.86,13.23,99.9,0.49,310091.3441
1461,260065.2432,744.96,2,590.96,52.28,112.59,7.61,89.05,1.68,209046.9579
1462,276102.4432,550.0,2,367.33,39.13,130.9,19.25,93.81,1.33,119814.667
1463,234631.3808,550.0,4,671.1,37.65,51.43,36.45,99.9,1.01,254636.9307
1464,247501.9945,618.65,1,524.09,77.3,91.55,13.44,83.97,1.82,197873.421
1465,409778.0401,1545.27,1,456.73,35.74,34.96,39.69,99.9,1.22,378949.6684
1466,345417.8795,919.65,2,1094.1,13.4,45.01,1.36,95.92,1.07,280670.5217
1467,318018.4118,1029.83,2,393.99,49.11,46.67,17.87,92.3,1.18,478800.6474
1468,286534.2868,1562.16,2,732.51,29.29,92.86,12.84,92.6,0.98,592476.0572
1469,492346.072,2047.85,2,667.98,28.65,42.05,4.53,99.9,1.02,576056.9844
1470,133765.0137,550.0,1,244.84,44.41,42.51,9.59,87.68,2.05,68329.73167
1471,180984.9615,809.47,3,549.16,44.95,44.15,11.02,99.9,0.94,196166.039
1472,161515.2686,550.0,2,831.02,49.5,76.26,17.93,92.82,1.54,136138.627
1473,175103.9545,961.04,1,627.06,26.32,71.28,15.07,96.88,2.26,197876.7237
1474,327410.5192,1051.52,3,282.39,50.93,97.33,30.19,93.01,2.46,395432.9156
1475,395125.7018,1230.69,1,311.8,43.25,117.42,5.49,99.9,2.74,332910.0212
1476,446524.2008,550.0,4,720.12,35.58,15.37,9.66,90.3,1.26,341530.2789
1477,620643.526,2027.42,3,659.36,16.38,11.6,20.56,94.64,1.84,553698.2179
1478,194939.3225,1029.58,1,536.85,0.22,5.11,4.88,96.79,1.65,209947.6722
1479,254496.9435,550.0,1,626.47,29.29,85.79,7.49,96.44,2.01,219831.0418
1480,284206.287,1685.09,2,865.25,47.63,37.5,19.54,99.04,0.57,294913.7048
1481,241041.2506,1154.99,3,519.21,21.72,56.55,22.92,97.49,1.7,319065.9759
1482,94313.99041,573.32,1,447.77,18.2,72.06,39.48,84.58,1.83,13035.67124
1483,337587.7422,933.75,2,918.93,33.12,50.43,5.23,94.39,1.58,322777.4682
1484,527658.2448,1312.86,3,617.99,53.96,28.26,0.97,91.82,1.02,360804.7154
1485,203962.6062,658.34,1,606.72,36.31,52.05,25.97,91.28,1.61,96394.0924
1486,110427.8589,838.47,1,219.28,55.18,58.02,17.35,90.83,1.65,29913.51861
1487,127257.9956,651.19,2,285.4,46.53,33.06,13.24,97.83,1.87,48380.39167
1488,288943.0812,1004.55,2,82.68,4.07,18.75,21.64,97.75,0.19,298558.1423
1489,200723.3825,791.03,2,649.05,40.72,88.7,21.76,99.9,0.96,83223.89608
1490,156066.8081,550.0,2,428.74,27.83,50.57,23.95,89.23,1.62,126110.5656
1491,265407.0054,1505.14,2,385.07,36.62,60.84,27.63,99.9,1.87,354872.1904
1492,162230.1013,803.03,1,381.95,2.6,61.83,41.89,99.46,1.17,174861.1223
1493,544101.1038,1440.01,2,1298.7,30.7,76.32,0.68,97.87,1.47,303661.4285
1494,636344.946,894.63,4,980.29,28.61,34.16,14.92,99.08,1.51,540195.1268
1495,283082.2691,1655.22,1,564.2,48.38,43.84,7.99,99.0,0.46,354848.5364
1496,98056.79277,550.0,1,481.26,6.05,18.74,46.29,95.36,1.91,-475.9367002
1497,243174.9977,1017.07,2,789.29,59.74,48.95,40.93,97.57,1.95,267968.3579
1498,282994.8668,1765.92,4,903.8,19.59,34.07,19.04,99.9,1.37,470617.3801
1499,222605.2271,1034.82,2,782.79,21.05,17.64,42.63,97.55,1.91,265783.9819
1500,330587.3834,1792.82,4,888.46,58.87,54.53,11.97,98.96,1.42,472433.1429
1501,479105.0217,1074.5,3,230.39,45.71,30.13,34.37,95.74,1.41,415802.3512
1502,122016.6518,1033.74,1,815.76,7.63,137.0,27.3,95.02,1.93,22891.25316
1503,703875.7556,1572.82,2,447.27,45.01,59.58,12.41,99.9,1.42,450274.1817
1504,394010.6991,1627.28,4,681.23,6.11,27.34,22.61,99.9,1.43,507541.1609
1505,261413.5934,1348.57,2,623.4,34.17,23.68,11.21,97.94,2.13,154578.4452
1506,169487.1027,993.91,1,489.9,7.91,1.62,29.1,92.23,1.2,118845.8812
1507,235334.2782,550.0,3,535.29,2.7,21.47,24.87,99.9,0.98,140169.681
1508,316637.9282,1311.71,3,76.43,41.24,55.07,17.34,82.0,2.63,295693.6727
1509,107785.5137,550.0,1,316.28,32.55,58.96,26.33,91.82,1.5,32505.21158
1510,123995.3891,1197.81,2,628.9,2.21,24.35,15.88,98.21,1.81,37002.76829
1511,134257.9645,993.75,1,608.05,46.55,43.96,12.34,99.9,1.93,78268.39881
1512,273513.7158,1604.33,3,284.84,5.26,76.78,31.67,86.14,0.79,391905.8819
1513,141570.5959,739.52,1,242.38,40.47,70.56,12.92,93.71,1.31,55082.70931
1514,365322.3062,1366.27,1,43.72,46.69,28.66,17.51,94.01,2.12,418035.8591
1515,501703.1151,1313.64,3,761.28,26.27,19.15,8.72,96.97,1.35,460623.2989
1516,192298.4441,550.67,2,546.54,40.36,82.19,4.53,94.23,0.86,189334.7939
1517,206608.4814,676.49,3,1080.43,24.15,8.21,14.63,91.05,1.34,262636.3451
1518,160415.9956,995.09,1,106.72,0.57,53.69,10.07,93.47,0.45,201390.223
1519,115916.9002,794.53,2,510.42,6.72,22.19,33.23,92.87,1.08,40286.07127
1520,182665.8412,550.0,2,522.98,39.22,30.25,38.69,90.46,1.69,132611.8342
1521,135753.3354,550.0,2,491.76,54.29,6.74,8.57,99.9,1.42,96622.39041
1522,256531.8918,1065.11,4,950.21,37.43,77.58,18.98,91.82,1.58,419170.9819
1523,229305.9829,805.18,3,949.4,58.93,20.4,21.02,89.88,0.92,270707.5242
1524,356015.9725,550.0,4,304.92,58.32,10.43,21.46,97.14,0.85,453043.1062
1525,168532.7932,768.03,2,647.89,33.47,17.75,50.11,87.96,1.9,168849.9977
1526,263745.9375,1300.04,2,554.01,19.04,47.27,7.89,92.4,1.93,331499.7481
1527,114429.4825,550.0,2,57.78,40.94,83.37,21.25,98.4,2.62,46487.12136
1528,141089.2376,550.0,2,89.67,44.39,43.52,6.08,93.45,2.04,112890.4314
1529,624890.7904,1636.28,3,964.29,24.94,11.8,16.8,95.6,0.95,435916.3472
1530,575487.0117,2136.41,1,11.28,22.41,41.67,16.51,93.31,1.1,398066.5024
1531,172043.805,859.61,1,541.62,16.86,25.64,8.63,92.2,1.26,114958.2131
1532,352118.863,1689.64,4,417.65,14.38,79.72,33.86,99.77,0.77,364517.3556
1533,400906.5969,1138.68,3,491.93,73.34,33.91,12.12,91.81,1.74,729674.8945
1535,294184.9964,754.89,3,552.49,14.42,49.98,27.06,97.77,1.37,354025.0532
1537,205937.7401,550.0,2,811.75,38.21,68.45,20.72,95.19,0.66,221157.2926
1538,458131.6722,550.0,3,1208.95,21.54,39.81,0.17,99.8,0.82,502736.146
1539,547121.0113,550.0,3,862.8,28.86,68.23,1.65,92.26,1.77,408307.0565
1541,246595.8337,550.0,2,249.07,14.86,19.63,22.39,98.22,2.05,198563.0132
1542,196980.4189,1038.76,2,185.31,50.89,37.25,7.86,89.52,2.34,239326.6613
1543,538054.4792,1297.73,3,169.06,34.86,87.08,19.98,94.78,1.14,380363.8356
1544,380782.1881,1523.56,3,665.9,39.7,68.25,12.31,90.79,0.66,463829.3102
1545,328992.1202,1339.34,1,508.8,41.49,5.21,18.88,99.9,0.59,754693.8442
1546,164736.9291,550.36,4,459.03,33.28,0.73,20.08,91.7,2.17,130780.0944
1547,253480.6175,1119.46,3,828.44,26.99,70.06,23.52,99.65,0.74,246008.2978
1548,129552.4041,1039.42,1,886.9,45.63,87.4,17.57,87.52,1.25,85991.71291
1549,271519.0458,1209.01,3,467.9,12.94,4.93,7.97,88.04,1.08,272168.7346
1551,189542.5624,846.02,2,272.41,35.7,21.25,21.79,93.5,1.55,186678.5903
1552,248378.5744,550.0,1,499.1,50.5,103.2,24.91,93.0,1.91,146946.0182
1553,285620.1963,1305.88,1,686.75,41.84,14.8,8.47,86.93,2.13,427213.2026
1554,237388.69,550.0,2,30.73,36.44,59.83,5.28,93.61,1.49,348635.8927
1555,196851.6501,1076.3,2,458.96,55.02,120.99,5.26,97.17,2.46,100737.4855
1556,432094.8602,1837.46,2,752.13,29.17,16.1,3.2,91.8,1.43,581342.7131
1557,240067.7589,1135.98,2,410.51,22.02,34.96,16.52,89.43,1.49,301882.3992
1558,159697.2896,550.0,1,811.06,46.9,16.45,21.91,97.24,1.09,90460.73789
1559,208333.7138,634.94,1,68.44,68.17,78.63,5.01,98.52,2.08,110874.2388
1560,230955.7823,550.0,2,716.21,11.33,50.98,26.3,88.24,2.06,190815.1927
1561,156320.3125,550.0,1,1016.53,27.39,36.57,24.05,91.73,1.18,146985.5722
1562,175781.7126,550.0,1,385.1,30.07,103.12,2.96,86.17,2.19,82069.57737
1563,189156.7895,550.0,2,883.76,53.94,9.79,3.3,90.46,1.61,86611.44972
1564,170256.9448,852.26,2,668.19,15.78,49.33,33.99,99.9,0.98,201881.6755
1565,244814.255,1093.75,1,558.96,20.56,44.17,29.92,99.9,0.6,284987.3859
1566,224714.8667,550.0,2,266.08,25.89,86.7,18.05,91.8,2.34,97643.74363
1567,86238.83042,550.0,1,65.14,37.18,46.18,13.68,88.29,1.58,3265.228971
1570,243836.8679,940.49,1,622.82,32.99,23.83,14.69,99.9,1.84,224547.4302
1571,99606.59665,550.0,1,571.64,54.01,34.95,26.37,94.26,1.8,17001.24023
1572,167086.2464,554.58,2,241.76,32.82,38.4,43.17,94.63,1.79,72731.99231
1573,407702.4333,1175.26,2,60.38,6.64,8.5,4.04,99.9,1.66,466201.2045
1574,146184.7259,550.0,2,429.64,58.68,66.79,2.18,90.06,1.55,133326.609
1575,329648.5927,1048.47,2,1122.05,22.77,44.04,5.12,97.68,1.19,237731.8917
1576,425810.8387,1559.56,3,215.68,37.91,51.96,9.27,90.21,0.54,492878.5159
1577,410111.4298,870.82,2,333.83,61.22,16.33,20.31,86.92,1.28,352459.3952
1578,340049.7139,550.0,4,171.28,35.73,0.36,9.93,98.57,0.99,222675.2737
1579,342147.8498,1068.98,2,220.82,42.13,50.32,2.91,92.69,1.07,314198.2434
1581,497520.4481,1804.67,2,45.76,37.4,47.95,9.73,95.39,0.66,588325.9129
1582,119060.3116,910.01,1,445.46,60.32,23.06,46.47,96.48,1.07,28282.13131
1583,478380.1245,1220.62,3,634.88,55.9,70.15,1.98,91.75,1.62,494261.7138
1584,312374.5689,1295.0,1,369.44,42.76,1.49,40.38,93.77,0.73,259833.0117
1585,421138.8424,1565.15,1,647.98,25.19,43.21,14.96,95.46,1.41,292968.0462
1586,256951.6967,550.0,3,346.81,34.1,24.12,16.11,83.47,1.64,126214.6734
1587,104345.7119,767.45,1,152.8,50.37,136.27,1.41,89.51,1.41,5847.465138
1588,311996.9285,791.8,3,388.11,39.59,49.64,32.9,95.1,1.24,224099.3285
1589,127203.659,1019.29,3,213.36,46.16,44.75,44.77,96.64,1.26,59072.23737
1590,209231.3155,590.02,2,906.82,77.49,75.04,17.97,99.9,1.75,183897.2521
1591,169634.2876,1408.62,1,10.2,60.58,7.86,29.47,98.42,2.43,143776.0267
1592,377484.9406,2054.6,2,217.02,6.62,100.16,8.65,93.5,1.67,449067.9588
1593,346232.2238,1578.44,3,331.71,22.33,13.24,14.24,98.64,0.99,426162.4888
1594,377300.6063,1100.96,2,627.73,55.11,53.72,21.15,95.06,1.43,331243.5628
1595,247148.1142,1073.95,3,663.46,36.18,59.85,15.17,94.52,1.07,330775.3341
1596,157531.1689,1026.14,2,734.29,25.87,52.25,15.83,90.13,0.7,78687.65144
1597,138465.3329,837.37,1,235.1,51.05,53.22,36.03,99.9,1.63,104559.7288
1598,136866.0138,965.04,1,539.41,23.36,74.8,4.53,89.13,0.87,109526.7039
1599,335653.1603,783.91,2,515.91,41.84,74.19,19.26,93.42,1.63,276269.4927
1600,409528.0416,1140.2,2,441.71,33.81,40.89,3.4,88.79,2.01,247131.6911
1601,149978.7022,675.68,1,345.13,13.41,87.16,14.24,90.07,1.6,96778.96605
1602,506058.193,701.55,3,1113.83,43.68,11.83,3.95,98.21,1.28,389339.7582
1603,213808.0303,550.0,1,688.12,27.67,13.27,39.64,95.8,1.26,135618.0739
1604,439868.0525,1080.01,3,829.61,30.08,85.81,16.2,96.61,1.54,296080.8125
1605,172778.1646,891.48,1,452.06,14.33,37.03,11.9,92.89,1.6,155458.3273
1606,513827.4323,1472.3,2,197.86,15.23,24.32,17.03,99.9,1.32,374688.5308
1607,228166.625,795.85,1,470.16,44.62,52.44,21.81,98.08,1.16,227924.5633
1608,295184.9616,1524.01,2,658.44,40.87,140.11,21.12,97.62,1.28,421787.3001
1609,351693.9419,1670.63,2,313.01,40.71,3.01,3.86,92.99,1.46,251452.2868
1610,288091.6363,1179.79,3,348.42,19.98,57.55,0.71,92.63,0.93,217238.0406
1611,233490.1751,634.09,3,939.24,14.49,61.1,14.91,94.69,0.61,331136.5415
1612,194056.4015,1123.25,1,798.65,23.07,43.08,11.1,92.46,1.26,273324.5672
1613,155245.5635,550.0,1,130.61,31.0,49.05,15.2,93.28,1.4,74370.6469
1614,169402.8034,550.0,2,424.07,43.05,16.06,26.29,91.82,2.42,67696.06394
1615,108553.5522,795.4,1,893.35,4.32,61.43,15.74,87.3,1.31,22708.92432
1616,167488.2899,550.0,3,255.02,5.94,73.39,28.17,96.21,1.49,114430.5402
1617,129571.1343,550.0,3,179.5,42.87,75.7,6.09,87.27,2.42,49650.41995
1619,293437.225,550.0,3,852.7,42.0,30.05,6.89,95.44,1.51,222787.3257
1620,247243.8197,1580.25,1,388.2,65.62,4.15,18.67,92.22,0.78,183573.3044
1621,650855.1678,1628.72,3,462.37,45.91,19.92,0.75,99.9,0.63,544429.877
1622,111889.5615,1280.96,1,69.82,14.58,55.93,22.95,92.65,1.6,14301.83711
1623,656481.0341,1032.27,3,623.62,43.23,2.8,15.21,92.82,0.86,405649.2224
1624,164903.4879,873.02,2,32.49,6.9,8.46,10.77,94.91,0.97,113319.7806
1625,557363.1589,1622.41,2,949.82,18.6,7.95,4.08,97.71,1.21,580959.1933
1626,95856.1153,550.0,1,816.83,15.82,1.96,8.98,90.61,0.79,15494.6484
1627,423641.3572,690.37,4,694.65,10.43,36.69,6.95,97.07,1.3,457590.9517
1629,375822.6095,1204.28,2,327.57,40.12,49.44,39.04,91.22,1.05,222074.0688
1630,261183.9614,1263.08,2,907.5,26.35,81.52,29.64,94.76,1.46,539869.4181
1631,123982.6111,1068.13,1,234.66,24.13,59.27,18.62,90.44,1.41,67884.50486
1632,92650.1848,587.65,1,802.66,5.36,18.02,4.61,93.54,1.19,-2310.361085
1633,244754.6816,550.0,3,875.37,8.56,45.64,27.66,84.63,1.61,177724.2175
1634,160956.7799,550.0,3,453.68,64.03,33.29,21.01,92.04,0.99,157749.5487
1635,113315.5207,550.0,1,91.68,15.9,43.98,8.52,89.22,1.28,25056.4625
1636,208455.2275,807.07,3,776.91,63.34,37.86,27.42,90.44,1.42,186429.1329
1637,435343.9722,550.0,1,323.78,23.33,98.04,48.26,89.85,1.79,424867.6733
1638,127357.2851,907.36,1,52.38,25.11,50.66,10.92,90.75,1.39,84146.97603
1639,177882.2157,550.0,1,236.62,20.36,62.2,13.45,92.61,2.19,159752.1044
1640,220116.8995,1510.32,2,688.98,44.06,15.78,25.66,93.37,2.0,262037.5921
1641,568686.5643,1258.98,2,408.25,11.81,134.89,22.47,95.75,1.18,382632.6063
1642,240754.6703,550.0,3,31.81,42.39,131.09,11.39,99.9,1.04,253004.762
1643,181669.9418,1246.25,1,429.54,24.7,91.27,18.66,99.88,1.52,61520.94507
1644,297423.1277,1227.28,2,220.51,17.46,9.8,6.4,97.76,0.88,295875.2316
1645,306037.9859,748.14,3,1014.94,11.34,43.58,3.86,92.45,1.2,364583.6897
1646,177099.3657,783.28,5,1079.27,26.29,57.1,8.5,99.9,1.01,202902.1007
1647,193579.1699,1165.33,2,218.34,41.48,98.74,15.92,94.39,1.89,120312.4331
1648,517953.9197,1476.34,2,229.58,8.67,85.14,19.47,97.3,1.78,510224.7979
1649,218689.6891,550.47,3,476.61,39.25,46.48,17.9,93.54,1.15,248249.6169
1651,170712.7342,550.0,3,824.51,30.05,52.35,30.59,93.41,1.18,85564.36574
1652,235726.9397,550.0,2,93.26,7.27,3.29,6.35,99.9,1.25,242795.8395
1653,125330.8811,1000.46,1,354.08,37.13,18.18,26.4,99.9,0.96,75254.66871
1654,144004.2554,914.2,2,306.21,51.44,69.26,38.6,99.9,1.61,70508.59274
1655,453167.7797,1057.49,2,821.7,81.73,103.79,38.51,97.78,0.84,294568.6723
1657,111832.2326,550.0,2,416.82,76.85,94.4,34.73,90.83,1.19,43496.07081
1658,348766.8704,1607.44,2,540.91,30.53,29.46,15.68,85.86,1.81,287814.3438
1659,152213.1533,749.4,1,294.14,58.3,26.75,15.34,89.79,1.42,112557.7842
1660,177609.5261,886.52,2,534.52,25.01,113.49,21.47,92.03,1.65,110054.3896
1661,497529.3938,1370.13,2,350.81,60.61,96.41,21.33,83.72,1.2,404468.5623
1662,292786.7026,550.0,2,241.6,6.62,18.61,12.89,97.08,0.91,449641.3368
1663,179635.891,785.53,1,3.86,40.31,122.62,12.29,88.42,2.23,127101.7368
1664,436973.091,1042.11,1,378.48,53.36,36.26,15.08,94.14,1.73,265844.5453
1665,381701.4755,805.92,2,506.72,48.26,33.74,19.21,85.36,2.07,346141.043
1667,256469.5086,1116.97,2,327.03,23.06,74.35,19.53,99.9,1.4,521084.6089
1668,481998.8766,1722.1,3,470.68,8.24,5.96,27.78,99.75,1.4,295636.1385
1669,216370.6087,907.67,1,188.41,19.17,35.33,22.88,96.6,1.59,332738.0215
1670,300827.0014,550.0,4,343.24,52.21,7.92,11.55,90.03,1.2,522543.267
1671,459045.6798,550.0,4,237.86,26.34,97.71,6.32,97.57,1.91,494286.8668
1672,221604.3822,1030.61,2,1131.48,21.85,35.21,28.41,99.9,1.3,200968.0919
1673,201806.9634,550.0,3,421.2,9.06,40.52,30.66,97.73,1.87,188859.3625
1674,134947.6784,571.32,1,46.44,6.49,40.84,14.63,88.62,1.5,49422.98281
1675,107628.6258,907.08,2,81.64,23.46,45.71,32.25,87.67,1.06,14314.1817
1676,267812.1871,550.0,3,660.54,51.53,29.47,10.05,85.65,1.16,205028.3889
1678,180759.8499,550.0,1,317.27,3.71,7.01,5.06,95.18,0.99,152379.8568
1679,240373.1799,1556.84,1,447.06,7.5,6.57,7.18,96.56,0.81,244774.2891
1680,256224.6335,550.0,2,111.62,35.94,54.93,4.39,89.65,1.3,178417.543
1681,417791.9417,748.24,1,512.22,28.84,66.33,3.48,93.76,1.28,391672.986
1682,214647.8654,945.11,3,415.9,19.51,15.62,9.86,95.08,1.89,196599.0676
1683,101913.16,550.0,1,30.12,43.77,88.28,46.39,88.73,1.03,21085.8632
1684,189580.6762,711.33,2,571.29,66.96,5.4,0.52,88.44,0.95,123542.7929
1685,147459.0361,599.67,1,567.3,24.42,57.67,5.56,95.51,1.91,75961.6813
1686,702265.437,902.27,3,745.2,83.45,10.92,20.64,84.19,1.99,643248.6309
1687,386169.5096,550.0,4,261.13,38.17,49.37,7.88,95.09,1.54,508513.1038
1688,163677.9423,550.0,1,173.52,5.12,84.68,12.89,99.9,2.0,111433.2985
1689,220514.6841,1293.6,2,1025.95,23.57,127.04,1.87,95.67,2.43,211736.7693
1690,294936.6514,1556.12,2,424.17,49.12,28.06,8.45,95.1,1.2,201448.0371
1691,357762.5729,550.0,2,679.14,25.31,70.29,1.38,93.02,2.12,216594.5511
1694,253375.0876,869.01,1,352.77,28.99,25.24,19.03,93.67,1.35,208131.7245
1695,376483.678,645.07,2,910.19,15.49,20.42,25.89,93.21,1.16,314845.9394
1696,417684.3441,993.33,3,16.87,13.15,18.18,3.19,93.59,1.15,377298.0136
1697,331432.4774,1361.08,3,932.45,46.14,116.42,20.88,84.7,2.04,435374.5837
1698,514204.7866,1167.07,2,284.86,52.42,37.93,24.67,99.08,1.93,333158.1769
1699,283015.6816,1406.82,1,409.31,22.98,53.6,28.52,94.09,1.15,214125.9751
1700,290146.0416,550.0,3,723.09,24.33,32.95,5.84,86.76,1.73,269262.4549
1701,235650.3565,844.95,1,249.42,11.38,67.03,35.55,91.49,1.43,290280.4317
1702,438008.3095,1194.4,2,145.74,25.85,106.45,2.8,96.07,1.95,268462.3843
1703,336760.6472,785.66,2,202.36,1.52,76.79,13.36,89.5,1.26,276838.2444
1704,251869.3825,760.38,2,412.28,18.79,52.42,13.73,92.11,1.43,156843.2499
1705,168100.8249,828.83,2,65.86,39.8,1.69,31.84,92.15,1.15,93677.63653
1706,163050.2762,1045.42,1,756.05,4.95,1.18,23.68,99.4,1.56,121425.0194
1707,169656.4261,1070.43,1,506.56,31.68,56.47,27.96,92.62,2.35,53892.2552
1708,550806.2523,1156.86,4,299.83,15.05,12.72,6.58,99.9,0.69,457005.2394
1709,223632.8578,1323.79,2,536.97,40.8,62.91,11.97,90.5,1.43,204340.3361
1710,264770.1768,1613.59,1,1070.89,8.74,40.59,28.63,99.39,1.52,407881.7673
1711,173230.4008,1243.54,1,511.24,53.02,38.65,11.35,99.69,1.34,193862.9096
1712,343116.7513,1999.89,2,597.96,47.36,6.92,3.84,99.9,1.26,663765.2402
1713,176840.4863,550.0,3,1110.91,54.78,61.55,16.4,89.8,1.22,143483.6243
1714,608847.1727,1511.53,3,418.15,6.65,9.27,1.14,86.91,1.7,411975.0679
1715,251463.4563,1686.82,1,53.18,46.2,81.87,40.39,93.63,2.23,187247.6754
1716,452951.1228,1652.17,2,407.83,35.62,3.66,8.38,85.21,0.99,253389.9044
1717,199506.893,564.33,1,125.24,33.68,15.0,17.23,96.9,1.57,99428.30205
1718,456781.2492,1589.78,4,455.79,31.28,10.36,23.93,86.94,0.91,384441.1787
1719,284099.9844,1946.29,1,1042.52,48.61,68.75,19.94,99.9,0.67,352484.3008
1720,502007.3141,1643.35,4,546.83,34.01,29.02,14.47,96.88,1.81,409589.8859
1721,377664.7339,1903.55,2,1077.64,32.96,59.5,15.8,95.06,1.19,377469.5991
1723,319313.7717,1236.08,3,766.17,21.04,47.44,14.17,99.9,1.97,245361.4496
1724,522910.3839,1179.73,1,467.63,42.83,73.36,33.76,84.04,1.39,441968.1855
1725,270401.0649,2093.21,1,214.02,64.46,2.41,25.64,92.01,2.06,248293.8253
1726,245413.2988,550.0,2,710.67,45.21,45.91,31.41,81.17,2.07,248829.5324
1727,131183.6791,550.0,2,660.16,48.56,36.23,29.35,88.73,1.21,90448.53141
1728,317332.7509,1928.59,1,899.59,7.19,8.75,18.75,90.69,1.58,405213.1628
1729,385144.7233,1002.76,3,515.12,26.26,20.57,15.27,89.4,2.19,384197.7977
1730,176927.042,550.0,1,430.55,39.64,57.27,16.27,84.3,1.66,74580.13877
1731,558102.6445,1620.23,1,538.85,27.93,64.65,1.77,94.07,0.49,410892.2882
1732,157955.0427,596.69,1,510.99,31.65,21.49,2.21,99.9,0.82,75602.11323
1733,259098.5476,1216.19,3,669.62,13.78,104.1,12.63,98.59,1.83,398740.4395
1734,352999.1133,1690.71,1,398.24,30.13,23.99,9.86,97.98,2.05,626475.2233
1735,98488.29438,550.0,3,859.6,38.34,17.73,0.26,99.11,1.3,-1965.596887
1736,587516.5043,1284.31,2,274.86,34.3,38.65,14.42,96.89,1.49,447822.072
1737,229348.9249,1197.83,2,243.29,62.44,42.09,18.08,91.58,1.26,193693.3198
1738,486386.3734,1488.2,4,472.2,18.47,20.06,1.14,96.41,1.22,499072.7308
1739,175214.5163,550.0,1,664.58,24.87,71.47,18.36,95.99,2.21,95851.86024
1740,260262.293,550.0,1,547.36,30.58,39.77,29.33,97.35,2.48,281810.354
1741,658431.2798,1662.43,3,598.62,27.67,23.05,11.45,99.9,1.28,754027.661
1742,237342.1587,1043.84,2,163.9,9.98,80.67,10.95,96.1,1.88,190821.858
1743,202880.5964,895.14,2,227.24,38.7,57.28,16.53,95.76,2.1,151718.0918
1744,341070.0465,949.96,2,518.32,52.36,109.12,16.24,99.84,1.33,172576.8664
1745,174594.5713,550.0,1,154.05,4.63,55.35,5.53,90.24,1.52,171268.9436
1746,489893.8798,956.16,3,87.49,55.86,13.63,0.79,86.95,1.66,524110.9902
1747,316806.0808,1170.65,1,284.49,20.75,51.77,13.14,90.62,0.88,345478.1975
1748,322050.2796,1498.46,3,289.49,23.68,27.92,20.49,92.28,1.71,628858.6991
1749,364999.49,1111.51,3,72.77,57.19,59.1,27.69,89.5,0.81,479360.5136
1750,134596.131,550.0,1,347.77,56.08,76.54,40.98,88.46,1.55,65943.93666
1751,159395.7219,600.38,1,104.02,28.65,12.59,1.19,93.12,1.26,142379.8559
1752,96293.02236,550.0,1,574.6,30.23,65.4,9.5,89.82,1.88,1424.037627
1753,99790.47713,738.76,2,676.95,33.2,0.18,32.29,92.6,1.86,30343.05787
1754,504297.1783,1230.72,4,703.85,16.19,31.0,3.11,88.93,0.37,571879.3969
1755,128435.0644,550.0,2,301.44,7.88,106.99,24.28,98.09,1.36,54731.79713
1756,238678.8672,1048.62,2,639.01,1.84,0.05,13.59,99.9,1.64,225910.9942
1757,295696.8424,982.14,3,719.34,29.47,55.67,4.06,98.37,0.58,533245.7382
1758,634236.6517,1479.65,3,469.03,1.51,39.62,6.92,94.56,1.93,667469.1262
1759,312625.3158,689.64,3,459.57,34.24,15.41,5.49,94.29,1.28,298325.0741
1760,237801.2117,914.6,2,547.89,39.49,73.19,19.66,92.79,1.13,294980.0567
1761,211893.0017,1368.31,1,353.26,23.94,4.41,14.93,96.27,1.51,269374.3207
1762,185140.7666,550.0,2,354.63,36.38,50.07,20.66,94.29,1.21,108712.7367
1763,392275.602,1760.27,4,552.58,30.05,90.16,22.93,88.98,1.29,379055.4962
1764,498747.2237,1836.01,1,835.51,20.7,121.29,18.43,99.5,2.05,392822.0741
1765,134058.0544,550.0,3,902.64,18.54,79.95,10.27,91.38,0.97,96629.1285
1766,415436.8385,1557.12,3,676.26,43.55,17.71,10.06,87.92,1.19,438749.0163
1767,212162.2289,620.84,2,17.86,19.36,32.53,6.75,88.01,1.27,173863.2991
1768,136281.9799,1167.09,1,498.37,35.05,46.91,24.77,96.27,2.26,55168.48331
1769,120333.7165,914.43,2,424.12,49.03,121.47,14.04,99.9,1.64,34535.45873
1770,314818.9064,550.0,3,398.49,34.93,27.68,6.82,98.57,1.43,209640.9511
1771,229290.5403,550.0,1,482.35,49.75,7.33,24.96,89.01,0.59,187364.1829
1772,502763.8162,1027.62,2,320.24,51.83,51.96,11.06,97.35,2.38,648965.4235
1773,217917.5136,617.59,1,781.71,26.94,28.55,6.02,94.12,1.92,106958.1941
1774,277072.5336,1335.94,4,242.77,49.05,13.12,13.19,93.98,1.38,408816.2473
1775,329972.2498,1406.02,2,401.06,54.95,10.78,43.94,92.81,1.72,389236.7455
1776,327448.2674,888.96,2,638.0,1.9,49.55,16.76,99.42,2.08,376093.7211
1777,498994.077,1178.45,3,337.13,21.04,26.37,10.26,99.27,1.51,612403.0856
1778,107623.8968,550.0,1,330.72,39.43,68.01,5.11,95.27,1.53,15814.92777
1779,221057.889,550.0,2,441.69,38.75,51.23,1.99,93.58,1.2,104044.4457
1780,524579.4399,1487.08,4,495.59,20.1,52.8,22.16,99.9,1.73,486878.7037
1781,173075.952,550.0,1,33.49,59.3,77.55,21.33,94.35,1.68,128026.5367
1782,206992.6136,1400.29,4,414.63,15.64,99.72,39.42,91.61,1.85,335346.8255
1783,347345.675,1987.99,3,485.32,25.71,95.58,17.99,90.86,0.67,660883.3092
1784,452987.9875,1581.56,3,622.55,17.49,81.08,29.35,92.82,1.52,454651.2623
1785,200174.3644,696.7,1,628.28,82.93,78.26,26.03,96.45,2.19,105769.3945
1786,136459.9782,550.0,1,402.31,21.18,53.75,16.86,81.49,1.82,76514.14433
1787,216691.1785,550.0,2,232.4,38.48,41.46,25.27,88.69,1.6,234898.3678
1788,179268.8229,554.01,1,105.83,32.7,105.32,8.68,91.7,1.47,72295.53104
1789,296317.4918,804.42,2,66.63,48.71,32.33,14.28,97.59,1.15,283569.1904
1790,377986.588,1155.62,3,464.49,52.83,49.99,16.96,95.28,1.34,235684.5044
1791,376148.7559,1575.99,2,105.49,8.19,19.72,5.85,93.14,1.34,367171.0595
1792,273348.2032,646.13,2,573.88,9.66,71.64,23.97,95.35,1.47,159602.6435
1793,184681.2764,666.73,2,658.54,30.58,28.32,21.11,92.79,2.02,128237.968
1794,355056.4582,550.0,1,474.12,60.17,104.94,7.05,93.15,1.71,232659.8746
1795,226831.0002,692.78,2,547.68,49.8,25.17,15.01,99.47,0.97,152182.7922
1796,188982.5945,550.0,1,637.94,14.45,16.6,7.35,86.13,1.88,169379.727
1797,414459.5702,1998.75,2,783.16,49.96,17.16,12.23,95.53,0.73,341506.1039
1798,254658.8327,550.0,2,761.48,14.72,10.69,46.74,94.01,1.38,149272.1084
1799,209759.2238,726.54,2,547.76,32.81,26.82,31.74,95.99,1.78,137627.9615
1800,391602.5135,675.22,4,203.03,5.55,3.34,15.29,88.86,2.06,529115.9739
1801,248403.4061,615.55,1,286.22,41.23,43.96,11.08,96.66,2.08,235603.6163
1802,287045.0396,1723.02,2,399.63,15.1,89.55,6.6,89.72,0.75,353695.581
1803,105789.8119,1456.98,1,664.5,65.76,46.8,12.77,94.98,1.03,14236.82182
1804,154377.7289,1052.22,3,550.11,42.21,4.59,11.51,84.54,1.14,105977.1044
1805,402121.6345,550.0,3,991.53,37.67,30.34,6.31,98.44,1.07,251219.8441
1806,150555.0477,550.0,5,687.31,43.21,86.19,5.51,97.71,1.64,63162.48133
1807,246864.7171,1204.82,1,124.28,33.08,78.27,21.04,99.73,1.03,254095.1851
1808,323001.0464,1671.16,2,237.7,52.17,35.95,43.56,95.24,2.03,189856.5399
1809,468472.1179,1066.98,3,697.27,29.02,84.13,32.0,99.9,2.18,425286.072
1810,313223.53,550.0,2,329.7,33.45,32.06,9.25,97.2,1.76,240185.9457
1811,230680.7247,550.0,2,517.39,19.0,37.11,2.67,99.9,1.34,227613.9937
1812,104344.7093,550.0,1,361.76,27.61,54.61,33.05,86.28,1.97,11105.47609
1814,307315.345,1666.63,2,381.49,7.24,8.82,32.72,98.31,1.41,271602.8955
1815,176735.2473,713.54,2,459.13,53.52,129.98,48.16,87.51,1.29,112631.2615
1816,113742.3577,550.0,2,477.41,33.41,55.01,18.13,97.72,0.73,54162.40591
1817,309291.2277,1249.1,2,63.7,43.08,69.21,23.92,98.73,1.66,188380.4821
1818,314192.7979,608.48,1,49.89,49.6,46.42,11.72,90.44,1.47,159376.319
1819,111564.0417,550.7,2,382.35,12.08,12.73,7.55,88.78,1.92,21940.25647
1820,246250.2837,823.34,1,746.56,27.36,79.91,24.34,91.54,0.81,291841.2798
1821,100454.2202,550.0,2,373.21,28.5,6.41,9.32,97.58,1.26,-3498.926915
1822,221437.2518,942.58,2,1014.41,65.54,7.42,2.07,89.79,1.13,178890.6482
1823,353772.6133,896.92,2,403.84,21.45,53.3,0.85,90.45,1.51,269516.5927
1824,109675.7564,984.56,1,517.43,39.41,44.69,20.31,91.91,1.89,25858.52959
1825,297768.4233,1625.17,3,930.29,12.48,21.54,18.3,92.79,1.48,349851.0263
1826,168852.6152,1572.19,1,278.54,37.99,90.82,26.71,99.9,2.24,177524.7118
1827,416237.8512,752.37,2,676.79,21.01,36.43,20.47,90.22,1.38,284072.9824
1828,137573.1292,572.53,2,438.32,2.33,53.49,28.26,87.94,1.65,72415.13265
1829,384219.8759,1000.26,5,76.71,3.31,22.15,22.94,89.56,1.79,293697.8622
1830,250971.3034,1555.22,2,128.63,67.0,91.94,22.83,94.7,1.66,651365.3957
1831,299223.8467,1457.95,4,354.82,43.05,8.84,11.68,86.92,1.15,264830.6692
1832,171418.7756,763.2,1,121.33,20.11,97.84,14.43,88.12,1.91,106026.6879
1833,384430.795,1171.95,2,825.6,34.49,19.95,16.35,89.01,0.96,476817.2944
1834,649669.2624,1481.17,2,866.11,22.61,9.44,17.45,99.9,1.12,514886.6573
1835,329136.4279,999.38,2,502.84,0.89,54.68,10.27,92.1,1.65,293092.5038
1836,210604.1775,550.0,3,529.33,33.16,0.52,3.55,95.95,1.43,317150.7921
1837,263726.3798,1142.69,2,260.16,33.77,45.29,15.37,92.45,1.45,158543.5124
1838,374962.6393,1321.69,3,453.1,3.26,25.95,6.75,99.9,1.04,460344.4671
1839,117545.4523,558.95,1,586.86,63.23,91.16,26.89,95.43,1.94,32268.84971
1840,577241.146,1519.21,2,593.97,26.52,11.58,11.8,95.02,1.44,446155.9681
1841,494321.5561,1301.59,4,881.71,19.98,64.23,13.06,99.41,1.59,466886.2488
1842,548590.0138,708.08,4,137.97,43.05,18.24,4.28,86.32,1.38,447525.0981
1843,516902.3827,1654.8,3,136.9,4.76,73.35,27.95,97.19,1.89,415539.0532
1844,354991.1055,925.34,3,1061.66,52.86,2.24,24.26,93.22,1.68,185520.2738
1845,303962.8866,1113.69,2,4.58,30.4,33.55,24.88,99.9,1.33,329354.5238
1846,145596.9618,550.0,2,776.89,31.33,90.6,27.33,87.16,0.99,112989.8892
1847,692276.7923,1722.32,3,311.95,31.43,49.38,4.62,98.61,2.0,633212.6247
1848,365094.6323,550.0,3,938.59,32.45,14.3,15.94,98.03,0.58,237288.4588
1849,428629.7674,1672.6,2,744.28,11.36,45.94,20.19,87.49,1.23,588116.9171
1850,374446.7031,1345.5,1,557.4,21.85,83.95,24.88,99.9,1.07,233284.6455
1851,226404.3435,1220.57,2,986.43,0.4,30.66,22.21,88.94,1.33,188778.8076
1852,425217.6306,1967.05,2,1080.25,23.29,97.49,17.71,83.9,2.25,271684.6067
1853,364630.6228,734.98,3,757.53,24.24,33.47,10.43,92.73,0.73,357857.4505
1854,297187.7938,1178.14,3,408.17,64.52,29.01,22.72,88.16,1.12,218103.8605
1855,547799.3138,1639.48,2,347.81,29.9,6.69,3.95,95.04,1.63,452424.4524
1856,317864.72,1467.32,1,556.03,11.02,49.6,19.82,94.79,1.55,505096.9148
1857,434616.1834,902.17,2,470.33,34.68,29.77,31.03,95.08,1.7,318858.4163
1858,340434.0506,851.21,2,256.07,28.03,66.03,10.15,91.92,1.87,385796.39
1859,214842.9478,688.88,2,841.61,57.95,8.52,0.03,99.9,2.11,205332.0231
1860,151847.9263,719.79,2,393.87,38.4,39.52,16.56,94.7,1.47,108846.7941
1861,360219.5148,1056.76,2,420.14,38.95,25.63,12.3,90.44,1.96,292515.0764
1862,321147.6717,862.05,1,869.53,39.39,29.08,24.69,96.17,1.58,212183.1759
1863,233723.6552,550.0,2,696.05,26.2,49.63,38.01,95.69,1.36,278770.7854
1864,102297.5218,555.51,1,611.77,16.59,23.99,17.09,97.07,1.38,3654.810686
1865,415416.769,1682.22,2,645.04,50.54,61.59,31.47,93.81,1.25,465748.3576
1866,276181.7237,550.0,2,17.11,34.23,97.65,44.72,95.08,1.33,160505.1596
1867,155929.0242,550.0,1,126.98,50.22,89.21,50.02,87.2,1.69,127981.289
1868,284069.3386,927.64,2,339.42,39.61,7.24,3.39,98.52,0.67,320678.213
1869,559482.5761,1095.74,4,493.76,70.56,83.88,1.84,99.9,2.07,543190.5624
1870,202260.9904,550.0,3,431.09,8.16,109.32,17.29,99.9,1.99,377056.6467
1871,202859.3176,1098.69,1,158.8,61.59,14.44,25.95,98.49,1.19,243982.6003
1872,272714.9805,1271.3,1,720.44,20.22,86.33,8.26,98.91,2.32,170705.977
1873,213919.6444,1067.23,2,697.8,16.82,36.98,17.19,96.29,1.66,305981.4892
1874,320559.6601,583.7,3,260.14,8.83,55.97,23.17,98.66,1.78,263632.0554
1875,336701.9686,2063.7,3,686.76,81.49,83.97,46.16,89.97,2.18,529380.1624
1876,322441.2591,1112.35,2,90.84,47.89,71.92,20.59,94.69,2.26,408403.8883
1877,494547.4668,1344.58,3,498.07,74.67,73.69,4.62,89.34,1.12,376722.9857
1879,153056.5317,945.36,2,281.91,42.9,8.61,29.87,93.51,1.63,140050.8266
1880,276857.2141,1302.95,2,3.34,4.61,85.73,10.46,90.36,1.32,284196.4964
1881,568980.2354,1941.32,1,423.72,36.91,8.42,3.74,92.0,1.46,500964.744
1882,277617.8096,1029.17,1,1066.64,26.44,111.02,16.92,87.9,2.1,182394.2512
1883,404266.6567,1965.06,3,438.83,14.38,120.75,3.47,93.05,1.69,524467.4484
1884,318574.1442,1086.8,1,22.8,37.82,21.41,9.79,88.0,1.94,296534.3624
1885,360551.2605,1303.24,3,354.73,44.55,43.6,23.53,94.46,1.45,287647.0584
1886,148852.0295,1011.74,1,959.36,35.26,29.87,22.32,85.3,2.01,65944.69823
1887,243330.2826,618.45,2,747.35,50.59,74.34,30.71,91.97,0.47,225317.4927
1888,301173.9556,638.38,1,710.83,46.29,101.86,1.33,95.93,1.59,262166.6519
1889,422776.1832,1798.99,2,743.83,36.45,14.89,2.53,98.09,1.16,267534.5034
1890,131803.1407,550.0,3,342.48,18.64,1.67,37.88,93.87,1.81,39579.69889
1891,277934.3181,1049.26,2,839.33,56.14,55.2,5.78,87.88,1.6,254741.5845
1892,162549.3752,937.22,1,221.18,10.91,23.88,9.65,84.52,1.31,127069.7406
1893,347310.3844,873.22,2,246.33,34.65,12.23,8.43,91.47,2.38,325789.511
1894,341871.6704,1095.56,1,555.43,61.97,38.2,11.87,99.9,1.69,286350.5692
1895,288566.7654,1403.27,1,97.43,8.96,8.67,11.59,88.55,1.38,141295.1188
1896,166993.8211,550.0,1,368.92,7.11,12.26,2.34,95.43,2.54,155014.3148
1897,169087.4955,630.08,1,442.2,36.62,70.04,32.31,88.19,1.95,123166.9589
1898,110465.3245,550.0,1,757.75,24.83,74.56,12.18,96.38,0.35,23568.32037
1899,261716.701,550.0,1,1036.89,50.91,39.87,14.83,86.54,1.66,145070.5257
1900,361413.9078,695.55,3,390.79,17.03,12.09,8.44,88.05,2.15,337599.7862
1901,133318.193,1202.25,1,1058.19,4.8,52.48,39.84,96.8,1.42,27242.99173
1902,128945.4664,550.0,2,385.94,36.21,22.54,21.49,99.33,1.0,88964.78316
1903,274113.6555,1013.51,2,689.68,39.51,64.82,4.92,98.09,1.91,144328.0069
1904,470273.5243,1438.56,3,516.27,27.02,102.49,22.85,92.65,1.51,683446.9625
1905,196674.5108,550.0,2,265.41,9.55,43.41,18.75,95.7,1.82,190625.1329
1906,503886.0701,1543.04,3,602.32,56.85,57.33,2.73,96.23,1.9,636907.7521
1907,393259.0021,1171.54,1,739.56,22.8,53.26,10.98,93.34,0.28,415743.0665
1908,162064.0187,550.0,1,339.39,25.9,99.91,33.0,97.12,1.89,104263.617
1909,316067.8247,550.0,2,278.61,64.42,8.98,21.31,91.79,2.57,187980.6778
1910,168204.3647,550.0,2,657.78,27.01,93.1,27.93,97.54,1.14,168782.6704
1911,139677.7098,984.1,1,361.65,33.83,35.47,24.7,95.26,1.94,73273.9484
1912,471552.2626,1713.51,2,609.06,74.91,39.23,33.62,97.46,1.72,479096.8381
1913,323195.0317,1064.35,1,176.48,1.84,116.26,12.47,96.19,2.04,252051.5679
1914,132861.8451,701.27,1,118.84,40.07,112.47,29.39,96.42,1.12,68722.38217
1915,164247.0169,550.0,4,725.54,65.51,65.44,37.69,94.59,1.44,167655.6333
1916,300946.7406,605.16,3,105.74,28.95,29.46,21.95,85.67,1.13,232039.8008
1917,621479.2461,1219.26,3,349.82,22.94,6.46,3.39,93.86,1.37,574194.7758
1918,195361.7896,550.0,1,549.99,42.22,72.57,20.89,89.07,2.57,150821.7656
1919,135815.7113,550.0,3,596.38,40.74,2.08,27.31,91.07,1.47,80460.34962
1920,330437.4705,606.62,2,547.12,2.16,23.86,1.3,85.3,2.17,293734.9646
1921,166450.4353,975.15,2,1133.12,10.18,42.6,10.09,99.9,2.09,141203.1033
1922,220797.4023,1541.15,4,289.74,11.97,24.29,22.73,88.49,1.37,265568.057
1923,307431.951,2041.61,2,831.25,50.41,55.21,2.53,99.9,1.4,356521.9718
1924,347354.1662,907.53,1,179.96,11.45,30.71,43.65,93.41,1.16,312866.7114
1925,411991.4629,1026.67,3,273.07,53.39,2.55,26.14,95.46,1.51,344233.8279
1926,260587.6344,613.71,1,609.64,44.17,8.46,27.96,94.58,1.46,203371.6852
1928,174835.0863,661.34,2,652.11,44.51,10.59,3.48,89.48,1.74,160888.6307
1929,281200.9996,1165.91,2,421.65,2.2,69.4,37.51,96.08,1.49,352907.8768
1930,164865.2856,550.0,2,466.65,37.82,49.93,10.74,89.99,1.49,61734.36852
1932,149402.0683,1610.1,1,98.2,61.7,44.86,9.59,99.9,1.81,116324.1925
1933,222597.6752,618.1,2,698.28,17.55,114.43,37.75,99.9,2.01,168069.2967
1935,171879.8716,550.0,1,585.79,44.71,69.27,24.02,93.38,0.55,102010.3738
1936,190132.4176,550.0,1,408.84,33.92,66.49,29.53,91.51,2.05,151668.6137
1937,415007.0335,696.81,1,743.16,54.19,41.2,1.89,93.05,2.19,258473.8427
1938,717578.6979,1267.94,3,791.68,31.16,60.93,15.49,94.4,1.29,483860.74
1939,578321.3378,2129.37,3,686.11,20.33,48.01,17.55,96.41,1.3,349484.5501
1940,377699.5036,1929.33,1,647.55,59.68,24.92,25.89,98.35,1.04,681394.5093
1941,138315.1695,550.0,2,673.43,63.37,10.68,16.98,85.08,2.06,45048.74846
1942,277389.5276,907.52,1,288.04,55.84,12.24,10.18,99.9,1.78,337728.0077
1943,185708.2598,550.67,3,425.01,58.64,72.41,34.49,94.55,1.83,195168.9298
1944,416626.6304,1741.57,2,668.65,69.17,2.75,7.36,89.24,0.53,308510.9495
1945,126108.4073,662.79,2,403.94,65.46,36.21,26.34,99.09,0.48,67177.53037
1946,202463.8609,1001.67,2,631.95,32.39,70.1,18.77,83.71,2.35,164504.2397
1948,176632.1144,550.0,2,287.07,75.52,38.38,27.6,94.73,1.73,106830.2166
1949,212943.7066,804.9,2,371.24,3.36,91.18,35.52,99.9,1.95,137483.0701
1950,243314.3963,924.31,1,860.94,47.7,87.08,0.22,91.73,1.27,160488.2633
1951,396505.3981,1109.92,3,433.56,48.72,23.01,32.78,99.7,0.98,509201.5224
1952,306963.0262,550.0,3,859.58,0.76,64.25,13.59,91.93,1.94,282524.7182
1953,326653.7474,1317.76,4,929.56,48.61,47.21,7.88,98.38,1.96,526715.4522
1954,312785.3969,1186.79,1,369.28,12.74,83.62,9.18,97.92,1.7,185083.2125
1955,174112.8032,557.05,4,674.88,24.17,6.9,15.74,98.25,1.09,270811.8272
1956,362656.4323,1173.3,2,251.69,7.44,36.68,8.96,99.9,1.04,360866.5817
1958,216365.0686,1002.01,2,755.42,19.42,60.79,5.38,95.83,1.99,242087.3562
1959,369719.7828,836.53,1,668.59,27.08,39.0,9.35,96.55,1.33,297374.3092
1960,278170.9111,1334.59,2,494.99,32.99,67.87,26.08,86.65,1.74,292967.7695
1961,419463.4383,1003.46,1,307.94,22.64,55.32,7.32,90.16,1.85,395058.8132
1962,477409.4396,1659.0,2,329.73,13.69,58.54,12.87,87.3,2.2,586801.0909
1963,146124.9394,1419.79,1,630.85,52.85,97.86,45.97,91.88,1.2,216925.2751
1964,161248.7798,556.89,1,715.67,12.97,36.6,8.29,89.99,1.68,87166.50157
1965,203289.7325,909.57,2,695.96,9.5,108.59,38.79,99.46,1.64,251982.2197
1966,305972.3126,1044.76,1,394.2,15.61,47.25,26.91,96.11,1.91,177123.8107
1967,451307.7722,1910.04,2,498.54,8.05,70.08,8.91,87.76,2.5,538517.9078
1968,476783.0867,1122.12,4,799.18,27.9,51.51,0.87,99.33,1.02,458225.9675
1969,354268.4129,1816.71,2,372.31,45.29,44.46,25.93,99.9,1.39,249311.9329
1970,342235.6781,1667.57,2,725.07,9.92,30.02,19.82,90.39,2.09,312225.9114
1971,226658.9276,818.02,2,356.03,19.43,17.02,8.78,95.92,0.77,232939.9465
1972,113736.8159,550.0,1,300.57,59.71,28.63,40.37,92.69,1.85,32018.77869
1973,248833.4473,550.0,1,396.2,39.23,90.28,24.25,92.89,1.68,120272.4573
1974,389936.9527,550.0,3,445.98,55.22,17.84,7.37,96.91,1.72,321653.8463
1975,319705.9149,755.0,2,807.85,7.79,28.54,13.8,86.16,0.76,256993.8289
1976,212495.787,1114.92,2,597.83,30.82,89.57,32.61,93.26,2.39,209435.4559
1977,322956.9633,1176.95,2,139.33,34.12,56.68,2.56,96.15,1.51,369900.5263
1978,727626.7059,1432.2,3,981.5,33.01,35.44,5.12,93.41,1.75,637977.8086
1979,439069.212,1066.78,2,323.34,18.99,11.08,19.44,99.85,1.24,486263.6323
1980,322815.7941,1055.34,2,671.96,24.08,79.67,25.55,95.6,1.72,244375.9703
1981,394288.3338,1191.59,2,324.28,45.84,1.26,31.09,99.9,2.29,328892.3425
1982,138343.9413,699.1,2,160.33,74.99,86.16,33.61,97.28,1.51,37674.82999
1983,161611.813,550.0,2,513.93,21.3,42.5,15.83,85.08,1.16,53450.58546
1984,459398.3591,550.0,3,575.86,19.36,34.74,1.94,95.16,1.86,378468.1718
1985,210727.7944,550.0,2,565.06,1.34,1.03,0.15,90.61,1.46,111603.5727
1986,448351.6474,1923.15,3,379.09,33.33,74.08,27.51,88.68,2.21,332761.3761
1987,104392.3698,550.0,1,316.35,24.44,3.09,28.08,99.88,1.48,20155.61318
1988,209252.8357,1001.9,1,594.65,32.64,35.47,12.51,99.9,0.7,145740.9193
1989,195413.4724,807.19,2,81.26,24.9,32.7,3.35,99.9,1.45,151247.5671
1991,242000.4016,1420.82,1,1096.99,34.86,89.91,21.27,97.27,0.7,215035.111
1992,479551.9932,1191.96,4,583.2,36.95,60.19,2.0,90.53,1.92,367222.3174
1993,166316.357,550.0,1,213.87,20.44,25.98,3.98,98.67,1.47,76275.3186
1994,119083.0675,1438.21,1,406.67,15.76,62.7,24.15,87.08,1.39,35797.79569
1995,147113.2338,894.95,1,452.22,48.4,49.25,22.48,88.41,1.46,104149.3632
1996,154910.4527,1218.0,2,571.74,53.18,81.37,38.25,90.94,1.84,150864.3564
1997,218063.4859,550.0,2,433.46,42.42,59.29,44.73,97.08,1.93,132360.3442
1998,295544.7864,1569.16,3,819.59,11.91,122.54,14.02,95.36,1.31,565744.2059
1999,256747.0528,1376.19,2,25.85,18.62,32.43,39.54,96.74,1.26,216068.0615
2000,476432.9727,997.28,3,644.48,25.04,92.75,14.76,97.71,1.56,335204.3214
2001,234615.5798,1129.07,1,198.33,63.29,72.44,29.09,88.08,0.85,223542.3488
2002,169074.9645,984.42,3,840.14,32.25,24.77,2.63,95.54,1.68,107257.1052
2003,132566.4047,550.0,1,729.37,30.49,4.8,5.86,88.01,1.8,57419.47588
2004,194451.5922,691.89,1,569.96,43.26,54.11,25.93,98.27,1.37,180119.4986
2005,306055.4089,754.45,4,560.88,19.12,1.35,16.27,85.21,1.62,536407.88
2006,611797.062,1437.56,3,234.52,16.21,17.59,19.91,92.89,1.22,456741.2027
2007,321069.5453,1351.18,2,477.29,15.57,38.05,16.75,88.04,1.69,205071.8985
2008,108739.5259,918.86,1,555.33,15.57,60.72,37.6,93.33,1.61,29396.91906
2009,583243.3208,1219.04,3,558.18,22.81,67.8,24.66,91.1,1.62,394548.3707
2010,229907.5308,550.0,3,1035.56,32.58,99.66,21.06,88.13,1.33,214999.4691
2011,185710.7023,550.0,1,704.2,10.5,47.86,11.14,86.86,1.6,130667.2967
2012,294738.4393,786.1,2,708.91,45.49,28.69,10.89,99.9,1.23,178601.9997
2013,320987.044,944.88,2,766.44,34.71,48.98,6.17,97.97,1.39,413379.8532
2014,455583.0637,1257.36,3,563.09,29.4,0.43,36.69,96.26,1.74,573530.0596
2015,392856.3145,1996.98,2,852.19,23.03,35.86,24.46,90.54,0.6,478372.0829
2016,494924.5852,2277.23,2,388.04,15.61,17.03,41.6,88.43,2.13,365244.7621
2017,475850.3779,1316.87,2,438.96,28.12,39.9,1.99,90.95,1.49,312816.2932
2018,121420.1686,550.0,1,704.41,36.77,62.22,27.25,98.87,1.55,30448.20546
2019,227469.3042,1301.32,1,701.13,3.54,6.28,11.38,99.9,1.13,377284.1516
2020,590336.7802,1287.27,3,964.39,34.85,28.68,27.13,99.9,2.07,635898.9889
2021,455923.3553,550.0,3,551.02,20.39,22.03,2.43,99.54,1.17,328916.7116
2022,317313.6928,1765.85,3,649.21,47.28,16.26,15.78,93.78,0.74,458630.8444
2023,168641.6817,666.6,1,186.59,68.88,7.62,36.98,89.53,1.61,79309.3064
2024,203979.1343,1085.16,1,483.46,69.14,14.44,46.72,99.9,1.41,137424.6493
2025,174452.5836,648.46,3,831.01,58.97,108.21,42.9,85.62,0.89,68634.04257
2027,191530.8126,550.0,4,193.33,23.38,107.01,12.61,99.9,1.33,103625.2398
2028,478604.9413,1778.42,3,89.94,13.36,4.34,19.37,99.9,1.32,579739.6234
2029,399129.7357,1291.47,1,259.1,19.63,64.39,4.13,97.63,1.87,366209.5049
2030,225473.7252,915.01,3,1134.25,48.31,74.33,36.9,99.11,2.38,323957.2135
2031,530691.8255,676.49,3,660.64,37.66,38.02,13.62,92.1,2.2,318813.9003
2032,230091.0023,635.61,3,474.76,29.0,2.56,1.2,97.15,1.92,122478.748
2033,489571.0562,1305.51,2,783.75,51.56,32.58,9.78,96.21,1.33,330388.3901
2034,283519.0624,550.0,3,823.43,24.37,62.08,28.0,90.15,2.44,312016.1309
2035,232290.5139,974.83,1,1077.11,35.04,78.71,4.58,98.13,1.3,268326.9731
2036,286069.083,550.0,2,444.28,39.87,108.74,32.68,90.04,1.6,169887.516
2037,450776.8544,682.85,3,439.58,51.19,22.16,3.62,90.37,1.43,321299.7182
2038,370321.2777,1435.66,1,728.82,23.38,35.8,19.71,94.96,0.97,416145.8491
2039,291554.8425,1133.97,2,498.38,12.98,16.14,10.42,92.23,1.68,146352.1329
2040,329619.015,651.16,2,669.6,2.35,21.52,22.68,97.23,1.69,288953.9379
2041,251064.3973,1184.55,2,413.01,14.94,28.05,46.05,97.5,1.44,271209.3783
2042,116027.4198,812.28,1,232.5,39.02,44.6,32.5,92.33,1.27,26004.12264
2043,209402.4015,586.69,1,317.88,27.13,96.16,15.46,83.23,1.62,313056.0119
2044,153387.2665,550.0,2,356.71,17.08,26.84,24.8,95.58,2.08,109543.6628
2045,194015.63,1348.9,1,38.59,52.42,13.55,26.41,86.99,1.76,119791.968
2046,515703.8595,550.0,4,460.68,5.89,39.25,24.63,85.68,1.57,298631.3698
2047,401584.651,600.25,1,641.45,19.99,43.35,20.55,92.12,1.78,262857.0748
2048,139107.5279,1159.37,1,136.99,42.57,12.0,9.26,99.9,1.25,149929.4724
2049,321483.2509,911.89,2,227.28,32.68,63.38,26.16,87.6,0.69,230357.3468
2050,402228.346,981.82,3,162.99,30.67,71.99,0.38,99.9,0.77,259858.9736
2051,380770.1555,1151.93,3,372.65,65.77,40.2,18.47,91.33,1.88,279923.4992
2052,254496.061,838.77,2,292.08,7.86,129.62,29.37,98.13,1.26,225125.8385
2053,393215.7564,550.0,3,311.49,6.83,39.72,2.0,99.9,1.47,269412.3903
2054,441010.8579,1509.24,3,2.7,31.43,3.86,7.35,90.0,1.16,447302.8038
2055,274760.2602,984.26,3,595.94,40.67,11.46,32.68,90.19,1.0,461783.1151
2056,243122.8524,550.0,3,682.14,23.46,59.79,5.61,83.73,0.92,115979.2936
2057,354530.4942,2003.66,3,741.29,23.63,45.31,14.38,95.57,1.02,327674.5587
2058,198495.9734,550.0,2,336.41,26.47,91.13,12.4,90.37,1.3,73124.33605
2059,197207.6826,762.42,1,332.07,26.29,36.56,14.63,85.04,1.51,160232.914
2060,584954.1159,831.6,4,721.34,58.13,16.1,8.93,87.75,1.19,440052.2067
2061,123962.704,654.74,2,129.03,32.25,92.29,11.27,87.29,2.22,50183.688
2062,201150.2466,550.0,2,705.9,44.28,46.35,13.79,92.19,1.28,213104.6161
2063,239811.194,812.92,2,212.02,55.64,2.86,7.83,98.55,1.48,293960.1251
2064,337003.2336,950.35,2,926.39,69.53,111.62,27.39,95.95,1.97,302382.6776
2065,284846.2384,1343.09,2,295.45,22.15,9.5,3.29,90.3,2.06,415731.7869
2066,265452.2969,550.0,3,739.97,80.69,83.67,20.2,98.29,1.65,187774.5972
2067,93305.58428,746.61,3,512.08,1.57,86.4,13.91,99.78,1.95,10462.55234
2068,450754.4439,1169.09,4,688.39,54.04,82.66,9.28,87.71,1.12,378119.5744
2069,128268.9952,550.0,2,222.52,48.93,56.84,25.34,99.44,1.45,31103.3638
2070,397277.2679,813.78,2,561.36,54.84,23.53,31.5,92.59,0.72,439009.5715
2071,95310.64643,1026.92,2,750.49,36.98,114.41,7.71,93.62,1.68,6872.821201
2072,409878.8723,1079.63,2,200.42,26.78,35.27,37.03,90.24,1.87,423424.6655
2073,533515.2737,1686.78,3,321.81,16.01,99.59,10.52,93.32,2.07,554002.9495
2074,122436.7116,550.0,2,263.71,7.25,51.74,2.29,88.33,1.45,33154.04599
2075,402293.4837,1010.63,3,512.88,44.63,9.1,12.2,88.57,1.83,305326.4999
2076,301088.7893,917.84,2,535.27,59.37,75.21,19.47,94.65,2.0,262625.7679
2077,262745.4824,793.69,2,446.42,34.47,47.08,5.14,94.54,1.06,216402.4859
2078,216188.775,550.0,2,638.84,7.88,69.88,12.82,99.9,1.1,95710.84457
2079,620761.0913,1417.85,2,138.31,41.78,57.76,23.05,99.9,0.66,544342.8273
2080,267076.1749,550.0,1,847.47,11.16,69.35,13.86,98.0,1.06,207134.6623
2081,372610.471,1138.61,2,685.78,25.45,13.71,22.43,84.67,0.87,316336.3077
2083,255798.0539,905.99,2,584.18,1.93,30.62,1.79,88.22,0.47,250365.723
2084,600334.0605,2149.1,5,224.55,51.59,2.76,6.93,98.36,1.06,573415.5083
2085,244185.9054,757.7,2,314.53,20.76,56.33,7.18,99.47,1.37,154916.1763
2086,601100.0146,612.06,4,471.87,26.02,113.56,13.47,87.27,1.43,464162.3578
2087,282668.3447,566.8,1,148.47,21.49,52.86,48.85,88.19,1.21,162304.1971
2088,486352.0095,1192.83,2,105.48,22.01,19.73,6.23,98.4,0.88,566775.9087
2089,228188.9861,1111.01,2,99.59,3.98,21.0,1.43,97.9,1.6,359091.1793
2090,178338.1723,1382.35,2,611.37,59.53,104.07,0.34,99.9,1.56,151208.2863
2091,594488.8324,1379.79,4,375.08,33.8,44.94,2.88,99.9,1.59,660172.8765
2092,134130.7502,550.0,1,91.06,63.37,3.47,22.49,96.91,1.4,102212.6934
2093,200331.3534,1575.36,1,608.6,49.87,17.52,42.74,88.8,1.38,202602.6421
2094,212222.81,862.03,1,194.27,1.26,43.02,3.75,88.53,1.81,263039.9035
2095,191792.6936,1396.28,1,178.94,50.85,65.71,26.49,90.96,1.82,159258.5972
2096,320741.123,1116.92,2,522.11,29.75,15.31,44.16,92.34,0.35,264522.6406
2097,209318.0774,1291.88,1,898.43,25.63,4.18,22.9,89.63,1.62,132729.8008
2098,427600.4758,1010.83,3,223.68,12.11,53.01,29.05,99.66,1.41,343882.809
2099,326028.4247,550.0,2,673.32,25.76,48.69,15.15,95.85,1.34,180226.1282
2100,411337.1456,1054.0,1,735.07,1.03,95.72,4.33,91.59,0.57,407967.145
2101,205721.7488,1368.66,2,671.61,7.14,17.79,12.37,89.82,1.23,283025.7745
2102,111989.9103,1496.01,2,931.13,35.22,40.2,24.73,88.68,1.42,31312.2379
2103,251183.1563,1162.8,2,521.97,19.53,12.83,8.28,91.23,2.54,488615.1287
2104,247617.3432,637.66,1,427.73,30.98,47.63,45.46,96.19,1.12,143789.1121
2105,118005.4383,550.0,3,593.96,35.67,61.09,3.93,98.79,1.69,48526.37792
2106,237747.1793,1123.28,2,274.49,53.25,45.54,8.69,95.15,1.33,264794.4949
2107,459714.8161,1260.53,1,594.33,28.69,20.67,0.98,89.45,1.22,393042.4874
2108,441196.76,1234.68,3,339.68,38.87,48.42,18.73,97.23,1.1,493129.6
2109,448315.3875,1325.96,3,876.35,13.03,55.88,8.51,94.91,0.66,420059.0146
2110,109940.888,965.05,2,45.6,52.21,23.57,12.42,92.19,0.74,30094.35297
2111,103851.1588,550.0,1,365.11,52.25,101.6,31.63,90.11,0.86,27633.98649
2113,511642.3973,1840.83,2,409.58,20.31,87.57,3.47,93.1,1.23,389729.5315
2114,172711.0743,964.35,1,1090.06,35.08,95.65,6.39,85.3,0.75,71498.48034
2115,120929.0389,857.01,1,532.4,43.97,74.25,21.83,82.72,2.36,29477.65103
2116,188917.0239,936.93,1,664.37,50.51,94.89,4.26,95.47,1.4,244547.7443
2117,129334.4378,659.64,1,443.04,38.87,52.16,8.7,84.6,2.22,39658.34874
2118,277255.8684,1427.16,3,158.07,14.57,50.85,9.89,91.81,1.81,430257.3889
2119,454624.7953,1102.68,1,108.35,37.13,22.67,15.44,92.11,1.61,323767.7034
2120,230932.7864,735.26,1,418.56,49.61,59.51,23.78,99.16,1.37,145479.2199
2121,289280.6071,990.49,1,7.88,31.15,30.04,5.1,90.19,1.45,291430.6792
2122,369374.0785,1010.29,3,172.3,32.07,26.92,12.07,99.9,1.84,507117.5168
2123,303540.4506,1084.89,1,118.5,35.82,42.04,26.92,99.9,1.67,408528.7437
2124,179209.2624,550.0,2,586.28,15.64,75.75,12.25,90.21,1.32,93705.0841
2125,285480.6974,550.0,3,214.99,30.25,93.89,1.79,99.9,1.51,236896.5935
2126,164942.1664,550.0,2,317.55,0.81,42.06,16.87,98.28,2.09,82466.39473
2127,411731.8548,1838.9,2,510.38,25.36,65.43,16.96,92.56,1.04,475354.4819
2128,306692.7456,935.51,1,394.75,20.23,17.33,20.15,92.49,1.93,413763.6904
2129,344119.292,1561.19,3,471.66,31.38,17.27,16.28,99.9,1.33,445003.5571
2130,348768.5642,1531.23,1,140.5,32.08,24.14,18.23,94.22,2.11,298130.6919
2131,129930.7731,550.0,2,827.99,37.23,53.68,14.52,92.54,0.85,16312.46198
2132,415827.6696,550.0,4,103.65,27.32,63.48,15.96,95.59,1.28,362688.7104
2133,518240.1413,1377.07,2,295.86,23.91,11.84,27.2,93.79,1.0,485708.029
2134,146166.2415,1082.1,2,249.98,19.5,35.97,25.34,90.32,1.79,123306.3616
2135,284402.3429,853.32,1,274.07,50.16,121.78,6.33,93.9,1.46,208991.5136
2136,255223.1838,843.63,1,573.22,9.81,58.0,2.81,92.53,1.49,258802.0617
2137,159865.7763,1373.24,1,249.93,18.73,91.75,18.44,86.42,2.07,52565.89728
2138,467780.1173,1903.24,2,993.62,14.04,3.87,4.23,98.76,1.35,513751.9858
2139,135637.489,550.0,1,570.12,4.84,72.2,18.78,99.9,0.94,73744.28124
2140,304359.6145,550.0,1,20.54,44.59,27.32,38.01,92.54,2.24,204302.0707
2141,271609.5495,669.92,2,210.68,18.26,1.74,47.98,99.9,1.9,234432.7725
2142,637302.6847,1216.55,3,94.0,31.08,37.08,7.25,99.9,0.67,469658.9233
2143,265321.4022,1309.54,2,495.97,37.27,67.98,7.17,99.9,1.43,252805.2892
2144,124786.2402,988.32,1,773.65,41.29,89.12,15.0,99.37,1.39,62001.95613
2145,178832.3372,834.54,2,1030.56,12.35,18.63,40.37,95.94,1.17,269936.4519
2146,222404.4952,1053.33,3,377.9,4.18,71.5,18.22,89.41,1.64,187155.9021
2147,411131.67,1311.64,2,900.51,31.42,2.46,2.85,96.83,0.82,509378.0329
2149,435506.5116,1257.21,3,808.46,26.25,46.72,19.11,97.06,0.45,438353.1991
2151,311436.8045,666.22,4,1166.41,47.17,18.84,13.36,96.39,1.45,346979.5329
2152,268779.6379,819.25,1,433.41,28.49,9.19,12.34,90.43,2.7,168930.8184
2153,247756.8597,1042.51,2,411.7,72.23,49.91,26.02,94.07,1.8,117791.016
2154,100919.2111,550.0,1,434.71,24.33,1.06,6.74,93.67,1.21,-606.9053053
2155,267810.5038,550.0,4,197.22,14.03,9.56,26.63,99.9,0.54,267771.3422
2156,400585.8474,1236.22,1,343.81,35.03,34.73,2.4,98.36,0.91,468960.4123
2157,251908.1907,1396.49,1,1043.53,29.86,10.68,30.15,96.6,1.72,275572.922
2158,208616.2079,1051.87,2,323.72,40.07,66.42,7.91,98.67,2.72,219410.7359
2159,249268.1619,827.25,1,361.58,2.52,32.58,15.91,95.96,1.86,184837.3779
2160,278722.1254,1425.25,2,591.26,18.81,1.74,1.35,99.42,1.27,426634.0984
2161,290609.6604,994.02,4,757.76,1.48,39.41,4.56,95.82,1.51,384593.6811
2162,466284.5385,686.31,2,391.81,7.56,30.63,10.78,93.92,1.73,273799.3149
2163,191733.7849,550.0,2,111.94,12.29,120.76,2.74,91.45,1.88,110438.1777
2164,176690.5179,550.0,1,326.79,44.7,40.8,27.43,94.21,2.14,62300.19491
2165,222065.2125,682.56,1,356.64,56.0,41.7,15.88,94.81,1.36,240194.2391
2167,395342.5076,1207.99,3,617.54,0.41,17.12,10.57,97.85,1.95,639166.3694
2168,167473.2486,550.0,2,573.81,32.7,82.24,48.37,99.9,2.33,154441.3792
2169,439067.9892,1579.61,4,700.44,39.09,15.87,9.46,98.55,0.94,540309.5412
2170,493358.2648,1787.89,4,800.38,21.09,50.93,10.82,95.8,2.03,558401.2109
2171,298444.3614,1427.51,1,295.74,35.98,78.2,13.86,94.38,1.59,211587.3843
2172,484933.0256,1300.82,3,233.65,46.48,2.06,38.5,99.05,1.64,498717.6636
2173,139344.0338,1623.34,1,154.85,33.47,83.11,0.22,87.8,1.44,100756.6599
2174,208302.3543,777.85,2,431.85,37.36,41.82,36.63,92.55,1.07,226236.0328
2175,165657.3604,800.7,1,165.21,59.26,16.69,2.93,94.49,1.58,109959.2055
2176,419842.9604,2270.33,1,866.26,18.49,7.83,6.06,91.06,1.74,514599.3336
2177,429059.6586,1532.61,2,611.52,41.13,75.26,27.41,92.04,1.44,452090.244
2178,112603.21,699.19,1,301.7,16.4,111.09,37.0,84.72,1.52,76562.2471
2179,204872.0204,961.63,4,328.41,51.92,5.27,9.7,90.8,1.39,238556.7859
2181,113180.9897,763.62,1,307.43,25.33,49.32,34.84,93.57,1.37,25249.89958
2182,653150.7907,1372.58,2,516.07,2.82,20.34,24.55,99.25,1.25,410948.4637
2184,315110.2214,1318.78,2,230.0,16.96,47.21,25.24,99.01,1.54,327152.4868
2185,448149.3355,1436.09,3,587.68,29.05,5.69,8.44,90.56,1.76,366702.7872
2186,550091.5551,1242.17,2,584.2,17.32,41.68,14.22,94.65,0.41,495425.4076
2187,624102.7058,1160.99,3,436.24,38.53,6.27,2.08,99.9,1.17,465260.0928
2188,251042.806,550.0,1,214.55,31.67,17.8,6.54,95.53,1.7,201950.9096
2189,267719.6513,1187.7,1,307.7,48.71,21.86,32.13,90.72,1.51,173630.0386
2190,561175.1138,1447.91,2,1070.12,32.88,55.78,11.09,96.55,1.67,570095.7837
2191,196032.289,550.0,1,180.83,4.97,120.07,39.4,99.9,2.26,125611.6899
2192,149113.8024,731.56,1,1104.37,13.16,30.99,49.6,94.38,1.18,61498.245
2193,98879.84154,1091.89,1,1184.02,32.95,25.63,36.43,99.9,1.6,5453.84147
2194,164664.3915,550.0,1,696.13,14.58,43.23,42.41,91.0,2.56,136656.1217
2195,170417.2644,812.41,1,357.7,21.58,35.37,8.66,90.22,0.98,110146.9704
2196,123038.9836,569.55,2,705.66,31.13,83.09,29.8,95.16,2.19,44466.50383
2197,176935.0647,1815.46,1,771.53,19.91,27.17,29.64,89.83,1.54,147110.1748
2198,142522.0527,764.69,3,600.05,45.4,5.45,23.63,92.76,1.43,61314.06072
2199,420809.5649,1188.36,2,922.31,14.75,55.61,6.36,99.9,1.41,426185.1217
2200,268744.0295,550.0,2,473.24,43.0,47.87,13.28,92.19,1.36,315535.8507
2201,287104.5116,550.0,3,659.46,12.74,67.2,7.45,96.14,1.89,331748.4182
2202,333708.0442,627.24,1,76.12,12.23,39.91,16.99,95.85,1.56,255145.1085
2203,254143.551,1040.24,3,518.55,37.57,59.55,18.79,89.08,1.43,310406.7096
2204,501300.8343,1551.69,4,962.41,37.62,33.29,6.53,94.18,1.56,611865.0967
2205,364871.5628,1764.72,3,1316.05,36.55,41.82,10.11,95.33,1.72,539339.0473
2206,466709.337,831.53,2,673.58,13.15,43.92,8.18,92.31,1.17,270215.3455
2207,196709.0234,815.38,2,640.17,19.55,83.49,0.16,91.97,1.49,125001.6249
2208,285646.6013,1202.39,3,470.15,72.09,59.02,12.77,96.57,1.4,305023.4186
2209,575720.6344,679.89,3,124.47,22.76,14.32,5.48,91.58,0.49,425968.8509
2210,168283.7713,1105.34,2,368.58,60.08,66.18,37.72,97.22,1.15,81707.22162
2211,136881.3897,550.0,2,140.94,24.9,31.11,24.4,95.55,1.73,44002.73589
2212,175313.6982,934.87,2,710.71,49.84,16.18,28.4,91.56,1.55,147601.1381
2213,158157.9756,1120.08,2,980.87,49.98,18.34,10.21,99.9,1.94,92154.62183
2214,115818.4461,981.93,1,606.82,44.51,59.57,30.89,98.1,2.08,51202.84371
2215,154520.8067,550.0,1,198.3,47.9,7.12,21.73,88.88,1.24,27317.0673
2216,315406.1737,797.2,4,650.63,9.84,27.11,3.5,95.79,1.55,227624.7973
2217,169035.3533,550.0,2,486.27,12.81,60.7,4.78,91.55,1.59,225663.4051
2218,498427.3212,1593.93,3,328.26,36.44,9.97,20.46,92.56,1.7,673019.0664
2219,345504.5387,1338.96,3,356.98,43.5,81.9,49.81,96.64,1.61,241464.7263
2220,527517.4762,1476.57,3,711.54,48.08,55.25,4.13,91.8,2.91,516560.841
2221,231233.8333,1286.1,1,363.99,21.9,13.8,13.59,91.61,1.24,224414.2869
2223,446406.9359,915.33,3,404.85,7.19,30.86,49.13,88.4,1.2,328689.7898
2224,151697.7123,550.0,3,122.72,17.74,55.1,26.0,92.37,1.35,111457.1413
2225,266465.0939,1139.31,2,882.94,65.66,75.51,12.12,94.05,0.79,347956.1303
2226,129245.4714,1157.16,2,344.06,38.0,32.79,33.59,99.9,2.47,51671.67433
2227,516020.9028,1659.3,1,456.1,26.96,39.95,14.22,98.64,1.64,678824.4476
2228,343053.3563,1302.39,2,384.91,32.64,39.67,2.99,99.13,0.56,350525.4698
2229,100395.904,550.0,1,460.4,48.0,53.97,35.89,93.23,1.74,20160.76292
2230,417207.8893,550.0,5,565.61,0.54,19.29,5.05,99.9,1.18,393036.0861
2231,481282.1057,1033.37,3,448.17,18.95,79.24,5.93,95.12,2.53,412620.0108
2232,287015.2723,1674.51,2,394.53,49.99,11.87,3.28,94.83,1.34,270933.0098
2233,135914.235,1290.82,2,125.72,38.12,75.24,13.88,90.09,1.4,68356.9952
2234,128597.2572,848.39,1,42.21,58.47,80.19,43.58,95.5,0.98,70526.99416
2235,262534.9921,935.67,1,250.57,45.26,1.24,6.75,95.56,1.12,110690.0947
2236,192476.3192,1027.64,1,456.62,56.63,56.55,1.19,95.56,1.81,167827.265
2237,125751.5402,601.06,2,749.01,18.73,40.68,19.01,89.07,1.38,49342.32675
2238,371325.8584,1250.06,2,536.38,17.66,99.15,18.13,89.97,1.94,224368.8809
2239,298222.3783,866.41,2,114.21,35.76,41.86,8.48,99.9,1.86,474327.9481
2241,159525.6989,1190.52,2,833.55,51.05,8.38,38.14,97.07,1.6,107890.3369
2242,163532.6969,782.04,2,463.51,52.54,24.74,32.58,99.9,2.05,117991.0048
2243,132997.0632,1002.88,1,1017.57,22.95,90.51,9.42,94.26,1.51,64456.56828
2244,397168.0803,760.77,1,57.28,15.77,61.77,4.59,99.9,1.25,229680.3113
2245,206029.5987,1004.05,3,412.04,16.66,14.03,1.58,99.9,1.25,176727.475
2246,242474.8316,1054.14,2,308.78,44.33,46.52,22.4,98.67,1.46,285593.5007
2247,160605.5604,550.0,2,453.98,35.2,41.17,3.57,92.79,1.47,102507.2959
2248,408043.3866,1362.44,3,1264.2,14.43,92.36,36.86,94.79,0.58,633783.7663
2249,109758.7827,550.0,1,490.07,5.95,27.34,6.64,91.95,1.89,33589.50612
2250,283290.1531,713.17,2,133.48,53.55,79.27,41.13,97.9,1.79,212024.2535
2251,137212.5389,550.0,3,524.74,22.17,38.63,45.43,98.23,1.91,55155.82164
2252,448388.3903,1003.08,3,553.67,38.64,100.78,20.91,96.32,2.08,276961.1672
2253,270755.4029,917.29,1,369.9,31.68,71.93,12.41,93.45,1.05,240002.0467
2254,266026.8228,868.81,3,191.56,31.67,41.32,13.12,86.79,0.68,327942.3978
2255,310394.6298,633.49,3,27.15,25.92,121.9,22.2,95.12,1.31,205274.059
2256,536029.0706,810.43,2,137.27,36.27,30.45,9.68,99.9,2.1,670428.2816
2257,168172.0172,550.0,1,126.98,57.93,55.17,5.42,87.98,1.43,63848.08423
2258,127143.9214,643.83,1,156.97,26.91,28.12,18.31,86.01,1.75,24234.52252
2259,265497.8918,550.0,1,636.64,48.26,60.29,11.35,94.18,0.72,177283.1961
2260,168716.8081,550.0,2,293.55,33.32,18.18,34.02,83.76,1.19,112458.3855
2261,325302.9332,1408.84,2,451.37,4.96,15.97,10.1,91.61,1.03,674243.2779
2262,387598.4927,1630.18,2,513.19,3.33,15.92,3.15,97.79,1.41,544151.2653
2263,96713.65354,1245.47,1,521.89,14.01,8.89,14.08,98.63,2.27,10774.31914
2264,299565.611,1240.92,2,154.29,60.77,92.89,34.28,95.58,1.24,194230.5541
2265,218338.9366,762.03,1,295.05,3.26,30.4,31.51,94.82,2.15,143174.5718
2266,404832.6191,1645.3,1,87.61,72.39,22.7,4.37,94.86,0.89,370110.3211
2267,205722.127,550.0,1,312.79,82.59,39.29,31.48,92.23,1.7,223496.2346
2268,313416.7277,1406.94,2,1166.61,46.11,41.97,31.71,89.92,1.71,443215.2919
2269,490495.3436,780.23,4,47.61,48.52,37.34,27.49,92.44,1.33,424679.6529
2270,110864.4095,682.33,3,135.8,15.61,2.79,9.66,96.32,1.81,20936.86423
2271,176664.6209,550.0,2,407.2,5.16,25.47,30.55,93.66,1.38,73703.94389
2272,183644.5634,991.61,2,630.77,26.79,3.28,28.1,96.33,2.02,100327.5164
2273,263236.7492,1255.62,2,147.68,1.34,78.37,14.22,93.64,2.58,299895.6528
2274,198667.8465,788.58,2,436.11,2.64,3.88,16.06,99.9,0.83,267520.1727
2275,742617.9442,1725.08,4,1058.41,4.47,24.07,7.61,91.31,1.42,815845.6371
2276,344345.3157,550.0,4,584.5,38.03,35.22,25.15,99.3,1.68,301117.8491
2277,297790.4311,901.11,2,914.75,17.68,76.07,12.77,99.9,0.91,468925.6717
2278,206005.8,1154.18,2,502.4,24.28,37.55,8.15,91.47,1.11,267380.9324
2279,168483.329,1384.97,1,699.9,51.49,70.86,21.75,97.7,2.19,64037.52255
2280,126781.413,579.44,1,511.53,43.53,46.21,8.27,90.16,1.52,42451.65761
2281,141305.0162,550.0,3,711.91,10.63,85.45,34.72,91.49,2.27,81347.8803
2282,118968.894,629.62,1,40.7,41.63,101.05,16.54,90.57,2.15,18211.81356
2284,206800.5647,1331.31,1,478.28,29.82,69.64,39.17,99.53,1.35,120318.0878
2285,283822.2283,1289.57,3,750.31,18.16,54.58,15.02,96.1,1.39,431224.6999
2286,289809.1616,1590.23,1,599.36,22.85,5.58,48.58,93.03,0.52,163705.5124
2287,271239.7578,1017.91,4,740.03,9.07,51.09,1.42,89.52,1.65,370949.6987
2288,284128.3875,550.0,4,807.34,22.01,102.42,2.18,94.56,1.73,192649.1127
2289,397836.7671,550.0,2,781.13,14.52,22.8,1.65,94.53,1.89,224154.7601
2290,164483.0394,768.26,2,326.59,46.28,35.25,14.54,95.0,2.04,79642.57224
2291,254413.1466,874.22,1,611.22,37.43,39.05,19.61,84.23,1.5,223539.1365
2292,451761.6713,1376.09,2,301.07,24.4,43.79,23.46,99.9,1.97,428499.5365
2293,372135.818,816.3,2,377.18,41.32,32.95,15.15,90.71,1.62,209995.3714
2294,251684.8424,1077.59,2,427.32,26.13,58.12,2.59,99.54,1.28,208181.9605
2295,188820.579,637.9,2,341.58,3.82,24.58,23.91,94.01,1.27,143905.4582
2296,168627.5022,550.0,4,392.24,29.4,34.61,9.04,99.9,1.47,160382.8341
2297,192402.0638,1055.93,1,629.66,2.53,86.55,25.5,99.9,0.89,85526.2964
2298,489752.3503,1170.91,2,368.51,22.73,3.38,16.55,95.91,1.16,371709.5387
2299,312273.7125,666.52,1,773.56,47.59,52.71,9.19,99.76,0.68,250643.4901
2300,189396.4227,1068.86,2,190.67,10.09,23.14,14.36,96.08,2.72,103584.0956
2301,626317.161,760.03,4,591.83,0.98,57.29,13.43,86.52,0.73,435630.4415
2302,114167.367,816.02,2,454.62,36.51,1.52,25.91,96.23,0.99,28555.0099
2303,194319.3127,1059.87,2,839.43,16.47,42.99,22.79,86.82,1.41,179158.7843
2304,592175.603,1535.36,3,331.35,19.7,41.53,14.79,97.79,1.02,413093.881
2305,131658.3237,680.92,3,551.7,9.63,16.79,2.8,85.17,1.52,34562.74504
2306,237834.0921,550.0,4,782.82,43.09,42.4,30.73,96.2,0.99,338001.5249
2307,376348.1229,1540.65,3,637.56,20.01,30.64,7.93,94.05,0.7,339477.876
2308,210535.6385,1089.42,1,231.1,38.1,23.52,13.56,98.39,1.61,150867.1971
2309,259757.602,1316.69,2,765.96,36.08,78.5,17.24,94.47,0.93,297384.4008
2310,189728.5889,662.87,1,193.62,61.7,94.33,36.19,96.87,1.42,170832.5863
2311,270654.4502,1791.91,2,552.15,44.82,72.22,18.3,98.96,2.28,556095.5632
2312,413029.4084,1463.97,2,244.47,18.82,48.42,13.95,92.28,1.77,275682.3283
2313,652006.0813,550.0,3,424.1,25.76,73.57,0.21,99.9,0.65,412305.0067
2314,188772.5549,995.06,1,131.62,20.97,21.68,14.02,93.63,2.26,195096.2711
2315,148845.0637,647.66,3,367.76,4.44,19.34,19.02,98.24,0.74,118643.5641
2316,156453.1818,550.0,1,525.01,22.64,16.43,32.07,88.78,1.49,117314.6029
2317,272577.9414,1244.03,2,711.89,32.26,43.9,11.44,91.67,1.26,285215.6321
2318,455562.132,1255.38,3,482.12,54.16,19.94,3.53,93.38,1.08,429919.0157
2319,205986.8246,550.0,2,425.85,30.44,36.69,7.08,97.07,1.13,344686.9109
2320,380750.5958,550.0,2,446.16,10.26,10.29,3.38,91.27,1.61,219944.2444
2321,251945.1802,1194.06,2,445.96,31.81,89.52,3.6,88.48,2.31,244690.5749
2322,191893.9135,1063.59,2,881.56,49.17,62.61,16.56,88.84,1.61,171452.0619
2323,561089.7191,1225.4,3,914.01,13.38,8.14,1.76,99.9,1.88,454040.2728
2324,284543.7516,1644.05,3,773.41,38.59,37.46,0.33,94.86,1.88,317478.1862
2325,401983.7276,1687.01,4,48.68,38.76,79.76,27.18,98.05,1.32,512508.5385
2326,283605.4848,1076.92,1,2.04,28.23,82.35,8.37,95.4,1.68,154221.0775
2327,303853.3608,1646.72,2,581.83,41.02,62.51,10.11,98.88,1.26,400348.3466
2328,333958.8451,1770.71,3,433.66,20.92,7.51,14.28,92.5,1.92,664155.5827
2329,530379.033,970.36,3,688.02,51.9,73.54,1.89,90.49,1.16,444427.4869
2330,704374.5511,1415.72,1,886.91,0.54,47.91,5.6,89.61,1.29,544566.8015
2331,504229.4659,1162.89,4,324.98,2.07,23.05,0.3,91.41,0.64,653492.7465
2332,547107.722,1964.22,4,587.32,29.28,4.3,7.01,88.0,2.04,508203.6968
2333,112202.2475,720.07,2,834.12,44.07,83.85,19.5,95.8,2.1,42260.89217
2334,309631.4746,1868.73,2,455.84,51.17,97.31,3.13,89.24,1.81,312288.1707
2335,226944.7235,2061.42,1,570.44,0.75,74.53,10.03,96.38,1.38,289964.3689
2336,198341.7797,916.71,1,579.87,28.83,27.64,8.22,83.99,1.95,151737.7956
2337,497737.6711,1568.19,2,92.9,34.4,95.79,19.86,91.8,1.57,368733.9513
2338,633005.2522,636.25,4,571.31,30.16,60.34,12.56,87.79,1.67,584450.9103
2339,476841.0151,1300.92,2,604.27,69.29,21.26,5.97,88.84,1.56,372580.1606
2340,340697.6327,1358.99,2,346.6,51.8,23.07,7.19,89.41,1.74,338994.4096
2341,184577.109,550.0,2,215.85,3.22,97.64,13.24,99.9,2.1,196078.8296
2342,531131.86,1627.88,3,715.12,42.88,62.93,11.74,99.05,0.65,559303.9752
2343,107330.1073,859.94,1,531.17,27.48,54.08,40.04,92.23,1.67,24243.60499
2345,176432.5786,550.0,1,445.88,56.46,48.98,40.3,95.47,0.93,134257.6873
2346,233473.433,1352.46,2,298.55,45.73,69.87,19.97,99.18,0.86,171482.0448
2347,486956.4901,1903.45,3,312.82,28.74,33.87,15.65,93.21,1.93,381435.706
2348,437769.4065,550.0,3,510.33,20.0,13.31,27.0,99.9,1.02,278043.3178
2349,411081.4324,804.0,3,85.31,2.7,4.94,3.68,96.17,1.5,361865.046
2350,336337.6459,1450.56,2,691.7,32.15,87.01,11.36,94.15,1.22,349738.861
2351,340925.1564,1160.49,3,162.88,17.36,39.63,7.94,86.06,1.9,520451.2907
2352,139434.7349,1119.76,2,140.58,30.45,48.45,38.77,99.9,0.57,120733.9275
2353,145855.3631,550.0,3,626.23,9.3,49.72,26.54,94.21,1.57,39002.46932
2354,320724.4831,636.72,2,600.31,56.71,14.92,37.87,89.58,1.85,162127.6579
2355,218158.7308,1063.97,3,791.99,13.57,129.6,2.95,99.9,1.87,266959.7699
2356,152316.5163,1159.83,1,160.48,9.54,31.51,26.36,88.55,1.54,104320.8981
2357,120950.5722,550.0,2,684.24,8.52,24.54,6.81,98.1,1.78,40421.27487
2358,290957.0203,1033.09,2,127.95,2.94,16.02,0.04,83.58,1.67,147960.7724
2359,370224.1326,1556.04,4,129.86,23.05,29.92,10.8,96.14,1.76,490452.6457
2360,633611.6607,1457.84,5,467.27,2.95,5.81,9.22,99.9,1.51,797067.4646
2361,257261.2663,863.89,1,768.97,19.11,32.37,7.93,88.26,1.02,334275.3122
2362,249025.7814,1573.38,2,948.74,52.98,43.49,34.38,97.59,0.62,313273.5988
2363,422702.956,1634.15,3,345.16,22.1,24.2,29.34,95.23,2.05,400893.2052
2364,108832.5773,699.69,3,780.82,46.33,86.44,5.96,94.07,1.58,38810.05938
2365,344987.0509,1704.13,1,458.03,35.75,60.96,4.69,95.19,1.91,304716.9523
2366,315406.2612,728.9,4,522.87,35.02,86.95,25.22,90.98,1.85,187122.5358
2367,402906.3189,730.27,3,517.02,35.45,117.56,39.82,87.57,1.27,438809.9487
2368,390128.7501,1708.43,3,673.86,35.68,85.52,8.14,88.64,0.66,453310.583
2369,280964.1246,1078.54,2,674.21,35.41,17.15,3.12,96.55,1.28,363037.3985
2371,377279.207,1372.23,2,512.42,33.14,3.61,28.02,93.35,0.98,446460.9746
2372,331012.6022,1253.88,1,381.02,28.24,15.66,18.13,91.55,1.51,236697.1222
2373,220321.5049,760.77,3,179.59,8.09,32.81,4.34,86.84,1.82,256783.6554
2374,176180.2675,550.0,3,239.61,35.65,4.34,21.98,98.85,1.17,149673.2093
2375,192100.1045,879.37,1,738.28,3.07,37.04,18.6,98.33,2.35,232184.4505
2376,145718.0224,550.0,1,859.66,53.61,12.94,32.04,94.7,1.69,49286.31346
2377,503860.9955,550.0,2,666.56,18.8,27.06,0.4,97.02,1.34,517561.8996
2378,119291.0091,1067.91,1,526.47,24.54,131.93,42.67,99.9,0.95,86275.34706
2379,174698.0105,550.0,3,658.16,49.06,9.54,14.25,91.23,1.17,183001.3334
2380,326008.5763,1165.21,1,504.28,13.42,34.69,26.67,94.97,1.73,217203.3078
2381,462583.2748,988.52,3,347.82,21.94,0.83,26.95,95.81,1.68,356610.4677
2382,364366.9774,1106.25,2,12.16,40.24,37.55,30.41,87.69,1.05,361789.783
2383,98573.58358,1083.05,2,710.06,63.97,63.52,7.65,80.39,2.21,23347.78815
2384,100929.1341,550.0,1,187.32,39.29,33.51,12.31,89.05,1.64,38836.08427
2385,106683.0052,728.73,1,699.78,8.5,27.2,3.16,90.23,2.22,22262.34776
2386,274752.55,1161.97,4,777.01,43.2,0.09,10.22,91.53,2.16,233484.0723
2387,393785.1708,1329.39,2,14.21,18.95,54.14,33.12,97.14,1.16,540038.6407
2388,504855.9148,1705.16,2,322.12,35.25,1.83,6.41,93.48,0.84,295647.255
2389,379378.2464,1228.67,2,255.69,20.08,137.5,18.17,91.63,0.84,417785.7389
2390,219685.3454,961.63,1,691.26,23.42,43.69,12.8,97.34,1.63,385789.7507
2391,246079.8052,1231.75,3,471.26,32.8,105.9,19.48,84.57,1.27,213026.1081
2392,204147.5704,843.66,3,421.13,26.26,77.15,37.4,93.71,1.81,246118.698
2393,138546.8422,550.0,1,526.23,11.2,22.15,10.06,90.13,1.88,67054.17879
2394,427831.505,1011.88,3,343.21,66.43,37.02,23.36,94.08,1.47,496885.595
2395,203231.4107,694.07,3,401.92,36.53,44.48,36.99,89.81,1.24,153977.1391
2396,142609.1818,550.0,1,914.8,46.21,22.75,49.52,96.71,0.5,63264.34589
2398,206938.7614,550.0,3,712.97,47.21,79.55,8.86,94.7,2.4,251368.8202
2399,173670.6252,550.0,2,174.0,21.85,104.79,33.35,98.81,1.75,89088.96164
2400,206409.2786,795.24,1,540.4,27.48,36.06,11.16,99.63,1.09,233147.5893
2401,403389.7835,1551.59,2,221.29,16.56,87.02,20.37,99.46,1.77,382177.6176
2402,139805.9189,550.0,2,579.7,17.15,47.01,11.84,87.58,1.8,89870.85846
2403,176455.1209,1001.99,1,330.1,46.19,51.02,35.5,92.81,1.7,145924.0677
2404,445814.9881,1688.52,2,626.23,23.41,60.56,24.68,99.9,1.38,350547.1591
2405,273717.0881,757.46,3,635.6,39.19,49.05,6.4,98.07,1.63,249208.3398
2406,200364.2045,660.33,1,482.39,53.07,3.26,29.66,99.9,1.79,148270.9706
2407,194173.556,1327.5,2,379.51,35.7,1.48,10.82,99.9,1.45,224234.871
2408,368724.117,1719.91,1,524.54,35.11,6.89,10.26,92.33,1.63,319247.5692
2409,675749.7362,1726.85,2,823.07,14.61,84.65,4.86,90.95,0.7,489141.7713
2410,256123.2288,770.2,2,443.68,45.32,42.78,18.51,91.86,1.04,455458.5493
2411,221361.2166,550.0,2,949.48,2.48,49.95,33.72,92.58,0.05,166833.2431
2412,442287.2356,1183.17,1,508.0,36.09,77.92,6.84,97.6,1.54,641352.2195
2413,96440.51245,1228.04,1,356.58,55.3,88.19,14.73,86.9,1.42,8978.396417
2414,215180.9302,1096.85,2,486.18,52.0,113.55,13.98,88.63,1.2,199218.9188
2415,343331.3822,1327.58,4,206.74,34.7,41.98,23.68,92.52,1.89,480790.5473
2416,271846.2022,621.77,2,414.8,63.54,81.6,33.91,88.38,1.43,363091.0784
2417,365523.2664,1292.19,2,188.66,11.02,0.28,16.09,90.6,1.72,426411.9059
2418,273015.0238,1354.92,3,809.67,22.32,34.37,4.67,95.18,2.34,364463.2208
2419,155966.8368,675.65,1,335.64,54.64,46.06,18.42,96.69,1.64,111822.1266
2420,363172.6963,687.1,3,582.15,20.61,17.25,10.41,89.34,1.66,203944.0679
2421,283743.8872,708.12,1,427.97,41.58,34.8,6.29,99.9,1.72,275795.34
2422,317798.9332,1231.59,2,918.28,19.61,79.42,14.76,94.1,0.87,398111.456
2423,341005.1752,1631.08,2,670.06,14.35,18.32,7.86,99.9,1.01,318434.4488
2424,98540.95607,1107.54,1,645.26,10.61,82.1,14.18,89.27,0.82,10463.75471
2425,721302.6073,2221.13,2,369.58,5.59,40.07,4.85,99.9,1.23,791141.526
2426,483241.2513,1529.31,3,762.56,32.5,51.03,11.26,99.9,1.83,392782.7592
2427,118104.4673,550.0,1,744.78,23.32,48.56,18.28,92.56,0.91,52119.36358
2428,409672.2311,801.11,4,245.59,15.0,93.89,27.18,86.05,1.68,352670.1024
2429,228390.5602,793.32,1,304.51,46.85,39.23,24.07,97.7,0.85,170273.1303
2430,185771.2398,1079.72,1,72.21,82.96,81.25,29.77,93.24,2.21,90921.62996
2431,146256.3008,631.07,1,639.68,37.98,45.25,19.03,91.87,1.02,113584.3987
2432,397874.7103,1533.97,4,521.74,30.03,74.67,23.38,94.29,1.75,484210.8009
2433,265426.7808,860.64,3,525.55,7.69,49.1,38.03,92.46,2.13,324320.6172
2434,207601.5597,904.42,1,334.34,30.02,59.97,20.21,86.83,1.33,109717.6017
2435,105902.3322,550.0,1,251.84,50.61,60.57,9.75,92.34,1.78,27035.13747
2436,190364.4617,550.0,4,345.02,37.23,52.51,31.66,93.75,2.04,170401.6724
2437,159804.1684,639.55,1,347.38,34.76,77.74,16.65,91.4,0.98,60843.8558
2438,280106.8147,1434.14,1,302.18,38.27,9.21,23.57,90.99,1.39,249233.6021
2439,354322.8696,1771.08,4,554.14,38.15,46.36,17.95,96.33,1.24,420047.3933
2440,317286.8387,876.47,1,506.68,43.73,73.26,5.1,85.25,0.73,273048.4946
2441,462670.0166,964.34,2,838.74,13.41,10.33,10.05,94.03,1.93,699737.3859
2442,294640.9241,1834.29,2,436.26,16.0,18.69,15.82,99.9,1.77,472926.1053
2443,687739.1966,1300.81,3,1173.01,3.26,121.61,23.36,90.91,1.75,773671.1855
2444,134264.7762,550.0,2,677.43,48.18,80.47,32.35,91.12,1.59,48931.77335
2445,250365.5653,789.29,3,21.86,40.62,125.7,47.92,93.86,2.01,137311.2103
2446,198442.2318,1242.05,3,515.67,52.13,81.49,12.72,90.69,1.15,203515.4756
2447,323014.2672,656.42,3,332.7,15.0,23.59,2.41,99.9,1.74,246597.724
2448,410816.4987,1877.32,1,419.72,33.74,7.47,18.95,86.71,0.88,375468.1759
2449,125356.8514,550.0,3,713.06,65.56,51.39,10.6,97.76,1.88,23432.68525
2450,434618.9425,1558.03,2,572.2,3.78,29.37,29.67,99.9,1.83,300588.8621
2451,348646.5274,727.67,1,487.09,41.64,9.55,8.94,98.65,1.23,249127.722
2452,223723.5155,680.49,2,568.21,24.67,71.73,0.43,89.1,1.62,141064.1893
2453,513018.4992,1551.81,2,171.86,23.05,10.07,11.65,90.13,1.45,354366.7788
2454,167211.8767,869.17,3,46.42,7.62,63.39,32.38,95.72,2.17,125982.1817
2455,122833.9709,739.23,2,583.95,38.27,46.92,31.78,93.8,1.36,81135.44737
2456,216027.484,950.3,2,668.11,5.14,103.62,15.61,97.38,2.65,210723.6302
2457,383782.12,772.35,2,1015.04,9.02,5.79,3.1,94.86,1.0,366202.5972
2458,107551.5454,550.0,3,762.56,41.02,104.51,43.62,88.6,1.9,18708.76597
2459,261593.4921,550.0,2,196.21,30.02,4.38,13.8,87.73,2.05,182241.1725
2460,204136.2372,842.88,3,448.5,4.54,127.47,18.28,91.26,1.65,139140.3468
2461,361173.5942,1115.03,3,662.48,34.01,10.23,6.12,99.9,2.2,353026.4342
2462,196234.218,1423.83,2,62.69,35.01,64.17,28.83,97.52,1.37,185449.727
2463,164053.6481,824.59,2,120.83,24.56,87.15,9.38,87.69,2.31,144729.8005
2464,212750.9135,1492.61,2,544.93,25.74,57.18,21.06,94.44,1.43,248286.9784
2465,128708.696,1046.69,1,295.67,38.9,68.29,13.83,84.96,1.9,54099.26787
2466,203789.1138,550.0,2,274.94,36.12,45.06,0.59,97.96,1.33,149754.6459
2467,396939.7508,1363.97,3,504.83,54.68,4.1,17.74,95.69,0.59,250639.9627
2468,148126.1958,983.26,1,206.33,24.37,50.91,31.04,94.04,1.84,177535.5475
2469,235796.2815,632.84,1,676.1,35.64,19.53,20.04,92.7,1.01,140640.6131
2470,472529.7265,1403.77,2,129.39,24.71,3.47,4.21,87.01,0.75,281741.1885
2471,426660.6039,842.83,2,470.72,3.32,20.9,17.48,96.68,0.8,472427.3284
2472,244504.4305,1055.65,2,592.62,10.01,33.73,28.99,96.72,1.13,122151.8688
2473,383024.0157,1569.31,3,1037.97,14.37,84.33,6.04,99.02,1.63,377066.0735
2474,221652.5832,556.8,1,963.36,13.49,35.93,14.03,96.3,0.57,114069.6882
2475,712252.1894,1080.83,3,779.97,78.38,34.1,13.19,99.9,1.43,416784.3935
2476,190524.11,864.67,4,893.85,50.87,40.38,18.33,99.9,0.93,195383.4664
2477,324048.5151,774.9,1,609.13,26.26,45.2,47.08,95.92,1.44,186578.5257
2478,107131.8222,550.0,2,780.34,44.25,78.83,19.04,97.08,2.07,19005.8778
2479,306771.0113,1351.0,2,40.8,60.26,44.75,8.75,97.39,1.27,543613.4152
2480,113820.1259,550.0,1,312.08,27.16,11.6,52.42,99.26,1.24,-1371.067355
2481,162320.7656,999.91,1,544.9,33.14,121.28,25.28,94.85,1.86,84936.43383
2482,150205.808,930.22,1,347.87,30.8,35.68,43.49,98.36,0.43,84151.19848
2483,494415.0555,1561.56,2,525.49,31.4,22.18,20.35,98.69,1.12,418967.0438
2484,190662.9313,747.84,2,692.21,39.76,114.59,47.56,82.72,1.42,176854.7575
2485,244039.7009,964.44,1,773.84,35.86,69.07,6.45,87.64,2.35,176649.1489
2486,178009.8491,1052.32,1,590.87,28.25,71.14,2.73,87.37,1.74,96500.23184
2487,271855.1818,1568.42,1,658.36,2.82,102.5,17.15,98.17,2.18,193929.785
2488,479621.8666,1303.74,3,119.26,6.59,10.86,5.02,88.59,1.64,551901.5948
2489,668295.4842,1835.01,2,842.08,33.75,40.01,36.46,95.01,1.53,635711.5379
2490,347770.319,753.72,3,164.54,21.25,41.83,7.48,87.58,0.71,353256.4808
2491,109291.8156,550.0,2,96.68,65.39,80.46,2.39,93.12,1.24,18290.21771
2493,263369.584,550.0,2,398.35,9.77,59.07,8.78,95.27,1.76,178287.176
2494,102478.8996,550.0,3,885.44,20.75,9.04,26.83,93.05,2.23,2581.502071
2496,281735.2741,637.46,3,301.25,39.37,25.37,2.28,96.53,1.37,320582.6899
2497,348533.4625,1021.58,4,568.03,39.76,41.01,25.35,90.09,2.15,261989.6402
2498,112541.3418,573.23,3,111.84,60.39,60.67,30.56,99.9,0.9,20920.30875
2499,153165.0037,725.59,1,927.04,10.32,4.09,37.36,92.48,2.59,58485.11093
2500,254639.4274,1350.43,2,717.58,0.68,79.91,7.76,91.63,1.84,358968.545
2501,104702.2639,550.0,2,225.57,46.01,83.14,13.07,96.21,0.44,25720.9692
2502,560800.3538,1201.17,2,533.44,25.32,102.24,22.76,92.05,0.89,340006.6616
2503,377964.1922,550.0,4,115.61,55.8,62.53,20.59,94.59,2.14,277952.8699
2504,115898.4252,1038.87,1,58.41,62.24,35.24,43.42,85.03,2.15,21337.85873
2505,371840.909,1554.09,3,120.13,23.59,25.24,5.5,93.81,1.37,651669.2054
2506,263783.8958,991.12,3,337.75,14.97,59.7,36.56,84.24,1.16,439363.528
2507,112889.549,813.44,1,83.54,57.88,46.58,2.1,89.92,0.85,45209.23347
2508,401829.2799,707.14,3,424.38,0.62,7.86,1.78,93.56,1.55,473817.8514
2509,365013.7557,1672.14,1,249.43,35.72,17.9,23.98,95.06,0.71,304605.4599
2510,374368.3765,550.0,2,267.23,27.71,54.0,18.65,97.25,2.38,381913.321
2511,109834.0198,834.66,1,422.04,31.59,86.36,12.31,99.9,1.55,18948.92783
2512,268381.7089,550.0,2,1160.63,10.75,16.87,25.09,96.82,1.74,267990.7192
2513,244009.9532,1178.57,3,366.6,56.68,96.47,17.77,91.28,1.97,224021.5703
2514,467746.1389,1207.69,2,782.23,56.71,51.99,0.17,98.26,1.32,312048.1651
2515,158795.2187,550.0,1,699.72,44.59,122.46,23.47,86.34,1.38,83057.33173
2516,336706.1569,1146.1,3,372.7,9.97,33.8,6.75,96.35,0.97,339590.2364
2517,152757.5791,550.0,1,293.15,22.66,94.31,42.5,92.68,1.52,74975.15547
2518,520564.0123,1478.31,3,384.55,28.23,74.89,8.07,88.83,1.15,412821.1163
2519,295526.5491,1658.09,2,1082.73,25.08,50.07,10.62,93.34,1.53,242201.1299
2520,423648.7103,1421.77,3,493.6,16.97,123.83,11.23,99.9,1.34,493405.6666
2522,94483.75069,550.0,2,307.65,7.86,77.08,10.05,97.98,1.44,-2565.913547
2523,139945.8921,550.0,1,176.41,43.13,42.89,30.68,93.5,2.34,47927.68987
2524,464400.5953,1392.18,1,608.2,52.33,4.04,1.95,89.92,0.09,401405.0373
2525,646806.3598,1797.71,4,517.93,40.12,16.94,25.35,97.42,1.75,827201.5172
2526,305321.266,1199.97,1,736.36,49.02,64.19,0.76,99.12,2.12,264475.0615
2527,195540.0416,1950.12,1,779.68,53.97,25.09,11.14,92.74,1.42,169342.6829
2528,221980.481,584.56,1,675.47,49.66,54.63,0.27,93.26,1.45,111172.5005
2529,548708.0646,1313.05,2,789.87,30.11,49.79,8.0,99.53,1.33,399639.294
2530,247500.2352,1504.65,4,699.89,54.47,52.02,11.65,99.0,0.61,312831.7573
2531,597377.9812,1447.61,4,986.6,57.51,111.62,8.25,92.04,1.53,539692.7321
2533,658930.854,2046.36,3,804.37,76.28,68.67,8.7,95.09,2.15,533111.8824
2534,201442.1326,999.91,2,664.88,19.29,40.81,0.47,99.9,0.77,309482.0603
2535,251297.1141,1417.6,2,368.56,40.21,29.63,1.1,96.22,1.54,298900.668
2536,294658.1949,1356.4,2,261.49,74.07,45.93,35.28,93.77,1.5,349515.0949
2538,335873.3856,1219.17,3,635.43,3.8,74.06,15.09,94.42,1.48,675981.0883
2539,339088.6206,682.53,3,873.23,37.13,48.83,13.8,96.48,2.01,286197.6503
2540,256951.685,850.9,2,166.22,6.79,33.24,36.58,98.72,1.04,144206.6268
2541,222127.8787,1014.24,2,812.13,24.35,137.59,29.73,99.9,1.33,219589.7655
2542,208805.3098,1496.1,1,759.92,4.99,104.36,11.38,99.0,1.01,223705.2143
2543,160035.8175,1092.71,2,576.81,52.48,98.29,13.52,95.3,1.58,100049.2766
2544,111788.6598,739.26,1,373.41,20.04,83.29,19.8,91.72,1.47,46646.71244
2545,151561.3852,700.38,1,563.56,28.13,116.62,12.74,99.9,1.96,91159.4719
2546,201849.2072,1100.88,1,388.99,37.59,0.52,24.68,92.86,2.06,220007.155
2547,262980.2794,720.92,3,713.3,47.08,110.21,17.24,88.9,1.41,165097.9751
2548,278877.4063,550.0,1,323.63,15.24,92.76,7.05,92.96,1.77,231678.805
2549,150194.7528,790.88,3,751.02,18.97,34.99,28.69,99.9,0.84,173038.2393
2550,201083.057,920.33,1,1027.77,42.05,31.85,49.89,88.62,2.16,114956.8779
2551,394191.4072,1040.56,1,81.47,8.89,32.37,12.19,99.9,0.79,463928.0959
2552,127451.1909,599.91,2,554.94,67.95,46.38,15.9,98.01,1.96,41006.29722
2553,253476.2673,1648.37,3,46.28,34.6,21.08,2.79,84.22,1.38,309157.129
2554,206009.2135,923.29,2,449.7,66.34,56.78,12.94,90.34,2.88,202993.6374
2555,261391.6292,550.0,1,680.1,56.39,37.3,51.01,90.54,2.18,239546.5162
2556,401205.3247,1418.41,2,883.36,35.01,35.32,20.71,91.19,1.28,302318.3693
2557,288465.6413,774.77,1,314.94,2.14,20.7,10.06,93.34,1.09,171732.6014
2558,242606.8395,1010.1,2,236.34,40.86,21.82,25.7,89.56,1.53,396962.9631
2559,745956.6345,1835.22,1,110.04,9.53,9.0,10.15,91.18,1.26,539982.7024
2560,283448.6809,1393.08,3,608.97,2.17,100.78,24.21,98.89,2.24,385477.3095
2561,541159.5156,550.0,2,116.38,18.99,84.7,0.15,87.68,1.19,396668.0242
2562,323049.1251,550.0,1,466.04,43.48,57.11,24.94,92.81,2.24,263072.4407
2563,180340.2414,550.0,2,960.96,46.99,81.66,32.42,92.64,2.05,115431.6352
2564,232294.7133,2013.34,2,634.88,26.82,101.36,37.07,90.25,1.12,227632.6904
2565,601020.8428,840.32,3,263.42,0.66,2.04,6.78,99.9,1.97,387298.0928
2566,102298.3893,550.0,1,655.02,40.78,4.37,6.6,92.35,1.75,-6004.653461
2567,524952.7752,1290.48,1,436.65,10.65,30.57,9.48,96.67,1.12,422199.1312
2568,413974.069,550.0,4,818.08,1.83,109.91,25.82,98.78,1.93,446630.7699
2569,162605.8875,690.37,1,685.37,8.53,117.74,22.2,96.37,1.22,91242.42816
2570,326000.9774,1491.94,3,417.7,52.34,31.86,37.18,86.79,1.79,475546.4477
2571,181325.5549,550.0,2,2.21,35.82,49.04,35.06,99.9,2.06,200913.5476
2572,301884.9593,855.57,2,628.18,20.32,90.0,15.39,99.9,1.48,253822.4023
2573,336931.2384,550.0,2,620.77,3.96,71.96,7.71,99.9,2.05,259650.6572
2574,622546.9995,1314.28,5,959.01,20.57,24.91,33.99,98.67,1.44,733192.082
2575,738479.0872,2080.79,3,670.35,5.92,41.65,52.51,99.14,1.25,724354.0835
2576,479896.9346,1292.24,5,456.37,34.81,15.27,2.56,93.15,1.28,584420.228
2577,124139.6177,687.49,3,79.42,18.56,40.11,13.11,85.92,0.67,24060.73397
2579,302975.6561,975.2,3,505.11,16.78,7.75,23.13,92.96,1.51,258077.3299
2580,317480.6157,1008.86,3,155.25,18.86,29.42,24.26,97.94,1.05,226257.1268
2581,401135.7425,1050.07,2,351.05,66.52,12.23,22.58,96.92,1.44,473953.8351
2582,317209.8854,995.87,3,108.22,39.62,7.32,24.54,94.75,1.69,206307.3224
2583,299562.5482,715.39,1,398.03,59.49,57.11,51.46,99.9,1.54,238108.644
2584,191999.5385,1004.32,3,493.74,50.91,72.78,25.3,91.29,0.8,250193.7114
2585,125222.8788,550.0,2,720.12,46.22,11.78,7.91,84.62,0.89,12815.10493
2586,736758.1445,1102.93,4,976.97,36.55,50.69,8.77,99.9,1.43,680922.3576
2588,528618.8707,1112.56,1,915.48,47.96,2.15,33.08,93.7,2.27,320931.846
2589,645131.9324,2233.04,3,603.29,10.99,67.79,5.5,99.9,1.81,598327.0592
2590,244824.7969,1360.15,3,301.75,26.9,21.62,11.47,91.24,1.58,328402.3993
2591,204414.5727,862.32,4,224.59,0.17,13.28,38.71,94.91,0.98,222800.7207
2592,344047.9713,550.0,1,818.94,69.62,13.36,13.56,96.94,1.69,246981.3679
2593,180729.6457,714.11,1,461.22,63.03,115.88,12.01,85.92,0.83,106271.6856
2594,321821.2618,1186.8,4,800.46,49.64,91.88,6.16,93.95,0.87,518743.0371
2595,171144.9269,679.22,2,804.42,34.8,39.2,27.36,94.98,2.43,167832.7834
2596,304321.73,1325.42,1,461.52,33.44,22.76,22.0,95.63,2.17,232076.8581
2597,165482.0594,1648.57,1,731.02,13.05,19.15,15.39,92.84,1.72,67865.64599
2598,377492.2962,1225.84,2,362.58,13.08,54.46,21.8,91.71,1.29,300368.3868
2599,182376.0913,777.03,1,434.55,19.61,48.98,29.88,95.83,2.21,105251.4034
2600,574448.2788,1165.23,4,494.61,36.77,29.1,17.26,99.9,1.42,438372.7294
2601,429835.6126,1082.47,4,428.3,3.82,4.91,0.14,97.6,1.08,657714.0226
2602,351781.2559,736.85,5,767.81,21.38,62.36,16.72,93.05,1.9,264272.6726
2603,507713.0163,550.0,2,449.56,2.26,44.63,19.49,99.9,1.67,411091.0311
2604,445000.4992,889.12,4,682.57,20.27,12.41,19.68,92.18,2.77,341024.821
2605,211071.0095,550.0,4,551.59,11.88,6.17,22.57,84.03,1.66,151572.89
2606,226476.069,602.49,1,489.82,19.38,27.12,28.91,99.9,0.98,181690.251
2607,572351.0022,1262.21,2,763.11,24.68,3.44,3.17,90.29,1.48,477867.2308
2608,400961.5153,1140.21,3,964.32,11.2,40.99,6.79,90.45,1.62,549372.3287
2609,212058.1,1536.77,1,1005.53,28.63,38.92,31.67,89.09,1.48,206312.7714
2610,309475.7389,550.0,3,922.02,56.39,16.53,4.51,85.38,1.18,346613.5874
2611,301226.0367,1007.39,3,454.78,5.77,14.3,3.85,97.89,1.8,257574.4029
2612,173003.994,650.11,2,289.51,54.51,59.94,10.25,91.52,1.73,227675.6407
2613,142731.7022,550.0,1,354.48,23.42,28.99,23.38,93.59,1.77,55711.50738
2614,757606.1064,927.68,3,542.23,38.64,60.05,15.72,95.36,0.42,544815.2332
2615,539724.7337,1285.87,3,510.23,38.81,4.55,23.0,95.45,1.69,448693.3186
2616,259072.1918,572.97,1,414.17,30.54,26.68,35.6,93.1,2.28,195136.5425
2617,272776.072,939.03,1,300.77,50.24,76.76,27.9,98.3,1.02,216114.4979
2618,293761.1775,1005.51,2,472.01,3.25,16.04,13.84,94.43,1.3,212059.8364
2619,105223.5852,550.0,2,62.64,63.69,63.64,27.59,82.41,1.43,7345.598134
2620,405318.1143,1200.48,1,626.2,25.45,51.72,6.59,90.58,1.38,402195.9733
2621,301583.5697,550.0,4,604.98,13.7,34.6,12.31,99.34,1.18,242740.1199
2622,373346.7227,1385.27,3,659.49,29.36,28.24,17.41,99.9,1.68,493769.4058
2623,182267.2939,1058.53,1,661.31,36.62,40.34,6.39,91.72,1.67,344027.0903
2624,257858.5181,1621.94,3,876.87,34.41,56.36,3.46,89.23,2.22,295616.5361
2625,361719.9913,814.22,2,956.76,4.04,8.55,7.13,99.79,0.96,383351.1708
2626,457562.5261,1761.42,2,1312.51,34.64,35.88,26.83,94.67,1.73,440984.7216
2627,461615.7067,806.9,4,364.67,47.38,21.13,17.57,92.67,1.05,635708.1972
2628,475149.7195,1004.72,3,263.69,18.06,25.98,4.14,89.61,2.31,626057.6199
2629,138602.8269,625.88,1,314.46,27.68,52.93,0.43,92.48,1.72,75169.08727
2630,347992.3326,1374.36,2,154.9,36.29,3.14,2.85,94.71,1.53,371169.8045
2631,334305.8683,998.35,1,633.07,6.78,57.18,32.4,89.86,0.88,235314.3907
2632,189457.1494,712.07,1,682.1,40.81,69.29,20.17,86.59,2.22,209713.4368
2633,416916.7072,1707.82,3,885.45,15.85,34.22,12.91,96.73,1.12,419777.7336
2634,651993.5077,1363.54,3,229.35,37.92,55.7,11.04,95.3,2.55,416041.3085
2636,223958.261,550.0,2,310.37,33.49,49.59,18.33,99.9,1.4,171259.3521
2637,115547.1564,550.0,2,90.87,26.54,26.72,10.95,99.26,0.88,22034.76737
2638,502542.4192,1312.76,4,814.86,5.97,43.85,4.17,99.9,1.45,664893.6273
2640,93244.66967,550.0,1,468.55,4.29,15.24,38.54,91.28,1.55,9369.4789
2641,267004.1506,655.08,2,1017.17,28.09,76.75,23.39,93.49,1.02,168531.204
2642,312897.756,1172.45,2,618.91,36.21,54.43,10.66,96.68,1.41,231800.3059
2643,204012.1474,1045.17,1,634.2,39.27,21.77,9.17,85.74,1.97,121570.4495
2644,150480.8039,663.49,2,455.37,16.97,66.77,27.23,98.3,0.81,113184.446
2645,260559.2202,1576.36,1,550.96,8.18,103.76,5.93,99.01,1.36,197228.382
2646,342763.2987,1345.29,2,1189.16,46.43,64.55,24.45,95.33,1.93,474184.5311
2647,431395.731,849.96,2,504.5,46.83,13.43,23.31,95.97,2.29,332330.7842
2648,481639.5277,1291.47,2,66.02,20.22,57.63,25.53,88.07,1.48,367865.6689
2649,270706.3769,1199.7,3,535.35,26.76,47.53,7.41,87.63,0.97,352485.5714
2650,283593.8331,1485.68,3,621.68,30.01,62.91,12.79,97.32,2.21,361800.4769
2651,270524.0295,727.07,3,590.45,16.43,25.67,24.85,97.96,1.62,223906.2748
2652,465816.6986,1417.61,2,91.86,25.98,97.97,8.72,89.59,1.68,453321.3222
2653,331247.0143,1441.86,1,864.27,40.12,63.92,15.05,97.8,1.6,237334.4133
2654,114524.9105,550.0,1,26.76,20.67,64.53,33.09,98.16,1.69,18891.78121
2655,690817.5719,1507.66,5,6.65,43.4,0.84,5.73,95.07,1.53,679566.0488
2656,630994.2869,1654.51,3,607.02,45.26,33.34,30.95,93.86,2.0,838599.1653
2657,454868.9924,1426.81,2,573.88,56.06,0.84,6.24,99.48,0.93,323736.1922
2658,193712.9455,1103.23,2,158.94,32.79,46.14,14.39,94.99,1.71,188981.5763
2659,157786.9365,689.33,3,710.52,32.73,67.73,24.27,92.5,2.08,143596.9474
2660,504143.4412,1508.17,3,550.37,11.22,46.01,11.28,97.25,0.94,394897.0588
2661,150330.041,1137.38,1,353.43,66.78,95.65,28.37,92.32,1.71,64330.62613
2662,175804.0395,550.0,1,345.76,28.49,22.6,32.8,84.97,1.57,127405.3785
2663,261979.9442,918.9,1,403.11,48.74,68.8,26.56,82.09,1.52,145333.4683
2664,387022.6954,1015.9,3,512.55,70.59,31.45,10.22,89.55,2.11,288913.3543
2665,303131.7829,838.01,2,528.53,39.56,3.25,9.94,93.58,0.73,207953.724
2666,331226.1443,1067.87,2,217.9,47.16,24.71,25.61,99.9,0.97,286818.114
2667,214175.3206,1098.04,1,734.54,31.86,52.24,2.07,91.29,2.01,191986.2025
2668,116804.9555,550.0,2,0.84,3.85,49.99,40.14,88.13,2.3,17720.7878
2669,303351.4472,1146.65,2,819.96,63.77,17.55,25.19,85.4,2.53,279358.9368
2670,344017.9281,1287.98,2,519.49,27.01,5.64,3.9,99.9,1.03,309520.0824
2671,228408.6537,1190.73,1,538.72,29.41,0.57,12.51,99.85,1.78,124020.0631
2672,483124.0778,958.49,5,484.08,31.51,45.18,19.78,98.96,1.01,577575.4605
2675,415232.6716,877.32,3,784.49,4.2,21.77,11.34,94.28,1.15,427085.5573
2677,592114.7018,1158.05,5,173.55,34.8,36.28,10.6,93.53,0.22,791340.6327
2678,201588.9212,550.0,2,118.39,40.76,39.43,19.43,95.96,1.38,153018.1354
2679,285677.2102,696.62,1,675.25,40.39,3.5,17.66,97.48,1.88,171184.1075
2680,187676.757,734.27,3,162.63,59.12,16.96,20.45,96.05,1.12,258496.6181
2681,543530.4933,2117.97,3,595.72,32.06,64.1,7.86,95.78,1.74,421200.9345
2682,468255.0969,1750.73,2,682.49,26.27,48.23,4.87,93.35,0.93,507162.5153
2683,255525.2587,1074.67,2,779.04,20.57,49.21,0.23,90.12,1.36,186565.6936
2684,248188.2014,550.0,1,189.29,10.67,77.62,7.42,87.8,2.61,180738.0461
2685,332640.5204,981.69,3,519.5,27.1,94.85,6.18,98.63,1.87,215091.3302
2686,157550.5442,849.06,1,31.41,46.06,47.77,2.22,87.56,1.05,243261.6328
2687,497794.5131,1411.82,1,805.63,53.04,19.78,7.49,89.49,1.31,284083.9271
2688,196117.0289,588.25,2,253.35,4.08,56.31,9.54,90.48,1.42,223730.4531
2689,187035.2859,1233.61,1,871.0,28.97,60.94,40.73,94.55,1.03,145844.9039
2690,202973.6518,1173.33,1,528.74,9.73,22.25,3.03,89.81,1.12,232790.0802
2691,548095.1998,1189.28,2,189.52,21.64,49.63,5.55,97.73,2.48,447804.7348
2692,316639.2276,708.42,3,318.42,47.05,12.94,18.67,98.52,1.24,367439.6505
2693,203826.3253,646.73,1,213.15,34.81,19.34,38.04,88.3,1.63,145694.3769
2694,155927.1016,550.0,1,201.22,52.54,81.68,19.79,89.04,1.97,146827.1836
2695,215961.4266,550.0,2,485.29,26.61,12.96,14.54,87.12,1.38,209801.5256
2696,172292.0926,635.14,1,348.47,34.49,4.91,23.88,96.15,1.37,101566.3019
2697,246222.2364,911.59,1,289.95,15.46,69.3,2.57,85.69,1.17,193927.5632
2698,144090.8028,550.0,3,299.09,64.47,4.7,14.51,99.9,1.42,135338.4399
2699,299895.4757,1410.81,2,373.51,7.18,63.51,0.19,94.5,1.38,234377.5537
2700,270014.2551,909.16,4,707.07,44.32,40.09,25.92,83.2,1.93,483317.3027
2701,267429.0804,840.12,2,1152.0,2.29,8.19,25.36,99.87,2.96,273332.3184
2702,389326.1707,1484.56,2,393.27,8.45,76.69,12.25,93.59,1.3,244088.006
2703,233132.906,1044.95,2,1041.04,44.45,17.26,14.58,98.07,1.04,402650.454
2704,204444.2675,550.0,2,710.52,43.63,67.01,27.19,85.83,1.05,122271.0407
2705,421852.2768,1584.58,3,536.1,15.3,18.74,3.11,86.05,1.32,728401.0235
2706,96972.44843,550.0,1,365.58,0.61,53.64,27.4,97.92,1.4,1121.297133
2707,296401.8311,698.85,3,442.14,58.23,54.88,23.78,92.62,0.94,288821.5017
2708,220143.6872,1335.59,2,566.17,36.23,5.54,31.97,97.01,1.27,224453.3926
2710,239730.0695,1403.92,2,689.47,17.79,11.29,3.18,94.38,1.58,271038.2618
2711,190205.9094,822.88,3,99.71,57.6,20.16,12.25,90.68,1.98,158326.2082
2712,244632.1739,550.0,1,343.13,14.55,116.43,29.31,93.82,1.14,165158.522
2713,249963.3173,870.2,1,287.22,37.28,104.82,25.96,92.34,1.79,134464.5999
2714,194669.4038,550.0,2,477.22,61.35,53.4,17.55,94.43,1.81,136795.0275
2715,256568.1022,1139.35,1,237.25,69.01,29.59,3.13,95.93,2.08,142218.8048
2716,256372.5145,902.24,2,350.81,43.67,42.79,12.37,92.75,1.72,301239.1027
2717,225568.9205,586.83,4,479.31,9.61,68.5,11.63,96.87,2.44,476838.5556
2718,208855.8316,1060.69,3,383.62,65.99,24.69,8.8,85.0,1.41,242828.0648
2719,523778.007,1443.95,4,855.02,48.82,83.55,34.74,85.34,1.1,631379.7313
2720,238164.0926,742.88,4,167.55,8.13,59.97,6.93,93.73,0.6,287349.1022
2721,309724.8098,1432.99,3,292.24,3.2,42.01,3.46,99.34,1.73,360228.8941
2722,343211.2567,695.85,3,1058.78,22.0,23.15,5.18,98.97,1.54,312570.8333
2723,181878.1121,803.66,1,483.69,37.51,8.61,30.32,94.43,1.39,130449.5849
2724,153088.6481,796.16,1,319.94,62.82,15.28,31.1,92.65,1.33,44877.30732
2725,323956.1211,1067.19,3,186.29,53.0,43.61,9.85,98.48,2.1,220842.5457
2726,306739.1784,1857.6,1,451.37,37.19,18.55,27.19,97.58,1.83,184553.6764
2727,146907.4989,837.14,1,591.95,37.98,27.55,33.47,94.23,0.95,86593.78091
2728,655655.4963,1410.69,3,798.17,30.22,101.07,36.15,93.5,1.71,470612.8211
2729,140764.7725,550.0,1,250.61,62.52,33.42,22.33,92.67,0.98,59904.1404
2730,306219.2514,769.33,2,294.5,58.99,26.16,29.32,96.28,1.09,155473.9105
2731,364331.1886,1633.79,3,507.09,9.67,49.99,6.88,99.9,1.28,454177.2422
2732,330874.5842,707.95,4,1040.66,10.21,15.09,43.84,99.9,1.38,411892.3406
2733,165098.0202,1577.81,1,618.09,1.42,68.83,1.4,94.1,2.18,86606.42365
2734,314074.2013,984.21,3,120.1,49.07,81.28,33.98,90.17,1.86,227862.2101
2736,212646.0281,1241.82,1,352.69,23.26,104.92,8.72,95.16,2.34,201159.4678
2737,334113.5332,550.0,2,339.7,5.16,3.79,9.4,92.72,1.49,190443.9214
2738,314011.1561,1574.12,1,342.59,11.23,29.54,10.12,99.9,1.47,312060.9045
2739,178507.514,1373.52,1,243.99,40.27,37.42,16.62,90.89,1.71,235284.6693
2740,633745.5071,1992.7,4,761.17,40.6,30.25,15.69,93.29,1.37,713021.6051
2741,173949.9365,1332.33,1,712.34,30.33,18.47,3.48,95.2,1.37,149228.4176
2742,252241.3202,550.0,3,1114.88,28.43,36.54,20.45,96.13,1.06,179964.9849
2743,119789.4769,550.0,1,47.13,52.34,6.51,3.06,87.83,1.64,36642.59771
2744,358206.1419,1230.8,3,808.78,31.3,44.78,13.14,89.02,1.79,300361.3558
2745,415698.1237,869.91,1,99.09,7.45,60.35,28.28,98.79,1.19,609737.7688
2746,354727.908,1471.13,2,516.65,27.6,26.46,6.22,89.99,1.22,462633.3367
2747,174607.7591,550.0,3,402.61,63.25,119.05,37.86,93.91,2.15,121914.7166
2748,328886.6243,1522.4,2,247.56,13.5,26.49,20.21,98.15,1.26,293880.5894
2749,170641.265,1578.36,2,25.03,68.22,66.93,0.38,88.98,1.79,140307.0887
2750,358135.5706,1150.13,3,112.35,5.1,56.49,9.46,99.9,1.3,285602.9024
2751,386431.0385,805.83,3,102.44,32.2,0.5,19.11,96.6,1.43,354845.6946
2752,386724.8723,1084.97,4,730.03,58.38,61.15,26.1,94.97,1.17,564549.043
2754,117803.0106,579.94,1,218.13,34.63,13.91,19.74,94.2,1.4,21869.13884
2755,255488.3252,1313.46,2,437.19,29.65,26.6,3.18,90.04,1.33,253150.9941
2756,680753.3382,1652.65,3,876.22,55.78,80.3,1.24,80.61,0.81,478164.2895
2757,194777.6616,550.0,2,422.57,31.04,70.56,17.48,92.86,2.4,123785.6123
2759,348528.6559,816.72,1,713.46,18.06,26.89,9.37,90.24,1.63,372846.8507
2760,305869.2898,2027.73,2,468.29,0.98,46.27,30.58,90.72,1.9,417510.9901
2761,397238.4498,1653.32,2,294.97,52.73,61.87,22.17,90.55,1.47,329628.8688
2762,532866.3387,930.27,3,662.21,24.97,37.75,19.37,99.9,1.04,561212.0656
2763,376634.7659,550.0,2,445.65,22.81,42.79,8.33,95.27,0.89,320513.2967
2764,174330.6463,1236.71,1,1065.99,57.0,81.64,17.56,91.71,1.49,148065.8613
2765,257123.6481,550.0,2,1047.11,44.9,11.89,30.43,96.61,2.2,196153.7507
2766,106891.317,937.62,1,860.75,41.36,68.24,27.95,96.29,2.18,10745.49194
2767,460878.5145,826.87,3,578.59,1.75,16.14,31.39,96.75,1.51,271890.3708
2768,222574.6101,550.0,2,671.15,48.57,72.3,9.48,92.49,1.11,281075.2646
2769,163205.7631,839.39,1,426.97,25.97,67.81,28.17,94.49,1.48,157712.7006
2770,138736.0991,1182.5,1,456.78,35.23,39.73,31.3,95.51,1.52,79471.8968
2771,726744.0329,1878.22,5,697.57,4.85,62.37,9.44,94.03,1.73,813276.7068
2772,654180.6485,1460.44,3,169.38,35.64,61.51,2.86,89.93,1.07,412197.5262
2773,229519.262,1509.02,1,197.52,15.76,5.73,9.82,96.17,1.35,292033.7214
2774,196839.3153,583.36,1,594.34,24.75,17.71,24.1,92.64,1.3,110172.4271
2775,99325.70034,796.75,2,490.35,61.69,49.0,2.66,88.45,1.13,16380.76807
2776,449874.4741,1381.99,3,401.84,58.52,18.78,19.93,88.59,1.96,469822.4241
2777,450706.0897,1035.3,4,501.63,49.55,25.39,21.03,91.68,0.42,413299.3749
2778,429260.2981,1260.05,4,833.29,30.0,50.32,35.26,90.47,1.55,315511.5774
2779,176736.1332,676.7,1,794.02,28.51,14.22,23.98,97.37,2.48,96257.27616
2780,351914.018,1520.43,3,659.84,37.87,19.06,18.03,99.9,0.93,654701.6367
2781,184345.9638,955.54,1,499.79,30.07,10.83,12.74,88.35,1.5,126517.4866
2782,260356.7383,1139.91,1,256.02,20.86,106.9,29.96,93.6,1.12,174467.6482
2783,228686.6121,1176.33,3,574.0,6.05,12.52,13.88,87.44,1.2,264084.9694
2784,266952.8137,550.0,1,643.85,9.24,61.05,2.72,95.47,1.52,176432.7322
2785,234979.2686,1581.77,2,847.84,22.96,38.8,19.05,96.94,1.6,344310.3892
2786,365678.5358,770.63,3,646.07,29.63,21.15,19.75,92.74,1.18,311082.4366
2787,106958.5657,668.91,2,701.99,30.27,43.74,31.11,99.9,1.52,9386.799631
2788,448702.2285,1010.79,3,387.45,23.3,84.68,16.65,94.29,1.31,361783.19
2789,178847.5692,905.66,1,1061.04,29.67,70.01,16.1,99.9,1.35,108379.2727
2790,312188.8318,550.0,3,27.0,2.59,11.67,2.95,99.9,1.83,173352.8089
2791,325744.8575,550.0,3,416.56,10.68,66.36,15.04,91.44,1.27,281499.3123
2792,131037.3002,550.0,1,113.08,18.03,72.38,28.31,93.63,1.14,46733.01365
2793,124464.1959,755.67,1,591.11,77.3,90.9,39.26,90.72,1.99,62735.87829
2794,301953.5935,1411.35,1,536.63,46.86,46.74,39.78,97.16,1.46,247314.3062
2795,116963.4581,550.0,2,399.1,17.64,56.52,17.41,99.9,1.13,56196.92906
2797,436761.9441,1038.38,1,772.65,9.44,1.75,27.76,87.43,0.8,459321.4361
2798,340097.7088,821.19,2,461.33,59.45,25.26,21.59,99.16,2.28,537268.06
2799,304631.685,696.5,3,681.04,32.57,32.07,9.61,88.69,1.82,348814.7384
2800,342368.1851,843.07,1,479.18,16.36,6.4,2.38,92.7,1.17,295135.8578
2801,90122.38554,550.0,1,193.11,42.44,47.25,25.01,99.9,1.88,2355.295886
2802,143643.5966,550.0,1,527.51,15.49,60.51,2.96,94.29,1.51,83469.89377
2803,274124.9918,1403.53,4,1128.16,36.97,11.09,18.07,92.95,0.81,315457.2166
2804,264959.3866,1053.69,1,313.56,19.43,45.34,24.81,85.75,0.59,211702.7004
2805,311390.3588,1201.92,1,546.82,30.9,63.92,14.42,94.75,0.85,178241.7938
2806,126350.2557,550.0,1,540.45,21.68,66.46,42.24,89.74,2.59,65723.11262
2807,615051.4825,1735.95,4,1103.33,7.99,69.93,19.99,91.61,1.2,708378.4708
2808,107538.0376,671.51,1,325.08,31.88,15.21,13.73,95.14,1.55,12513.75577
2809,246115.9006,1431.88,2,377.05,32.23,24.06,19.5,99.45,2.12,328960.1149
2810,570597.1907,1325.57,3,793.98,2.07,51.99,24.83,99.9,1.63,537940.8121
2811,699531.7831,1547.53,2,455.17,24.62,15.39,10.86,96.96,1.86,468310.7527
2812,419123.8418,1025.38,2,624.94,19.95,26.39,3.32,99.52,1.17,672945.6715
2813,338005.573,1083.43,4,514.85,36.18,20.74,12.59,91.29,2.25,433425.1689
2814,189418.2463,810.55,1,480.0,64.28,19.0,3.55,89.87,0.79,155395.991
2815,229985.76,1010.28,2,158.03,54.34,105.2,11.48,97.41,1.82,301575.4544
2816,374107.3985,1883.16,3,84.5,10.83,48.97,4.14,98.74,1.78,473083.472
2817,218988.0487,550.0,3,899.21,4.96,7.26,11.16,95.25,1.36,227060.8728
2818,205578.4196,550.0,2,508.69,6.92,11.45,6.85,94.06,2.11,158057.8145
2819,102367.7436,550.0,1,677.67,40.06,1.59,2.06,94.5,2.02,7666.795315
2820,155192.2549,550.0,1,224.19,7.13,58.18,23.58,99.9,1.61,71522.87281
2821,222700.0343,898.42,3,753.79,30.12,56.46,14.5,93.59,1.65,120748.8991
2822,94893.72949,550.0,2,375.04,3.77,93.77,38.86,99.9,1.79,3846.07159
2823,346701.7911,550.0,3,1101.59,8.8,45.26,1.29,98.7,1.44,268055.7881
2824,317686.7158,1552.76,3,781.32,36.57,6.2,4.56,89.28,1.27,496563.707
2825,348826.7801,1254.64,4,483.97,10.07,22.78,16.21,94.79,1.08,349963.7862
2826,106447.0001,728.28,1,502.84,61.14,36.32,24.5,83.88,1.62,12965.57583
2827,217832.0938,643.37,2,1345.94,11.71,53.61,2.94,95.24,1.5,199854.797
2828,488872.2089,1383.97,1,392.49,25.34,39.92,8.43,94.59,1.23,402379.1309
2829,144184.616,1046.72,1,365.58,7.37,14.15,14.2,97.97,1.73,36218.50627
2830,262443.4691,1246.79,3,691.6,11.05,55.47,20.67,88.28,0.91,322225.9883
2831,281655.736,550.0,3,1103.13,33.7,39.97,1.25,94.73,1.98,310980.7771
2832,343937.572,813.95,1,923.03,52.5,18.46,5.62,95.14,1.06,243267.6447
2833,448231.5409,1588.03,2,124.47,5.1,32.94,10.23,99.9,1.71,522687.9463
2834,138631.8265,550.0,1,523.87,39.89,42.89,34.1,89.73,2.48,86111.38938
2835,179974.6589,550.0,1,362.85,22.98,86.2,22.53,92.35,1.37,71190.4955
2836,739816.9259,2097.51,4,882.41,18.33,7.47,24.52,99.9,1.0,595778.2723
2837,306129.5946,1312.27,4,683.85,28.05,86.38,3.18,95.61,1.53,479908.5729
2838,106891.5287,811.98,2,322.37,57.14,96.55,43.08,88.89,1.45,28865.00638
2839,120748.6048,1099.81,1,460.05,74.47,75.03,36.64,84.68,1.3,40064.22981
2840,617207.559,1001.8,2,904.57,23.34,58.05,4.44,92.17,0.64,712913.11
2841,127865.655,1066.43,1,578.71,48.55,57.38,16.85,86.07,2.32,36725.76831
2842,450177.8117,1624.02,2,347.64,9.1,67.38,15.4,90.63,2.21,430769.0248
2843,198941.9264,550.0,3,599.79,21.65,25.0,10.93,96.88,1.72,282313.2595
2844,161114.81,575.15,1,119.17,11.85,79.76,30.05,90.08,1.79,111407.2365
2846,385895.941,1484.12,1,575.78,54.78,51.19,5.03,97.42,0.42,662979.0623
2847,123495.4622,598.21,1,433.83,49.93,10.66,8.89,93.02,1.62,67913.49848
2848,150876.3169,723.76,1,503.45,20.68,35.17,2.55,85.87,1.27,110151.335
2849,404300.6422,1479.88,1,732.06,27.75,48.64,2.82,90.55,2.3,433972.6782
2850,373249.1694,1352.22,3,180.84,0.63,91.29,15.8,99.7,0.96,715206.9031
2851,273769.0828,1473.2,4,323.36,31.79,54.82,25.87,84.95,2.1,460532.137
2852,428899.4386,1756.7,1,620.18,19.94,17.55,33.2,90.68,1.77,359672.6264
2853,206403.4237,871.35,2,251.26,24.27,18.33,21.29,87.48,1.92,222862.5135
2854,189604.2308,550.0,2,84.42,18.1,106.41,13.94,95.77,1.19,105826.265
2855,341148.4504,833.44,2,80.76,51.76,47.19,6.16,99.9,1.52,209517.8884
2856,403001.0933,1496.53,1,249.92,17.41,12.95,28.46,87.78,1.73,456520.3289
2857,280797.6486,594.02,2,673.19,31.53,71.99,6.3,93.7,1.29,281893.7416
2858,253793.309,786.83,1,459.72,33.12,65.18,8.71,99.33,0.63,342677.9211
2859,465002.1668,2191.53,2,721.93,41.0,28.38,4.0,87.49,0.75,754514.7105
2860,200841.3064,772.84,3,229.62,25.83,28.95,3.95,95.98,1.29,279635.3441
2861,475262.5456,550.0,3,759.08,30.7,21.15,11.49,98.11,1.72,367842.3079
2862,407852.18,1489.29,3,489.36,21.6,40.28,6.9,99.9,0.71,574896.4722
2863,394669.1087,1418.84,1,310.79,29.19,46.61,11.34,99.9,0.59,307872.0789
2864,144202.7392,554.35,1,198.32,31.51,80.3,8.17,85.1,1.34,47422.38379
2865,265923.2631,550.0,3,529.51,19.67,41.96,18.37,94.63,1.03,344325.6382
2866,432917.1193,1198.23,2,570.11,31.39,36.2,13.0,85.63,1.01,338412.9055
2867,446784.2967,1591.04,3,437.0,33.29,59.34,4.36,88.13,1.83,376414.6831
2868,225552.1553,550.0,1,324.23,49.83,70.19,15.66,96.02,1.76,371648.4558
2869,267710.7195,839.71,3,269.22,41.28,67.7,19.54,93.58,0.95,363926.4712
2870,328246.596,1546.52,2,1163.94,39.93,50.75,4.53,92.57,1.43,390662.0639
2871,463631.9513,1275.86,1,509.48,32.84,27.2,11.97,99.52,1.78,315186.6074
2872,446973.9053,1885.58,3,11.95,2.94,10.71,23.91,88.08,1.56,369071.5378
2873,461624.9916,1227.87,4,687.69,4.82,67.44,12.36,98.39,0.82,735828.2472
2874,215967.2741,769.45,3,89.63,30.9,44.19,18.28,99.09,2.44,269591.7671
2875,443389.278,1236.55,2,305.73,41.27,87.29,5.26,96.03,2.26,315676.3607
2876,346110.3843,550.0,3,933.51,49.59,31.22,29.38,97.54,1.79,386350.5862
2877,482633.7756,1517.06,4,358.89,54.34,34.09,4.52,99.9,2.19,487666.5675
2878,290268.5031,1608.32,2,1111.4,32.16,32.37,14.37,93.45,1.53,292657.6862
2879,243713.4611,1584.32,1,757.21,5.91,86.52,6.41,94.79,1.58,267225.486
2880,212593.3699,978.82,1,703.47,33.69,51.73,32.63,86.1,1.05,172592.5019
2881,485272.1414,1909.91,2,624.88,23.62,57.97,20.02,98.82,2.09,503804.0208
2882,152559.657,550.0,2,673.05,67.54,41.63,27.28,95.11,2.46,128460.8517
2883,236450.6019,748.14,2,969.1,1.62,58.3,16.81,94.48,1.1,392855.7009
2884,417529.2981,1382.19,3,1072.57,28.28,124.68,9.48,93.63,2.69,563750.7157
2885,307601.6817,970.38,3,240.92,24.6,87.23,16.58,91.83,1.22,396735.0564
2886,301554.775,746.96,3,335.93,26.65,17.1,5.4,87.14,1.86,268979.6668
2887,137956.9998,1006.91,2,850.51,44.09,29.67,22.23,97.67,1.73,104903.9468
2888,190469.5938,550.0,1,204.36,19.66,106.36,39.3,93.27,1.72,268341.7004
2889,124554.5337,559.33,1,621.67,10.67,56.91,7.56,93.24,2.06,51820.27572
2890,197945.8787,550.0,2,86.53,4.72,39.72,13.23,89.07,1.94,213648.6523
2891,122427.5754,617.7,3,207.87,43.92,67.16,22.0,89.72,2.22,31268.77384
2893,559270.6017,927.23,3,675.93,16.65,31.76,6.73,95.29,1.42,716620.3418
2894,204548.7601,1191.08,2,988.35,65.89,38.99,26.4,91.77,1.49,137393.083
2895,484526.5342,1682.91,2,362.53,8.53,99.33,8.77,90.74,1.38,364045.8181
2896,403181.998,859.22,3,933.22,32.85,28.73,0.68,98.04,2.14,307951.4
2897,207302.7121,550.0,1,201.94,54.91,89.17,1.68,87.81,1.26,104889.4103
2898,562084.7515,915.54,3,641.04,13.59,3.98,13.75,88.11,1.39,451581.8526
2899,277499.6342,1401.47,2,762.11,23.41,80.21,12.3,98.99,1.68,166669.7572
2900,257617.8489,896.2,1,944.12,49.62,96.11,8.45,99.9,1.34,142914.8129
2901,361972.9183,1044.36,1,604.53,44.41,37.46,9.71,91.29,1.04,253054.2148
2902,215596.0861,555.88,2,655.24,19.56,53.66,2.37,91.44,1.39,125344.274
2903,409661.7901,1427.49,2,655.98,8.02,43.87,11.41,96.88,1.04,409973.977
2904,182751.0539,1245.26,2,116.53,51.9,69.73,1.5,91.22,2.29,89342.32242
2905,435836.4462,839.29,1,787.77,20.54,69.04,36.28,92.94,0.53,406615.1874
2906,164642.1452,1126.81,2,572.81,8.75,116.33,1.9,88.63,1.45,100778.1371
2907,232326.4253,550.0,2,331.95,29.97,60.27,16.33,88.98,1.05,142701.7764
2908,135470.4414,550.0,1,172.4,18.49,38.54,9.04,96.97,1.14,27963.28451
2909,384736.5234,1411.68,3,607.98,0.74,39.58,28.64,88.41,1.46,650109.2547
2910,418375.5412,1463.53,2,810.13,31.02,55.85,10.79,88.99,0.9,359181.5114
2911,257115.8606,798.52,2,402.75,39.07,77.18,2.67,88.7,1.8,154060.5359
2913,135155.6964,628.62,1,149.27,39.59,43.09,12.47,87.0,2.03,29182.23155
2914,269638.2659,550.0,2,626.52,18.89,62.49,17.54,90.36,1.78,188343.3958
2915,272814.9877,550.0,2,259.82,52.52,124.21,51.27,92.94,1.99,208000.613
2916,312772.7632,2073.56,2,658.55,42.09,2.51,11.71,93.44,1.29,468856.5017
2917,197180.0,1109.85,2,265.66,21.7,46.62,8.9,94.68,0.92,188736.5767
2918,406174.3374,1703.4,2,9.33,63.64,29.32,14.54,91.14,0.82,427744.31
2919,464838.8622,1087.46,1,700.07,44.97,85.13,8.04,96.55,1.89,307985.2589
2920,121473.7397,587.41,1,526.89,34.83,25.71,1.7,85.73,1.91,51006.49428
2921,488321.9791,1941.44,2,28.23,39.35,3.18,6.73,98.42,1.18,445847.912
2922,363773.783,985.05,2,724.3,59.09,40.17,16.39,95.04,1.52,345055.5344
2923,234106.633,1408.17,1,104.69,51.51,11.51,0.21,99.67,2.08,153802.9374
2924,144597.1668,550.0,1,287.23,7.63,69.53,6.34,85.79,2.5,76381.29324
2925,298752.8523,1062.4,3,613.88,49.0,38.73,9.35,99.9,1.16,272358.6439
2926,136278.2019,1127.11,1,409.98,22.18,19.86,48.02,93.33,2.13,63592.82006
2927,161470.8323,550.0,2,520.05,36.28,57.42,26.9,95.08,1.31,192472.5039
2928,465801.9712,645.31,4,554.56,39.0,26.36,5.85,90.34,1.34,429435.9439
2929,207975.2291,558.0,1,337.52,48.05,27.03,12.17,91.75,1.15,89792.28295
2930,495983.2214,767.25,1,25.4,21.67,56.11,18.14,94.33,1.98,388230.8962
2931,150525.8601,975.64,1,203.37,21.57,92.24,20.41,97.63,2.48,64889.26869
2932,245731.7371,1188.92,4,835.27,23.92,71.35,22.24,89.93,2.05,278108.4628
2933,332929.6403,932.28,1,432.85,42.17,125.96,7.04,90.84,1.78,296122.4508
2934,489802.9489,1039.35,2,650.54,8.56,10.92,4.75,86.62,1.33,387538.7079
2936,460767.3315,1303.39,1,11.32,32.55,46.47,21.42,97.04,1.22,314885.0051
2937,383769.6262,1765.4,2,253.74,40.56,49.43,17.42,99.9,2.33,380183.9376
2938,205791.8109,781.03,2,311.18,31.48,124.24,6.38,88.7,2.46,128072.156
2939,633126.1762,1575.45,2,418.74,20.99,15.33,13.63,87.91,0.99,562966.6891
2940,539096.1489,1551.28,3,443.14,47.68,3.39,6.16,94.93,2.18,396006.4445
2941,260609.8094,1161.75,1,927.64,16.95,101.8,8.48,89.06,1.09,387123.6983
2942,583594.3052,550.0,4,656.65,20.3,54.93,18.14,95.13,1.41,429132.6764
2943,354263.9805,661.87,3,752.58,44.14,26.02,17.95,98.94,0.45,379490.2825
2944,131566.7884,1495.69,3,406.98,19.53,21.81,8.32,83.2,1.43,49263.7373
2945,261807.1939,1954.21,1,25.96,54.84,32.93,1.07,88.23,1.51,264237.169
2946,210775.7641,1413.7,2,148.98,18.53,106.46,2.74,99.8,2.15,275282.2881
2948,223006.9687,778.31,3,291.42,21.93,130.6,40.16,92.88,1.87,214773.8992
2949,281771.1895,1534.65,1,1016.86,31.14,41.16,9.93,96.3,1.82,251874.8245
2950,314442.0345,1538.81,5,624.72,17.4,42.38,13.5,96.73,1.55,440634.7062
2951,413218.8644,850.67,3,356.65,43.89,68.68,0.37,94.9,1.23,311922.8868
2952,304735.3154,1197.9,3,617.49,41.0,93.99,31.18,92.84,1.85,208651.7175
2953,234171.1958,550.0,3,692.51,46.01,31.68,18.58,96.22,0.7,219823.9723
2954,297271.0176,862.47,2,443.15,39.0,46.08,22.67,89.95,2.03,369756.7116
2955,292651.1657,587.88,4,421.5,47.85,65.7,8.49,90.19,2.25,301890.1958
2956,260961.0197,982.34,1,94.79,17.67,16.18,9.03,96.13,1.84,179230.0974
2957,243698.2698,930.25,2,755.24,51.56,46.67,2.46,96.43,1.73,321654.8021
2958,397648.5235,1442.57,2,305.96,24.7,8.56,16.9,88.1,1.26,409600.1429
2959,371438.5382,550.0,2,262.5,66.56,13.19,22.56,96.38,1.25,210191.7816
2960,377092.29,550.0,2,190.27,59.38,32.31,1.09,97.83,1.25,472388.0923
2962,280494.9248,1195.22,2,914.73,43.56,12.18,24.26,93.12,2.19,332149.9444
2963,629971.2026,1545.13,4,163.93,55.25,24.35,25.07,98.78,0.98,679568.774
2964,419226.7295,1126.88,2,815.71,13.18,66.91,41.22,99.9,1.27,284735.4916
2965,294473.2071,1701.13,1,802.55,46.04,19.85,20.53,99.9,1.57,408506.9672
2966,169757.4294,1090.98,1,299.44,66.22,16.03,2.61,95.28,2.12,166556.5777
2967,748786.0898,1134.63,3,658.33,8.53,32.34,6.18,89.62,0.27,485899.161
2968,384306.2272,1856.44,2,309.01,29.04,23.68,18.85,95.96,0.98,314891.9608
2969,209444.539,1018.85,2,340.4,27.25,74.12,28.91,89.68,2.33,457585.2415
2971,501365.3676,944.48,4,360.88,37.29,6.06,6.72,99.9,1.44,450935.4829
2972,136578.7197,988.14,1,377.72,32.52,41.47,27.49,92.82,2.01,73567.76736
2973,301419.9178,873.55,1,481.13,60.73,10.23,12.46,96.94,1.76,377162.1303
2974,182090.5999,591.9,2,790.45,50.95,99.3,38.11,99.37,2.47,66145.70859
2975,315149.8746,846.32,1,411.26,50.98,16.75,0.44,93.25,1.26,221033.9943
2976,191370.9394,997.36,1,1315.33,24.39,6.16,15.9,87.17,1.47,142396.856
2977,307138.8735,1005.4,3,382.25,2.75,90.73,3.22,86.84,1.14,168211.8473
2978,240045.8232,1276.99,1,460.49,17.49,32.18,2.96,98.23,1.35,279994.6704
2979,175701.0941,1128.16,2,931.8,26.82,14.14,15.49,96.98,1.16,279164.2982
2980,297070.034,856.67,4,669.49,34.59,104.25,9.06,97.56,1.54,216107.0988
2981,473247.4614,588.25,3,654.63,47.94,48.41,9.02,88.71,1.44,468549.4808
2982,293998.622,1063.0,3,224.74,57.09,68.02,6.99,88.11,1.7,400619.3137
2983,144546.0256,550.0,2,773.12,29.87,43.71,34.19,92.26,2.5,106977.6882
2984,165582.9574,550.0,2,177.15,66.35,43.84,9.31,86.44,0.96,68718.62172
2985,215617.7792,707.78,1,892.92,51.71,73.75,34.67,92.82,0.99,138558.9306
2987,518804.1995,1218.77,3,60.66,26.54,32.93,3.14,99.9,1.8,555419.4024
2988,257273.9223,924.7,1,918.36,34.02,82.47,1.9,88.95,1.6,187464.9641
2989,326446.5612,550.0,2,452.68,15.59,4.33,26.27,86.83,2.22,204650.7395
2990,340481.7284,1198.32,4,718.68,19.87,41.05,23.14,99.58,1.93,744935.5279
2991,150126.3934,1002.82,1,1139.61,10.88,71.4,19.99,96.57,1.73,187160.2691
2992,245724.4255,1047.13,3,553.82,31.57,39.57,11.99,87.92,1.52,305937.3969
2993,340979.9018,661.11,3,400.51,44.34,13.16,13.2,92.13,0.36,289175.2005
2994,155146.8993,639.37,1,524.67,35.1,79.57,5.41,90.67,2.25,145224.4303
2995,186837.4162,935.59,1,503.71,9.22,53.96,30.0,90.2,0.81,92049.49111
2996,257575.6003,823.51,3,860.47,25.85,55.39,49.65,99.9,1.46,324235.4549
2997,259052.416,1068.51,3,342.5,25.81,43.24,30.31,98.36,1.02,230827.4612
2998,172082.2746,1253.45,2,670.26,21.08,108.57,17.58,96.23,1.48,142577.3832
2999,98930.37526,740.05,1,400.04,43.7,53.38,26.24,98.08,1.48,5854.219094
3000,224959.1089,793.64,1,183.3,2.97,96.62,15.42,84.6,0.96,179253.0552
3001,264350.6073,1367.23,1,430.85,51.66,10.51,11.21,82.48,1.79,496024.6773
3002,282835.0753,1791.41,1,584.62,45.68,80.21,11.7,93.87,1.84,642660.1731
3003,485823.7032,1214.26,2,608.01,13.04,29.49,2.39,87.96,0.96,362530.6983
3004,447821.6703,1637.2,1,332.56,14.58,60.88,4.85,92.75,1.39,263026.312
3005,449192.4444,1055.31,2,203.97,53.58,86.51,12.19,89.73,1.34,305598.0718
3006,650465.8666,1215.43,2,114.55,25.14,33.75,12.0,92.57,2.18,441603.7678
3007,396881.8974,1535.89,3,41.47,32.61,6.54,0.29,94.7,1.53,450037.645
3008,145942.1369,1044.43,1,177.81,15.89,35.66,15.53,97.68,1.89,52812.4523
3009,336669.2537,1105.63,1,248.03,6.11,30.33,41.4,93.37,1.99,176242.6279
3010,195897.2397,1437.31,2,568.03,42.56,111.91,2.45,94.06,1.15,118648.0487
3011,334203.7175,945.19,1,266.94,7.87,32.67,15.37,97.37,0.96,224786.7481
3012,238694.5995,1079.7,3,593.7,32.65,101.92,18.69,91.16,1.14,476550.0922
3013,574881.728,1680.2,1,1082.68,4.08,4.19,15.27,89.69,1.19,671772.4062
3014,303786.0932,1651.12,1,636.95,34.46,25.21,0.96,91.49,1.53,343152.4008
3015,282926.7594,1524.87,1,490.03,52.56,79.78,9.63,95.24,1.94,186135.1353
3016,182212.9644,550.0,2,21.78,53.89,36.83,26.37,86.5,1.11,92027.62242
3017,207001.6902,735.91,1,8.39,17.49,41.07,34.62,93.71,1.44,125583.754
3018,161039.2134,956.98,2,120.84,40.09,10.64,27.17,88.99,1.32,159941.2371
3019,379684.6826,868.88,3,361.31,54.28,129.78,13.05,99.9,1.31,279237.6018
3020,368824.7083,720.33,2,550.78,25.88,26.14,0.83,95.38,1.53,277091.1304
3021,190599.4267,550.0,2,314.08,30.55,49.77,8.92,99.62,2.06,153318.6384
3022,514357.4585,1528.82,4,377.02,21.15,19.88,23.76,92.05,0.17,450139.0652
3023,121606.9623,550.0,2,700.38,5.54,86.36,10.84,99.81,1.78,32445.48274
3024,134547.8645,550.0,2,335.59,52.64,4.61,4.15,88.68,2.06,40751.05238
3025,400789.3699,1016.92,2,255.18,26.51,15.09,12.43,96.81,1.05,215788.8395
3026,320741.1933,550.0,3,330.87,26.96,20.97,20.08,98.45,1.09,358359.6519
3027,344911.5591,1090.36,3,178.33,10.7,15.44,11.13,92.35,2.07,406840.1694
3028,155639.2817,550.0,1,447.05,34.96,2.39,4.72,83.56,1.25,74706.66901
3029,424385.0666,1834.27,1,442.13,5.16,26.65,8.93,96.45,0.8,414883.8699
3030,665295.7983,1594.72,3,571.57,11.42,50.8,19.57,98.07,1.08,680752.6492
3031,209563.6654,550.0,3,1145.41,26.94,68.61,32.3,95.49,1.62,252695.9013
3032,229748.6649,596.09,1,54.12,2.88,15.32,33.59,98.08,1.25,149090.0563
3033,470823.9488,1375.85,1,586.85,25.38,60.77,2.98,92.71,1.53,665018.5383
3034,106135.1287,904.54,1,8.18,5.45,38.78,47.52,90.29,1.93,27443.46265
3036,270220.6987,626.54,3,1182.22,55.37,66.76,41.51,88.6,2.72,266438.8894
3037,451640.8314,1616.97,3,418.23,19.05,79.66,1.12,97.52,2.69,476373.9145
3038,386734.8426,1302.08,3,520.44,32.03,19.48,18.01,89.41,1.79,318276.4491
3039,618137.5992,1662.42,3,890.84,51.46,32.28,8.06,99.9,1.49,494571.7134
3040,697158.4458,1739.49,3,637.75,52.17,51.77,3.82,99.9,1.04,450220.1592
3041,509492.6003,1212.97,2,663.54,8.45,26.2,20.71,95.62,1.02,652068.429
3042,170832.8612,1774.77,2,544.22,7.13,85.25,33.74,92.02,1.06,186627.6177
3043,497692.5176,2137.72,2,274.36,11.07,0.39,10.32,88.29,0.05,635654.2167
3044,620383.6814,1233.62,4,318.84,9.99,7.77,4.66,82.77,1.23,784418.0475
3045,334205.9996,779.4,1,416.12,40.4,81.69,21.52,86.53,0.73,398492.6177
3046,295144.8944,550.0,2,241.56,24.63,75.28,16.22,95.57,1.73,249133.379
3047,435899.0208,1486.55,1,781.75,25.92,87.25,5.74,95.18,1.86,377296.2196
3048,289915.2581,662.53,2,26.01,46.56,8.74,19.9,99.9,0.61,181634.651
3049,436066.8884,1305.92,1,427.58,21.84,55.74,6.17,94.18,2.25,318225.4129
3050,135803.542,550.0,1,386.65,30.29,72.37,7.23,89.08,1.71,104981.7029
3051,208564.8321,550.0,2,28.14,56.27,32.37,27.74,95.6,1.78,299134.3627
3052,356729.1921,897.36,2,178.94,32.59,44.53,9.15,96.04,2.18,222769.8443
3053,286713.1975,1505.34,3,584.56,47.24,44.81,10.4,93.79,1.48,272006.1005
3054,220347.0714,1008.98,2,541.78,42.45,109.27,14.07,94.58,1.56,180590.8908
3055,278318.661,1226.9,2,124.54,46.35,64.92,5.67,91.71,1.66,460691.5568
3056,126778.5049,1398.37,2,865.6,28.5,30.62,11.06,89.5,2.17,73909.96068
3057,367447.8639,1383.05,2,554.52,50.06,11.15,4.94,90.29,0.79,590854.846
3058,162099.2676,550.0,2,1039.36,0.52,8.14,7.87,96.92,1.87,69320.97968
3059,264833.5258,550.0,1,428.63,10.81,47.99,11.49,89.9,1.62,140042.5114
3060,527307.9088,550.0,2,1021.67,23.11,19.74,31.25,90.16,2.16,474318.7244
3061,298930.5856,837.79,4,745.25,31.19,57.67,27.11,91.7,1.12,310392.0043
3062,116627.4035,919.69,1,875.66,6.51,42.13,31.65,97.64,1.22,47640.12344
3063,197307.6923,1294.09,1,381.25,76.0,12.47,8.76,91.38,1.97,249572.5254
3064,183672.6861,1027.03,2,50.57,19.8,21.5,31.48,99.9,1.77,194227.7894
3065,148633.5207,550.0,2,529.47,30.9,24.53,41.6,92.69,1.52,78151.39711
3066,124209.0541,985.39,1,633.55,0.16,41.71,13.21,99.71,1.56,34492.05553
3068,427431.2759,1218.44,2,600.08,19.22,52.46,36.65,96.75,1.91,415490.1067
3069,211001.9668,799.86,1,405.79,12.91,79.72,5.26,99.9,1.61,141135.9924
3070,396913.3339,1639.62,2,3.19,8.8,30.37,20.95,97.57,0.97,444390.5746
3071,315717.5255,1008.63,1,371.12,20.61,5.77,25.71,93.61,1.52,228548.0198
3072,572532.8115,1569.6,1,162.21,7.71,11.62,27.94,91.87,1.36,446237.4785
3073,120926.3367,1035.83,2,1.71,29.27,34.67,20.19,93.4,1.15,19660.26532
3074,376196.276,1190.2,2,670.03,29.32,59.45,5.15,87.59,2.44,296759.7975
3075,214548.5399,1405.06,2,558.62,56.05,103.47,33.41,91.94,1.54,90176.38176
3076,191821.5281,790.34,1,196.86,7.03,42.96,0.54,94.26,1.61,196869.0143
3077,480128.732,1252.22,1,138.55,11.34,25.29,13.2,99.9,1.72,389953.1122
3078,300740.9772,1168.86,2,288.52,37.34,15.84,19.61,95.18,1.3,167034.1941
3079,121001.2676,550.0,1,126.93,76.62,52.22,19.77,99.9,1.97,51907.85906
3080,336980.0256,746.94,2,501.69,11.87,32.91,27.34,90.89,1.36,280558.0226
3081,161195.7912,722.71,1,701.84,8.39,59.63,18.78,97.56,2.14,136719.3674
3082,350619.7241,1596.19,1,735.47,0.16,22.51,10.8,96.98,1.03,443263.0323
3083,227750.252,857.34,3,139.8,37.9,66.65,4.34,87.7,1.24,233377.5929
3084,176915.476,817.86,1,303.63,38.3,38.8,34.85,88.44,1.54,56261.24089
3085,293775.3439,1128.8,1,319.12,25.33,72.41,52.07,93.3,1.24,322022.7647
3086,378806.9221,550.0,1,871.99,46.46,60.87,36.57,99.9,1.31,268343.9975
3087,111084.7262,889.9,1,523.92,51.48,134.96,32.93,91.66,1.01,28818.18197
3088,182808.4471,615.46,1,609.89,49.67,87.61,31.83,93.5,2.13,120043.7932
3089,213896.1784,550.0,3,174.87,34.25,52.45,5.62,94.87,1.86,214486.983
3090,242450.3356,550.0,1,492.35,37.58,5.63,12.53,87.53,0.94,256364.8987
3091,478614.6645,2229.45,3,889.08,50.44,53.9,6.3,99.9,1.88,787161.2284
3092,241383.5785,550.0,1,697.67,13.41,44.56,12.76,98.1,0.69,161309.3983
3093,538065.9273,1009.7,2,770.03,32.11,62.35,17.08,92.1,0.83,436917.2906
3094,426242.3791,1314.1,3,1209.42,31.21,16.76,12.12,88.17,1.4,479006.0791
3095,460052.4777,662.93,4,989.58,3.64,17.44,28.81,96.54,1.14,280553.3259
3096,296187.9885,1307.78,3,755.8,5.95,1.72,14.04,93.84,1.24,328655.7388
3097,204027.4388,1051.16,1,98.68,30.04,76.48,36.41,89.29,1.37,265833.6449
3098,214915.6692,1571.91,1,151.85,17.47,80.12,8.04,93.43,1.36,186120.6791
3099,459906.7584,1786.01,3,29.69,45.67,25.17,22.74,98.06,1.04,615730.1135
3100,186836.4341,550.0,2,321.57,51.56,110.66,24.62,96.84,0.75,63898.98939
3101,510530.1082,1125.23,3,276.16,38.18,82.42,16.28,95.88,1.67,340273.6214
3102,298185.2356,550.0,3,282.17,37.25,78.8,12.19,95.99,1.4,220434.9981
3103,404306.4957,944.74,2,21.02,62.6,115.25,18.31,84.5,0.98,370310.2825
3104,174009.5459,550.0,1,454.37,44.22,61.16,19.99,95.49,1.84,148368.9264
3105,667307.0133,1167.52,2,414.24,38.18,30.2,36.04,99.68,1.28,442920.1756
3106,528857.2625,1581.99,2,971.33,12.2,73.96,11.8,99.9,1.28,588706.1492
3107,89280.52796,807.17,1,302.42,51.91,27.11,30.62,93.56,1.83,7349.166703
3108,337853.9979,911.18,2,938.78,55.34,4.54,34.5,95.44,1.2,190092.345
3109,309195.0259,1706.41,2,695.72,33.02,33.9,20.86,97.16,0.61,461722.6922
3110,236776.6567,640.47,3,828.6,8.79,37.9,9.5,91.77,2.34,233487.9935
3111,326257.5547,560.07,1,428.93,25.01,53.63,19.48,99.9,1.33,260452.629
3112,224104.3,1004.24,2,1070.43,42.02,13.21,5.14,95.5,1.73,166930.56
3113,222835.941,713.43,2,646.91,22.11,88.57,34.26,96.11,1.63,179392.78
3114,143641.9416,721.86,1,935.64,19.29,47.27,15.18,91.86,2.27,67332.58184
3115,326155.2744,1477.74,1,110.94,52.85,46.9,2.29,89.91,1.65,445912.1067
3116,113473.0186,574.11,2,513.85,38.11,73.78,27.57,86.02,2.05,6834.437849
3117,428612.4647,1472.52,4,416.25,44.74,80.42,26.52,91.75,2.11,375594.8275
3118,434388.6594,851.92,1,558.47,12.62,38.99,9.45,93.55,1.22,347963.9645
3119,565338.9769,1207.93,1,449.39,3.65,54.12,16.04,94.95,1.66,400353.0931
3120,247757.2793,1208.48,2,463.28,2.83,35.89,22.09,97.61,1.5,281833.0003
3121,340659.8218,1190.85,2,1137.73,30.75,111.7,22.38,90.98,0.13,262399.431
3122,199372.794,1295.39,1,1022.91,64.48,131.98,40.61,99.9,1.67,84230.77463
3123,229461.1495,1335.09,1,804.37,46.42,137.43,44.11,99.9,1.43,141898.9849
3124,502951.2248,1238.53,3,427.79,42.94,90.67,7.42,99.9,1.49,301336.8312
3125,158634.0109,1494.94,1,47.64,41.5,92.86,1.89,94.35,1.67,119171.3861
3126,364356.9769,1297.08,1,761.2,58.74,13.67,37.69,89.6,1.92,403094.2545
3128,324138.1524,550.0,1,797.71,37.65,32.96,32.42,92.23,1.15,262887.0514
3129,277814.9994,550.0,1,293.84,43.91,18.44,19.33,80.38,1.22,149791.0076
3130,671953.585,1967.39,3,297.81,23.46,23.54,4.72,99.9,1.31,584296.5703
3131,136487.5391,784.7,2,656.53,6.11,116.5,13.1,94.07,1.39,78029.33829
3132,233534.837,1332.25,3,312.96,26.55,78.36,39.34,84.17,2.42,244259.2439
3133,494961.776,980.7,3,971.62,22.44,11.42,13.4,87.36,1.66,335832.274
3134,405204.0367,1558.28,2,1044.53,8.58,27.23,4.62,87.25,1.39,448783.5098
3135,233860.5597,1065.51,3,782.28,0.77,66.49,7.26,90.83,2.21,274796.4413
3136,538568.7553,2054.95,2,734.76,55.79,64.74,3.06,93.78,1.25,594943.5152
3137,124213.8928,833.98,1,761.83,0.46,109.77,17.71,99.9,1.92,58989.09094
3138,478288.8097,1333.09,3,646.26,36.05,43.47,5.81,92.72,1.12,297765.8886
3139,235908.2389,1162.7,1,749.35,30.6,44.31,36.35,99.71,2.48,134424.6484
3140,140612.4978,652.83,2,850.9,65.34,49.54,0.35,99.9,1.12,115600.1621
3141,308473.0053,2115.68,2,982.06,37.08,70.14,40.41,90.43,1.8,427282.1746
3142,361257.3895,834.25,2,103.32,30.12,50.16,23.91,89.28,1.42,338976.813
3143,269408.846,1447.99,3,601.19,3.76,60.23,14.15,95.59,1.5,285060.0242
3145,252869.9017,550.0,2,57.57,38.43,26.62,20.9,94.42,1.98,145654.911
3146,702377.449,1748.79,4,332.43,42.26,39.31,23.17,98.48,0.52,536730.7882
3147,102361.1318,632.25,1,575.53,15.28,14.13,17.2,90.94,2.28,-8239.721048
3148,129802.1433,550.0,1,571.2,14.35,56.73,37.18,95.55,2.18,54711.92739
3149,161533.5785,754.31,1,778.7,43.88,24.07,34.64,91.21,1.43,140473.8686
3150,455850.4011,2249.93,3,171.26,46.21,16.29,7.52,96.55,1.26,792359.1027
3151,606809.1906,1789.18,5,1146.37,23.52,104.26,20.6,96.63,1.43,675886.9866
3153,226005.4513,1472.7,2,254.82,69.62,27.75,35.22,97.5,1.24,455609.4892
3154,307377.3826,1068.87,2,1202.95,15.14,26.39,21.71,93.85,1.75,179551.6698
3155,149223.0861,550.0,2,1124.4,40.11,19.73,13.54,89.28,1.02,111571.7366
3156,547127.7194,940.83,3,537.0,28.29,90.2,32.42,92.31,1.76,600192.3138
3157,494738.6014,1242.76,3,351.61,70.57,36.03,26.88,87.91,2.17,452685.4072
3158,364932.4281,711.07,2,809.8,44.44,13.09,35.83,94.07,0.78,279970.954
3159,504221.8113,1379.86,2,599.2,5.79,66.8,14.53,95.13,1.09,480803.9879
3160,108928.2486,550.0,1,302.6,4.04,68.49,13.35,91.08,2.06,13641.92296
3161,240366.07,550.0,1,617.59,14.23,57.06,15.83,91.4,1.41,170777.771
3162,131578.2299,550.0,1,435.16,12.56,95.78,6.46,89.68,0.73,56198.07434
3163,412388.0148,1052.51,2,374.26,36.22,76.88,30.58,86.59,0.35,273678.0794
3164,247180.2754,650.07,2,2.2,57.1,70.17,32.18,93.66,1.37,209121.3274
3165,489941.7627,1588.95,1,587.24,62.59,42.69,10.2,85.52,0.94,335136.0728
3166,451813.1003,1540.47,1,905.76,20.62,46.68,20.68,99.9,1.43,371490.9475
3167,340195.1566,1463.68,1,953.69,14.2,25.46,13.29,88.65,1.67,313996.1021
3168,734718.2092,1625.08,3,623.39,11.46,7.99,22.92,91.71,1.18,729588.0304
3169,342316.4267,1425.85,1,819.64,9.59,65.96,26.44,90.99,1.95,322615.6366
3170,397769.4092,550.0,3,535.11,28.57,21.35,4.71,89.77,1.19,294755.6216
3171,204468.4431,550.0,1,925.64,49.56,14.98,1.73,97.0,1.24,240326.591
3172,483033.3232,1681.9,2,455.82,40.26,36.77,20.5,95.97,2.03,677917.9588
3173,329273.5299,550.0,1,378.06,6.33,40.35,41.07,88.21,1.97,199366.6899
3174,113768.0565,645.83,1,541.42,28.47,18.74,42.53,94.03,2.04,18965.74668
3175,324141.5167,1754.53,1,273.92,19.18,33.38,20.8,94.7,0.53,510966.5371
3176,616869.4342,1541.12,3,342.48,34.69,52.64,34.17,94.41,1.75,745925.0583
3177,408102.7685,1400.76,1,535.98,7.13,19.01,8.13,95.93,1.12,223043.6377
3178,680561.3817,1837.05,3,449.08,24.54,39.93,14.15,98.66,1.19,749603.6028
3179,257701.0525,1579.89,3,646.67,26.46,41.33,24.81,99.9,1.58,298864.8568
3180,262084.584,818.79,1,897.01,7.0,67.91,29.5,99.9,1.35,272647.8402
3181,402828.9072,1134.91,2,395.58,66.85,136.14,9.65,97.29,2.44,337452.8506
3183,284982.2862,1349.32,1,846.47,27.37,38.11,22.02,99.9,2.18,231730.7905
3185,161126.4561,550.0,3,787.11,48.3,26.32,23.66,90.3,2.04,158814.8973
3186,376348.9809,1103.76,3,562.92,50.24,9.8,3.27,95.14,1.52,261661.6213
3187,328445.3249,879.48,3,663.46,27.8,10.4,6.69,99.9,1.54,290733.9099
3188,445046.2937,1045.03,3,208.95,21.41,20.93,3.4,99.9,2.52,350335.7623
3189,158526.3876,1384.41,2,805.9,36.27,106.78,2.11,96.74,0.91,173469.8835
3190,364861.8592,711.62,2,584.84,15.09,17.46,2.49,96.13,1.47,237651.7058
3191,195416.5331,940.02,2,595.3,17.77,16.67,9.26,99.9,1.34,76085.04288
3192,404481.797,1337.46,2,564.81,3.33,48.93,11.61,99.41,1.72,365171.6204
3193,382061.9295,1524.6,3,692.77,22.52,7.79,5.09,89.33,1.22,410803.8628
3194,115615.3203,785.06,1,165.5,51.01,46.28,18.88,87.1,1.55,30300.22859
3195,450947.2108,550.0,3,400.1,6.52,27.84,2.72,97.01,1.29,291063.2108
3196,208361.4597,660.2,3,581.34,9.16,16.71,13.61,89.35,2.22,88794.30128
3197,116678.9211,577.84,1,173.64,57.77,12.64,3.54,98.07,1.42,11848.54421
3198,379489.2465,1331.4,1,554.89,8.65,81.42,1.28,98.69,1.82,366021.8892
3199,559609.2095,1214.53,3,1114.58,37.46,76.84,16.63,99.36,1.15,430089.4976
3200,86250.21775,550.0,1,254.62,18.87,13.64,11.44,98.12,1.52,10589.12392
3201,545431.7818,1523.24,2,25.07,26.5,36.05,2.13,99.43,1.81,629937.6711
3202,418251.3239,1077.67,3,603.2,60.19,19.94,1.17,96.39,1.54,305521.7101
3203,452654.1891,1709.18,3,650.0,17.32,11.68,6.24,99.9,1.24,740353.4994
3204,238860.0183,1545.84,1,118.04,49.36,70.08,32.22,97.09,2.66,152616.2263
3205,396806.8532,1443.58,2,281.3,15.55,62.09,0.36,98.32,0.76,532554.6568
3206,231996.9865,701.95,1,121.98,31.0,82.14,31.8,97.4,1.65,219910.8944
3207,226058.3649,1202.03,2,484.91,30.4,65.54,10.34,86.59,2.0,184737.0137
3208,192489.5084,1237.2,1,264.01,58.78,25.63,2.32,90.04,1.66,102879.8262
3209,298685.3339,885.92,2,528.28,38.86,35.15,25.29,90.66,1.07,452953.4969
3210,122939.5759,550.0,1,227.27,42.87,65.87,26.98,81.66,1.15,53230.86602
3211,415963.3615,574.1,2,464.9,28.43,47.5,7.9,84.86,1.23,269969.5656
3212,394713.9116,965.69,3,657.99,55.69,83.45,13.75,98.09,2.33,495897.6888
3213,316008.5649,1162.05,1,342.03,39.65,17.54,11.56,89.28,1.01,255680.9145
3214,179935.4661,899.97,1,688.21,3.59,46.27,11.76,93.66,1.63,155547.8021
3215,136573.2213,550.0,2,707.67,31.62,44.07,7.93,95.83,2.2,84666.24661
3216,177085.4663,1435.99,3,1155.44,19.03,66.16,2.86,96.8,2.2,130806.9602
3217,267017.7293,1037.16,2,418.67,76.57,67.21,14.09,92.05,1.61,242113.6459
3218,448776.4174,1672.22,4,527.91,60.17,47.92,11.15,98.19,1.29,761087.4041
3219,396697.5594,550.0,3,291.25,3.82,21.19,2.59,99.9,0.96,294234.743
3220,293345.2468,696.83,1,445.12,32.0,19.38,40.73,89.96,0.14,183092.573
3221,395615.6045,1032.15,3,645.53,64.88,9.14,36.42,89.81,2.05,296477.3664
3222,201297.8057,992.01,1,491.68,34.03,77.53,18.6,94.58,1.61,131980.1464
3223,456164.2115,590.26,2,327.18,2.54,23.48,16.7,97.15,1.16,284578.9049
3224,215120.723,550.0,3,604.13,9.3,18.49,21.06,92.7,1.51,251942.6485
3225,255783.5227,611.44,2,610.95,52.23,84.08,12.89,97.02,1.77,249175.0575
3226,149578.8484,883.95,1,206.97,59.13,37.4,32.45,94.59,1.05,96137.64796
3227,129516.0104,1002.54,2,352.38,38.16,70.78,14.73,90.61,1.8,24421.74728
3228,347294.6279,1148.9,2,323.78,26.85,15.06,0.76,97.51,2.15,204490.4702
3229,241637.9918,1431.8,1,487.22,56.36,38.63,12.03,94.78,0.32,391749.8072
3230,356639.1253,691.05,1,1185.71,39.52,21.72,14.61,87.69,0.87,335460.7798
3231,651713.0347,550.0,3,576.66,10.27,61.5,4.78,95.9,0.82,412348.2183
3232,147924.8775,550.0,1,639.38,13.24,43.64,30.22,91.29,1.24,96201.73187
3233,192947.1811,711.33,2,60.84,33.17,38.95,21.66,87.4,2.71,253825.5167
3234,219438.7073,1294.79,1,622.3,44.34,1.96,0.18,93.82,1.03,237207.7276
3235,281207.9236,1037.71,1,395.12,26.89,8.52,34.18,95.86,1.43,388747.194
3236,161223.6344,550.0,1,241.35,49.3,15.19,19.95,94.4,2.4,143237.4199
3237,128107.9482,558.97,1,180.3,17.34,29.19,24.26,93.19,1.71,29693.59482
3238,311510.6121,773.75,2,890.83,12.94,0.01,3.21,95.37,0.94,347110.7173
3239,126206.8993,550.0,2,669.64,23.69,29.22,11.53,81.09,1.85,41150.01198
3240,315298.5475,1245.13,4,169.52,57.22,61.1,24.2,95.94,2.68,247773.101
3241,192757.0135,906.34,3,344.42,33.35,80.36,19.6,99.06,1.33,190107.0557
3242,655324.1759,1356.47,2,748.5,32.25,17.03,1.45,93.67,1.54,622772.8789
3243,225946.9245,550.0,1,517.99,75.14,122.36,38.89,96.73,1.88,215266.6129
3244,392429.0313,1755.48,1,140.31,32.19,9.17,35.93,91.36,1.49,395890.0818
3245,306086.6897,637.7,2,456.05,16.67,1.98,26.33,89.76,0.97,288034.1127
3246,380060.4449,723.46,2,593.17,53.44,2.82,26.92,99.9,0.1,250062.6634
3247,545986.41,897.54,4,1032.54,7.54,38.12,12.48,92.93,1.34,818819.4606
3248,439592.108,1828.53,3,495.75,34.54,37.31,2.44,88.35,1.31,384069.7557
3249,117175.1588,550.0,3,857.44,4.75,21.55,23.4,99.9,1.52,37017.79751
3250,330678.6526,665.08,2,342.61,24.14,66.85,6.16,93.21,1.23,350880.8964
3251,313286.8009,1831.8,2,480.02,15.22,57.58,12.7,87.94,1.36,337764.622
3252,388212.5949,1227.32,2,332.52,33.78,33.16,9.72,97.71,0.87,308975.0067
3253,146078.6874,550.0,2,877.74,46.0,21.27,17.13,87.25,1.68,60781.58616
3254,186967.2311,572.31,4,467.86,3.74,109.38,13.07,94.04,1.05,217958.1962
3255,177051.9426,657.23,2,782.02,17.02,94.0,27.36,96.85,1.76,189534.766
3256,404176.0086,1035.96,2,517.48,25.97,43.08,25.14,96.43,1.2,328138.5727
3258,269777.4651,550.0,1,1040.32,45.06,50.46,29.38,98.93,1.18,167589.5258
3259,713441.2579,1761.86,3,139.96,4.39,27.3,3.74,90.15,1.02,662927.3922
3260,419852.876,1758.29,2,244.15,22.51,35.71,24.88,96.75,1.73,279371.8426
3261,319119.9513,550.0,3,1016.87,47.79,97.65,25.45,93.95,0.43,249312.952
3262,319925.1832,1156.68,3,138.9,45.17,39.59,27.21,87.26,1.43,317685.185
3264,144028.1652,550.0,1,320.93,41.06,11.23,8.81,94.79,1.79,85805.68228
3265,439796.0716,1004.32,1,760.44,42.14,16.48,2.72,88.95,1.65,321353.8058
3266,439467.0557,1176.06,1,509.53,40.06,3.51,16.47,97.78,1.61,286103.9684
3267,305503.2712,1027.31,2,477.06,8.24,50.79,12.5,92.45,0.6,361870.9563
3268,250763.0469,1090.17,2,308.17,9.42,82.51,21.9,99.03,1.58,316537.7371
3269,182601.1792,550.0,3,637.83,26.0,15.36,10.04,99.9,1.17,206639.3456
3270,183399.3991,887.74,2,695.28,26.29,44.13,14.76,92.32,1.97,163953.6517
3271,293923.001,1322.13,1,438.24,39.86,6.34,19.99,99.9,1.8,300866.2822
3272,245033.0932,693.51,1,122.93,35.38,112.63,11.79,88.96,1.56,197034.3485
3273,158116.3485,579.11,2,503.17,25.53,112.41,9.67,82.98,1.53,153724.981
3274,403545.9514,651.47,2,514.8,71.64,4.57,5.9,97.11,1.46,301192.8383
3275,317260.1668,1092.14,4,344.8,25.94,45.81,25.77,86.74,2.22,407807.2703
3276,224554.9565,678.8,2,246.18,32.37,1.25,12.96,97.36,1.19,192140.3112
3277,199811.224,550.0,2,416.13,60.9,10.23,30.24,85.71,1.8,182127.8824
3278,344662.7065,643.1,2,1068.25,28.53,108.74,15.72,94.39,0.97,535156.1293
3279,417647.5648,1147.62,1,657.62,3.02,60.9,16.88,97.23,1.55,256673.1538
3280,324596.3112,597.29,2,146.63,35.37,12.39,11.42,92.86,2.03,221885.2799
3281,203306.4263,1434.32,1,561.62,20.2,32.5,1.36,90.18,1.69,151871.6111
3282,353948.1172,1528.58,2,531.36,29.4,58.07,3.81,93.39,1.02,396040.1606
3283,125901.3577,550.0,1,794.9,42.49,15.41,7.2,87.89,1.1,18463.1777
3284,222777.0701,659.51,1,774.48,49.07,77.2,15.54,95.38,0.98,161042.6534
3285,299748.049,1292.68,3,543.48,32.08,2.25,7.33,85.69,1.17,464715.5887
3286,480231.0677,1996.41,2,470.03,3.51,44.21,27.26,99.9,1.26,634778.6772
3287,597680.795,839.82,3,700.17,3.51,58.65,34.84,87.49,1.04,369268.597
3288,405334.8917,1228.64,2,634.83,31.0,8.56,34.14,98.26,1.58,383794.4203
3289,262097.6178,970.23,2,151.53,24.83,16.5,5.09,88.94,2.26,191363.1674
3290,370421.234,759.22,2,507.23,0.14,33.25,26.94,99.9,2.1,316481.2214
3291,303217.004,702.41,4,819.36,48.76,29.51,16.33,99.9,2.41,205762.915
3292,373180.0435,1009.88,4,1151.39,53.47,2.43,10.29,94.88,1.63,238363.5957
3293,145967.6379,1065.79,1,380.22,43.31,8.46,49.5,87.95,1.37,56864.5667
3294,150830.2384,550.0,2,492.41,8.63,96.15,24.97,93.85,2.26,44826.26429
3295,692732.5812,1615.39,3,457.9,49.62,33.53,12.25,90.09,1.67,512972.4269
3296,275386.7579,840.53,1,710.01,14.97,107.16,25.62,90.85,1.01,251433.6852
3297,336680.312,1319.82,3,492.75,21.5,37.36,18.76,99.9,1.41,609171.4957
3298,230016.2448,712.03,3,133.02,18.75,101.05,22.69,90.48,1.65,395162.2553
3299,110454.7642,550.0,2,96.25,48.45,81.32,29.88,92.3,1.59,25503.50346
3300,376167.3388,1214.64,2,280.53,14.21,21.63,2.96,97.54,1.48,313128.2719
3301,346494.6724,550.0,1,222.26,64.69,49.18,17.88,92.13,2.02,230585.9273
3302,228863.4452,1412.23,5,827.51,35.62,55.21,52.57,87.69,1.61,319189.3256
3303,165108.6084,653.45,3,446.32,36.3,37.8,11.53,93.91,1.96,171912.0124
3304,658461.7223,1745.5,3,140.84,23.53,33.1,12.77,97.36,1.54,472545.0982
3305,228871.9721,929.41,2,669.98,6.89,48.78,7.93,98.24,0.91,214845.7023
3306,159467.8898,604.7,1,358.48,23.05,92.22,11.37,95.25,1.38,127113.1109
3307,129359.9835,550.0,2,694.9,32.07,73.63,23.53,94.56,1.45,46118.17987
3308,239657.1267,550.0,3,550.62,58.75,9.94,26.9,91.61,1.79,222234.5043
3309,166175.7552,550.0,4,566.81,17.82,54.37,6.93,84.49,1.23,170146.937
3310,137600.1985,559.57,1,774.16,23.98,111.82,53.25,94.33,2.05,104369.2533
3311,423572.605,1542.55,1,278.23,18.91,41.62,3.32,94.86,1.28,584656.2107
3312,177463.4998,577.32,1,300.27,29.07,48.38,35.42,94.63,1.22,138029.9048
3313,342150.0252,1666.6,3,601.89,19.93,84.8,10.68,93.24,1.52,462356.9435
3315,201340.6777,790.7,4,498.91,38.64,86.05,41.41,93.65,0.93,189668.507
3316,372771.7711,550.0,2,477.04,43.63,20.13,48.17,97.59,1.48,405322.6163
3317,198055.0008,782.19,1,488.57,77.61,68.26,9.85,88.85,2.11,103108.878
3318,254110.0525,747.48,3,398.93,20.39,15.5,12.4,88.15,1.61,339479.1861
3319,253804.8412,713.07,1,845.74,5.94,11.88,15.63,92.62,1.55,284824.9774
3320,544722.7857,1396.01,3,554.38,67.25,57.78,8.35,95.91,1.45,494610.9598
3321,275038.5107,641.65,2,651.03,23.31,115.45,23.51,83.46,1.57,147523.6847
3322,117296.0179,550.0,1,559.41,42.67,54.97,16.2,89.69,1.54,6734.814226
3323,378654.5405,1361.24,2,822.86,32.17,54.73,5.36,95.77,1.12,247778.8189
3324,354961.7707,2170.18,1,223.46,4.33,50.89,3.51,89.62,0.3,388460.3769
3325,514905.4143,1041.99,3,345.04,30.18,55.61,16.72,93.72,1.35,329751.0944
3326,419292.4776,1635.13,2,285.85,19.8,8.43,16.55,87.4,1.58,522381.8816
3327,277702.0739,2121.6,2,416.2,62.78,47.98,22.78,90.52,1.07,518605.8821
3328,363057.9952,857.66,3,403.3,26.87,97.92,24.34,90.43,1.81,321125.9359
3329,454508.5205,1663.62,4,381.97,47.81,118.65,28.11,91.33,2.33,438017.921
3330,194963.479,550.0,1,795.81,39.14,22.71,13.16,87.84,1.28,140097.9748
3331,456311.9426,1751.95,2,662.06,22.74,7.4,0.11,91.6,1.76,352072.0665
3332,210373.8428,1114.6,1,407.16,13.56,38.44,5.49,92.83,1.82,143036.3622
3333,441797.6611,1144.82,3,273.57,27.22,70.92,8.66,97.42,1.33,495872.6611
3334,200344.6846,1304.58,4,818.42,63.59,13.53,15.72,88.03,1.25,320971.7801
3335,402903.701,1530.65,1,279.94,28.18,0.76,11.45,89.54,0.76,293173.5014
3336,98929.34482,1236.85,2,294.35,24.57,42.37,17.37,94.93,2.09,27548.94519
3337,365600.5205,1487.6,3,660.53,17.89,39.4,14.97,99.9,1.03,298730.5564
3338,127115.2583,610.07,1,908.56,1.46,27.59,4.58,91.76,1.51,82792.15816
3339,395737.0034,1679.48,2,257.07,65.43,27.07,5.64,89.85,1.7,250082.6755
3340,373653.4927,959.09,4,476.4,36.75,51.7,53.55,87.38,1.92,356448.481
3341,553218.0459,1555.16,3,294.43,44.82,44.85,29.79,85.46,0.79,370346.1879
3342,276244.1398,570.62,3,215.78,46.15,39.43,36.54,94.45,1.34,268033.2901
3344,361506.0277,550.0,3,897.81,23.43,11.96,18.39,94.32,1.8,230916.6013
3345,105014.6275,568.77,2,183.39,12.68,74.48,9.11,84.56,1.64,14628.16046
3346,357064.8566,923.29,3,735.72,23.68,2.06,19.28,97.14,1.88,202191.0282
3347,272324.5752,1408.19,1,559.88,17.19,35.65,5.99,87.61,0.24,228576.1636
3348,397948.0494,1488.9,2,734.17,49.2,21.5,9.96,91.53,1.52,479639.0619
3349,292748.9219,942.19,2,406.44,40.42,41.4,45.32,98.32,1.05,454110.1448
3350,200388.3774,1046.96,1,547.47,7.39,1.68,7.51,95.53,1.64,176220.087
3351,382106.8186,1003.86,1,507.85,29.61,9.36,10.88,95.67,2.07,254903.3722
3352,469867.4543,1459.42,1,54.79,24.23,33.86,1.37,92.33,0.4,476266.6263
3353,302981.5026,1039.85,2,240.42,7.39,49.33,13.26,93.16,1.82,331009.2945
3354,150955.8344,774.79,1,367.35,27.19,25.05,16.03,92.24,1.74,85194.20409
3355,241602.6037,1191.94,1,343.99,43.74,37.49,25.66,99.9,2.42,167512.7732
3356,530254.5409,1229.28,2,113.92,63.14,41.59,28.62,92.03,0.81,526043.9889
3357,601712.3569,1359.74,3,515.75,22.8,45.27,14.49,92.3,1.82,435714.2437
3358,302507.2463,1417.36,2,391.11,30.53,39.82,9.05,95.8,1.68,240467.6221
3359,431617.4945,1391.97,1,677.48,14.8,18.37,21.95,99.68,1.78,350893.6882
3360,411235.6714,2186.44,3,626.15,47.12,46.46,5.55,99.08,1.98,492653.7133
3362,487725.8608,1679.32,2,407.86,48.44,98.62,24.43,97.15,2.0,377980.0418
3363,354911.9709,634.61,2,286.52,44.41,8.78,24.48,84.27,1.53,240649.4869
3364,176480.6397,644.91,1,157.42,4.74,38.89,26.5,96.5,2.41,153483.4514
3365,279788.7275,1124.58,2,98.5,38.28,95.29,12.42,89.55,2.62,288605.9177
3366,438846.4077,733.82,3,440.05,32.07,104.19,0.89,84.79,1.6,460347.5865
3367,201890.2908,550.0,2,673.1,32.34,36.74,40.38,96.19,2.16,147906.1628
3368,119443.0763,1329.87,1,87.85,23.7,47.96,29.66,99.9,2.36,61887.77489
3369,411627.6809,1003.5,2,382.44,62.58,30.42,9.59,93.56,1.01,285407.6512
3370,148416.2628,1285.27,1,464.33,6.6,94.56,3.53,93.27,0.94,110194.4491
3371,256564.7699,550.0,1,163.52,60.43,44.04,20.31,81.41,1.8,322157.2663
3372,362926.5998,1128.99,2,1206.43,54.51,53.32,1.18,93.7,1.39,255336.9093
3373,107426.5406,550.0,1,192.55,38.99,4.14,14.66,89.59,2.05,18594.11157
3374,306626.4858,974.69,2,1009.17,47.28,13.49,5.82,95.35,1.48,308145.3169
3375,403733.5564,1115.12,2,356.96,22.86,34.46,46.51,89.86,1.97,322155.7785
3376,285629.8997,1391.84,3,388.21,58.39,3.62,37.51,99.9,1.97,361439.7058
3377,469757.2951,559.96,3,298.95,54.76,14.72,13.59,97.11,1.2,396943.8143
3378,286895.6791,774.1,2,280.19,35.74,36.78,13.44,91.09,1.86,255662.1158
3379,295611.038,774.56,3,1003.29,44.58,0.32,16.49,89.55,1.25,260188.9539
3380,676723.7491,1310.08,5,742.73,60.45,137.11,31.9,87.17,2.1,480433.3289
3381,320403.0603,915.16,3,190.94,42.14,55.82,47.98,93.39,1.23,197961.5921
3382,520671.8883,1587.13,1,947.19,32.86,3.49,0.56,98.97,1.82,569669.9328
3384,472970.352,1057.86,3,889.21,10.35,78.31,14.71,90.93,1.87,334174.1701
3385,366361.8071,1515.07,2,949.39,57.27,64.97,6.0,96.8,1.78,262207.9614
3386,147534.5009,696.73,2,798.97,31.93,16.08,22.51,89.62,2.48,38093.72884
3387,438969.2377,758.96,1,241.79,11.55,71.17,15.55,90.36,1.26,291749.467
3388,156162.9293,1039.41,1,763.38,44.08,49.98,3.11,89.84,0.7,96813.07784
3389,381219.9857,1638.91,1,831.23,9.47,69.93,17.6,99.9,0.91,415917.9034
3390,134397.8758,550.0,2,293.04,52.24,42.48,31.38,91.01,1.02,75593.31794
3391,272198.2958,1434.98,1,535.8,26.86,39.91,23.04,91.12,1.0,255595.7633
3392,339091.8612,1156.34,2,750.87,52.07,91.68,32.15,99.9,1.61,256482.6683
3393,358166.2244,1027.22,3,166.11,17.4,101.68,17.23,94.02,1.05,276389.253
3394,511810.7553,1024.76,3,362.38,48.71,10.27,17.86,99.9,1.4,409811.0464
3395,244050.2982,862.58,2,548.0,53.0,23.81,12.83,99.34,2.21,435983.2632
3396,101637.682,1296.57,1,200.16,14.42,98.3,42.02,96.18,0.94,11138.22858
3397,332363.7699,1472.5,1,738.15,36.89,22.44,40.14,85.91,0.43,254720.7677
3398,131922.3499,550.0,2,104.81,63.77,19.7,5.69,93.49,1.55,40861.62206
3399,223236.2557,550.0,3,254.76,16.84,4.98,28.15,99.9,1.97,173217.8785
3400,238598.1583,950.91,1,16.56,9.5,34.37,27.47,94.65,1.59,235503.6093
3401,430310.8257,896.81,3,501.62,50.41,36.43,25.7,83.91,1.14,375487.8369
3402,97427.25678,550.0,1,802.22,34.69,12.35,11.81,97.82,1.35,2288.046804
3403,376579.2078,953.51,2,344.14,43.08,65.38,14.43,90.13,1.23,303945.1492
3404,274713.7644,1122.76,1,325.05,51.18,39.52,47.07,95.21,1.79,320623.3614
3405,484590.9808,1175.07,3,175.45,26.41,44.08,11.09,95.87,0.79,498897.58
3406,332189.1019,1179.79,2,701.7,33.95,66.06,1.61,99.73,1.18,437240.1396
3407,343291.7696,1496.13,3,533.45,7.99,13.48,18.91,94.21,2.8,504701.4498
3408,324845.1451,550.0,2,333.86,43.69,60.0,2.22,99.9,1.48,282402.8688
3409,211134.6658,698.31,2,98.81,44.86,73.66,26.45,99.65,2.01,124951.696
3410,261312.3182,704.82,1,492.72,3.62,4.59,31.73,92.79,1.64,138159.0506
3411,298393.5383,1389.32,2,418.03,22.56,43.46,5.71,98.55,1.84,419519.2068
3412,332446.69,852.64,2,428.46,24.87,15.62,4.32,98.23,1.52,409590.6878
3413,158687.2579,550.0,3,95.2,18.75,29.56,15.8,85.79,1.08,63792.0516
3414,353589.8626,808.5,2,130.41,30.98,63.87,19.49,92.23,2.28,270284.0126
3415,292366.4056,1469.8,3,516.4,29.53,25.07,23.8,99.9,1.06,384927.697
3416,366259.8287,1196.2,1,136.35,31.07,15.11,11.92,99.9,1.62,308736.1876
3417,269536.7121,550.0,4,369.96,47.57,16.13,8.51,92.91,1.74,171823.5068
3418,154249.565,652.25,1,683.35,36.47,17.09,39.98,86.21,0.83,53436.7072
3419,516799.3191,1866.75,4,298.67,16.52,17.97,2.07,92.63,1.33,533741.489
3420,172521.4329,642.36,1,505.06,23.25,9.28,11.26,96.05,1.76,132672.1313
3421,323691.9893,1594.27,3,616.64,35.59,55.03,24.36,87.72,1.68,239061.7804
3422,282404.5476,1156.97,2,479.93,18.81,95.71,27.87,90.25,1.7,337875.5633
3423,586725.5921,1237.01,4,395.55,33.33,43.39,1.83,87.04,1.07,488659.2802
3424,567107.0582,1154.13,2,599.28,40.54,5.65,0.27,91.65,1.2,387435.4081
3425,393907.9357,550.0,3,266.97,23.76,78.48,11.32,85.79,1.8,369877.9702
3426,709042.0325,1843.76,2,378.68,23.49,42.5,6.34,91.78,0.36,550827.9241
3427,297734.5705,1608.93,3,276.48,33.73,30.1,16.05,96.76,1.71,435483.1346
3428,311117.3515,550.0,2,1075.76,11.65,30.91,5.49,96.61,0.98,255853.9639
3429,163287.2633,1125.46,1,1066.76,70.03,16.53,20.3,90.88,1.76,186518.3622
3430,223318.1875,1415.41,1,366.14,30.38,66.11,1.09,90.79,1.99,155818.7128
3431,523767.7046,1489.93,3,862.07,24.76,17.03,4.43,99.9,1.39,538930.9587
3432,285671.5703,918.67,1,128.41,27.92,5.19,3.58,96.77,2.06,149426.7842
3433,179351.7761,550.0,3,217.22,0.4,12.56,0.68,93.2,1.91,191076.222
3434,524675.272,986.95,2,630.8,29.99,20.19,10.0,93.7,1.03,772710.1675
3435,308965.5601,1898.58,2,666.38,63.09,3.51,17.52,93.81,1.48,539175.9134
3436,288967.6594,550.0,1,186.01,10.85,26.84,5.33,97.8,1.46,266364.5866
3438,472522.4074,1664.02,3,447.75,10.45,20.57,16.33,99.9,1.91,312365.9291
3439,220471.3335,1295.72,2,226.25,24.92,38.45,5.93,89.09,1.55,144526.2349
3440,163088.29,550.0,3,889.16,24.57,11.62,3.4,99.9,0.46,105986.9478
3441,212120.0921,550.0,3,447.98,53.27,29.22,28.28,89.1,2.13,83590.6379
3442,449851.6157,839.18,3,39.77,38.71,64.93,24.34,97.07,1.05,331133.4232
3443,329232.3675,1002.7,1,1018.61,3.87,39.66,3.63,97.44,1.38,228327.9146
3444,253725.7095,550.0,1,319.11,51.94,60.45,28.41,85.77,2.0,213378.1342
3445,129485.9721,752.01,1,660.36,43.6,18.97,1.83,95.47,2.39,100087.3446
3446,409291.9788,550.0,3,556.16,13.0,61.36,1.59,88.51,1.16,360621.7399
3447,294636.4247,1101.3,2,224.69,12.71,26.64,28.46,92.66,1.11,200236.3949
3448,459853.5182,1287.48,3,517.81,28.34,80.89,22.77,95.98,1.85,378905.4629
3449,175174.4727,601.5,2,422.68,57.05,11.18,38.12,87.12,1.31,155959.03
3450,254573.7199,945.15,1,91.03,7.76,31.22,28.58,99.02,0.39,185829.4529
3451,368925.2699,794.9,2,412.11,36.09,63.66,22.13,99.9,2.4,265888.5057
3452,402197.8271,1282.32,2,752.49,30.3,40.62,9.55,93.85,1.23,374208.9413
3453,98837.63349,550.0,2,622.5,24.53,18.87,6.01,90.75,1.88,-70.78192244
3454,366239.7416,1798.59,1,435.48,27.94,10.45,19.22,94.94,0.84,223961.103
3455,183150.1299,571.26,1,800.59,27.25,41.18,10.58,98.17,1.79,146489.6918
3456,312782.8059,850.91,2,517.28,18.04,0.2,4.32,89.73,1.05,404392.2191
3457,216188.2021,550.0,2,629.44,16.53,16.33,7.07,92.87,1.15,80896.60542
3458,239682.4448,1182.12,1,224.42,45.22,62.85,15.29,91.14,1.17,98726.6703
3459,278031.9432,933.56,2,825.34,27.18,114.33,34.12,93.2,0.57,220658.8713
3460,303706.2523,641.56,2,227.82,39.7,4.72,29.81,98.2,2.37,221623.5262
3461,144095.3205,999.43,1,431.74,43.76,38.93,28.67,99.9,1.48,70390.11079
3462,250056.3135,601.34,2,918.91,57.11,66.24,30.2,91.39,1.06,225287.6452
3463,405354.2239,1591.98,3,624.6,10.27,44.55,1.69,99.9,1.37,451542.8544
3465,264828.2519,776.78,1,377.1,41.51,129.89,26.25,86.15,1.49,227479.6339
3466,110505.7101,654.07,2,1022.08,8.29,7.47,17.13,93.64,1.43,20196.13642
3467,124956.8317,597.77,4,236.83,5.14,23.25,13.65,86.75,2.27,64612.57097
3469,173457.2007,550.0,5,305.14,26.69,54.92,0.38,95.67,1.73,150769.3424
3470,344358.9229,550.0,3,104.1,34.49,31.48,1.2,98.7,1.24,245455.0531
3471,422939.493,1224.48,2,675.1,18.18,34.3,24.85,87.14,1.83,428746.7501
3472,261467.4176,1063.25,2,506.73,52.55,37.42,4.97,97.83,0.94,271937.4081
3473,175877.6048,550.0,3,456.75,42.73,89.64,32.98,92.81,1.23,61555.36218
3474,348788.7039,1245.36,1,727.46,48.94,33.55,19.67,99.9,1.86,358004.9016
3475,429335.8056,684.72,1,783.95,49.92,14.47,14.25,88.53,0.87,461293.6931
3476,680895.799,991.7,3,910.49,24.8,27.35,22.33,97.4,1.03,611490.085
3477,339150.2321,1001.18,3,568.49,12.01,65.49,17.42,88.88,1.06,442062.9497
3478,293738.7038,1389.66,2,616.35,17.23,18.98,11.68,99.9,0.65,245298.6109
3479,374302.8931,839.76,1,138.49,47.83,6.82,8.14,91.74,1.64,210391.3352
3481,223038.8672,1028.47,1,481.75,4.78,27.26,11.69,93.88,1.87,92505.59685
3482,557414.8766,1619.25,4,487.47,35.75,32.41,14.57,91.39,1.3,793145.9002
3483,268929.6573,965.59,4,721.2,47.1,9.17,20.61,86.92,1.31,298120.5774
3485,248472.5921,902.42,1,59.04,28.28,15.21,23.94,95.48,1.98,299097.4464
3486,222754.4147,901.84,1,280.13,43.2,55.74,20.29,89.06,1.43,203659.1809
3487,461501.3745,1153.56,3,382.87,53.58,42.73,7.91,94.58,1.56,266916.1598
3488,173388.9812,758.47,1,245.91,0.37,41.65,13.94,87.99,1.59,123377.7762
3489,136448.261,550.0,2,192.64,32.15,18.61,16.69,93.31,1.63,38558.3542
3490,382919.7319,1041.4,3,54.97,80.06,67.24,36.56,99.9,0.81,252309.1071
3491,376807.9552,1163.32,3,366.04,12.24,36.19,3.71,99.9,1.24,256293.3832
3492,232410.9649,550.0,2,211.66,29.98,67.58,33.97,99.9,1.91,292716.6151
3493,362063.8721,1304.4,3,721.92,31.0,13.6,10.5,91.37,1.53,731596.2431
3494,197471.5405,550.0,1,482.24,38.52,90.56,42.77,94.11,1.74,87771.20273
3495,504313.189,1597.54,3,690.35,37.72,19.33,12.2,88.55,1.87,508475.4492
3496,88580.3812,1205.99,1,507.84,9.83,29.47,6.05,92.38,1.46,5469.98901
3497,478765.379,1029.78,2,344.32,5.79,59.03,8.89,89.6,2.16,319425.6758
3498,649144.8176,2173.66,4,713.77,12.95,73.17,13.58,99.9,1.31,597803.1979
3499,248291.5764,978.14,2,909.83,14.87,24.74,7.71,99.9,1.81,400810.6711
3500,257520.3555,1757.2,2,279.56,37.26,11.34,14.39,83.28,1.36,411098.3294
3501,274839.1916,1334.34,2,505.94,25.1,62.52,27.84,97.45,0.14,239796.4809
3502,281220.2829,797.88,3,718.12,72.84,74.97,16.2,86.42,1.78,292456.0706
3504,387011.2144,1262.8,2,501.86,9.49,30.81,3.55,94.82,1.38,304974.5847
3505,270701.2685,605.52,1,229.88,8.63,48.1,22.5,99.9,1.88,251509.2446
3506,162069.5658,1246.55,1,777.32,31.13,26.72,31.59,98.19,1.92,106598.7978
3507,151368.1563,798.96,2,618.83,31.33,30.34,26.49,91.07,2.18,136645.7735
3508,189416.9866,1001.09,3,170.91,50.77,65.95,22.74,98.03,1.89,283785.8909
3509,199969.075,1501.09,3,103.56,63.79,57.21,9.92,92.79,1.04,209483.7264
3510,362917.3377,1676.03,2,663.92,35.43,76.0,20.49,93.3,2.01,484611.1899
3511,164139.0562,1006.78,1,585.0,9.14,1.5,11.13,85.72,1.17,119529.484
3512,186234.3612,1215.85,1,608.76,27.22,93.0,28.06,91.84,1.16,142314.4184
3513,121380.2128,550.0,2,558.05,33.01,80.32,16.16,94.4,2.08,43666.49498
3514,125451.6749,550.0,2,220.06,25.25,49.54,28.11,99.9,1.95,33880.29396
3515,345892.9122,1138.59,3,699.57,32.34,39.02,19.99,98.06,1.51,360542.4726
3516,567889.104,1293.66,3,358.37,0.03,12.7,7.88,92.72,1.2,403691.3227
3517,440072.279,1538.84,2,554.16,52.81,23.11,11.64,87.95,1.54,598704.6675
3518,151985.0457,1296.88,3,1051.09,18.2,19.99,16.93,99.9,1.15,77113.15239
3519,261273.8014,1505.35,1,343.48,32.63,30.14,14.29,88.78,0.82,262888.9327
3520,192421.813,620.94,1,214.94,37.96,19.15,2.67,95.23,0.78,258503.3654
3521,299649.7369,1001.99,3,14.7,16.42,1.51,14.1,93.17,1.3,490872.4931
3522,202869.0385,550.0,1,357.1,8.42,66.02,32.4,93.43,1.33,152509.4536
3523,200578.5387,1252.72,1,129.72,32.21,45.15,5.18,93.47,1.14,196771.9015
3524,297723.341,571.47,3,850.65,30.14,23.54,23.56,84.7,1.12,347907.5427
3525,415189.7194,550.0,3,531.24,51.66,54.05,22.17,94.94,0.58,343737.6416
3526,348184.7151,786.24,2,652.32,3.07,13.76,0.27,99.9,2.06,340148.8335
3527,329593.4904,1732.87,2,397.48,58.97,5.7,18.48,89.32,1.43,403433.893
3528,183263.5271,550.0,2,546.45,27.57,45.95,17.76,99.1,2.07,79582.8815
3529,413490.4371,1368.0,3,398.5,5.35,35.91,7.37,89.11,1.6,564757.5048
3530,306977.1266,835.35,2,482.54,24.87,14.98,12.57,99.9,1.68,196380.2251
3531,180330.4983,712.06,2,216.75,49.75,20.37,15.73,96.83,1.77,94392.3468
3532,205482.8076,550.0,1,93.57,59.07,1.22,13.89,90.79,0.52,255244.0831
3533,208902.9946,550.0,1,315.49,15.63,50.46,20.44,92.32,1.72,228842.5861
3534,203731.6781,550.0,2,306.83,4.42,81.51,25.18,98.5,1.7,69090.16399
3535,202492.5214,1604.68,1,336.98,37.45,88.13,13.4,94.47,1.56,264346.5566
3536,365160.8737,1705.01,2,514.98,19.13,59.96,22.22,87.01,1.0,434479.0184
3537,446113.4462,889.74,2,674.86,23.49,22.54,5.04,90.27,1.01,329489.1381
3538,504189.9766,1175.77,5,223.27,14.9,66.36,12.12,94.8,2.08,512290.5948
3539,342576.4266,1058.22,1,354.82,30.52,64.54,24.74,99.9,0.88,269173.0222
3540,195818.9389,550.0,3,644.38,1.16,11.32,8.1,99.9,1.25,218281.8618
3541,423341.9493,627.24,4,1104.18,12.29,52.29,25.13,99.9,0.96,374900.6761
3542,255087.7075,561.16,1,497.27,35.22,1.21,34.8,88.3,1.2,357658.254
3543,336400.2977,1064.72,3,444.14,54.88,9.04,37.17,99.9,1.65,365824.4329
3544,146723.0108,843.57,1,540.72,47.61,66.24,32.61,90.69,1.19,56464.73526
3545,382471.2411,1181.63,1,512.76,59.36,42.98,0.06,91.87,1.99,284510.0905
3546,284888.1118,1136.32,1,379.05,46.79,26.16,9.91,99.5,1.44,392510.6525
3547,398233.5466,1466.29,3,797.39,49.4,87.32,2.61,99.9,2.0,548582.6126
3548,170808.2439,550.0,1,288.76,56.21,101.52,33.14,84.66,1.68,61959.89971
3549,432760.687,1392.66,1,1007.89,6.67,60.49,29.8,91.32,1.41,286713.1713
3550,269144.7304,948.18,3,122.42,27.35,8.22,37.12,95.61,1.14,297613.9704
3551,469350.6521,1539.71,5,582.13,50.09,1.2,28.41,99.9,2.1,796232.0828
3552,133991.8721,1021.28,2,31.4,14.06,97.46,16.94,99.9,1.81,37249.18079
3553,407186.8924,1519.25,1,502.67,45.85,75.78,12.03,95.02,0.65,385218.3513
3554,196840.4434,1069.43,3,624.27,7.39,54.85,2.94,97.53,1.68,225277.9732
3555,106573.5554,958.52,2,856.39,36.15,16.04,16.98,87.6,1.49,35478.01804
3556,104494.0941,550.0,1,260.5,68.89,83.45,14.89,88.44,2.09,7704.340013
3557,265171.2807,1197.67,1,392.26,33.34,8.31,20.22,99.56,1.14,234380.9466
3558,102686.4687,709.95,1,40.08,14.54,5.45,27.59,88.65,0.7,10942.62089
3559,348780.2029,1465.72,1,310.21,18.56,9.88,15.79,99.13,1.31,457400.8199
3560,245781.3098,1279.97,1,222.69,39.89,10.44,6.85,91.81,1.68,169754.6577
3562,374053.7945,1098.27,3,1168.45,2.53,71.17,2.44,92.33,1.19,287908.4525
3563,403526.8027,1183.73,4,458.72,44.62,67.29,4.28,94.9,1.86,303367.6989
3564,243453.1123,1480.66,2,641.79,51.98,28.27,11.0,99.9,2.02,221475.2986
3565,311145.2758,1083.25,3,134.26,17.57,13.14,0.87,88.76,1.1,276948.678
3566,454143.3559,1686.26,3,631.84,24.09,18.49,4.16,89.98,1.84,371212.8715
3567,489551.5899,1980.79,3,880.1,20.51,5.58,7.72,99.9,1.25,595335.3288
3568,178729.4383,645.62,1,451.04,21.4,42.16,52.21,98.46,2.35,113315.9328
3569,231074.2306,550.0,2,463.41,23.73,13.78,0.49,99.9,1.45,156635.1808
3570,347052.8596,550.0,2,360.74,23.23,64.0,14.44,99.9,2.36,276050.415
3571,348619.8053,1681.69,2,615.04,7.9,29.35,5.82,91.88,1.58,567828.5916
3572,235370.7429,1662.26,1,397.11,39.39,83.02,29.95,96.45,1.47,162894.7123
3573,219950.3383,1270.45,2,622.96,46.96,84.87,29.86,94.6,2.31,208908.5674
3574,339933.3714,838.11,4,599.05,5.5,83.72,2.03,93.94,0.84,438612.6875
3575,135333.7626,975.57,1,197.27,44.83,79.16,4.66,95.97,0.89,55773.54671
3576,138576.4811,774.59,1,762.41,45.25,69.16,16.31,92.04,1.97,51827.25397
3577,239473.8559,550.0,1,418.94,71.58,11.38,25.58,92.24,1.52,273083.5785
3578,345373.5712,550.0,2,951.96,13.52,69.83,15.6,92.67,1.27,325010.2062
3579,521954.8921,581.94,3,518.23,31.61,34.84,17.26,99.62,1.86,486696.6709
3580,436153.2994,1035.55,2,187.9,74.41,57.28,15.3,93.69,1.32,311799.2526
3581,368075.5991,863.23,4,467.94,30.03,20.07,6.84,99.9,1.65,566984.7491
3582,261047.3999,550.0,2,782.01,28.96,61.33,13.88,99.9,1.1,220466.3325
3583,257495.1117,760.79,1,311.73,19.17,2.98,20.13,99.9,0.71,339129.0975
3584,119563.1348,924.97,2,987.22,61.68,60.26,19.49,94.79,1.23,48584.69576
3585,127009.0827,550.0,3,403.9,16.07,71.52,27.16,99.9,1.51,45714.92155
3586,679963.9132,1736.87,3,422.22,41.8,17.09,25.81,94.28,0.66,516534.8996
3587,269865.6223,1220.89,2,285.83,33.93,9.94,13.59,93.85,1.71,521970.4384
3588,517884.4598,1693.55,3,924.87,11.62,36.12,22.02,89.24,2.11,462818.59
3589,253190.5315,1121.1,2,437.81,43.68,22.44,9.42,99.9,2.05,234191.1484
3590,260655.36,1046.69,2,157.52,16.44,60.58,13.98,92.06,1.91,152555.3246
3592,408496.2329,1275.35,3,718.87,2.33,47.5,15.18,92.26,2.13,534945.6514
3593,244766.5398,1574.03,1,799.67,37.89,65.68,26.45,99.9,1.51,198476.8671
3594,109353.449,760.31,1,458.1,38.12,44.96,41.36,95.92,2.27,7520.380337
3595,316375.6638,713.02,1,873.93,35.1,4.17,3.76,95.13,1.45,182034.9673
3596,596790.302,1636.47,4,307.5,46.34,59.31,7.49,95.8,0.85,829576.0237
3597,652902.385,895.52,4,424.22,38.5,50.65,3.98,95.16,1.85,775333.338
3598,132898.4481,550.0,2,875.53,19.08,48.38,0.51,91.91,0.95,43043.04249
3599,254754.2361,1116.26,3,661.39,67.66,15.67,32.82,95.02,1.73,310274.7003
3600,350600.5119,753.82,1,432.32,45.17,27.5,12.77,97.5,2.27,351705.7342
3601,455430.4253,1357.84,1,784.37,47.18,4.97,19.04,96.29,2.6,464977.7208
3603,237289.5945,1343.88,3,1154.36,5.55,41.82,17.39,99.9,1.61,361421.1863
3604,491887.0762,1811.08,2,856.26,57.76,19.48,18.66,97.4,0.87,655635.0956
3605,310568.5287,794.37,3,398.39,15.58,40.27,26.83,98.66,1.72,349112.5646
3606,201989.3311,1255.65,2,711.58,50.2,46.23,19.13,98.97,1.74,174929.0541
3608,668529.4837,1135.69,3,676.14,13.03,5.58,2.63,95.35,1.49,515792.974
3609,410850.8706,1999.12,2,460.22,65.74,11.6,28.31,96.0,1.88,500286.6337
3610,244151.4962,976.06,2,692.25,10.8,8.45,13.46,99.9,1.51,152674.0331
3611,98879.35132,550.0,1,264.21,41.57,65.96,29.51,99.9,1.84,-5704.61006
3612,363115.9217,1495.54,3,102.09,12.7,67.64,7.68,97.47,2.75,339426.4078
3613,173320.6069,626.39,1,304.24,28.35,41.71,13.39,98.33,2.08,151235.7966
3614,463176.9846,1610.19,3,1107.22,46.55,61.03,15.19,91.51,0.67,336523.2209
3615,271593.7546,964.6,2,473.7,41.38,99.94,6.86,92.08,2.56,220054.4011
3616,140335.5584,550.0,1,493.67,62.72,19.25,10.08,97.71,1.33,70978.62333
3617,218691.7563,591.51,2,149.91,19.79,54.06,47.14,97.41,2.25,109278.1298
3619,165832.1784,550.0,1,603.4,56.31,2.46,7.27,95.36,0.77,80930.69969
3620,467961.8684,565.46,2,207.62,30.3,96.94,2.29,99.9,1.2,786386.1217
3621,351117.6189,1113.09,1,857.27,6.19,30.43,9.0,91.8,1.75,338082.4175
3622,208666.9791,550.0,1,433.47,17.92,94.64,44.69,88.11,1.51,134021.7726
3623,279679.0263,1214.95,2,140.66,32.71,114.49,20.69,88.7,1.41,395288.9434
3624,413003.9979,1378.36,3,980.86,33.12,16.68,30.58,97.9,1.57,261751.2849
3625,238708.4293,748.96,1,488.79,18.0,71.87,10.13,88.03,1.95,138998.9321
3626,420255.3959,613.33,3,970.35,21.63,106.31,6.59,94.72,1.51,351520.3975
3627,287178.9815,1213.2,5,107.47,20.09,102.07,5.07,99.9,1.35,325960.1777
3628,583770.1028,1794.21,4,849.84,25.36,36.14,5.69,95.15,0.68,638723.1436
3629,190496.3225,1031.39,2,985.75,14.48,62.16,2.9,96.26,1.63,195041.0713
3630,419228.1018,736.06,2,643.32,38.98,99.69,1.62,94.83,0.9,346984.9722
3631,151346.0076,550.0,1,389.08,18.27,42.52,22.34,99.9,1.42,56208.60556
3632,152547.8006,672.46,2,292.67,42.51,138.06,23.04,85.39,1.16,88332.07487
3634,346404.9159,1309.44,4,898.41,8.15,116.31,31.67,89.49,0.99,344268.6985
3635,148899.3633,677.16,1,375.04,43.17,34.83,19.23,91.78,1.02,53509.4121
3636,259050.8582,886.37,1,398.52,34.23,1.34,1.5,99.9,1.44,385507.5642
3637,271802.8822,1811.78,1,491.15,3.73,56.01,6.37,96.72,1.27,264211.6154
3638,333916.3553,1153.29,3,738.17,17.63,63.47,4.24,90.12,0.7,355860.8904
3639,345571.5265,777.23,1,355.11,18.41,49.64,0.74,99.9,1.24,237423.5586
3640,519792.0075,1135.54,3,357.32,23.57,3.23,10.2,95.04,1.72,365332.0548
3641,389898.0003,917.99,1,151.87,80.23,12.68,21.99,96.63,1.89,305963.3446
3642,301123.5065,1295.36,1,46.4,44.02,106.99,16.08,96.13,1.65,295860.602
3643,316635.7496,641.65,2,166.7,24.65,86.73,11.9,90.81,2.24,383479.8799
3644,250923.2967,991.63,2,449.5,66.92,53.67,11.62,85.1,0.53,287698.1432
3645,169416.882,678.06,3,383.89,38.64,27.09,3.41,87.95,0.93,143387.0105
3646,271626.442,1381.83,2,768.86,6.93,38.1,2.17,96.32,1.69,431628.5128
3647,249197.4365,1230.22,2,91.7,4.6,48.75,18.29,95.95,1.8,282142.1362
3648,397944.8863,1625.51,2,523.63,22.55,51.93,21.55,91.87,1.04,419205.0126
3649,113695.6907,692.41,1,1059.23,42.64,13.62,24.49,95.06,1.83,40774.88886
3650,600264.5963,2020.96,3,231.48,38.15,65.23,12.01,93.76,1.34,651688.5438
3651,281753.5547,1457.4,2,632.63,6.85,45.37,26.11,98.26,1.05,535063.6694
3652,85000.0,1161.07,1,534.56,19.26,50.38,20.06,93.11,1.78,7959.542028
3653,340564.4614,550.0,4,223.2,63.46,11.13,6.11,99.9,1.38,342054.8606
3654,114473.6565,788.63,1,432.95,37.95,93.9,20.91,96.55,1.94,46925.7901
3655,160967.1899,550.0,1,716.98,10.94,81.96,17.69,87.27,2.14,78738.46379
3656,421588.8578,663.23,3,133.15,0.32,9.44,19.92,98.82,1.21,321990.6474
3657,290193.7822,1413.97,1,613.62,12.75,1.67,32.52,98.08,1.94,316845.3768
3658,698889.7303,1069.97,3,281.48,14.14,15.74,8.6,91.46,1.38,529077.9175
3659,254403.7403,864.82,1,429.09,44.84,59.61,14.3,90.06,1.74,193087.4171
3660,262278.879,1212.91,1,726.85,48.2,55.73,3.88,99.45,1.92,345459.1904
3661,233257.5243,1418.77,1,114.07,41.07,46.15,16.7,88.53,2.35,368165.8975
3662,255530.6013,1964.4,1,929.31,46.62,84.11,4.72,88.14,1.16,221933.8457
3663,234702.934,1033.18,2,938.16,35.33,50.1,27.39,99.9,1.37,242865.7596
3664,157152.5847,550.0,2,733.44,77.31,54.34,33.38,99.13,1.77,65742.20377
3665,228606.7365,1440.26,3,565.5,22.41,30.43,14.68,93.58,1.89,167601.5968
3666,277242.4891,828.63,4,459.08,35.9,58.92,36.29,90.56,1.35,453892.3027
3667,115585.1555,550.0,1,593.84,4.14,64.78,36.63,86.18,1.74,12505.96291
3668,383724.1186,1166.38,3,832.25,45.36,41.2,2.96,91.24,1.55,333860.0217
3669,221443.7773,997.54,1,289.46,11.11,88.56,41.92,90.98,1.8,105401.0907
3670,157001.7057,550.0,1,488.87,45.5,111.9,27.78,99.64,1.95,42569.78289
3671,426827.1371,1491.29,2,357.3,34.76,99.75,37.53,99.9,1.56,425833.8266
3672,179621.2942,550.0,1,259.13,25.03,83.26,11.71,99.9,1.81,147268.8939
3673,260091.1449,1201.61,3,914.77,37.18,87.97,14.17,95.97,2.29,136299.3793
3674,370439.3523,1501.25,2,80.27,45.34,47.35,18.87,89.56,2.24,209625.9855
3675,207749.5349,550.0,4,670.25,15.53,93.8,1.6,99.9,0.4,112062.9117
3676,141848.9918,629.97,1,102.9,59.2,113.3,13.36,98.05,1.12,75361.61746
3677,610665.3734,1488.74,3,497.92,13.92,63.85,25.21,89.66,1.51,593371.5316
3678,288525.3515,1174.24,2,144.94,35.97,10.94,2.49,99.9,0.96,240029.3849
3679,308828.2779,550.0,1,289.02,32.45,67.49,43.93,85.43,2.1,188276.7316
3680,179240.4585,550.0,2,174.9,43.05,11.91,27.68,98.91,1.55,130518.9479
3681,239641.2752,553.63,2,417.33,12.56,58.29,18.55,94.26,1.24,135366.5505
3682,213261.663,550.0,1,332.63,41.13,25.43,15.4,99.9,1.39,191617.3486
3683,406167.87,897.39,3,866.78,67.91,29.1,9.05,94.3,1.73,273233.5507
3684,478728.7203,972.33,2,516.19,39.7,9.35,25.0,90.66,0.91,701885.6443
3685,274343.871,550.0,2,609.95,28.31,21.72,14.53,98.91,1.43,146257.9676
3686,307135.0187,1928.68,2,301.85,22.35,57.05,19.88,99.9,0.93,439322.9316
3687,254303.635,752.71,3,825.31,44.37,8.94,19.79,89.35,1.6,186015.9452
3688,163579.3966,561.54,4,573.31,56.63,125.84,33.07,97.38,2.62,101324.5966
3689,171977.7174,1012.69,1,455.09,4.18,28.24,2.51,88.52,1.99,119173.8218
3690,453381.6964,1649.83,2,709.08,27.17,5.21,9.93,99.74,1.46,456591.1292
3691,301378.5948,1115.75,2,381.71,39.5,40.24,8.35,91.07,1.23,150448.0183
3692,250327.6615,931.61,2,571.55,62.45,18.16,41.47,93.75,1.41,331313.0259
3693,238916.7137,550.0,2,595.84,33.9,13.87,23.75,94.54,0.46,317736.4914
3694,250913.9224,1628.7,1,1050.53,22.52,63.67,22.81,99.9,1.4,250912.0961
3695,401616.0384,1324.19,2,912.02,16.72,77.4,2.66,97.41,2.72,325920.1186
3696,242020.756,984.45,2,674.07,26.24,55.07,7.91,96.3,0.41,276792.4655
3697,109516.2163,620.11,1,192.09,24.03,92.6,29.23,96.27,2.51,14381.7207
3698,507865.0294,1318.75,5,1087.95,10.35,80.64,23.86,93.67,1.53,527541.4538
3699,166006.2892,869.37,1,998.29,61.37,79.2,42.54,95.03,1.28,77836.40852
3700,294283.1239,1095.18,2,97.17,15.18,16.52,11.71,98.12,1.33,226067.1732
3701,297256.5871,1047.06,1,621.55,23.45,61.2,35.56,99.9,1.36,178808.4069
3702,169471.5239,1069.49,1,757.58,37.84,46.86,5.73,80.9,1.57,89824.60649
3703,168729.8001,1027.55,2,498.04,20.68,87.26,29.83,89.89,1.44,84596.30737
3704,340383.2043,1446.91,4,259.84,16.16,40.89,2.57,92.82,0.73,386291.2836
3705,216085.2785,1028.21,3,513.63,28.05,29.88,38.12,96.3,1.72,131420.7855
3706,144709.6254,761.99,3,302.17,15.11,11.7,41.65,91.73,2.39,46995.99678
3707,551473.0718,1486.4,3,814.49,15.71,67.42,30.48,97.5,2.44,452140.432
3708,343637.7017,904.28,2,193.62,68.72,40.06,0.97,93.38,1.73,223737.1883
3709,351210.4303,885.44,1,259.07,46.62,81.36,40.54,87.58,1.18,256246.1356
3710,313430.0109,1620.64,3,402.32,59.56,58.94,10.71,98.64,1.06,262314.4785
3711,190459.3301,550.0,3,754.56,3.18,15.95,25.03,92.36,1.66,87192.80529
3712,398329.3149,1119.09,1,525.71,5.43,56.01,24.92,95.73,1.69,334538.5261
3713,206891.4973,764.69,2,437.33,35.88,19.86,15.04,96.24,1.98,175352.0822
3715,192649.9063,550.0,3,138.12,45.04,85.35,3.67,94.29,2.03,132625.8479
3716,254961.9937,1090.39,1,798.1,59.36,79.59,31.73,95.2,2.32,134402.4537
3717,296999.248,667.3,2,671.66,29.01,118.18,9.62,95.57,1.62,240233.7596
3718,393769.5176,1728.37,4,892.69,38.83,1.28,1.26,86.4,2.05,344195.7985
3719,251081.8918,550.0,3,55.88,43.24,9.11,21.18,99.9,1.8,299080.0829
3720,327067.025,550.0,2,310.51,30.53,22.45,29.34,96.59,1.65,345658.7636
3721,480393.3519,767.32,1,959.68,18.66,33.42,14.04,99.9,1.25,324320.0904
3722,484182.6847,1448.76,3,420.23,27.39,30.51,12.67,88.88,1.29,405357.3565
3723,735196.0247,2263.12,3,696.47,32.5,43.52,16.54,95.26,1.03,710752.3884
3724,448083.1316,1140.1,2,520.12,38.79,74.82,17.84,85.8,0.71,253933.5267
3726,450940.4019,845.18,3,451.68,30.0,36.84,17.98,95.11,1.19,317020.5206
3727,279061.4155,1433.13,2,273.31,42.44,49.66,36.27,86.05,2.14,283536.5648
3728,319396.2929,974.62,1,96.39,0.56,14.19,15.75,96.06,1.74,218180.5817
3729,251522.4401,1351.97,3,581.74,31.68,61.59,16.56,94.41,1.64,340792.8448
3730,374267.3556,1782.12,2,399.94,41.62,81.16,21.9,93.12,1.11,419401.5648
3732,314212.8878,1707.24,3,1155.6,70.95,33.05,15.48,94.21,2.36,403851.4877
3733,486068.0823,1534.67,2,466.55,28.15,32.77,11.68,89.08,0.97,615702.0393
3734,453237.3277,1376.39,3,36.68,9.16,88.25,22.47,92.34,0.95,418335.9438
3735,152463.6497,550.0,2,161.86,12.7,93.85,25.32,89.18,1.5,159165.4889
3736,157692.2378,914.83,1,381.4,23.56,51.27,13.35,99.13,1.51,107399.2609
3737,541277.4834,1042.39,2,644.06,20.25,32.15,17.42,89.8,1.0,357687.596
3738,614452.2313,601.52,3,17.2,39.14,4.83,27.6,91.02,1.5,435975.1176
3739,218544.7836,550.0,1,30.37,47.77,45.94,36.89,95.67,1.61,155573.2173
3740,423416.6083,805.96,2,844.53,47.19,3.85,30.4,98.24,2.55,256491.0536
3741,320483.7395,992.95,3,867.92,42.08,76.79,8.92,97.96,1.71,285084.7394
3743,288145.2699,550.0,3,317.83,55.2,78.53,22.58,87.73,1.45,255546.7962
3744,224961.5539,1310.8,2,311.28,36.98,69.72,14.24,91.01,1.91,117432.325
3745,451392.1117,1303.24,2,989.25,25.71,30.85,17.25,96.24,1.64,515607.4743
3746,354213.0866,663.52,2,479.65,21.07,29.31,2.79,96.12,1.21,299203.6989
3747,244610.7551,1105.77,2,64.51,50.8,0.51,22.49,99.9,1.28,147239.1137
3748,219383.0633,693.41,1,618.25,45.84,21.48,25.06,98.99,2.01,348946.5864
3749,296943.6869,550.0,3,396.22,51.98,44.52,24.35,91.26,0.57,384880.3671
3750,323022.2186,1068.77,2,414.37,47.68,46.43,6.45,93.35,1.02,308536.2826
3751,395372.1412,1744.56,2,437.49,12.26,28.55,27.69,96.1,0.19,265431.9359
3752,249085.6337,550.0,2,125.4,31.75,59.81,26.48,88.72,0.73,170331.2886
3753,306098.3293,663.07,3,484.75,2.37,11.6,21.14,92.75,1.75,403294.7467
3754,417593.3801,781.98,2,419.94,43.28,62.47,19.1,94.82,1.66,306319.3323
3755,488567.3674,748.89,2,604.86,48.13,96.5,45.95,98.02,1.33,362908.1485
3756,265278.7319,1320.1,2,581.23,25.26,34.15,1.81,99.54,0.63,510839.314
3758,239890.6814,550.0,2,9.28,2.23,99.46,19.89,99.9,1.54,135482.4152
3759,353108.2819,1104.28,3,247.27,8.22,65.69,21.36,92.75,1.06,428338.0879
3760,406620.216,1383.14,3,291.71,17.3,31.02,7.22,92.83,2.66,282117.5565
3761,219968.9935,550.0,2,959.25,7.5,64.62,20.72,99.41,1.45,329833.1159
3762,312287.0828,1479.17,1,756.72,4.23,31.6,4.64,95.2,1.7,329932.7949
3763,402910.4606,1564.04,4,583.64,33.79,54.03,17.94,91.82,1.69,540163.3662
3764,245490.2744,627.81,1,966.52,42.58,32.38,33.06,93.44,1.73,113677.0941
3765,417654.312,1050.87,1,293.12,29.56,68.9,22.03,97.52,0.87,346642.5411
3766,325747.0083,1059.66,4,669.51,37.39,8.86,3.03,97.6,1.26,258884.3212
3767,297105.0299,1735.68,2,463.03,39.44,32.12,6.71,89.14,2.05,396915.404
3768,259240.2072,1639.69,1,432.74,37.29,56.46,43.37,93.84,0.96,307318.9067
3769,152376.5716,701.73,2,722.35,51.91,39.1,24.89,99.9,1.86,48779.107
3770,335479.1449,1149.79,2,294.11,31.28,91.85,15.98,92.17,1.96,214696.5807
3771,327234.4101,1077.72,3,161.23,2.3,57.15,13.99,94.38,1.07,316544.8857
3772,268339.2621,659.38,4,1021.37,7.48,8.77,37.24,92.56,0.78,506533.7958
3773,108316.6944,550.0,2,496.33,48.02,23.96,17.13,91.69,1.19,31862.95084
3774,350823.0371,824.68,2,443.81,21.28,50.93,7.16,85.32,0.93,463591.4701
3775,482617.6292,853.76,3,533.83,5.13,49.13,11.34,96.91,0.74,426423.7099
3776,562266.5537,1527.91,3,377.86,28.86,6.37,4.28,99.9,1.27,635704.7121
3777,339524.9233,1421.46,4,87.38,14.46,61.86,33.12,96.1,2.28,374149.5865
3778,216824.1826,550.0,2,239.71,19.61,4.96,2.93,99.9,1.41,139662.0685
3779,323911.7643,550.0,3,230.72,38.85,14.7,12.5,90.94,1.6,399787.183
3780,308120.0689,681.71,2,182.99,28.4,32.25,19.73,88.56,2.6,172470.2605
3781,497905.6963,969.5,4,1020.08,6.17,24.19,11.43,97.67,1.12,391756.0029
3782,189564.2486,1055.06,2,890.91,68.04,29.97,26.56,91.61,2.25,177581.3499
3783,378628.5385,1111.38,2,882.33,38.89,99.46,12.38,99.9,0.89,256351.6329
3784,96863.68367,691.66,2,41.14,22.34,46.06,8.27,89.72,1.05,18902.83481
3785,319871.6826,1366.61,3,457.34,14.45,73.92,12.84,91.76,0.53,287685.426
3786,353954.5232,920.56,2,828.17,46.83,12.82,20.4,99.05,2.27,257358.6807
3787,242810.4204,820.47,2,678.76,36.6,24.39,32.53,95.92,0.57,129981.4305
3788,579828.7902,1197.95,1,424.29,2.54,39.78,0.78,88.94,0.88,466482.3
3789,337584.6674,1343.92,3,395.96,70.11,78.95,24.21,87.94,1.2,327092.9137
3790,130244.3485,550.0,1,583.93,21.92,13.82,38.31,93.73,1.96,17921.09764
3791,278669.5552,1207.53,3,375.11,52.36,79.98,14.35,92.24,1.29,482970.247
3792,229083.7701,1180.8,2,84.78,31.35,56.74,51.77,94.2,1.47,277909.1793
3793,185993.6128,692.3,1,475.8,7.83,73.18,9.76,82.46,2.02,132261.7849
3794,299025.9899,550.0,2,359.12,22.54,115.36,40.01,89.71,1.67,277096.0413
3795,594199.6817,1565.14,2,888.22,32.79,45.14,10.23,90.69,1.18,575304.8732
3796,216799.6083,907.53,2,748.6,3.35,25.9,14.94,97.19,1.31,189771.7778
3797,475695.0762,743.68,2,316.28,11.74,33.61,31.15,94.9,1.09,324735.6312
3798,214425.1465,1302.39,1,565.9,45.1,95.09,18.93,96.95,1.17,240984.7161
3799,280770.2438,774.44,2,947.55,66.5,48.69,0.44,97.63,1.81,183776.825
3800,637118.2194,1334.67,5,270.81,25.39,18.14,15.24,99.75,1.2,618442.8382
3801,108440.3348,961.1,1,296.34,31.93,72.6,34.04,96.4,1.64,45286.14571
3802,150576.3355,733.36,2,737.95,7.4,53.53,14.62,94.76,2.18,107437.1988
3803,143531.0914,550.0,4,421.86,19.4,30.23,8.29,94.38,1.46,93409.31612
3804,277856.4616,1532.21,2,472.29,21.53,15.31,21.49,94.88,1.93,164890.2375
3805,363575.0038,797.3,3,797.95,42.4,15.14,13.61,92.87,1.48,390607.6226
3806,468264.3781,1035.15,2,826.13,48.99,20.21,12.98,93.55,2.42,532091.5154
3807,184107.5474,550.0,5,466.66,9.67,25.94,19.59,87.66,1.15,165262.1931
3808,591379.3687,1434.95,5,1010.57,44.04,7.42,6.53,90.69,0.93,438645.6002
3809,129891.1783,550.0,1,457.3,45.4,8.61,0.83,97.52,1.96,51373.29379
3810,283376.6543,977.03,1,32.81,55.6,77.01,21.83,99.9,1.39,166264.6584
3811,114505.5941,833.92,1,444.51,5.89,91.77,15.45,99.41,1.62,30074.74031
3812,223105.4141,1697.87,1,722.04,11.27,69.99,13.27,94.83,2.03,338884.132
3813,393730.3412,910.77,3,412.71,6.48,13.11,8.79,94.99,2.2,202406.4103
3814,217171.6912,1269.84,1,509.97,25.79,80.95,0.02,96.21,1.87,114866.6244
3815,713551.7912,1541.98,2,737.18,35.23,7.84,1.9,89.41,1.18,552795.8702
3816,241250.9306,1209.53,2,279.59,32.14,4.06,1.76,92.16,1.63,149938.0098
3817,531136.7027,1889.24,2,1009.89,28.61,7.06,13.88,99.9,1.53,505865.8675
3818,184652.8351,693.18,1,132.85,67.25,67.33,34.12,99.9,1.92,136190.8982
3819,247876.0339,726.52,3,750.84,30.56,30.6,20.01,99.9,1.11,182174.314
3820,185347.049,1291.71,1,197.32,44.88,60.68,25.03,85.38,2.02,170822.5667
3821,296296.8546,1350.74,3,349.71,11.22,65.13,38.48,99.9,0.36,230877.7572
3822,133859.3801,559.1,1,529.5,30.82,57.1,6.33,87.14,1.87,74086.26266
3823,293386.9158,1608.72,2,375.62,29.47,60.0,33.66,86.35,1.65,473425.3601
3824,185377.3079,631.39,1,692.86,9.73,83.85,22.67,88.35,1.33,149812.0795
3825,218757.1645,1140.39,1,143.04,16.33,70.95,4.32,91.62,1.42,232216.3718
3826,159738.251,550.0,2,846.59,39.09,105.21,16.57,96.5,1.6,100023.1061
3827,100954.0932,550.0,3,641.79,62.0,72.1,7.59,88.96,1.71,19025.91229
3828,350743.6955,1413.16,2,554.43,9.33,31.43,2.65,89.75,1.3,241228.4781
3829,611065.099,2099.87,3,185.09,50.72,34.44,4.59,95.17,1.26,523697.1001
3830,96016.41834,550.0,2,355.38,28.12,104.93,33.43,91.17,2.77,18234.42703
3831,101236.1876,830.58,2,902.26,4.65,7.52,13.22,98.9,1.77,898.7966815
3832,280959.6153,1450.45,3,624.96,16.79,100.82,36.98,96.25,1.52,266269.5248
3833,469224.3919,1269.91,2,799.79,17.36,6.68,19.32,90.07,1.75,288911.7543
3834,156312.4717,550.0,2,683.55,34.79,67.31,18.35,92.99,1.59,131603.6608
3835,284932.3879,993.08,3,664.6,38.4,39.67,26.1,96.63,2.01,395776.3616
3836,214596.5987,1204.99,1,870.73,4.26,35.86,2.71,99.86,2.24,189195.7242
3837,108935.8619,988.76,2,1313.59,20.57,81.04,29.03,99.9,1.18,10618.9253
3838,607294.1805,1914.64,1,215.49,41.18,43.47,17.02,98.08,0.97,672145.4537
3839,334882.4909,762.18,2,774.24,7.18,19.36,8.24,91.16,1.78,345503.2885
3840,426579.6287,641.69,2,771.15,8.62,70.01,8.31,98.12,0.97,363343.8385
3841,120656.4199,550.0,1,289.13,63.59,18.13,29.97,85.3,1.43,50914.02599
3842,113076.6212,550.0,1,111.19,17.01,26.61,27.84,95.61,2.15,32747.97897
3843,297133.7751,1671.11,2,848.09,11.66,9.5,13.71,99.69,0.96,247635.9062
3844,538787.2447,1663.19,5,676.05,35.23,44.79,2.56,98.73,0.81,472001.8823
3845,254900.1712,730.3,3,1162.25,24.96,8.95,5.83,92.75,1.68,454680.4699
3846,182105.3596,1025.57,3,81.44,35.25,8.32,12.64,92.93,0.53,142722.0924
3847,226301.7403,806.1,1,104.78,26.98,116.25,17.84,95.21,1.03,144965.064
3848,218545.0964,550.0,3,446.33,4.31,36.66,38.23,99.44,1.62,223898.5655
3849,268163.8259,718.38,2,675.71,3.78,58.3,9.15,97.98,2.48,183357.6697
3850,388066.3842,947.97,2,430.49,30.08,4.52,9.06,97.57,1.64,355146.4427
3851,422554.5828,1229.6,3,669.56,48.59,70.98,10.22,99.9,0.48,286337.2223
3852,476623.2329,1609.6,2,963.22,31.99,45.52,30.62,94.76,1.38,337158.9324
3853,381018.2398,732.48,3,12.05,38.95,26.54,42.27,92.25,1.42,269896.4343
3854,354656.3014,1701.51,3,397.45,40.1,105.46,3.36,89.33,1.14,254547.31
3855,212369.7208,1228.22,1,460.19,46.21,35.3,8.46,87.78,1.2,135717.5314
3857,113935.0884,714.24,2,12.89,44.84,85.2,24.39,99.1,1.69,29049.73563
3858,340862.5578,1434.89,2,514.35,38.89,85.29,37.6,98.13,1.52,281732.2698
3859,217034.6345,757.1,1,427.77,48.71,86.65,21.27,91.54,1.43,92925.45679
3860,229785.0799,1269.8,3,226.61,55.91,65.34,17.95,90.82,1.2,120641.1846
3861,578259.3649,1553.28,4,767.25,18.2,24.25,0.44,99.09,1.39,403616.4095
3862,216351.837,630.03,4,404.23,69.15,62.44,9.68,96.79,1.11,212096.3576
3863,484487.3022,1888.4,3,506.26,36.52,92.12,9.51,89.69,2.73,474813.2348
3864,163847.6551,550.0,1,171.47,48.97,83.77,34.55,92.42,1.94,142314.3466
3865,196172.7438,798.62,1,427.58,21.84,15.09,15.81,99.9,1.36,116878.8952
3866,198478.5025,607.86,1,577.09,39.02,4.35,20.57,97.11,1.69,133376.438
3867,286430.9385,550.0,3,68.91,9.67,56.59,13.13,93.63,1.5,325614.4246
3868,336339.7509,1446.43,1,315.55,64.45,37.17,5.81,85.68,0.73,468890.8604
3869,201706.6066,1109.35,1,763.77,21.42,0.79,6.07,99.22,1.59,209804.1051
3870,197046.1664,550.0,1,62.29,23.8,77.89,17.86,99.9,1.96,99429.12282
3871,416588.5502,1844.34,3,670.38,21.32,54.25,7.37,96.79,1.66,408840.4467
3872,192170.6232,550.0,1,716.74,17.56,71.11,21.42,84.46,1.5,184556.5177
3873,304893.1125,866.0,1,535.74,18.55,25.59,23.97,86.54,0.7,181913.8771
3874,318960.2502,1001.01,1,261.73,6.43,98.73,19.07,99.9,1.76,499748.5962
3875,218798.9246,550.0,3,307.22,51.18,34.43,7.01,91.89,1.41,176632.4287
3876,167169.7473,550.0,1,33.24,25.19,51.55,20.19,95.07,1.68,101986.4207
3877,220535.3979,1111.09,2,302.8,10.52,11.45,3.94,96.46,1.63,267082.5203
3878,471933.5698,2228.78,2,8.42,19.35,9.74,2.83,95.29,1.19,561836.5416
3879,395455.9143,1454.5,3,393.24,33.38,59.86,5.17,89.97,1.65,457788.3346
3880,122880.1573,550.0,1,687.41,30.2,29.25,29.36,90.49,1.79,86752.74501
3881,347081.426,550.0,2,89.87,11.97,76.34,6.22,94.56,1.55,183008.2164
3882,121815.294,550.0,1,842.98,40.93,9.39,10.87,93.58,1.87,41350.96088
3883,441340.6356,1457.83,3,202.86,11.67,16.68,0.72,98.59,1.28,370463.9855
3884,147751.6192,707.6,2,823.29,32.6,25.55,15.02,92.96,1.97,133195.8103
3885,173014.2408,1146.31,2,564.3,55.74,50.97,18.88,88.85,1.46,76684.15494
3886,349328.3292,729.32,2,808.84,50.3,20.49,1.46,88.8,1.72,242113.7641
3887,214448.7043,909.24,1,432.83,44.97,29.12,11.26,96.61,1.87,147047.6584
3888,590169.0022,1405.91,1,588.23,6.77,17.42,4.54,97.53,2.03,762187.9372
3889,309973.0901,1030.27,1,723.0,62.82,15.76,8.84,88.26,0.8,191660.7394
3890,106055.4741,1325.44,1,103.62,38.13,54.77,20.97,96.27,1.52,16771.41779
3891,129666.8694,979.48,1,224.8,23.15,42.91,20.29,93.25,1.21,56922.47986
3892,192523.1451,550.0,1,647.11,36.58,53.14,6.99,97.86,1.45,126565.1268
3894,286151.1759,550.0,1,107.06,2.22,24.42,0.45,93.75,1.3,209096.2051
3895,102811.3906,1173.75,1,517.21,39.3,55.1,27.23,94.07,1.72,112.874873
3896,186732.3028,554.97,1,749.92,8.98,54.91,24.61,91.56,1.61,133408.8112
3897,288365.1523,1426.26,2,405.28,2.24,37.18,4.32,87.82,0.94,431172.7581
3898,487047.1794,1123.12,3,204.76,22.51,51.0,16.84,96.06,1.7,415682.2923
3899,311596.6105,1106.34,2,1082.61,25.33,1.17,15.24,91.39,2.1,480630.2745
3900,301781.1467,801.85,3,621.36,47.83,56.13,16.32,93.34,2.21,246840.9598
3901,435573.3916,1946.01,2,988.21,13.96,56.97,8.29,92.3,0.81,398777.7425
3902,102050.3585,550.0,1,435.35,3.77,93.9,32.26,91.96,1.27,21176.56369
3903,142639.1425,908.42,1,14.54,48.12,51.58,27.84,92.13,1.58,77579.26262
3904,214878.8232,796.96,2,338.71,35.29,50.9,2.72,88.22,0.94,144444.3827
3905,277124.1579,1102.88,1,1004.95,35.8,56.78,49.5,99.9,0.49,308624.2637
3906,279107.4169,1066.26,2,839.44,52.4,4.55,13.37,99.9,1.12,202538.0785
3907,267270.4751,1206.92,1,375.51,55.98,74.22,30.96,95.25,1.89,298070.6951
3908,178033.013,1500.21,1,743.08,78.98,23.18,6.1,83.82,0.79,214373.7405
3909,317672.2156,1530.81,4,872.41,6.5,11.35,25.56,91.31,2.2,679378.7551
3910,183923.0472,1161.81,2,532.59,12.5,47.28,11.41,96.06,1.23,91230.46459
3911,236584.1873,964.97,2,392.99,33.85,9.51,8.0,98.53,1.35,311916.2329
3912,368115.7688,959.56,5,464.31,22.58,51.58,3.65,90.54,2.5,362312.1298
3913,124342.7351,644.51,2,21.86,7.0,4.62,30.3,91.74,2.56,37848.0851
3914,436583.3912,763.08,5,259.31,53.7,19.38,6.97,87.76,1.62,453318.2573
3915,298156.0984,1492.49,4,178.38,9.8,64.26,16.16,92.6,0.68,672709.9967
3916,269688.4728,1273.14,1,1115.4,3.1,12.27,22.07,93.45,1.85,309291.6366
3917,177184.5331,900.88,1,603.9,38.38,133.5,30.8,93.17,2.29,185735.6973
3918,416279.762,1184.28,3,320.38,41.76,23.74,17.37,90.41,1.29,491072.1388
3919,119043.1142,1328.73,1,753.97,19.06,72.13,19.23,83.77,1.94,70347.32845
3920,211407.4124,550.0,3,928.82,44.06,17.84,21.05,93.91,1.6,86803.7354
3921,266749.8707,829.55,2,467.36,55.87,67.09,7.71,99.9,2.19,237371.4732
3922,316027.3456,905.48,2,435.61,26.15,16.32,20.94,99.9,2.14,253264.2098
3923,144490.858,1063.24,1,651.54,58.61,9.72,3.24,93.09,1.8,90801.51877
3924,595309.7115,597.95,2,684.18,29.81,47.87,2.91,94.26,1.96,399524.4798
3925,230983.1464,550.0,2,617.07,57.36,61.35,21.62,95.78,1.66,249769.3938
3926,146561.8749,741.88,2,410.81,64.32,26.18,17.91,82.96,2.24,126059.9081
3927,187483.5506,550.0,3,769.96,46.43,20.05,12.85,86.24,0.73,197148.4491
3928,179729.0412,550.0,4,738.71,28.49,14.02,0.67,93.73,1.05,172061.7121
3929,244045.5199,738.18,1,515.33,59.06,77.13,1.68,92.55,1.49,173964.3149
3930,417763.8683,901.44,1,764.24,8.35,37.68,4.83,92.71,2.44,341507.581
3931,303812.3481,550.0,3,133.69,30.57,51.7,26.0,89.26,1.91,189963.5234
3932,173399.3359,1045.86,1,97.21,18.79,34.43,5.28,94.31,1.78,110946.5279
3934,343577.4217,1206.11,1,433.88,40.39,35.12,8.83,94.14,1.21,223214.5217
3935,241661.6322,550.0,1,348.12,4.11,27.41,1.35,99.9,1.27,231471.5919
3936,189464.8595,806.32,2,213.07,15.42,23.42,29.33,99.9,1.82,195682.1267
3937,165824.5859,550.0,1,840.49,31.95,5.3,2.74,95.15,1.19,97872.90735
3938,374159.8778,2004.49,2,907.72,8.34,32.23,11.62,92.35,1.21,531826.1222
3939,469204.7181,1169.45,4,864.53,10.08,5.02,8.58,98.68,0.61,497713.8342
3941,167051.6335,693.49,1,558.93,52.08,21.29,22.61,92.49,2.68,144311.6148
3942,278686.3938,1158.98,1,126.54,23.96,84.29,20.01,99.9,1.36,164522.6787
3943,430935.5967,1083.57,4,457.59,54.52,76.53,42.93,93.53,1.44,455652.1096
3944,245612.8604,1290.57,2,115.93,17.67,90.44,34.52,85.74,2.04,257308.6152
3945,177194.0105,1052.01,1,667.58,16.93,22.58,19.87,99.9,1.18,296204.2858
3946,448028.7047,631.66,2,956.19,39.19,54.69,22.84,99.9,1.91,603028.2758
3947,276656.5065,1995.41,2,43.38,73.03,63.94,15.15,88.33,2.66,429578.3513
3948,104284.4088,1199.58,1,352.55,66.7,126.89,7.97,90.84,1.85,22365.90332
3949,99924.2893,884.98,2,618.22,50.67,32.41,26.17,97.05,1.63,24064.32264
3950,621039.3751,1134.03,4,984.12,12.9,26.84,9.89,88.72,1.12,383359.7064
3951,606667.6084,1346.52,3,495.15,48.47,15.14,3.85,92.79,0.82,651938.1489
3952,181675.5726,885.62,1,246.89,5.33,32.29,28.99,94.46,2.34,200560.237
3953,342611.5057,860.91,3,548.63,12.15,36.41,12.06,98.44,0.95,234464.2748
3954,362288.7938,988.77,3,791.05,24.97,58.57,12.53,94.13,1.88,272720.9855
3955,732065.1985,2219.73,1,916.15,15.2,59.67,9.7,97.59,1.12,522868.3969
3956,370017.5252,1527.93,4,547.11,35.09,110.45,18.53,93.03,2.29,633346.434
3957,205784.669,1330.24,3,573.49,37.93,64.0,10.25,99.9,1.26,202162.6814
3958,338592.5273,1181.68,2,157.44,28.71,7.59,23.65,97.42,1.81,226201.597
3959,380038.2127,1617.38,4,796.9,6.38,50.27,20.1,96.46,1.33,539577.4131
3960,445058.7417,1366.81,3,659.3,34.34,48.41,7.74,93.95,0.44,453825.9985
3961,539832.9873,1666.59,4,899.5,23.97,38.74,8.91,99.9,0.96,380699.0874
3962,358917.8559,1043.69,3,807.17,24.66,39.57,39.77,90.36,1.62,276907.9485
3963,422578.4358,1956.56,4,439.89,28.24,41.45,25.14,90.96,1.15,473839.2882
3964,437480.4485,990.25,2,974.18,22.18,2.22,24.93,90.51,1.09,349561.2274
3965,113299.4671,550.0,2,385.89,40.63,35.9,35.47,92.55,1.47,17121.73169
3966,221231.2416,550.0,2,319.62,7.15,13.66,27.62,94.87,1.37,144741.6853
3967,258261.7063,1266.2,2,504.35,7.87,35.1,1.06,93.01,1.51,193778.8479
3968,177240.2426,675.85,1,499.92,42.85,35.84,29.74,98.59,1.16,152834.49
3969,154243.4509,1065.93,2,585.78,43.39,34.34,5.34,99.81,0.81,192417.3539
3970,359000.7922,1658.33,2,176.79,48.87,5.72,2.83,89.49,0.95,363457.6606
3971,176999.8564,565.41,1,17.27,36.49,0.27,17.53,91.39,1.29,134927.1016
3973,262486.264,550.0,2,105.42,68.27,7.29,17.34,95.93,0.06,277131.5113
3974,174489.4337,1166.68,2,754.17,46.65,65.09,33.9,95.58,1.85,216760.1374
3975,625748.35,1228.89,2,811.54,2.67,64.24,1.72,99.9,1.06,580517.5075
3976,444712.8941,1346.98,1,132.56,9.14,54.84,1.96,93.01,0.97,389529.5176
3977,221468.3481,1501.64,2,357.38,3.03,26.09,3.62,86.19,2.53,163324.8926
3978,557539.1088,1262.34,1,211.07,55.69,10.49,11.98,99.9,1.87,360245.0888
3979,314431.4141,550.0,1,701.03,18.47,29.59,30.86,96.84,2.12,165992.0991
3980,358034.3549,1166.46,2,520.05,68.26,47.6,10.85,95.17,1.19,345759.7152
3981,454502.9972,922.04,1,252.12,20.59,60.1,1.09,92.54,1.2,453515.6437
3982,257093.7751,1258.17,2,402.12,0.88,40.89,10.45,99.9,1.62,343627.3044
3983,202655.5799,585.17,2,264.42,15.32,6.4,33.02,88.05,2.63,209642.5449
3984,139960.6686,829.94,1,759.17,27.17,25.36,4.59,98.26,0.65,57116.15328
3985,186999.0163,1211.47,2,184.46,42.06,50.05,14.12,89.81,1.35,270884.0567
3986,520032.12,918.6,4,29.52,19.74,5.46,5.15,97.86,1.12,418393.8771
3987,278569.6882,1048.72,2,734.51,44.31,27.38,30.34,95.32,2.06,211568.1943
3988,218624.3683,550.0,3,223.9,30.03,34.92,12.52,91.52,2.06,178039.5233
3989,392258.1538,1622.71,2,251.59,44.47,48.27,7.95,91.04,1.43,549016.7138
3990,314516.4965,1626.18,1,91.59,4.27,43.31,16.57,99.9,1.68,223287.9799
3991,250071.3973,884.98,3,1100.91,16.42,31.02,3.0,93.78,1.31,125107.5666
3992,243166.5359,709.19,4,73.71,37.96,42.64,26.61,93.76,1.58,230804.5516
3993,596493.3763,1523.73,4,503.4,1.99,4.18,16.7,93.71,0.17,595937.3834
3994,574520.8943,1953.8,2,734.01,21.96,51.75,2.53,98.46,0.98,500221.0028
3995,389062.31,733.04,3,145.4,42.67,4.15,14.29,99.9,1.09,360697.8342
3996,146346.0614,550.0,1,560.02,38.62,108.95,1.18,99.78,1.53,35490.85796
3997,411696.635,1622.43,2,454.07,7.31,22.81,7.76,95.78,1.78,325359.4153
3998,642582.8348,948.98,3,689.82,27.86,29.14,14.91,81.71,1.31,789014.8679
3999,157016.0229,707.44,2,1199.93,60.29,0.83,23.94,88.06,1.64,136972.3241
4000,133338.4679,672.57,1,128.28,22.59,76.08,32.85,89.02,1.55,64800.0776
4001,275140.2195,853.27,1,313.58,16.78,77.79,7.52,99.9,1.48,212468.2118
4002,181312.0461,1025.62,2,169.54,23.35,103.43,9.67,96.55,1.06,135775.8121
4003,256768.3487,1326.33,2,925.08,70.28,65.93,35.28,95.8,1.33,294356.8959
4004,411587.6099,1689.08,2,777.17,32.95,39.78,22.36,93.31,0.99,414286.2754
4005,153535.3657,690.05,1,446.66,51.78,71.1,26.58,92.91,1.11,91337.67333
4006,247871.7929,550.0,2,136.51,49.92,1.5,26.72,94.0,1.69,287097.3558
4007,253177.1581,802.49,3,538.41,1.81,56.03,12.01,99.9,2.53,397351.823
4008,370271.3157,550.0,1,640.79,33.22,48.34,2.98,90.48,1.03,394628.7494
4009,167155.3782,681.06,3,618.21,13.18,6.5,39.18,94.38,0.75,137543.0931
4010,252942.5077,550.0,4,46.72,32.06,39.2,18.45,95.45,1.11,236417.3276
4011,244662.9562,1840.34,3,426.25,47.4,79.06,13.49,96.53,1.48,440386.4067
4012,279896.2587,1038.3,2,1066.03,75.45,133.01,6.54,96.24,1.43,578832.7929
4013,584575.3763,1216.41,4,1059.28,13.58,19.19,31.52,99.76,1.35,775888.9344
4014,543138.2959,929.42,4,579.92,31.51,100.87,9.36,97.89,1.43,719031.1603
4015,237929.7921,550.0,1,666.22,20.35,50.4,38.59,90.05,1.96,164429.2504
4016,372012.1632,550.0,3,418.32,45.07,29.34,32.21,91.47,1.36,404178.1505
4017,646683.8933,1586.68,3,85.87,0.37,65.97,4.49,92.07,1.11,413312.3505
4018,251560.2403,1251.3,2,375.35,40.33,5.51,15.21,96.2,1.93,482596.3045
4019,266670.5158,804.09,3,149.62,61.74,93.6,23.34,93.91,1.87,200915.5985
4020,258582.6683,971.55,1,603.51,5.99,35.1,8.33,93.92,1.89,216531.5156
4021,413716.1285,1492.21,3,943.07,11.54,37.8,48.02,91.39,1.96,306364.9457
4022,146398.0981,550.0,2,281.58,35.38,37.33,39.9,98.15,1.31,91342.01445
4023,188495.1353,1251.57,2,860.35,38.4,46.6,12.76,90.13,1.58,168781.1521
4024,98005.92278,583.67,1,287.68,31.95,52.72,10.59,87.44,1.21,16794.90228
4025,263584.8855,1625.02,1,195.41,44.81,49.96,5.86,88.85,1.69,351389.5403
4026,372258.5187,1093.65,3,428.73,50.52,14.1,11.85,90.65,0.18,344243.0143
4027,402845.5918,1923.1,4,294.11,12.89,116.99,11.21,86.33,2.1,451685.4113
4028,301642.0436,718.07,2,138.05,43.1,70.62,4.7,90.5,1.71,456256.2818
4029,319907.6503,550.0,1,578.04,34.49,1.75,16.18,96.06,1.79,216343.9035
4030,370472.503,863.05,1,645.3,60.88,104.92,14.98,98.36,1.05,504253.4112
4031,351121.5052,818.83,1,845.29,44.12,8.02,40.61,99.9,1.13,250706.267
4032,335231.6833,1779.61,1,928.87,39.14,107.07,46.13,97.68,1.37,344069.1853
4033,293299.7552,925.18,3,648.46,27.4,26.17,7.9,91.37,1.27,257523.7757
4035,210645.6183,550.0,1,672.37,44.25,32.3,11.91,96.5,1.66,84620.08278
4036,267584.1455,1045.55,4,1211.93,22.97,79.71,10.99,89.09,1.55,490692.4403
4037,183177.725,759.17,2,303.47,23.92,61.69,15.39,89.51,1.78,138752.428
4038,117006.0878,883.65,2,181.05,69.75,53.21,15.06,95.49,2.0,10167.04321
4039,192555.8989,550.0,2,824.43,9.24,43.91,15.25,99.9,1.72,88790.56338
4040,297541.9988,1230.02,2,243.32,8.16,17.5,35.5,94.77,1.4,283726.8954
4041,228370.9642,1364.11,2,362.63,55.23,16.12,33.71,92.57,1.67,286243.983
4042,143269.7371,617.43,1,683.11,39.0,49.1,38.29,91.42,0.89,96498.10863
4043,467528.3796,2162.74,4,686.13,58.59,3.75,5.31,94.29,1.57,821095.527
4044,308561.9271,609.69,1,177.26,31.34,17.99,10.84,92.29,1.78,276246.5985
4045,374997.0191,994.94,2,507.81,35.25,104.41,35.99,92.61,2.17,223887.0399
4046,282289.0209,1183.2,2,662.46,36.73,42.68,0.19,95.6,2.19,497141.7911
4047,202878.4811,550.0,2,529.29,54.31,51.85,16.28,86.78,2.16,115765.1128
4050,166647.5865,550.0,1,272.3,27.42,7.61,9.93,92.87,2.27,85251.07949
4051,110779.6411,550.0,1,364.47,28.31,91.72,14.36,91.44,1.01,18504.52608
4052,191567.1324,550.0,1,200.61,22.44,105.69,5.32,86.92,1.23,149820.1191
4053,158471.7514,1084.17,1,719.87,33.1,85.57,9.76,91.63,1.9,121207.2502
4054,129689.9637,561.66,1,569.17,16.98,53.49,24.15,86.58,1.82,60430.85397
4055,436602.8189,1440.35,3,326.94,37.32,54.7,22.3,98.79,2.01,287338.197
4056,174333.5708,550.0,1,273.57,16.48,29.86,39.34,89.53,1.7,112462.3499
4057,375267.7952,1024.69,1,386.54,17.87,2.49,2.2,92.8,1.73,244871.9574
4058,212778.75,550.0,1,518.19,52.16,29.55,4.55,91.26,1.58,227343.9593
4059,331174.7702,1124.32,3,1259.3,20.76,3.3,0.11,96.07,1.25,405722.2348
4060,231689.9809,727.05,4,183.98,8.71,0.43,27.23,99.9,1.28,277829.6757
4061,231570.9801,818.58,2,58.83,35.31,49.41,20.22,86.87,2.44,150265.9927
4062,104669.2729,550.0,1,465.91,20.34,11.63,31.04,99.9,1.16,29507.59377
4063,374415.8652,1635.34,4,640.43,32.5,23.25,7.25,99.69,1.93,340207.749
4064,279229.2929,836.14,1,60.02,21.46,54.85,20.34,99.9,1.64,333018.6514
4065,285859.5581,1128.41,3,830.4,39.67,97.17,13.98,98.23,1.8,296387.4298
4066,361201.223,1159.75,3,718.75,10.65,48.89,1.14,97.28,1.03,497996.5713
4068,240991.5035,845.78,2,579.32,17.02,68.41,33.88,91.95,0.68,145105.6944
4069,414159.8518,1011.95,2,132.27,34.32,20.11,19.3,97.66,1.28,249956.314
4070,311410.7473,1152.37,2,1063.58,65.44,55.33,14.56,92.53,0.7,386572.5133
4071,153266.9508,1349.78,2,326.74,51.0,49.6,43.34,89.95,1.63,121767.752
4072,436686.29,1689.2,3,740.25,14.54,49.5,4.98,93.31,1.19,464489.8132
4073,492873.3022,1535.8,3,622.19,16.65,2.27,24.12,94.93,1.0,376121.6824
4075,294272.5689,1601.42,1,873.92,71.18,23.6,44.59,94.61,1.4,383184.9645
4077,407353.718,1494.74,2,364.06,3.71,96.74,41.28,99.9,1.7,300835.6471
4078,481706.3547,1823.82,2,309.59,32.58,37.13,22.86,99.9,1.44,659103.4913
4079,410553.001,846.35,2,834.39,24.23,7.68,12.2,91.2,0.6,354722.6268
4080,383349.313,1252.11,4,778.61,16.8,20.76,37.13,95.04,0.95,546926.5535
4081,569354.2613,1771.39,3,839.52,46.83,35.27,21.34,90.17,2.05,432474.6822
4082,155541.194,550.0,2,75.84,18.01,86.92,10.32,96.12,2.4,68689.18281
4083,214337.2408,693.88,3,778.81,24.98,99.27,28.25,93.82,1.37,174300.2948
4084,446075.8762,943.89,3,463.69,23.92,25.75,11.25,89.09,1.56,470932.6598
4085,223367.7467,550.0,2,355.3,45.22,97.58,35.89,91.68,1.87,119115.5872
4086,507210.8837,1313.96,3,781.31,28.45,56.16,2.65,98.42,1.43,559317.9652
4087,200630.6172,598.13,3,642.53,24.14,107.84,17.94,93.13,1.01,332117.2763
4088,412065.7793,870.7,3,836.51,15.37,9.7,12.46,96.04,0.02,426775.9364
4089,527035.421,710.11,4,76.79,55.99,19.9,13.48,88.58,0.84,501171.7544
4090,611446.3581,1432.31,3,457.25,13.05,0.16,24.35,96.61,1.64,540810.246
4091,416635.855,1128.26,3,827.47,29.71,89.18,3.97,94.02,2.0,525585.9453
4092,266182.0228,1170.32,3,640.78,25.91,70.8,2.45,89.29,2.03,294950.4352
4093,166715.2509,799.57,1,460.93,40.2,46.71,29.26,94.76,1.76,91775.78638
4094,191467.3252,550.0,2,802.1,17.39,74.58,21.37,82.0,2.57,207038.5091
4096,153992.6998,550.0,2,599.17,19.77,8.88,6.23,99.39,1.26,145087.5401
4097,249751.8563,1236.0,4,384.98,23.15,24.69,52.88,97.74,1.4,309275.2442
4098,387250.9039,1248.45,2,485.22,51.4,8.95,21.64,93.66,2.08,517467.6186
4099,144701.5746,638.03,1,795.57,33.65,43.74,31.42,94.1,1.91,121966.0905
4100,438926.1957,1086.21,1,761.18,25.23,28.88,19.41,97.64,2.23,345521.1114
4101,336364.0082,890.77,3,651.7,28.89,5.99,5.94,99.9,1.42,463833.2553
4102,444412.2556,707.34,3,571.86,14.33,34.98,8.32,97.18,2.05,253981.398
4103,402303.617,2206.64,2,732.08,18.53,28.64,11.66,99.35,0.8,465349.35
4104,232398.5723,550.0,2,65.08,42.04,116.05,20.0,86.07,1.57,183307.6768
4105,103129.133,550.0,2,402.36,52.7,70.94,3.11,90.32,1.36,2548.724071
4106,215208.6958,550.0,3,484.68,36.3,33.27,30.04,99.9,1.1,173504.8444
4107,201689.7868,1060.93,2,360.62,50.43,0.85,4.06,99.32,0.92,237501.3884
4109,379183.5131,617.91,3,1047.74,7.02,56.75,1.39,91.41,1.1,281709.4838
4110,193155.3973,1224.95,3,847.58,2.17,21.96,1.81,95.48,1.86,219656.7567
4111,200754.4642,550.0,2,543.23,18.71,96.14,19.52,92.18,2.37,125026.9211
4112,524187.1143,878.71,3,1061.87,38.27,9.59,11.06,89.78,1.54,511069.1937
4113,273450.5838,1464.65,2,243.16,31.63,43.22,8.04,90.85,1.84,479917.4985
4114,354867.3422,1471.77,1,738.03,27.97,9.43,5.05,99.9,1.81,262729.6671
4115,223631.1761,1077.07,2,704.37,55.86,118.62,34.3,91.73,1.2,245842.5435
4116,334874.4242,1033.26,3,466.89,21.06,45.72,9.6,89.41,1.94,285022.7577
4117,540583.1263,864.47,5,395.39,23.07,57.56,33.35,97.08,1.09,838743.0762
4118,291232.6503,1750.04,2,362.73,22.58,62.1,32.02,93.01,1.15,429400.9942
4119,327888.4721,550.0,2,50.69,14.85,13.49,19.44,97.68,0.86,245858.4567
4120,283571.5975,1724.22,2,488.82,41.67,57.64,15.3,93.76,1.39,498427.2417
4121,411243.601,1231.08,3,869.92,61.57,0.73,33.69,93.78,1.46,406477.3265
4122,215523.7457,674.53,2,281.42,1.4,24.47,20.7,98.52,2.1,217026.2738
4123,119066.8326,813.84,1,1005.25,42.11,121.45,3.14,91.49,2.12,72619.71708
4124,135379.6073,550.0,1,426.75,3.62,50.79,17.62,94.55,0.99,90079.39297
4125,509360.4471,1657.28,1,186.92,47.8,26.77,7.9,85.85,1.74,387176.1652
4126,218535.876,818.16,2,652.94,16.28,12.9,20.93,95.68,0.94,212660.6431
4127,127943.04,550.0,2,797.7,19.93,121.03,31.76,96.73,1.93,28449.98031
4128,155965.7046,1062.47,2,78.23,8.68,67.35,3.44,97.1,0.3,95843.97767
4129,205574.7663,775.12,2,456.11,39.3,16.86,0.89,91.51,1.58,210772.1489
4130,197377.5948,819.71,3,598.22,1.17,18.64,14.44,97.04,1.8,152835.6103
4131,313547.4323,1435.79,2,122.81,33.29,98.86,49.04,94.04,1.64,242393.7223
4132,280525.7092,955.04,1,832.77,33.79,57.45,3.51,90.13,1.51,264235.88
4133,159538.5303,1014.33,2,340.75,42.34,15.66,35.01,89.29,1.77,189581.5167
4134,118533.4498,595.93,1,337.24,53.86,64.66,12.68,90.4,1.91,41148.38872
4135,245220.0589,848.11,1,778.94,14.73,37.27,37.02,90.29,1.52,321822.1054
4136,218601.7834,895.85,1,935.71,21.76,88.11,3.31,92.86,1.37,304997.7447
4137,186989.4931,947.5,1,737.57,18.24,0.39,17.98,97.66,1.01,109759.1146
4138,300158.0896,1644.94,3,1206.59,42.01,41.64,24.32,91.61,1.76,369149.6639
4139,545669.8696,1504.98,4,681.11,55.41,70.59,6.77,87.94,0.48,342770.4921
4140,271635.8595,823.98,4,1300.08,28.98,18.82,23.71,99.9,1.58,206892.3065
4141,115582.8138,550.0,3,155.03,49.64,40.49,0.43,99.12,0.88,40190.02368
4142,163298.013,611.78,3,779.85,9.41,39.83,13.24,95.3,1.13,169478.8411
4143,314209.3173,1521.66,1,364.8,31.69,42.24,30.23,90.42,0.48,292060.6198
4144,113695.3777,852.57,2,97.21,33.37,34.81,50.35,97.07,2.16,16624.65884
4145,210733.5129,1099.16,1,1041.06,30.78,22.09,6.23,99.31,2.05,113231.9804
4146,142093.7534,598.47,3,971.78,55.41,19.39,28.55,95.88,2.06,66018.04883
4147,197659.0477,550.0,1,811.5,31.91,47.62,34.77,93.8,2.35,257547.1157
4148,714639.506,1293.97,3,756.53,9.43,56.31,2.58,92.03,0.91,536019.4728
4149,431148.7435,1637.19,1,618.26,4.91,15.44,5.46,99.41,1.13,399400.4134
4150,185795.1425,1507.02,2,976.97,37.08,3.15,5.19,84.35,1.55,106538.3272
4151,185486.3727,843.94,3,687.64,0.18,69.9,14.57,96.94,1.49,148312.0712
4153,234719.5722,550.0,1,413.16,22.04,79.69,27.44,99.23,1.95,117376.124
4154,293364.156,550.0,2,344.01,17.7,24.64,12.65,95.27,1.11,345301.1169
4155,377705.7939,1077.55,2,81.33,8.21,7.57,27.18,92.21,1.75,377359.4058
4156,380264.2489,900.27,4,199.73,20.22,48.95,4.32,92.82,2.22,478849.8809
4158,265184.1466,1384.6,2,246.71,51.13,68.81,3.72,88.67,1.03,211262.4756
4159,150907.6334,810.68,1,620.52,7.27,11.71,20.82,86.66,1.11,137306.9868
4160,180417.0395,550.0,3,809.64,33.09,40.11,44.1,99.9,1.86,130176.5017
4161,156485.1911,550.0,2,977.74,37.72,77.72,22.3,95.06,1.87,155156.2905
4162,227867.0347,1029.81,2,24.46,27.11,85.69,15.79,96.63,1.55,241830.8696
4163,190550.1523,657.69,1,9.84,18.7,67.67,6.7,97.21,1.39,83477.14912
4164,315696.835,1015.91,3,158.02,53.96,47.25,13.39,94.24,2.04,200088.7321
4165,287895.6731,1217.26,4,135.46,30.82,32.35,6.2,97.01,1.71,415031.5882
4166,240714.5768,1437.55,1,249.77,35.51,84.98,14.21,84.28,2.62,227401.2744
4167,648983.5545,1633.22,3,737.41,50.28,4.36,1.82,94.02,1.33,477797.4576
4168,502261.871,1801.97,2,816.78,28.16,42.65,8.29,90.67,1.82,484640.3531
4169,273247.2535,1036.2,3,200.87,76.02,35.33,7.79,95.39,1.66,266350.6879
4170,288870.6199,953.36,3,692.27,17.44,68.46,2.89,93.25,1.98,153984.933
4172,395658.2952,759.25,2,814.23,61.26,37.33,32.03,99.9,1.66,263801.7099
4173,161850.87,550.0,3,431.24,20.6,44.4,16.91,91.98,1.29,100117.1169
4174,278642.1448,677.71,2,169.54,64.36,4.04,36.43,95.65,1.39,269721.0734
4175,99936.5567,563.33,1,268.21,6.64,35.55,7.76,96.47,1.86,3013.856578
4176,360527.6946,1464.41,1,557.48,34.62,2.19,17.64,87.77,0.94,313505.6024
4177,563818.5624,829.1,4,846.18,17.1,44.48,16.35,99.9,1.14,486479.7014
4178,120515.0697,928.34,2,560.91,51.95,93.4,21.25,83.87,1.37,44487.92053
4179,111387.8426,550.0,2,406.06,28.88,54.2,20.71,96.16,1.3,40438.92549
4180,520589.6866,1590.37,4,935.42,41.33,6.28,7.16,94.59,1.61,360989.438
4181,298360.0431,1132.92,2,262.85,33.43,38.15,14.79,99.66,1.64,272566.8612
4182,165950.2086,1202.15,2,1127.32,49.62,59.25,17.17,96.15,1.68,112462.2096
4183,434904.4448,1267.34,2,487.7,13.3,44.7,4.33,92.73,1.39,415958.6386
4184,180247.7314,1614.37,1,483.68,70.17,49.51,16.46,99.9,0.68,158663.1263
4185,403830.6891,1001.84,3,332.49,9.02,57.8,7.33,95.6,1.87,288693.0207
4186,352245.6365,1352.6,2,589.73,12.81,30.15,24.81,93.06,2.38,334433.6409
4187,111900.5148,1236.63,2,172.51,56.61,54.74,23.83,94.2,1.3,18845.7774
4188,504108.4969,1049.18,3,707.58,28.7,35.17,13.22,95.43,1.63,357765.4371
4189,453458.35,1412.25,2,777.83,24.89,15.21,2.22,92.94,1.11,431491.5291
4190,217355.5061,1371.91,2,906.34,3.62,5.79,1.85,86.98,1.83,418871.7147
4191,452777.9337,1715.76,3,75.55,57.25,5.49,20.61,87.15,1.68,589037.7526
4192,148202.4455,550.0,1,713.41,41.03,12.94,11.16,95.58,1.71,43526.97574
4193,105508.9037,732.31,2,617.27,37.07,97.95,4.47,98.74,1.07,10130.27321
4194,458228.8181,1711.71,1,1013.39,41.84,64.35,10.14,89.0,1.35,291155.7421
4195,299089.7759,1052.21,2,644.02,36.63,60.33,13.81,92.85,2.82,208211.5957
4197,296219.1147,1358.27,2,279.96,24.99,74.8,33.43,86.09,1.74,249309.6342
4198,363679.9014,822.89,3,559.66,44.97,111.8,23.55,95.37,1.27,265496.4651
4199,302024.3159,1262.48,3,243.41,70.45,28.05,35.69,92.22,1.45,444494.4906
4200,257522.3403,1722.27,1,182.64,10.11,64.29,19.77,96.03,1.53,341024.2617
4201,184235.5417,1028.46,1,369.83,51.39,104.99,24.35,99.9,2.44,132767.1623
4203,405985.2649,1803.59,5,136.85,8.95,4.28,10.05,90.99,1.72,662457.7859
4204,319668.9235,1177.49,1,863.48,46.36,15.19,5.39,89.91,2.28,286376.455
4205,95483.31074,550.0,2,227.03,18.48,61.32,1.34,90.08,2.01,656.3263965
4206,188004.8544,1024.61,2,1089.41,11.38,40.42,25.56,94.72,1.14,70528.70648
4208,166427.1753,917.3,1,588.81,5.74,19.86,11.6,93.71,2.38,178562.4886
4209,354011.8775,1225.4,3,740.54,30.86,9.14,12.36,97.07,1.14,336645.3889
4210,156383.6703,550.0,2,438.7,0.47,30.85,29.77,99.9,1.16,57139.69919
4211,229456.1673,586.53,1,880.07,2.47,81.83,16.9,99.9,1.67,105267.2963
4212,339157.6545,1679.53,2,203.13,14.86,13.2,12.43,97.33,0.63,529342.9674
4213,166416.1392,1384.34,2,514.0,56.25,57.42,2.02,87.3,1.99,155055.7088
4214,186897.8253,1065.62,1,420.97,23.96,43.04,7.86,98.35,2.55,181351.7241
4215,398962.6882,829.74,2,740.29,7.17,10.99,34.49,95.51,0.69,435751.7904
4216,184023.9313,1005.49,2,330.77,36.35,13.63,16.66,96.17,2.01,166379.8208
4217,227283.5277,898.34,2,795.01,10.89,3.35,8.39,98.47,2.39,313960.5807
4218,214792.7871,550.0,4,185.8,18.59,75.0,23.3,94.46,0.56,181354.0317
4219,150732.3466,1358.21,1,521.29,51.7,34.04,14.06,99.61,1.83,77043.56593
4220,210136.9152,1550.51,2,148.42,12.28,3.63,0.38,95.53,1.47,170877.0263
4221,279721.3529,1601.24,1,763.98,45.98,36.58,13.81,99.9,1.59,442226.1074
4222,224349.0624,1258.66,1,1174.25,62.53,71.41,46.7,87.52,1.81,165949.221
4223,112111.933,550.0,2,329.86,66.59,70.71,24.27,91.93,1.43,53893.46257
4225,507694.0321,1875.77,1,300.89,31.67,39.17,1.02,97.53,1.96,394496.5785
4226,344786.63,550.0,1,1082.84,16.95,57.15,30.86,94.33,2.49,300217.8701
4227,288276.8444,1863.33,1,857.09,4.57,3.76,5.98,88.68,1.89,345279.8959
4228,207393.2342,1558.71,1,700.13,35.34,18.05,1.07,95.37,1.59,142714.2018
4229,167602.6345,775.79,1,74.17,13.6,73.88,5.34,82.24,0.55,113927.2628
4230,142179.8808,550.0,1,1021.63,17.49,51.14,14.06,88.45,1.46,60428.82362
4231,333808.6597,1337.64,4,232.02,45.72,2.46,5.55,99.9,1.08,564431.2684
4232,387762.1979,938.79,2,1207.74,21.43,23.95,20.49,98.0,1.35,235214.6563
4233,646526.0787,1924.5,5,427.88,5.92,0.32,31.24,98.73,1.41,555592.7378
4234,154184.2007,761.29,1,880.52,15.3,35.64,48.06,84.85,0.79,54874.80882
4235,310057.0766,1188.75,2,463.68,29.64,121.67,30.45,93.7,1.92,659373.1583
4236,317634.0889,1136.5,1,257.18,40.28,61.91,32.5,89.74,1.07,309699.5492
4237,87553.43304,921.39,1,140.16,49.43,70.67,39.13,87.02,1.62,-7039.291483
4238,525363.0919,1117.59,3,616.08,34.48,80.22,21.81,99.9,1.86,411819.298
4239,274644.6068,1341.66,2,369.36,42.78,14.17,11.28,99.9,1.13,383919.0177
4240,620090.1414,1993.82,4,945.57,15.01,19.61,20.04,90.25,0.61,608119.0163
4241,532855.9444,814.83,3,619.33,30.71,13.53,12.19,91.23,1.95,557038.7382
4242,434302.9891,860.5,5,358.51,43.81,24.19,16.15,81.04,1.09,546800.4983
4243,214815.5527,895.96,2,705.96,2.17,55.01,3.77,95.34,1.81,228908.9864
4244,183678.3238,550.0,3,517.85,57.03,29.76,7.06,90.42,1.65,264445.7938
4245,672571.3857,2032.13,3,1233.56,61.39,23.32,5.39,99.39,1.43,699187.1606
4246,158142.7112,550.0,2,33.57,36.28,85.2,15.28,89.68,1.07,75275.05151
4247,371205.3039,1359.56,2,269.28,19.82,95.4,4.78,89.82,1.53,377520.7734
4248,397727.5906,988.67,4,790.26,29.59,96.99,19.07,94.5,1.15,538310.0304
4249,397236.8931,1368.21,2,64.97,49.94,42.88,6.13,90.8,1.83,425889.2575
4250,234433.7794,725.74,1,710.46,23.4,42.88,3.28,95.48,1.17,156556.7193
4251,270841.8469,550.0,2,193.2,49.17,59.9,8.55,97.0,1.5,158158.9608
4252,324387.7875,1004.49,3,656.32,49.4,35.4,25.98,91.36,2.05,338166.2128
4253,194915.0189,1030.3,2,248.55,28.43,50.32,1.85,98.05,1.96,140904.0933
4254,268997.6092,769.22,2,253.26,16.83,75.27,18.98,86.2,2.28,200613.204
4255,339258.4368,1849.9,4,620.4,13.23,34.48,42.9,92.43,1.41,716894.2003
4256,208085.2943,1434.69,1,566.34,54.15,13.7,19.45,87.99,1.5,181662.1164
4257,409150.0566,1050.81,2,864.6,47.92,0.17,19.29,89.6,1.45,355007.569
4258,291471.0943,1078.38,3,188.26,22.28,22.3,9.51,92.7,1.22,142054.1093
4259,391146.0655,729.48,3,1005.7,72.4,62.93,29.48,95.66,1.14,301379.2197
4260,704512.7722,1939.46,4,845.15,13.31,28.38,36.21,91.81,1.08,505230.1757
4261,133676.534,862.01,2,249.1,0.3,33.68,4.06,87.54,1.23,87417.61365
4262,282253.0256,2240.87,1,410.31,40.39,109.39,26.25,84.87,0.66,334293.9252
4263,580954.2869,1120.47,3,98.32,25.07,7.89,6.38,94.42,0.5,688363.2979
4264,198672.4582,550.0,4,172.48,22.98,44.76,42.02,90.45,1.05,204842.7002
4265,155158.3258,690.99,1,769.52,63.18,22.53,25.81,88.04,1.24,42273.52983
4266,220315.6302,550.0,2,561.33,38.25,21.65,25.98,92.83,1.08,116316.5412
4267,240660.9713,1491.62,1,697.87,35.19,2.86,2.28,96.1,1.66,275777.6445
4268,242998.1077,954.69,2,686.22,43.88,38.87,15.23,80.39,1.96,238567.3987
4269,168440.38,550.0,2,450.49,33.5,92.67,32.09,82.71,1.61,174453.6748
4270,506924.7007,1358.29,2,825.28,30.44,26.15,0.97,88.27,1.58,295403.6981
4271,379636.3001,1622.22,3,116.78,55.16,24.19,21.92,99.31,1.83,716650.5195
4272,407982.6534,1062.68,1,748.12,4.62,50.69,16.21,95.09,1.61,550501.5728
4273,270576.0484,550.0,1,82.5,2.01,25.79,21.11,94.0,1.22,192654.8614
4274,153869.4399,918.52,1,914.78,19.65,67.74,30.11,94.24,1.5,57468.5458
4275,476443.3303,1692.33,4,812.38,55.26,20.98,4.59,97.43,1.78,648046.6656
4276,202422.2535,570.34,2,436.75,51.91,48.41,22.34,95.22,2.01,138662.5684
4277,380217.0535,965.56,3,967.68,61.25,21.58,3.76,90.51,0.92,375196.3855
4278,251127.5689,1092.84,3,972.76,25.6,42.65,28.11,90.72,1.0,329676.3405
4279,258536.9667,550.0,3,598.72,4.43,6.9,35.99,84.48,1.41,262012.5888
4280,259413.6359,550.0,3,240.37,44.36,0.76,30.79,87.81,1.39,298070.1418
4281,368140.5532,1131.08,3,127.93,27.75,92.66,6.26,88.79,0.26,322432.6373
4282,218446.7975,838.91,2,365.87,38.95,55.46,1.36,97.37,1.42,105829.8017
4283,227843.7879,953.78,2,360.56,26.11,8.04,28.72,91.76,2.2,135806.6345
4284,117948.9736,876.96,2,340.06,31.79,44.25,12.47,86.3,2.1,79547.80752
4285,267840.791,1139.69,2,503.87,49.83,81.33,20.79,87.84,1.93,326492.0296
4286,232474.8527,1382.16,2,918.85,13.57,0.2,22.35,85.05,1.98,294650.1092
4287,413664.9046,1376.55,2,338.93,56.19,42.76,15.96,87.29,2.01,311071.9473
4288,213944.3293,1281.0,1,12.43,18.25,18.85,11.84,94.81,1.49,151408.9427
4289,412716.6364,1113.87,4,454.43,36.02,77.3,0.82,94.65,1.81,529442.9941
4290,288038.3703,1196.5,3,181.86,34.28,10.36,8.77,94.36,0.76,250528.4637
4291,511448.6747,728.22,4,676.73,33.2,117.85,24.92,99.9,1.37,365926.3088
4292,173493.5874,1241.41,1,960.46,71.69,57.74,27.81,85.02,1.03,149073.9149
4293,246889.3273,812.79,3,548.93,2.81,19.15,6.9,99.9,2.3,347837.1906
4294,291613.4365,1115.77,2,706.24,21.84,86.79,36.92,94.87,1.58,316127.2836
4295,202608.9636,1334.82,1,153.25,45.04,88.77,10.18,92.53,1.13,93151.0967
4296,256978.3221,680.49,1,500.52,35.27,0.32,5.76,93.16,2.08,157924.0454
4297,371188.7216,1379.3,3,290.12,3.39,9.22,4.97,89.9,1.5,431115.9579
4298,294577.2724,1482.32,3,596.92,34.22,87.19,33.43,95.66,1.4,215992.0587
4299,217705.6329,550.0,1,187.18,31.03,5.15,20.36,99.9,1.3,139408.7295
4300,177518.1051,973.81,1,615.27,25.84,95.66,16.67,86.14,1.42,160202.3634
4301,498591.0251,787.09,4,828.23,12.78,1.65,6.05,99.9,1.44,353673.9992
4302,256574.4397,957.99,3,432.24,67.78,42.01,4.5,87.48,1.1,403591.5843
4303,111636.4294,951.87,1,414.15,32.25,29.56,17.71,87.14,1.36,42823.2015
4304,337227.3439,1273.93,3,765.68,47.48,7.22,10.56,99.9,1.8,246070.3045
4305,189578.0677,624.05,2,782.08,47.79,83.21,15.85,92.29,2.26,112090.9843
4306,247749.1269,1062.03,3,248.15,35.38,28.6,33.31,95.82,1.59,287530.9258
4307,338560.184,1205.61,2,642.57,62.46,52.11,23.97,90.69,1.68,509860.7487
4308,340917.3854,550.0,1,288.62,51.03,111.13,9.2,94.8,1.3,249262.4642
4309,259519.9201,1765.71,2,67.89,9.51,71.44,1.48,89.06,2.35,187325.4777
4310,241794.3257,1115.74,2,363.84,26.52,52.99,39.91,92.9,1.68,270928.2453
4311,160522.178,550.0,2,755.12,24.7,70.46,13.89,95.6,2.05,158469.0299
4312,108336.1425,860.71,1,546.49,45.9,14.68,41.04,92.08,1.27,1682.1178
4313,499988.5718,1185.62,3,464.79,1.92,45.66,6.46,99.9,1.38,564257.7429
4314,182456.2896,550.0,1,434.72,25.87,14.09,6.6,95.8,0.87,156523.696
4315,286553.1414,550.0,4,679.11,9.27,35.55,29.66,94.17,1.97,351680.9069
4316,253706.2029,550.0,1,88.46,39.1,37.71,37.43,85.48,1.6,157228.1596
4317,404654.1572,550.0,4,779.04,43.96,9.09,9.03,93.57,1.22,325203.6683
4318,176492.6957,550.0,1,172.25,25.83,18.11,10.22,95.01,2.11,112638.8583
4319,488432.0305,1746.4,5,839.8,45.14,15.69,12.68,99.9,1.41,643465.4365
4320,388416.6197,1382.66,3,301.07,44.48,9.63,11.21,99.9,0.89,529480.3866
4321,195394.9212,1018.91,2,154.35,60.65,95.59,35.1,96.77,1.34,140059.7426
4322,176889.2232,550.0,2,214.69,26.01,58.66,23.64,95.57,1.27,118013.7576
4323,145605.9049,550.0,1,249.49,14.51,39.08,27.23,95.34,1.72,42390.06208
4324,132388.1021,779.1,1,627.22,31.39,107.99,41.19,99.9,1.28,83682.36213
4325,535154.4711,1070.45,3,1023.25,19.79,55.78,5.05,94.06,0.67,392821.9097
4326,166410.2939,550.0,1,452.06,29.42,71.77,26.88,97.86,1.42,139194.6017
4327,234150.2392,550.0,2,243.95,38.1,53.54,5.89,92.47,1.57,138821.4124
4328,188284.0518,550.0,1,746.69,44.67,70.77,19.7,89.93,1.69,99727.90961
4329,275840.3174,935.51,2,308.27,43.09,67.99,45.69,95.75,1.75,207388.443
4330,248310.5492,734.98,1,349.9,3.66,59.1,48.91,95.18,1.25,140084.4514
4331,146397.9284,603.44,1,669.58,32.85,27.16,21.44,99.9,0.63,76129.12326
4332,119164.7362,550.0,1,688.51,82.77,48.39,6.08,91.59,1.55,6782.506895
4333,212345.6267,550.0,3,492.09,9.62,86.06,21.59,95.32,1.99,171065.8476
4335,330746.0957,1681.2,2,265.16,30.33,29.81,30.38,89.04,1.38,310854.2427
4336,448257.7508,769.59,2,1003.05,28.25,46.89,3.72,97.2,0.6,386892.0054
4337,356569.8677,1395.58,4,299.59,38.98,29.73,30.69,92.64,1.41,439729.5092
4338,165266.5131,561.26,1,1131.07,34.14,103.38,21.56,96.64,2.09,89907.38454
4339,262885.2504,926.39,2,285.3,28.9,32.13,22.3,92.51,1.61,176083.7027
4340,172946.3162,1259.57,2,703.53,27.75,27.51,6.05,96.27,1.92,183791.8578
4341,469389.2362,1865.22,3,253.31,3.29,28.62,5.95,99.9,1.7,759785.8504
4342,310474.7768,1818.45,2,785.4,25.93,60.21,38.22,86.66,1.9,378195.4361
4343,419687.7832,1823.78,3,536.54,26.43,65.8,18.41,92.69,1.74,452367.1816
4344,287733.2059,597.48,3,727.3,4.55,57.38,27.19,92.13,2.24,267205.1347
4345,263709.1885,550.0,5,388.91,29.48,113.37,19.92,91.76,1.48,292808.0281
4346,487805.8679,585.68,4,1039.26,19.57,108.79,15.36,97.15,1.18,463327.7776
4347,429324.1729,639.35,3,855.37,48.65,55.47,32.34,99.9,1.66,409425.8813
4348,248247.8271,1261.43,3,326.72,52.91,33.88,9.32,99.9,2.29,158167.546
4349,307165.0681,1477.19,3,260.68,28.36,125.64,13.22,95.0,1.48,442209.0868
4350,151390.0694,972.21,1,769.51,8.14,47.5,10.11,96.21,1.1,91492.72867
4351,93105.94989,871.09,1,351.15,2.13,5.13,21.37,94.67,2.3,4846.588541
4352,384302.9634,1647.88,1,605.78,39.02,81.17,0.09,96.84,0.93,235491.2989
4354,221518.9252,1103.66,1,463.26,56.37,32.24,27.74,92.17,1.75,99737.12724
4355,176903.5143,780.68,1,2.8,38.73,11.78,42.23,94.34,1.31,169989.0077
4356,285174.082,843.91,3,782.47,34.3,68.35,9.36,97.72,0.65,491046.6816
4357,286517.6173,550.0,1,718.57,78.04,118.78,18.31,86.62,0.66,332430.7059
4358,347975.5257,550.0,1,161.74,7.84,44.17,17.99,97.31,1.57,240205.0326
4359,176184.984,1520.84,1,69.47,32.04,47.77,28.71,91.21,2.53,166410.6223
4360,179713.0449,550.0,1,335.2,16.1,111.49,49.25,93.08,1.4,129346.5577
4361,367815.5967,1830.41,2,502.29,58.67,49.02,30.05,90.75,0.97,416926.973
4362,111532.0583,906.08,1,702.68,32.39,49.67,33.43,93.47,1.83,47569.55923
4363,251183.878,732.75,1,58.16,14.7,71.71,21.54,88.74,1.5,179282.3746
4364,227345.9975,1068.57,2,310.47,17.17,32.5,15.93,94.22,1.59,199402.5745
4365,439405.5189,1260.48,1,642.56,40.44,13.29,7.23,88.1,1.44,299442.3526
4366,214391.3055,1283.06,2,108.24,51.64,50.41,5.6,91.4,1.94,255199.7603
4367,286044.0372,1143.53,4,524.9,42.78,45.91,5.3,90.93,1.33,170660.5113
4368,260667.3151,1366.75,2,508.03,43.02,106.8,12.3,95.99,1.01,193442.7943
4369,209297.3314,641.81,2,26.55,12.78,45.49,19.24,90.43,1.69,118532.0092
4370,472890.0803,1791.87,4,412.07,25.56,56.05,52.5,95.79,1.43,480191.2109
4371,136933.4009,758.38,1,265.87,29.55,45.44,32.5,94.61,0.68,76478.97466
4372,521908.9706,1795.97,1,678.31,38.08,81.08,37.74,99.9,2.13,319074.0124
4373,383541.8907,550.0,4,575.71,23.91,7.52,10.24,86.52,0.93,339758.8141
4374,457222.6993,938.87,3,333.4,24.16,60.42,19.14,85.86,1.07,415128.6048
4375,242513.5862,1415.95,3,902.29,33.17,122.91,5.86,91.41,1.09,279246.2993
4376,220567.8738,1056.4,3,474.16,44.32,97.05,27.43,93.99,1.32,333841.0811
4377,167293.5054,550.0,2,684.06,31.58,23.43,26.05,88.41,1.37,114079.012
4378,349615.9149,550.0,3,63.29,32.82,60.01,5.14,92.12,2.21,239124.5613
4379,94117.79348,550.0,1,852.75,0.64,24.88,31.9,92.53,2.2,5321.689719
4380,154724.0955,550.0,2,448.08,20.53,47.05,14.87,96.44,1.84,125433.4053
4381,219969.8851,1080.68,2,872.12,41.76,5.22,15.77,89.54,1.44,150225.268
4382,105967.4529,811.64,2,66.66,23.0,9.43,27.28,83.97,2.41,43439.14639
4383,283060.7469,1210.5,1,1246.73,34.55,69.62,23.63,90.42,0.78,297766.4618
4384,578051.277,1302.97,3,786.75,47.03,56.11,39.79,93.63,1.06,509892.6429
4385,165611.8879,587.12,2,786.47,24.81,41.03,25.54,92.74,1.1,82855.67298
4386,240209.1375,550.0,2,203.4,39.48,60.06,30.05,99.9,1.29,132417.4123
4387,182683.8867,1363.61,2,530.86,11.04,47.99,23.55,88.48,2.14,287608.8059
4388,362768.9649,911.63,3,333.46,15.53,15.66,15.63,99.9,1.02,615369.5036
4390,206292.4974,550.0,1,516.57,29.44,89.07,23.37,95.53,1.39,113762.2573
4391,116809.1831,550.0,2,125.81,40.41,75.29,38.35,82.58,2.29,28130.53883
4392,251531.1664,550.0,2,182.65,35.88,56.2,19.66,83.22,1.44,263885.1559
4393,146453.1937,550.0,1,508.93,56.96,54.31,13.85,99.9,2.58,78899.89327
4394,362365.8074,1460.59,2,736.07,35.94,29.68,20.99,81.23,1.95,302065.8269
4395,114655.3387,682.66,1,549.44,26.78,115.33,52.16,95.91,1.78,49221.70676
4396,172888.1978,550.0,1,274.41,4.6,25.09,26.43,95.17,1.55,112568.3776
4397,136195.1048,550.0,2,315.86,36.12,80.47,8.06,95.96,2.1,81756.67378
4398,383798.3606,1089.88,2,609.84,29.62,53.27,0.91,97.11,1.81,358373.0488
4399,299742.1106,1363.32,2,935.92,23.48,8.41,9.45,99.9,2.75,306775.3666
4400,513316.0016,1677.82,2,510.87,27.46,42.24,13.27,98.55,1.07,556085.5164
4401,289139.7318,822.85,2,522.2,10.27,27.43,19.42,96.58,1.31,183285.3817
4402,269419.3537,799.4,2,458.46,0.65,81.22,23.08,92.83,0.57,221503.7505
4403,312442.0943,1163.29,1,378.05,37.06,15.82,12.68,99.9,1.25,263490.0901
4405,313652.0388,1229.94,2,355.61,27.38,72.59,22.76,99.9,0.84,323534.3701
4406,683500.7185,1808.9,3,172.86,43.4,62.76,14.09,93.15,1.05,490580.7747
4407,274638.1222,1154.08,2,177.44,4.93,79.25,6.45,99.9,1.73,260194.5306
4408,266190.2215,1038.6,3,773.0,45.01,40.42,31.22,86.02,2.44,320386.8327
4409,239850.3375,589.27,2,261.54,13.26,4.68,12.52,99.13,1.95,387208.5521
4410,244475.5565,550.0,1,616.53,33.6,37.35,12.51,92.19,0.94,210082.091
4411,396534.8625,1345.99,2,210.99,19.19,67.57,22.94,90.31,1.41,335403.6568
4412,368663.1909,1142.79,2,96.34,31.04,119.28,50.74,93.5,2.0,376273.418
4413,362651.1463,1407.32,5,468.12,61.82,8.08,17.28,98.55,1.03,684274.2345
4414,149865.9541,831.59,1,678.73,13.45,5.67,5.51,99.5,2.73,59297.56455
4415,142999.6151,550.0,1,419.54,57.21,67.94,21.2,97.79,1.68,37194.15316
4416,311283.1048,1220.09,4,892.81,4.93,10.92,14.74,90.46,2.04,377873.8552
4417,297860.9724,1976.27,1,484.51,45.27,5.04,0.92,95.04,1.85,145038.4935
4418,705372.4253,1614.62,3,450.9,44.33,51.83,18.55,92.28,1.56,601605.9602
4419,364494.1333,845.58,2,741.27,36.34,68.76,19.64,94.1,1.5,315686.2587
4420,470714.7115,893.55,2,4.85,21.86,48.38,19.29,95.31,2.07,634008.4351
4421,310573.1299,833.3,1,415.2,37.09,57.47,11.2,94.76,1.51,444908.9763
4422,332437.6919,992.53,3,505.11,67.92,56.51,12.5,94.64,2.05,210464.2228
4423,313705.9364,1327.56,3,723.69,72.13,38.93,1.7,93.51,0.98,540775.5871
4424,118738.0677,703.01,1,590.18,25.89,84.44,19.2,96.23,2.33,37976.96799
4425,114903.9616,550.0,2,130.27,2.44,54.68,26.91,87.55,1.38,81728.58496
4426,287456.6726,813.44,4,924.66,24.72,41.72,39.95,93.7,1.16,179744.0457
4427,335845.5073,550.0,1,412.51,45.4,111.21,22.47,89.96,1.92,182833.6739
4428,439672.1542,1117.95,2,605.64,11.89,12.49,4.12,99.9,2.39,360823.0107
4429,183107.5642,730.03,2,631.71,71.7,57.13,26.99,91.6,2.07,207479.7255
4430,501338.3363,1696.32,1,528.83,35.16,21.82,21.29,97.16,1.35,677069.6931
4431,178030.8073,1007.38,1,654.26,13.5,49.01,20.5,91.54,1.84,179682.4956
4432,446895.5184,949.45,5,540.27,10.59,1.02,13.61,91.92,1.36,394186.5428
4433,89910.43313,591.18,3,432.3,14.47,22.72,21.14,99.9,1.07,-3571.995621
4434,190679.4116,1572.67,3,176.02,3.27,123.41,35.23,95.63,0.8,201056.8308
4436,588398.7508,886.05,3,37.09,47.75,47.0,6.49,92.88,1.64,416859.7617
4437,165472.5762,962.42,1,318.97,22.09,18.1,11.18,99.25,1.79,121704.3417
4438,239397.9238,1734.13,1,483.13,38.08,48.66,16.4,95.05,1.88,350667.9967
4439,418226.226,550.0,1,41.14,67.74,98.44,41.4,99.0,1.22,323084.0023
4440,259723.8412,550.0,1,883.35,60.5,98.99,52.38,87.37,1.43,520892.677
4441,645447.0741,1522.38,3,155.02,34.47,88.49,2.48,96.65,1.18,415683.9086
4442,262216.334,1198.31,2,747.07,41.41,96.25,29.13,92.78,1.89,315974.4906
4443,95067.28153,550.0,1,57.27,17.7,36.95,12.82,92.44,1.78,11210.41743
4444,177071.275,550.0,1,885.02,62.82,84.19,41.49,97.04,1.13,188361.0412
4445,208326.869,1277.39,1,350.4,66.94,26.85,4.53,99.9,1.25,256113.5839
4446,246126.2233,767.17,2,398.64,34.73,21.4,6.3,97.08,1.76,250240.374
4447,430033.2976,1695.41,4,892.47,15.13,40.56,5.76,99.9,1.42,593502.4908
4448,206841.4109,550.0,2,260.87,32.95,0.11,8.0,92.97,1.2,177930.326
4449,131050.8324,550.0,2,754.57,12.47,48.38,23.74,96.6,1.87,48400.3444
4450,127225.9931,601.72,1,651.21,47.53,133.43,9.04,89.64,1.99,81994.96269
4451,301692.7603,1288.75,3,768.81,17.19,64.51,6.83,92.93,0.17,624730.5383
4452,394821.0768,1199.42,3,752.48,63.52,111.68,0.39,91.47,1.54,473026.0066
4453,306732.7233,1618.08,1,694.75,14.36,63.0,10.78,99.9,2.02,235684.2164
4454,215665.2148,1278.89,1,754.9,33.99,61.85,0.73,86.26,1.51,334471.8559
4455,178537.8948,608.77,1,127.34,35.08,121.15,18.79,99.64,1.13,118556.9142
4456,561136.6102,1287.6,2,730.59,37.77,23.06,17.31,89.98,1.99,395724.6431
4457,253203.9042,554.8,4,640.68,41.62,35.01,0.59,86.36,1.02,270806.0272
4458,252533.7874,550.0,2,184.95,42.87,79.8,26.56,88.51,1.9,125585.4861
4459,229928.759,550.0,2,814.66,17.2,132.41,11.99,91.31,1.35,288869.7145
4460,180416.2472,1018.92,1,1069.2,60.88,78.78,39.49,96.42,1.91,110643.4367
4461,124403.889,1038.58,1,280.62,45.26,10.67,36.82,96.08,2.31,40596.24365
4462,325140.5748,1297.26,1,524.32,21.06,47.93,1.34,95.0,1.26,355268.53
4463,100335.4517,550.0,3,854.8,47.34,14.06,0.1,94.07,2.51,9687.4976
4464,416898.1012,1415.76,2,880.55,7.43,117.42,15.96,96.15,1.1,492428.1794
4465,260661.6555,1454.19,2,599.84,51.1,101.47,7.77,95.25,2.0,272226.5919
4466,301411.1411,811.2,3,396.22,49.6,39.27,29.12,94.42,1.55,215225.3031
4467,100174.4082,1029.9,2,1071.09,34.01,27.01,25.25,89.98,1.38,16490.42102
4468,260289.4025,1168.53,2,723.13,46.7,59.15,16.33,99.9,1.18,130076.8798
4469,170926.4381,1246.47,2,877.54,28.34,6.63,3.02,94.13,2.1,258309.049
4470,550696.1107,1414.69,3,828.03,35.25,40.62,2.14,94.52,1.01,378509.0866
4471,134910.6406,682.2,1,916.07,7.85,29.74,15.17,86.76,0.92,90912.15383
4472,282190.943,690.82,2,983.03,50.05,25.08,1.17,96.46,2.26,322018.9183
4473,197516.8211,858.42,1,520.16,51.26,89.94,16.26,95.9,2.25,216515.3413
4474,254588.0358,1581.07,3,885.17,25.67,33.39,7.31,96.54,0.88,415147.2679
4475,714083.0738,1532.97,2,807.16,65.69,28.3,9.39,96.73,1.66,828796.3233
4476,269500.4758,550.0,3,720.95,35.34,45.91,10.92,99.9,1.15,286119.1079
4477,166627.0444,550.0,1,109.9,31.68,99.72,11.05,99.55,2.19,117233.5148
4478,662675.9344,1591.14,3,853.09,40.4,1.58,12.52,99.9,0.81,518531.3731
4479,145622.0632,558.05,1,723.46,4.77,38.62,17.18,93.07,1.3,65793.8771
4480,217815.5226,1068.13,3,588.7,33.42,5.59,27.87,90.14,1.11,196652.0796
4481,101049.8755,1160.18,1,397.18,31.83,68.72,49.47,93.25,1.68,14217.99082
4482,363769.477,1341.95,2,563.23,20.14,3.43,10.24,98.17,0.84,607058.0553
4483,371066.234,1264.65,2,810.31,34.81,36.49,5.54,89.65,0.92,284981.8404
4484,470229.3206,1620.46,4,709.5,12.67,53.19,7.02,99.9,1.67,522443.3512
4485,155752.5599,550.0,2,302.87,46.87,42.09,34.3,95.89,1.91,129320.0743
4486,313710.4687,688.68,2,708.18,40.08,24.33,38.13,99.9,1.32,240599.9274
4487,201087.8037,1003.05,2,823.62,4.05,46.51,0.21,98.88,1.95,171857.4185
4488,188525.5716,986.38,1,72.66,49.75,58.57,27.96,97.75,0.27,87005.20553
4489,148678.0634,871.97,1,585.06,43.3,65.52,14.88,91.65,2.2,101977.0573
4490,142984.178,550.0,2,164.88,38.5,109.05,25.7,95.18,1.33,113890.5036
4491,208095.515,752.32,2,260.31,58.86,16.69,11.85,93.61,0.93,150506.8542
4492,274890.2237,1094.63,1,1085.71,54.08,52.65,14.2,92.44,1.52,233459.4487
4493,168745.4268,979.38,1,311.11,21.42,26.79,11.65,96.84,2.14,197145.9458
4494,194271.1537,808.87,2,4.56,57.33,35.23,31.87,99.9,1.55,116198.1949
4495,213942.7096,550.0,1,91.33,30.39,38.93,1.26,85.09,1.6,193452.6634
4496,95433.65204,550.0,1,615.37,53.65,57.29,47.7,92.17,1.23,12373.07325
4497,273232.6509,776.93,1,472.79,4.44,34.78,17.72,99.9,1.93,221796.2177
4498,129968.5095,943.64,1,464.64,0.66,11.5,27.34,95.9,1.26,17767.56051
4499,255381.687,1254.08,1,552.58,16.5,54.59,29.88,89.44,1.38,270535.3332
4500,329824.8013,1114.74,1,392.83,22.19,24.38,1.21,92.41,1.5,271923.3133
4501,476500.8692,1177.78,1,246.38,27.96,32.57,16.32,90.85,0.86,397433.1682
4502,294615.7695,1153.94,1,623.5,41.97,52.03,18.11,96.75,1.21,461460.3528
4503,184883.8949,925.5,2,821.07,2.5,25.04,17.66,88.6,1.41,73035.6886
4504,162537.203,909.84,1,207.15,73.54,91.54,24.16,94.42,1.29,63020.29509
4505,155913.4548,942.18,1,721.79,10.89,36.56,3.86,94.98,1.61,43162.40544
4506,241697.619,980.17,2,609.2,34.9,85.98,19.5,85.14,0.65,217650.6843
4507,111897.733,550.0,1,712.54,5.47,18.44,10.86,95.68,1.2,9325.027649
4508,333650.2829,691.22,2,45.06,26.23,73.12,8.23,86.7,1.14,272769.9983
4509,351885.5657,908.79,4,624.47,45.99,1.73,25.46,87.3,1.95,354814.027
4510,196579.568,550.0,2,424.6,38.5,15.98,21.79,99.9,1.14,155812.4042
4511,323248.1091,1327.13,2,907.65,21.57,32.06,10.09,99.68,2.06,417848.0712
4512,290680.7164,1333.37,2,521.58,61.39,47.0,4.34,92.91,1.08,218370.3922
4513,276838.4577,1763.24,1,784.76,52.44,47.46,8.37,96.14,1.05,657570.3
4514,169398.5841,550.0,3,105.28,41.35,54.3,25.43,89.63,1.29,159240.0233
4515,180489.4816,732.98,2,646.2,24.02,67.49,32.34,91.8,1.16,255766.0327
4516,346383.1279,898.6,2,487.97,36.58,48.95,5.53,99.46,1.71,246723.6366
4517,197878.8468,806.19,1,988.98,43.81,31.01,22.54,99.9,1.69,124544.9974
4518,143760.0597,751.34,3,855.09,26.32,55.86,49.43,98.3,1.94,47578.24247
4519,374408.3745,1910.13,2,697.08,27.27,23.66,1.99,90.7,2.12,284332.3493
4520,336955.922,1198.87,2,386.34,18.69,94.37,17.13,95.84,2.07,337165.8876
4521,236852.6988,1611.13,2,289.96,33.11,40.11,14.03,86.54,0.72,135249.1294
4522,370523.9781,1065.64,2,398.25,21.77,43.63,3.27,90.97,0.37,247156.1343
4523,233356.7843,550.0,1,427.33,30.85,13.95,21.98,95.55,2.14,160641.1667
4524,356459.8989,1188.88,1,364.55,49.22,27.53,41.75,86.14,1.29,194943.8711
4525,345118.1716,550.0,4,789.52,27.87,59.89,28.69,99.9,0.64,221892.0343
4527,198274.6968,550.0,2,851.92,54.42,2.22,19.67,94.39,1.66,108170.334
4528,193380.8159,889.66,3,122.05,17.91,37.31,29.56,99.79,1.62,128382.0133
4529,685483.3011,2206.31,2,564.76,15.72,20.14,20.09,93.69,2.12,454795.0032
4530,354230.9295,1020.94,1,414.41,43.21,45.08,32.34,99.9,1.84,282176.9848
4531,150575.7395,1117.44,1,654.84,31.69,84.53,28.75,92.97,2.01,117076.4938
4532,203691.3864,740.51,1,406.72,25.98,73.79,8.44,94.6,1.42,234556.6761
4533,451762.9087,1796.97,3,453.0,6.03,67.05,17.59,88.73,1.88,624015.968
4534,466005.3147,1382.61,2,174.11,54.63,38.99,0.36,98.84,1.22,440842.8566
4535,287000.6819,623.38,3,633.51,23.81,85.21,21.39,89.29,1.71,193349.265
4537,386890.8628,755.25,5,450.26,34.74,0.12,33.8,90.38,1.79,271889.502
4538,317391.1596,1274.45,2,313.79,3.74,13.34,47.55,90.3,0.79,643703.0911
4539,216437.7761,1010.25,3,587.34,0.27,23.44,15.24,86.92,1.87,243405.329
4540,506658.1601,1356.12,1,573.66,31.77,4.38,11.09,89.42,1.17,318302.1394
4541,436641.5751,1084.07,4,1219.52,5.06,21.1,13.46,99.9,0.88,317276.5623
4542,298703.9825,865.23,2,519.56,21.44,45.04,7.5,89.93,1.76,286397.2444
4543,269063.9548,579.71,4,319.87,42.23,30.25,29.75,88.05,0.89,261973.4112
4544,215501.7223,1213.01,2,451.41,33.95,102.68,7.17,99.9,1.48,306063.4177
4545,224462.6259,550.0,1,404.19,45.38,49.09,15.7,92.05,2.03,119905.8368
4546,197713.3609,959.11,2,105.58,29.51,54.42,41.94,94.94,2.73,141781.5838
4547,214925.2506,955.53,2,551.57,40.47,129.1,15.78,99.9,1.61,337922.5119
4548,296121.6951,1289.15,1,381.0,13.69,50.84,37.08,89.59,1.37,251688.49
4549,576844.7542,1465.01,1,779.62,37.95,82.81,41.14,90.37,0.94,503354.5742
4550,263985.8704,550.0,1,134.22,5.91,15.1,45.95,99.9,1.87,208910.1716
4551,304756.3378,1085.09,1,232.62,36.79,14.58,7.84,92.66,1.31,157244.5078
4552,189832.326,1357.24,3,487.59,40.03,112.57,12.65,90.64,1.41,159267.4294
4553,202350.4343,894.61,1,191.89,40.59,27.97,3.02,91.29,1.93,197729.3597
4554,279742.0998,781.61,4,879.97,33.61,58.94,25.57,97.68,0.99,292757.7727
4555,365250.9789,923.93,2,1085.37,11.62,16.68,12.24,87.43,1.64,255664.8089
4556,178681.0914,706.65,1,346.58,54.6,36.93,21.73,92.57,1.83,145196.911
4557,315163.4511,550.0,4,357.44,3.34,49.7,19.18,94.73,2.13,237651.5078
4558,337640.8887,550.0,2,1018.14,17.88,7.94,13.92,96.73,1.17,189790.206
4559,338380.9694,1307.18,3,149.03,41.85,17.04,29.95,97.78,1.74,404923.0272
4560,238884.6266,627.78,1,219.09,5.84,12.27,18.14,94.47,1.46,216202.937
4561,263931.7455,758.47,1,233.15,45.77,1.05,29.78,89.96,1.17,237253.1826
4562,248163.8659,550.0,3,684.38,7.08,6.45,22.31,93.99,1.82,255620.0213
4563,404050.905,1320.61,2,483.65,34.88,111.94,35.85,99.51,0.86,452739.7733
4564,109352.9138,550.0,4,621.84,52.63,89.9,6.02,90.35,1.92,39142.10022
4565,277572.963,770.0,3,270.97,18.02,72.95,8.05,88.0,2.02,256793.7415
4566,106959.66,724.56,2,657.44,25.11,83.92,16.81,95.44,2.41,41842.93369
4567,389877.9007,1247.08,3,570.02,22.63,31.55,9.34,95.26,1.75,500495.2123
4568,354930.9638,1838.25,3,1009.36,26.82,4.07,6.61,83.16,1.4,291117.0163
4569,115802.4219,550.0,4,307.61,10.8,93.42,23.02,95.98,1.02,27563.54598
4570,98485.69882,564.91,2,394.99,45.97,100.32,14.04,98.37,1.85,9832.915059
4571,540260.287,1457.94,2,30.7,60.65,49.68,20.53,93.47,1.91,338836.4137
4572,442637.1756,1873.84,4,723.11,56.02,24.27,28.09,96.75,0.82,602019.1851
4573,302551.636,1255.1,2,24.77,33.92,59.09,17.8,94.89,1.34,276206.5336
4574,324159.0214,673.6,1,716.87,45.2,41.93,21.32,92.12,2.25,371811.887
4575,143602.3822,550.0,1,189.21,36.8,24.34,8.64,86.38,2.33,83277.7123
4576,223068.5627,1686.0,1,674.65,27.07,6.95,20.84,83.63,2.42,425683.0816
4577,262492.94,550.0,2,614.44,19.23,58.42,22.13,96.36,1.87,239466.9223
4578,260509.4674,1027.78,3,633.18,50.39,13.77,25.42,88.62,2.29,353128.1385
4579,271793.6411,1377.31,3,505.29,3.31,36.77,3.27,96.75,2.01,639221.7557
4580,259399.4509,557.97,2,214.17,13.79,112.75,7.06,92.91,2.3,150855.3204
4581,468140.4991,1074.82,2,915.9,43.43,23.2,1.09,99.9,1.86,428905.1684
4582,291864.0579,1371.17,1,539.34,33.51,71.63,2.95,95.12,0.96,282391.9207
4583,380776.593,861.76,2,33.53,56.54,33.31,42.45,93.15,1.15,271429.5045
4584,214713.2961,1503.95,2,652.72,64.63,82.0,22.69,85.68,0.94,224864.7927
4585,225548.965,905.01,2,937.71,42.12,81.71,3.38,99.75,1.43,230912.6636
4586,99853.44799,926.68,1,358.07,12.14,9.61,12.01,93.28,1.42,-1565.999309
4588,410194.7332,1395.04,2,770.71,2.21,50.88,4.39,95.33,1.42,463784.5097
4589,415681.7376,1348.39,4,529.29,45.88,53.64,17.06,95.14,1.61,336698.3623
4590,315691.7607,1095.87,2,86.61,63.3,140.86,5.08,94.71,2.3,271020.5549
4591,176290.8751,580.3,3,59.3,4.45,64.01,6.16,91.3,2.37,197539.4311
4592,579376.8411,1662.55,3,929.42,36.44,25.53,8.35,96.24,1.52,516049.376
4593,426874.8922,1295.75,4,246.93,25.85,57.03,36.37,99.9,1.33,276557.1858
4594,95474.22338,726.76,1,919.43,28.83,98.47,32.61,91.83,1.34,3059.696499
4595,570208.7807,984.08,5,731.79,37.81,70.55,3.22,88.74,0.82,387826.079
4596,405574.4351,1858.88,2,126.44,54.62,5.3,13.29,88.1,0.96,547758.8897
4597,416945.0408,1678.52,1,525.2,34.36,11.78,0.51,94.62,1.03,307500.2705
4598,219864.9676,1070.9,2,683.25,38.34,76.04,4.25,93.18,1.96,155629.7633
4599,261685.8617,879.07,2,239.51,15.38,51.26,26.82,90.09,2.15,293589.0855
4600,381506.6625,1027.66,3,523.99,11.9,37.96,52.37,92.7,1.45,435646.4028
4601,351533.8074,1218.48,2,428.84,35.24,22.73,3.05,99.9,0.69,348394.5202
4602,387918.9435,550.0,2,1.3,43.15,37.28,12.36,89.37,2.53,330826.6085
4603,322811.1839,550.0,2,342.1,26.33,72.02,29.65,96.61,1.89,330565.4108
4604,133195.6287,550.0,2,185.79,29.97,138.4,47.85,92.38,2.45,101077.8511
4605,299295.496,1285.02,2,507.52,5.25,14.79,34.39,83.43,1.19,671224.2529
4606,462143.3224,1648.03,3,574.84,49.74,89.62,6.45,99.9,1.11,480199.6947
4607,240893.2553,845.65,3,534.13,12.44,77.76,19.15,88.94,1.54,184681.7162
4608,251833.8761,1173.04,2,874.51,1.41,71.7,30.62,88.87,1.64,366773.244
4609,315108.9475,550.0,3,56.44,11.19,28.94,1.58,91.98,1.45,466900.2158
4610,182011.2419,1129.54,1,571.13,3.09,38.96,0.72,97.92,1.67,188813.1975
4611,402016.5032,1452.3,2,446.97,57.55,77.95,16.42,89.84,1.44,394753.783
4612,385041.5546,957.8,1,531.17,6.13,104.45,0.4,99.27,0.68,632404.9722
4613,313837.4258,760.98,3,811.64,19.6,35.61,4.08,98.43,2.12,227574.6829
4614,251505.5591,1092.77,1,447.63,35.32,48.44,25.16,91.3,1.86,159487.0615
4615,409191.0991,1099.78,3,386.22,14.22,1.07,31.81,98.94,1.28,298515.2495
4616,126313.9809,665.49,1,98.19,49.37,79.69,18.46,99.9,2.07,38016.2341
4617,357928.3393,1288.96,2,273.31,13.53,100.91,23.56,99.9,1.1,288884.1792
4618,224321.015,917.84,1,958.22,41.45,13.76,18.57,99.9,0.97,256439.559
4619,149019.5725,714.95,2,437.41,17.09,26.98,4.86,94.73,1.77,35651.44806
4620,553654.66,1306.01,2,351.62,27.31,18.59,14.59,93.56,1.98,476294.6475
4621,382816.8382,1542.26,1,991.18,45.74,36.64,31.53,89.82,0.72,280898.3741
4622,418497.7631,1241.63,3,332.68,55.69,63.7,10.24,90.76,1.63,348844.7852
4623,171317.9705,550.0,1,652.12,17.89,85.32,42.83,85.78,2.44,83060.39447
4625,215912.1479,1110.26,2,54.81,36.68,27.26,3.35,99.9,1.59,283749.8461
4626,534702.9622,1065.79,2,477.23,23.03,3.46,10.25,99.9,1.07,341547.2895
4627,417029.354,1141.4,2,1145.94,4.85,74.46,21.93,90.42,0.98,387645.1059
4628,233957.5616,856.95,2,382.5,25.33,26.41,29.51,93.75,2.6,153369.3663
4629,327234.425,763.97,3,39.86,10.03,6.04,14.95,99.25,1.36,379143.2008
4630,333298.017,2168.2,3,436.55,38.99,20.77,11.87,88.54,0.39,511879.9257
4631,339282.0108,550.0,4,415.03,48.5,63.83,5.97,98.82,1.24,346577.2325
4632,562999.5872,1714.11,2,155.15,20.35,4.5,18.4,97.37,1.24,701629.0006
4633,431051.9091,1307.6,3,718.87,23.52,73.47,1.89,91.21,0.99,347666.6671
4634,255378.1812,1288.26,4,168.4,13.93,18.25,3.88,94.77,1.35,403938.3577
4635,419966.6879,623.86,3,133.06,17.15,24.32,12.96,89.79,1.17,381900.3685
4636,323164.5796,1871.4,3,1056.66,30.08,44.64,0.39,92.26,2.28,315170.3715
4637,314236.1486,820.01,3,317.93,52.33,46.57,35.11,87.26,1.55,218881.1612
4638,195135.8534,1046.79,2,342.15,43.06,3.39,5.36,96.52,1.87,275178.7324
4639,217285.9195,550.0,3,1018.34,52.34,107.13,20.01,86.13,2.34,158870.8989
4640,365893.4119,909.46,2,355.83,47.66,29.92,40.83,87.72,1.59,375324.5264
4641,505841.4163,1605.13,4,218.65,31.79,71.25,28.81,92.98,1.66,760811.0036
4642,209952.1873,820.43,4,573.52,6.66,29.49,11.73,93.67,1.22,400560.8235
4643,331645.9971,555.11,4,620.0,25.52,25.87,14.47,97.48,2.02,436442.9132
4644,524566.7559,1491.39,2,554.25,15.06,51.55,19.55,99.9,1.76,573285.9698
4645,347973.3019,1076.54,3,835.25,36.0,80.9,20.35,97.73,1.74,236218.3637
4646,221693.1649,709.6,2,620.74,48.03,135.99,35.75,95.62,0.64,271168.2068
4647,363091.1189,1155.32,3,773.04,61.11,98.26,23.92,99.9,2.34,405567.3961
4648,244951.2147,652.27,2,631.93,30.51,53.99,10.93,99.9,1.44,164529.1517
4649,192413.1469,558.96,4,235.51,60.72,93.16,22.11,98.49,1.63,221524.3637
4650,590190.2551,773.57,2,366.43,7.52,33.66,24.91,99.9,2.18,386219.5939
4651,159265.5551,1070.92,1,319.64,17.59,12.8,8.75,96.27,1.35,168453.8983
4652,219732.3079,829.94,3,1120.61,66.7,40.09,5.33,97.8,1.16,129394.5473
4653,424931.799,893.69,2,98.22,1.71,34.64,24.67,96.21,0.29,459249.3984
4654,254894.2626,966.69,1,583.37,33.42,19.26,16.82,97.61,1.41,244161.9048
4655,334952.6535,1342.51,2,418.09,39.6,89.1,29.53,89.85,1.41,486856.5137
4656,320519.9801,975.39,2,398.81,28.83,57.76,2.56,86.58,1.0,284606.9742
4657,350686.3764,1251.08,3,282.53,74.56,29.14,18.03,95.17,1.85,252622.2238
4658,295860.5658,1515.32,2,624.82,34.98,38.55,29.93,81.18,1.26,243725.6442
4659,649298.622,1316.59,2,163.96,20.24,15.55,1.67,93.89,1.51,447732.4035
4660,345709.3186,1512.19,3,922.08,8.59,0.65,1.55,87.46,1.82,323362.3617
4661,92601.95258,785.99,1,1001.37,45.85,37.87,5.88,84.44,1.93,7494.090684
4662,356303.0078,1449.57,2,218.06,52.99,16.22,11.04,89.94,1.34,373925.4367
4663,230285.191,1314.72,1,424.09,69.8,12.22,20.94,99.9,1.62,405786.6162
4664,194009.7516,1461.93,1,637.14,18.28,58.68,31.49,84.14,2.41,164682.8475
4665,362670.4233,1256.39,3,592.6,24.11,49.84,23.73,97.9,1.07,506266.7364
4666,533177.8282,1346.49,2,458.14,23.97,23.66,12.38,93.63,2.11,389183.5316
4667,110478.7079,550.0,2,509.05,15.73,65.38,46.02,94.83,1.71,18617.76424
4668,632980.112,1438.33,1,442.11,54.95,3.76,0.15,91.8,0.86,363240.0025
4669,268212.9448,550.0,3,551.36,48.43,91.32,16.36,90.16,2.21,331910.059
4670,338296.8778,1864.9,3,468.03,28.07,46.56,22.83,92.5,1.53,446020.9142
4671,280460.0013,786.88,2,585.04,10.02,29.73,24.81,97.57,1.11,432458.034
4672,530535.336,1517.93,2,446.08,25.24,9.86,13.14,97.69,1.1,496716.6455
4673,278794.3901,1136.23,2,634.95,54.97,19.17,6.92,95.79,1.72,324830.0812
4674,158109.1568,908.6,2,553.36,31.84,59.84,16.4,96.07,1.09,180469.6874
4675,538335.1467,1227.38,3,516.62,18.63,13.71,19.05,91.81,1.19,459223.766
4676,610064.7447,1965.15,4,860.28,33.12,5.7,8.05,98.68,1.42,684518.1409
4677,494626.2819,1394.47,4,143.41,45.53,15.34,1.5,96.11,1.26,319132.6757
4678,557984.5278,1325.14,1,176.86,51.31,5.75,2.39,86.76,1.35,651145.1154
4679,560479.0962,1596.29,2,1016.59,36.79,74.34,9.32,99.9,1.61,390021.9643
4680,307637.3231,1414.96,4,279.23,12.03,100.19,3.08,98.53,1.75,380673.9543
4681,368884.3212,1655.84,2,308.0,48.71,18.33,44.35,98.73,2.1,625739.7385
4682,304127.0367,1838.44,1,366.11,78.07,27.79,12.95,98.67,1.47,287754.6252
4683,243042.0806,658.32,1,306.39,35.95,55.64,22.35,99.9,1.42,137837.1655
4684,376806.9077,961.97,2,301.57,8.25,26.12,12.76,95.89,1.28,243897.1949
4685,469787.4253,1015.62,1,1127.22,73.91,70.79,21.1,99.9,1.7,381498.329
4686,311210.3652,1111.9,2,641.02,13.68,10.92,0.12,95.18,2.01,524650.8324
4687,234473.6827,1475.33,2,486.98,42.45,88.55,35.53,93.76,1.17,247263.2726
4688,93040.74187,1506.92,1,657.32,22.06,8.3,15.7,84.63,1.28,8077.514159
4689,263076.735,669.41,2,314.18,25.21,56.62,2.08,83.98,1.23,433529.4259
4690,181925.901,1515.29,1,720.04,25.99,20.59,12.47,93.68,1.24,146302.3923
4691,107197.9481,550.0,1,862.81,14.7,57.79,14.11,95.36,0.66,18672.51448
4692,659535.8009,1486.33,5,425.2,44.52,40.15,11.44,90.62,1.59,702790.3241
4693,323227.9855,882.68,1,351.27,23.34,104.31,15.5,96.97,1.27,226798.5945
4694,144485.8132,550.0,1,516.29,54.23,38.69,42.84,97.8,2.14,104023.5457
4695,727579.8901,1406.63,3,719.49,37.15,75.46,7.79,99.9,1.44,771461.4466
4696,381488.4294,1630.8,1,351.78,5.46,27.43,9.14,90.71,0.98,293601.0958
4697,275558.7316,550.0,4,26.09,18.53,4.82,31.67,99.9,1.79,236974.2049
4698,465411.917,2295.73,1,153.98,16.34,53.56,41.12,97.27,1.41,537501.1359
4699,440762.3342,1519.89,3,848.64,20.01,58.39,16.04,93.53,1.54,455651.7302
4700,447754.7187,1729.89,4,190.17,12.56,63.05,1.84,99.9,1.08,705508.7934
4702,96879.55619,550.0,3,576.47,16.83,117.39,16.42,97.44,0.94,11494.03147
4703,98622.30842,550.0,1,1089.85,50.56,84.97,3.25,88.74,0.94,5955.484404
4704,215155.1638,1795.33,1,644.33,55.56,79.78,33.87,92.93,1.27,212431.6387
4705,382171.5594,550.0,2,575.87,34.45,8.19,5.6,96.08,1.46,268460.7971
4706,337620.1849,1032.22,1,48.87,3.49,75.69,25.44,93.82,2.08,307160.8227
4707,288933.766,1256.23,2,9.5,59.45,33.06,6.6,91.82,1.16,373222.1191
4708,330861.4805,550.0,3,388.17,29.39,0.67,18.07,87.05,0.82,286407.2905
4709,449684.8712,1569.79,3,533.2,41.49,8.61,6.62,98.44,1.37,277148.2561
4710,236439.5814,1429.04,1,73.71,29.92,12.25,27.45,90.72,1.91,437653.3554
4711,104947.8917,786.95,1,938.74,14.92,74.98,27.2,95.86,1.55,12933.79057
4712,155735.0323,891.35,2,13.67,47.95,96.4,23.18,92.97,1.58,135974.6844
4714,232443.1219,550.0,1,551.48,20.52,46.07,22.28,95.35,1.4,211096.8885
4715,385007.861,1746.58,2,857.46,26.04,21.2,10.77,87.46,1.94,414444.9818
4716,327068.3617,1674.78,2,126.6,67.71,35.09,23.0,88.65,2.27,345753.6257
4718,252967.1785,938.83,3,382.79,65.14,42.26,20.26,94.75,1.46,280534.2135
4719,501007.4446,1625.37,3,639.07,49.12,63.72,16.29,83.92,1.46,416237.3035
4720,225891.6674,1261.69,2,440.8,11.54,7.6,8.31,98.66,1.7,411441.7621
4721,364915.3492,1328.73,4,780.46,29.1,54.25,31.38,98.69,1.22,362558.6935
4722,388822.7101,550.0,3,111.45,33.57,1.93,8.14,88.1,1.97,389309.5295
4723,160359.5372,757.98,1,76.09,17.33,41.07,0.54,98.61,1.24,44343.08038
4724,210121.9913,756.78,2,1119.42,60.31,12.68,10.76,99.9,1.33,144308.5631
4725,127574.0886,732.92,2,53.89,39.45,63.45,17.92,99.22,0.92,47104.88667
4726,182677.8882,931.09,1,710.41,0.12,42.88,1.76,99.9,0.64,164916.2286
4727,400707.8397,1487.34,3,531.51,11.06,46.9,26.79,90.65,1.52,360195.6245
4728,326625.5843,974.67,1,396.72,37.66,3.81,40.37,93.59,1.57,284048.4528
4729,232593.1716,1145.22,1,94.04,60.4,15.36,16.73,98.41,2.1,176059.6077
4730,175056.4765,1208.75,1,574.9,48.69,5.27,19.73,97.65,1.28,65035.45925
4731,343336.0697,1632.39,1,302.13,56.08,48.25,6.6,92.76,2.1,247899.8295
4732,162292.7792,833.03,2,687.81,14.16,59.25,7.22,86.84,1.38,151147.1985
4733,164522.24,550.0,2,812.41,24.25,13.02,20.94,97.22,1.24,62811.57198
4734,407825.9763,949.38,2,908.91,13.59,2.19,27.09,99.9,0.91,387140.7155
4735,197612.8364,836.49,1,576.88,20.09,20.58,8.37,82.63,2.61,200800.0944
4736,239893.8764,845.84,2,590.94,40.94,40.86,4.84,96.38,0.7,229053.47
4737,242504.056,550.0,4,173.63,28.86,46.4,18.66,82.06,2.13,276141.5568
4738,237318.6527,945.51,2,585.59,4.92,28.81,12.59,91.57,2.04,510196.8094
4739,442888.6542,1451.42,3,414.73,50.98,7.24,14.36,87.79,1.43,558252.0006
4740,344078.7362,858.81,3,567.14,29.75,25.04,28.27,93.51,1.36,309375.5433
4741,442225.0674,1371.0,2,397.63,13.65,26.75,16.49,92.33,1.75,447884.1954
4742,151369.7369,727.95,2,358.09,14.56,60.61,47.94,92.23,1.68,92018.26896
4743,264253.4463,964.89,3,514.23,49.67,35.09,36.67,99.84,1.62,168373.8767
4744,112204.4099,581.23,1,763.99,17.23,59.57,29.59,93.95,2.14,39236.37427
4745,377464.8036,1964.38,3,729.91,43.64,72.74,14.16,99.9,0.94,549599.9039
4746,149314.6665,550.0,3,649.63,2.33,104.11,43.68,97.47,2.51,59847.25924
4747,468030.9994,1414.68,2,331.15,8.62,124.81,12.54,99.9,1.17,652804.2848
4748,536376.4065,1360.17,3,237.51,18.24,73.41,7.49,92.08,2.62,351649.5498
4749,110050.8784,550.0,2,572.73,38.91,79.91,29.17,99.9,2.95,43772.6327
4750,402029.5958,694.21,3,688.34,27.12,100.3,14.72,99.49,0.88,271877.9809
4751,334716.2929,1128.87,2,446.52,39.81,9.6,12.12,93.43,0.97,287446.3584
4752,158162.5983,993.92,2,215.54,21.52,14.32,21.83,97.64,1.46,157893.7129
4753,269316.6177,620.25,3,387.32,5.02,9.51,20.1,92.78,1.8,228638.1768
4754,329770.112,1558.39,2,451.96,45.11,18.19,6.47,93.6,1.28,388734.3426
4755,265397.8247,1399.62,2,327.22,37.13,51.08,10.89,99.08,1.34,349710.939
4756,458499.8035,881.16,4,492.47,21.01,65.12,29.89,98.68,2.03,518750.0277
4757,609953.1005,1299.92,3,344.43,4.53,46.94,8.29,99.9,1.38,464370.0251
4758,461667.4612,1041.61,4,452.98,38.52,33.98,2.68,89.56,1.42,393464.2375
4759,196232.7393,550.0,5,653.86,40.98,46.3,18.35,83.6,2.0,98410.02935
4760,381405.3245,933.03,2,755.42,20.38,12.87,9.0,90.85,1.69,246671.3996
4761,212914.6987,550.0,3,731.51,6.5,74.26,11.1,95.27,0.82,205015.8322
4762,229358.8883,641.2,1,630.4,27.42,71.38,0.09,97.46,2.32,112407.1559
4763,131801.5547,1153.1,2,369.2,17.98,116.4,26.08,82.91,1.62,48828.67409
4764,230289.9546,1539.74,1,595.27,20.27,64.99,32.9,96.25,1.5,339288.323
4765,339288.0054,550.0,3,467.19,40.19,55.13,1.0,85.04,1.31,219612.5386
4767,498424.3949,1353.38,3,3.59,20.85,50.78,8.75,99.26,0.94,504520.8392
4768,198567.0514,615.7,3,522.94,12.51,18.66,22.49,99.9,1.43,100739.6402
4769,370207.3866,1543.39,3,520.44,13.03,20.86,8.52,97.81,1.43,758176.2996
4770,158445.3716,550.0,2,332.98,68.79,51.46,22.46,96.61,1.29,62957.37851
4771,515634.3517,1049.9,3,310.73,63.55,48.24,16.32,91.19,1.94,422112.7146
4772,551832.3252,1089.99,3,502.54,33.99,11.19,24.4,99.9,0.86,675943.7717
4773,361156.3934,1382.24,2,42.32,25.82,3.68,23.02,93.94,1.26,316757.8728
4774,88969.66014,661.47,2,583.96,2.68,13.6,13.29,90.67,1.07,8206.973084
4775,95470.82672,1367.54,1,885.22,11.23,62.54,3.12,89.34,1.53,-543.5423055
4776,218414.7041,1303.03,1,758.94,23.55,66.82,5.21,91.44,0.62,154037.5445
4777,391558.7268,2273.6,4,780.72,30.92,13.08,6.84,91.77,1.39,748616.7515
4778,168431.4026,550.0,2,805.51,42.01,92.68,36.52,93.92,1.59,161244.5908
4779,406498.23,836.34,2,737.65,21.47,54.44,10.24,93.65,2.01,655311.8839
4780,316356.8508,1188.25,1,652.33,2.69,24.32,29.03,87.7,1.25,343984.6602
4781,574331.2741,1194.72,4,946.89,31.38,49.07,8.36,93.42,1.71,428980.3789
4782,344229.169,550.0,2,218.95,53.36,95.67,35.59,87.21,2.44,285872.2499
4783,476215.8951,995.2,3,815.1,21.2,36.0,14.4,94.9,1.18,354683.9536
4784,363716.895,1445.21,3,107.18,58.13,2.75,16.01,86.09,1.73,482756.7522
4785,286409.3475,561.83,3,722.94,24.49,28.72,35.85,99.9,1.66,188877.1898
4787,395024.0609,1277.81,3,677.44,53.05,36.75,3.54,99.9,1.22,741544.3407
4788,322453.786,813.53,2,870.53,40.22,75.91,4.37,97.58,1.18,276453.8599
4789,191659.7138,942.63,1,166.58,32.47,28.16,7.47,90.82,1.38,156247.5541
4790,317519.7226,970.6,3,282.17,28.08,35.82,7.19,95.66,2.45,380166.7752
4791,433995.0296,862.04,2,23.67,7.96,89.78,14.97,95.04,1.21,348796.9462
4792,114055.9299,795.56,1,18.23,29.24,45.73,15.95,95.2,1.91,5168.592954
4793,621514.0038,647.08,3,5.52,34.31,18.66,32.71,98.96,1.76,393007.2329
4794,475681.4227,1373.44,3,394.22,39.45,25.92,22.01,84.97,1.12,499854.7564
4795,625194.5566,761.55,2,184.15,0.14,15.85,2.04,93.78,0.45,653559.2489
4796,564601.8115,1346.8,4,1243.9,52.18,68.64,8.26,94.13,1.28,753679.8619
4797,218627.8816,931.9,3,758.73,14.69,63.44,24.37,90.94,0.96,174550.4167
4798,300301.079,1674.24,2,425.64,29.0,58.29,24.63,92.56,1.99,281675.2183
4799,616482.7778,1999.62,1,793.89,7.78,106.8,7.76,99.1,2.23,418452.767
4800,338867.9445,737.53,2,738.21,43.53,25.63,17.91,96.71,1.46,221591.8354
4801,340863.3536,996.24,1,117.07,27.0,38.86,13.49,85.4,2.39,247092.6927
4802,469792.0289,1477.56,3,354.77,54.42,5.48,14.8,98.99,0.5,581847.1356
4803,160304.1753,748.56,1,861.18,46.92,52.77,35.37,93.94,1.14,160492.2693
4804,175759.5376,694.38,2,691.32,4.9,70.92,30.89,93.07,1.65,124366.9774
4805,139838.0712,622.83,1,135.44,63.91,86.7,23.43,93.01,1.24,135552.1354
4806,219846.6577,690.57,2,714.01,35.1,22.49,19.19,95.07,1.17,314649.6003
4807,611335.534,1594.79,3,423.56,36.53,44.55,4.78,96.85,1.44,461922.6215
4808,187995.7479,550.0,1,241.85,41.95,47.1,15.7,96.35,1.36,182684.0355
4809,404071.5205,1487.0,1,806.68,31.53,35.92,3.82,94.64,1.95,284204.8479
4810,196785.7624,550.0,2,489.95,43.86,50.51,4.81,96.23,1.57,128484.8194
4812,225913.5844,825.1,4,1158.99,64.25,36.68,24.23,96.93,0.9,421392.4962
4813,117918.5277,550.0,2,91.61,4.3,34.32,20.35,99.9,1.75,41700.97327
4814,329247.9503,1485.34,4,383.98,67.23,70.23,0.04,95.14,1.26,725765.1558
4815,147335.3796,596.2,2,441.08,2.24,64.7,27.12,95.39,2.22,198458.3948
4816,324846.9354,716.61,3,995.09,6.22,18.49,16.95,99.9,1.1,419810.9548
4817,495124.7829,1059.29,3,616.14,17.83,12.61,6.14,92.79,1.62,382300.2905
4818,616912.2781,1772.17,2,479.68,21.26,72.16,4.99,87.52,0.45,483316.977
4819,222852.3977,550.0,1,190.53,67.53,96.79,17.15,95.93,1.52,107531.9487
4820,234147.3865,550.0,2,544.57,20.38,30.74,24.17,94.31,1.05,147723.697
4821,628152.6935,1350.5,4,901.31,22.13,32.56,25.07,97.51,0.11,628746.1878
4822,155727.5636,550.0,2,554.0,4.07,3.69,3.12,92.4,1.98,146122.1421
4823,321898.8296,1124.78,2,301.6,6.05,6.84,3.23,98.24,0.97,322526.3293
4824,103727.154,878.21,2,727.94,4.42,5.44,2.83,93.36,1.15,28950.60887
4825,250851.7502,1289.64,3,119.59,14.19,19.5,28.15,92.26,0.84,266816.8582
4826,353743.8786,550.0,3,473.01,15.86,9.74,5.39,93.84,1.97,275354.399
4827,406264.4939,952.63,3,417.99,26.62,6.15,2.2,92.29,1.67,399781.2627
4828,625244.5246,959.52,4,579.14,43.99,19.73,6.79,94.27,0.72,416438.3391
4829,221653.0451,1127.42,1,635.11,44.71,118.42,20.85,98.81,1.12,202406.6363
4830,173253.2882,768.6,1,852.11,41.28,12.44,10.69,98.92,1.6,133512.1798
4831,680967.5893,1364.29,2,288.29,35.01,31.27,6.03,91.78,1.19,537310.9652
4832,332962.2617,1242.35,3,496.93,60.9,38.75,2.64,86.42,0.53,352226.303
4833,182354.8625,550.0,3,637.95,32.73,75.47,4.78,88.35,2.19,198381.3202
4834,265244.4909,1092.04,2,898.47,36.76,12.11,14.94,99.43,1.36,224578.3704
4835,365728.1034,1212.0,3,152.59,63.58,54.24,35.39,89.25,1.52,202144.3844
4836,200372.4571,550.0,1,479.64,56.61,40.38,20.65,90.28,1.37,256426.9247
4837,120767.8679,746.8,1,303.38,8.25,109.22,31.74,93.23,1.6,20357.98788
4838,144233.9454,550.0,3,201.87,33.86,52.78,15.17,99.9,1.66,53237.96511
4839,182395.2099,1417.34,2,374.73,37.63,61.04,13.47,84.4,1.02,84379.08845
4840,232294.47,1017.19,2,300.08,18.21,46.61,3.9,89.36,2.07,210598.8555
4841,279416.6081,776.67,3,152.43,68.04,101.03,41.73,91.15,2.16,245817.3171
4842,108413.2684,550.0,1,579.54,36.55,67.91,27.26,90.61,1.97,29153.91623
4843,338282.5032,1284.46,1,647.91,0.03,31.14,27.51,93.09,1.49,288633.6131
4844,154387.13,1445.66,2,553.91,45.45,23.82,32.65,96.94,2.35,67504.40926
4845,264831.5196,705.09,1,50.75,43.91,9.54,19.27,93.73,1.72,217782.099
4846,222960.7761,657.08,2,52.16,35.64,56.93,32.81,98.85,2.27,169984.7819
4847,294006.8647,550.0,2,367.26,44.88,38.43,21.17,95.44,0.7,182318.9524
4848,484760.7987,1297.6,3,634.47,29.19,29.92,19.28,95.51,0.48,453044.0803
4849,231996.3563,1410.37,2,380.29,34.45,48.3,9.75,91.03,0.73,298927.2946
4850,404649.8598,1952.95,2,539.04,18.03,71.58,48.75,99.9,1.75,300326.5515
4851,643258.8816,1119.83,3,122.95,46.48,41.72,0.79,89.64,1.09,549893.9634
4852,549795.928,1760.77,2,459.59,46.97,83.89,31.07,95.95,2.02,445138.9535
4853,474283.5348,1613.99,3,655.87,18.35,76.51,7.46,99.9,1.49,761344.8176
4854,222090.7098,550.0,2,264.77,6.6,34.79,23.71,99.9,1.81,347421.2141
4855,416873.8237,1453.47,3,797.63,14.66,62.96,0.76,92.67,0.87,431367.9227
4856,611952.6394,1152.86,4,897.1,38.81,2.24,0.0,99.9,1.74,483291.4423
4857,284453.0662,1228.73,2,479.01,26.91,35.96,23.57,90.8,1.24,410734.3428
4858,151942.4139,550.0,2,186.83,2.73,14.45,30.85,87.81,1.99,82414.54266
4859,562834.5465,1662.03,2,450.05,37.76,14.68,18.11,90.32,1.77,482298.0464
4860,103906.7701,550.0,1,576.33,29.73,69.28,32.32,92.56,1.48,25025.80565
4861,322341.8634,1272.81,3,869.23,33.62,8.48,26.87,92.28,1.04,445965.1743
4862,106924.3224,550.0,2,843.15,19.1,1.9,26.79,94.16,1.35,14373.55733
4863,297866.4092,897.6,2,567.27,57.64,30.06,18.81,87.93,1.63,386701.8022
4864,233290.3505,550.0,3,947.97,11.06,32.93,6.57,88.19,1.83,156641.365
4865,216433.4357,782.82,1,741.57,18.11,74.09,18.7,92.02,1.0,215878.5637
4866,367594.2369,1447.9,3,353.04,26.63,2.97,23.98,89.82,1.91,748499.3934
4867,435016.3557,915.19,3,426.52,62.33,33.73,7.33,97.68,2.76,348145.7524
4868,175066.0783,692.27,3,262.8,6.96,93.11,5.14,86.05,2.02,87740.36472
4869,419301.784,1134.09,4,313.09,48.32,80.35,19.63,93.26,0.12,474472.5611
4870,182897.1964,937.32,1,237.97,5.04,70.27,16.59,95.35,1.51,191201.1535
4871,353696.1047,1092.67,2,963.26,21.94,61.41,15.54,88.35,1.97,314066.6652
4872,104158.8928,690.05,1,538.02,35.7,17.84,5.59,89.42,0.87,2295.205062
4873,145641.8528,550.0,2,38.84,34.47,1.76,5.84,85.52,2.63,106418.4667
4874,461560.2178,1578.04,2,162.12,22.54,53.82,3.23,96.75,0.88,444908.2379
4875,253671.3641,794.16,4,213.83,32.69,108.68,21.95,99.9,1.54,346963.3248
4876,139237.1177,605.01,1,474.55,43.92,92.74,19.35,97.08,1.6,36986.05814
4877,235139.5085,971.19,1,891.88,53.22,13.85,28.5,87.03,1.52,224559.9004
4879,179790.1416,550.0,3,839.33,51.3,54.43,34.23,99.17,1.46,68947.38787
4880,207425.5683,759.11,2,505.49,20.29,93.98,4.35,96.97,0.39,153718.9732
4881,445004.1482,1663.86,1,648.92,60.44,57.58,29.26,93.23,2.19,357282.6984
4882,195395.1853,1058.54,2,28.08,1.56,0.27,10.84,99.35,1.12,225466.4545
4883,97658.68326,570.95,1,430.1,51.1,36.46,33.36,99.31,1.78,6299.684761
4884,155032.8752,550.0,1,10.19,39.52,49.79,27.48,94.67,2.06,63227.82054
4885,182972.2245,901.94,1,1023.35,10.8,33.02,26.46,96.55,1.94,199328.9394
4886,127273.3566,554.26,2,660.58,55.84,72.52,29.59,94.56,2.01,91872.75344
4887,161429.4012,852.09,1,254.81,50.24,38.82,21.31,89.17,2.38,92700.02418
4888,368420.3303,1392.8,1,483.84,33.74,94.44,35.72,99.9,0.98,364008.3212
4889,269827.6245,1661.48,3,646.2,19.3,57.83,6.86,91.56,1.49,503689.2666
4890,354524.7111,1152.85,3,56.09,40.22,66.99,15.07,91.85,2.6,449518.9726
4891,167279.1021,1152.7,3,725.39,49.57,57.15,35.82,95.51,0.78,231907.9277
4892,235305.3358,550.0,2,632.28,17.09,39.21,8.45,96.45,1.29,146656.8478
4893,458217.5708,797.2,2,548.33,2.99,31.22,19.53,91.46,1.7,321578.2662
4894,242334.6467,550.0,4,483.13,53.63,1.57,1.58,98.25,1.99,205174.3568
4895,325581.8346,993.55,2,449.7,49.19,22.9,13.54,97.35,1.61,476704.8981
4897,130851.447,550.0,1,653.54,10.2,21.27,2.56,98.15,1.14,43750.83406
4898,378016.2366,1761.01,2,453.55,37.47,19.79,31.34,96.28,1.69,478954.7229
4899,151889.2561,1185.79,2,299.17,7.32,37.32,14.17,99.9,1.44,72644.83547
4900,215742.7482,550.0,1,210.44,41.76,69.84,7.09,95.69,1.29,92543.22644
4901,338433.3133,1016.22,3,495.89,57.61,90.83,26.96,89.03,1.89,207703.9383
4904,349472.4024,1934.49,2,227.09,66.53,35.68,8.88,89.48,1.69,412625.2156
4905,443878.1302,1388.44,1,606.26,5.27,48.47,5.62,81.13,2.06,326300.5592
4906,221530.8266,1014.76,1,594.49,32.66,26.06,21.16,89.17,1.73,166985.3009
4907,399822.7895,731.37,3,356.93,32.57,30.85,20.15,88.54,1.66,381233.1808
4908,196293.8327,911.36,2,916.49,41.82,40.53,26.32,96.68,1.41,122854.3205
4909,164571.114,550.0,1,1125.5,16.1,61.05,29.19,92.54,1.67,73537.8521
4910,169536.3962,550.0,2,656.92,56.88,62.6,39.67,85.59,2.09,110679.685
4911,368139.5903,956.73,3,726.06,7.56,25.82,11.36,94.44,0.53,520121.5949
4912,181831.7142,583.5,1,821.47,67.66,90.24,33.41,92.46,1.15,61585.24437
4913,165322.2964,1299.01,1,539.86,26.34,74.15,41.07,94.82,1.76,134458.4354
4914,397818.3873,1112.53,3,646.41,68.92,46.19,4.67,91.94,2.44,346051.8053
4915,461983.6949,1629.07,2,363.24,22.94,18.97,32.5,93.32,1.58,367097.1943
4916,609318.9799,1269.88,2,398.28,37.55,21.65,4.05,90.08,0.94,612606.1311
4917,497007.6325,766.24,4,80.41,59.51,66.22,20.85,90.71,1.42,429167.0756
4918,191718.172,651.05,1,421.03,62.73,38.07,33.26,91.7,1.61,275370.2689
4919,258512.2302,652.12,3,558.57,13.08,21.08,16.96,92.63,1.17,212152.7609
4920,105041.6445,920.23,1,628.62,56.68,13.11,27.16,92.05,1.52,33920.57588
4921,255614.8992,566.62,1,779.42,20.56,39.46,10.08,97.29,1.84,181861.5423
4922,151913.9993,1488.04,3,707.73,22.05,111.86,15.9,97.59,1.71,119951.8576
4923,168251.1936,550.0,2,205.89,22.5,51.13,18.35,92.24,0.22,158123.3829
4924,144160.3422,846.7,3,519.02,13.62,10.97,39.44,99.9,1.0,66485.69605
4925,295165.8876,1773.82,1,1098.59,35.99,13.8,19.23,93.02,1.31,250841.1567
4926,219875.8803,574.93,1,487.75,37.67,113.69,12.02,88.18,2.32,124097.018
4927,213676.0506,777.79,2,165.77,38.98,21.42,2.71,95.59,1.63,131576.4719
4928,273118.2426,1286.95,1,391.19,60.72,83.38,8.62,87.52,1.62,302299.7192
4929,216518.4468,1507.57,3,171.64,27.28,74.21,1.79,87.27,1.83,327978.5253
4930,138310.3571,873.35,1,422.64,51.86,54.69,28.58,99.9,1.45,38146.02878
4931,166673.7965,925.34,1,789.6,42.58,24.8,15.1,95.45,2.12,77768.09868
4932,493629.1326,1743.48,2,530.95,15.05,5.49,16.15,99.06,0.67,403011.4475
4933,262366.2693,1048.11,3,345.78,13.03,26.79,6.58,92.34,1.68,156752.2615
4934,182179.1184,1244.05,1,474.75,23.75,50.35,10.24,90.92,1.67,58549.71219
4935,137651.9782,835.59,1,364.12,13.86,30.44,32.87,95.52,1.31,38805.6409
4936,490134.4687,1195.37,1,520.99,17.63,84.16,27.86,99.9,0.68,329710.7327
4937,174243.2503,550.0,2,480.48,19.06,13.68,30.46,91.15,1.82,116169.1751
4938,93883.51932,550.0,1,605.29,10.07,31.63,19.86,93.55,2.21,-2327.634289
4939,474191.9659,1275.93,3,480.66,5.58,44.22,3.7,99.68,1.74,470642.6979
4940,312074.1011,586.41,2,538.83,50.89,9.11,27.44,91.02,1.83,252828.2522
4941,353630.6431,921.51,3,276.07,17.41,9.81,19.96,92.36,0.73,284990.1965
4942,205838.1961,1298.07,1,780.42,42.94,85.77,38.36,93.36,1.92,185665.7328
4943,177443.8225,636.83,2,195.19,1.6,21.26,25.34,94.62,1.94,267340.8848
4944,271197.4971,609.92,2,314.15,1.63,68.06,23.45,93.01,1.87,180239.127
4945,190078.5479,675.76,1,618.96,18.34,25.41,23.73,93.46,1.79,78663.1241
4946,248308.2316,1151.07,2,496.72,41.12,26.01,8.42,89.57,2.29,353543.0437
4947,287899.8958,1582.74,1,357.83,2.33,53.84,18.27,94.0,2.11,223989.3503
4948,122559.9246,986.24,1,267.45,25.64,20.48,46.58,88.86,1.44,61072.74943
4949,291315.2277,721.96,4,745.87,46.48,67.08,3.96,92.85,1.11,292796.9504
4950,118991.8266,748.2,1,662.73,50.88,44.64,34.45,90.49,1.86,60679.20686
4951,463283.0445,1056.76,3,231.74,53.28,50.78,12.66,97.87,0.81,314508.3261
4952,118652.161,954.8,1,637.42,5.65,60.92,17.89,99.21,2.34,28918.83409
4953,207669.4441,965.55,3,497.96,9.24,35.47,22.46,99.43,1.0,266008.3669
4954,259129.7683,1841.53,1,880.97,6.79,51.95,0.59,86.39,1.99,305843.7359
4955,526756.9959,1145.69,2,838.22,37.55,85.09,20.07,89.15,0.68,459830.0903
4956,109108.3763,550.0,1,548.94,22.88,3.21,4.92,92.44,1.52,42201.73649
4957,331872.4272,776.1,3,621.49,19.34,2.02,19.35,87.03,1.15,471855.0206
4958,622140.9135,1343.68,3,875.41,41.84,6.12,36.2,85.17,0.93,443025.5258
4959,212264.3216,692.45,2,733.19,6.93,13.57,6.11,99.9,1.37,123398.3183
4960,105428.4652,550.0,1,149.27,37.61,62.67,48.44,90.93,1.92,12445.22934
4961,552399.0431,969.98,3,172.29,20.63,57.68,0.36,94.85,1.53,586475.9292
4962,169620.8021,963.94,2,468.17,24.81,49.8,11.99,90.25,1.6,54952.17335
4963,374546.7069,1433.79,3,760.96,31.27,9.39,51.55,82.45,1.44,473123.4682
4964,296815.2986,571.99,3,1014.71,41.72,6.24,6.36,92.97,1.75,217908.7738
4965,571770.6133,1559.54,4,556.99,41.23,76.91,16.29,93.74,1.92,638732.4929
4966,101198.7549,723.38,2,960.5,46.25,95.04,29.49,82.34,1.32,23729.84131
4967,202946.7719,550.0,2,174.71,35.96,107.04,52.99,91.99,2.3,232106.7543
4968,229002.2247,876.31,3,600.38,30.62,0.85,19.86,88.77,1.44,246716.1749
4969,724198.9065,1526.27,4,670.2,43.73,37.84,21.98,95.42,1.94,587826.2903
4970,300847.7556,827.92,1,10.11,27.52,102.34,31.17,98.46,0.78,227409.7713
4971,302869.711,1720.35,2,572.07,5.05,61.43,28.29,96.75,1.74,415678.0832
4972,380646.3154,1175.56,4,701.66,25.38,38.57,4.99,86.0,1.15,278000.6432
4973,499059.3625,1228.57,3,347.97,38.93,94.68,15.2,95.23,1.95,423225.6039
4974,184261.1924,755.85,2,470.39,50.19,4.15,38.3,94.38,2.98,94538.71523
4975,154546.2588,792.58,2,669.85,42.24,9.86,17.6,88.17,2.23,93253.43898
4976,191607.2181,550.0,1,678.54,11.66,74.67,21.57,95.06,0.87,112741.7401
4977,244632.8005,1091.18,1,607.0,43.88,105.06,28.52,98.7,2.8,131331.2313
4978,362007.6996,691.76,2,772.17,0.9,52.8,34.03,83.77,0.97,372903.1066
4979,336213.541,938.82,1,484.13,25.48,73.06,7.16,87.58,1.65,205630.1056
4980,146672.15,550.0,2,685.3,56.18,42.2,5.59,91.39,1.42,130354.3742
4981,624004.5467,1333.3,3,564.93,40.56,23.59,8.38,90.76,1.17,474642.7176
4982,391358.4336,1453.4,3,184.76,15.44,9.37,30.21,96.46,0.96,410829.9114
4983,361328.3334,1569.85,3,559.7,34.59,39.4,12.65,94.43,0.89,329603.6887
4984,207331.9679,823.7,2,736.53,31.76,47.53,21.48,84.84,1.53,155144.7956
4985,312456.8833,709.99,2,990.54,34.29,8.96,21.73,98.13,1.71,192774.3811
4986,114219.9196,1168.01,2,335.34,80.41,37.92,28.58,93.0,1.06,25880.18416
4987,584060.7653,1375.64,3,700.64,64.46,72.34,28.17,95.76,2.18,394412.6593
4988,197164.2005,550.0,1,650.29,66.22,8.38,15.05,95.84,1.63,183550.6214
4989,345593.8591,1319.52,1,259.5,38.04,112.52,4.43,88.62,1.78,326967.6978
4990,570090.1058,1676.09,3,205.94,36.22,43.21,5.19,92.69,0.44,560261.3538
4991,240135.3011,1069.19,2,397.15,1.27,26.75,20.25,94.8,2.28,239953.26
4992,303919.7476,1247.77,2,132.9,27.37,11.2,27.03,89.12,1.44,259447.0744
4993,284596.5952,1219.82,4,534.57,21.92,77.86,32.93,89.46,0.76,437429.6405
4994,353135.7331,1296.17,2,737.3,28.4,26.85,26.64,99.9,1.17,250872.9362
4995,210429.3823,1113.68,2,911.15,7.55,74.51,16.44,87.11,1.01,313352.88
4996,360765.3965,1484.71,3,717.94,31.7,15.61,25.33,92.7,1.24,522584.6232
4997,150183.814,550.0,4,448.54,46.8,97.74,18.25,95.62,1.15,68378.91895
4998,104559.5556,550.0,1,631.84,71.08,119.62,44.1,96.17,1.52,31516.23512
4999,183050.1678,676.56,3,552.24,30.05,12.6,18.77,91.51,2.24,88357.67291
5000,285942.035,1064.7,3,853.17,35.88,12.7,21.35,94.9,1.18,179523.6945
5001,302120.3404,1087.43,3,356.66,40.43,24.22,23.74,96.28,0.81,394798.8992
5002,324337.8834,1486.63,3,1054.01,21.19,29.77,4.57,91.73,1.58,437086.2111
5003,245663.2987,1082.21,2,655.73,76.49,23.42,10.55,87.15,1.12,298000.4845
5004,335982.5127,1177.16,1,893.63,29.65,21.51,13.34,95.22,1.61,195825.3439
5005,200772.9864,779.75,2,65.34,59.82,28.84,7.62,95.61,2.18,266783.4487
5007,133886.6698,740.88,1,463.34,17.79,13.34,33.31,85.77,1.82,48921.34519
5008,155586.0947,1472.34,1,656.13,15.62,40.51,7.89,93.22,0.95,50042.59757
5009,239449.537,1293.03,1,1045.77,48.02,20.85,30.95,90.46,2.01,201158.4865
5010,373373.1474,1375.35,3,259.2,57.93,87.94,15.39,96.27,0.71,415325.4562
5011,492336.0882,2237.66,1,723.54,18.76,46.68,0.87,84.33,1.37,435721.3769
5012,372977.0263,1946.47,3,451.62,31.92,16.2,19.2,92.41,1.74,346804.7104
5013,166197.9713,903.25,2,5.69,22.78,63.11,5.03,91.1,2.19,138548.4722
5014,373096.9624,1164.5,1,528.95,23.02,73.74,12.42,93.3,1.42,294526.8482
5015,192709.4402,550.0,1,133.63,61.86,19.72,0.5,88.42,0.64,188162.3271
5016,287378.1335,912.66,3,888.72,13.39,50.58,18.85,97.31,1.48,409823.2009
5017,268660.3877,550.0,1,191.07,44.56,88.9,5.28,91.59,1.63,132052.3753
5018,313336.8343,550.0,3,867.97,9.4,49.19,23.82,90.08,1.35,180909.9121
5021,211818.7781,550.0,3,675.95,33.55,81.02,44.36,95.3,1.89,98526.0432
5022,444323.1819,2196.04,3,534.15,31.09,11.8,20.76,95.04,1.96,547576.8929
5023,357602.1174,1404.58,2,508.44,6.07,15.2,9.68,91.28,1.47,527475.3012
5024,610644.4847,1404.65,4,826.77,49.69,28.46,8.03,94.75,2.5,439360.2176
5025,172170.5016,1152.07,1,335.95,6.0,14.4,20.6,80.85,1.61,92454.17153
5027,293707.9213,1063.86,1,92.99,20.16,68.96,23.92,91.27,1.27,365184.2274
5028,98718.31518,550.0,2,779.69,13.96,92.09,28.87,91.77,1.16,25922.37115
5029,284255.1623,1046.87,1,296.7,16.2,40.57,25.08,83.23,1.29,162463.8362
5030,162547.0472,550.0,1,55.33,11.54,48.84,40.58,96.66,1.09,125782.6905
5031,470218.5031,1244.67,2,932.4,52.85,38.72,26.23,99.9,1.47,352096.5223
5032,552185.9948,2018.97,3,565.31,49.35,25.93,20.71,90.83,1.04,604028.8823
5033,453356.7745,1167.36,1,342.4,16.17,89.03,3.54,90.8,1.02,321426.4606
5034,387483.377,1709.55,1,564.85,6.4,29.54,1.63,94.55,1.88,313478.2832
5035,191113.1065,670.27,2,774.41,46.63,41.05,15.59,93.72,0.77,143333.6534
5036,209866.2322,1030.2,1,820.95,40.06,39.24,18.71,92.13,1.62,136861.488
5037,388050.4923,1578.91,3,733.34,32.98,8.52,0.65,92.02,1.11,599235.9087
5038,201157.2822,1145.91,3,561.14,23.37,89.58,34.89,94.33,2.77,213036.8585
5039,243254.6491,968.63,1,955.04,16.35,43.74,12.92,98.05,0.53,131509.4889
5040,294669.8888,855.78,4,259.1,27.56,37.31,0.36,95.34,2.03,365041.9367
5041,191694.2262,941.5,1,530.29,45.58,26.1,14.93,97.66,1.59,140000.9375
5042,323646.6032,939.78,1,568.73,45.63,57.15,13.31,87.06,1.49,551327.0134
5043,269943.1539,550.0,2,838.18,24.59,37.01,35.16,93.77,1.81,190966.9727
5044,304463.4501,1772.98,2,839.43,38.5,57.86,7.52,94.55,1.54,425956.8283
5045,187448.5882,875.26,2,557.67,16.5,65.41,4.36,96.5,1.26,90195.87773
5046,278518.2929,1358.53,1,832.65,27.9,44.67,18.47,85.46,1.27,272803.5748
5047,152437.4363,979.69,1,674.18,6.07,31.97,17.08,86.31,1.18,63896.3882
5048,283536.741,550.0,3,912.6,19.93,38.3,11.17,88.45,2.14,136369.1064
5050,371056.8776,550.0,4,243.47,65.17,68.12,18.77,97.9,2.58,246715.1389
5051,453849.3753,976.05,1,481.87,37.47,11.15,17.37,89.02,1.22,261240.7319
5052,755262.7602,1766.78,4,495.96,53.11,14.44,30.07,97.63,0.94,535465.4244
5053,266839.6782,1179.48,3,452.14,14.4,39.99,10.63,96.69,2.13,301617.6541
5054,468762.634,1633.13,2,570.66,22.3,21.2,8.72,92.19,2.13,768701.8025
5055,163683.9944,625.65,2,685.97,40.4,27.11,25.94,96.55,1.41,109606.2878
5056,110357.4044,917.22,1,824.55,43.24,9.91,20.32,95.64,1.31,18876.29101
5057,392054.2836,815.17,1,365.5,9.41,31.6,0.17,99.69,0.46,308813.5221
5058,291908.329,712.37,2,26.09,32.68,79.36,2.3,99.9,1.29,241120.9549
5059,316276.3761,1016.68,3,1288.22,29.23,58.44,11.7,88.88,0.62,548888.5891
5060,439655.1702,1361.81,3,583.9,47.28,136.94,17.22,98.1,1.67,430979.5042
5061,372032.2221,860.83,1,804.15,10.8,57.63,19.92,89.72,1.6,367538.0679
5062,403775.1233,1010.97,2,591.17,46.24,4.23,19.53,99.9,1.37,302349.1026
5063,322452.2104,1723.34,1,859.91,4.17,8.56,4.39,97.9,1.48,340157.599
5064,749067.4694,1254.35,3,414.2,11.58,50.09,4.72,93.49,1.43,777376.3638
5065,241973.132,840.88,1,221.11,56.24,44.96,5.59,91.74,0.95,188057.7404
5066,459692.6221,1466.08,3,314.2,13.91,53.19,16.75,97.0,1.73,489728.4116
5067,412601.1709,1549.26,1,209.02,45.18,10.61,9.52,94.28,0.48,500448.5343
5068,208988.7246,550.0,2,602.56,66.29,14.28,32.1,89.1,1.44,290407.5544
5069,510710.9186,792.14,2,659.69,0.03,2.49,5.31,99.9,1.94,458969.3247
5070,99926.50041,650.59,3,889.26,44.25,5.2,0.86,93.89,0.65,4531.988606
5071,235371.6686,834.61,2,320.57,24.61,85.34,30.41,86.85,1.52,251914.1432
5072,276257.7839,1179.53,3,242.2,30.89,105.03,18.42,94.89,1.84,373278.0855
5073,332145.3784,1343.93,1,235.42,41.03,84.48,32.86,96.14,2.28,304777.2819
5074,135238.8633,967.5,2,619.84,56.21,32.92,30.64,89.77,1.74,63461.64517
5075,374614.6022,1025.0,1,126.63,37.7,77.85,21.36,91.88,0.37,286356.4664
5076,585482.7727,1431.56,4,277.35,54.02,13.18,9.5,92.16,1.02,631899.7745
5077,170246.3256,1408.21,1,449.96,46.21,19.26,14.24,92.75,1.44,156147.709
5078,246476.0065,1526.32,3,260.44,33.18,65.07,23.78,98.86,1.42,368190.2562
5080,682259.8491,715.39,3,808.25,28.35,26.83,32.18,93.37,1.69,439446.2255
5081,192110.0073,1251.83,2,279.62,36.03,2.59,27.09,99.9,1.76,191738.722
5082,121579.7368,612.23,2,276.9,1.66,98.88,35.46,94.46,2.11,26818.9734
5083,560155.638,1463.04,4,33.64,34.74,31.27,11.23,97.07,2.08,442502.9067
5084,471721.7656,670.91,4,582.2,52.86,48.79,11.78,93.76,1.84,355444.8691
5085,231746.2944,1132.62,1,1216.87,41.11,104.55,34.0,96.14,1.63,212081.6219
5086,558724.6168,1973.89,4,371.56,24.1,45.64,5.05,92.08,1.63,665367.1995
5087,122909.3313,550.0,1,272.42,8.17,24.19,22.25,99.9,1.06,30841.13558
5088,294474.7962,1516.18,3,419.58,56.96,18.35,8.34,94.51,1.78,421177.2395
5089,475364.3529,1936.87,1,416.36,24.69,78.88,7.01,96.58,1.97,379781.3317
5090,730786.3043,1743.94,4,383.02,40.36,96.3,11.18,93.29,2.05,514434.3133
5091,170795.5101,550.0,3,822.35,72.38,60.51,8.73,94.15,0.7,132492.8053
5092,292423.6433,670.93,2,1133.11,24.92,0.98,18.1,96.2,0.97,265860.6855
5093,435340.0265,1209.54,4,773.02,12.29,28.92,16.46,86.93,1.48,520983.7149
5094,298217.2081,1007.0,2,863.41,61.45,104.48,7.76,90.18,1.75,157969.814
5095,191719.6633,550.0,1,655.46,52.51,18.21,42.24,96.62,1.87,209999.7907
5096,333119.4581,1312.07,2,1016.73,43.54,5.67,38.46,98.34,0.92,393144.9107
5097,107153.8993,550.0,4,714.65,32.36,14.14,17.34,95.25,1.88,36617.13028
5098,248492.4663,908.64,2,756.56,46.34,23.39,43.38,91.77,1.74,483206.7095
5099,155707.1319,550.0,2,421.49,25.07,67.29,20.29,92.0,1.14,61972.57472
5100,282254.4151,963.92,1,101.38,58.49,35.3,21.7,83.14,2.15,225477.607
5101,192587.2338,632.83,2,470.06,8.66,37.01,34.82,89.3,1.36,150813.4274
5103,382323.3238,1110.0,2,920.57,10.05,35.18,5.96,93.25,1.93,370772.029
5104,488847.3307,1049.45,2,1036.44,59.32,63.59,5.22,98.08,1.79,361044.3559
5105,225900.6467,1653.37,1,887.74,15.4,79.82,17.81,99.9,1.81,218539.0447
5106,164491.9501,576.65,3,296.65,26.53,60.78,29.33,87.81,2.01,247070.4983
5107,276095.139,1176.45,2,637.57,30.14,64.66,27.46,95.18,1.62,439170.5462
5108,174828.6599,681.75,1,671.24,41.98,2.59,22.86,95.41,0.84,165874.6309
5109,146353.5765,560.16,1,414.34,13.85,20.8,24.21,94.9,1.61,73665.96697
5110,340131.4768,1017.71,2,552.38,2.9,10.25,18.54,91.25,1.47,464103.161
5111,413645.5803,1693.45,2,114.03,46.83,56.88,1.49,93.25,2.21,566893.6196
5112,306825.0784,858.39,2,395.03,40.71,98.43,41.67,90.84,2.14,173419.7115
5113,423815.248,1573.68,3,603.98,37.57,25.43,1.03,92.26,1.85,334717.6026
5114,522258.1523,1135.51,3,1130.04,34.76,28.21,3.36,97.28,1.5,584055.749
5115,409646.4482,1335.51,3,600.96,62.9,6.44,8.84,90.8,2.01,461869.2398
5116,316529.5757,1249.65,1,296.48,41.82,56.74,1.96,99.9,1.52,265407.4849
5117,410038.7161,1056.57,2,567.28,47.38,13.04,21.25,95.19,0.92,229345.7716
5118,435240.8127,939.55,3,193.94,1.7,2.83,30.97,93.92,0.99,305368.7729
5119,155684.9643,550.0,3,760.75,42.44,26.35,32.58,95.71,1.93,130597.5884
5120,288153.2503,550.0,5,318.62,68.03,65.19,27.93,87.57,2.06,652095.3436
5121,153736.6301,550.0,2,635.25,42.7,13.14,7.63,96.49,1.57,113845.2027
5122,136659.4539,550.0,1,15.38,70.51,110.45,28.26,85.81,1.39,88151.93254
5123,181623.4481,1104.41,2,848.77,25.92,86.15,15.15,91.28,1.64,180548.0584
5124,268468.2677,939.7,2,719.79,52.0,74.79,9.32,93.68,0.68,263942.0631
5125,197193.796,1230.48,1,16.45,14.51,19.58,20.06,95.0,1.4,284874.4342
5126,129581.9276,550.0,1,383.09,21.53,60.41,10.2,96.3,2.18,41672.59779
5127,449645.9079,1692.07,1,1222.86,14.24,58.4,10.8,91.85,0.98,475778.9189
5129,129329.3717,860.32,1,363.89,4.0,65.03,23.03,96.33,2.17,136085.7618
5130,131753.1986,639.73,3,678.62,24.76,0.88,3.75,90.82,1.78,38122.75421
5131,205562.6791,747.49,1,1166.44,26.54,21.61,13.38,95.46,1.78,176512.8657
5132,190134.3678,816.9,1,397.89,19.75,65.77,27.21,91.61,1.21,185693.7983
5133,268895.1762,1793.47,1,373.72,28.07,54.74,11.32,93.52,1.19,284328.7391
5134,155829.2866,621.08,3,418.29,42.04,61.33,32.44,96.56,2.23,98052.37476
5135,366513.0724,1205.34,2,457.54,20.78,62.31,38.36,99.32,0.76,366751.3466
5136,544527.3548,1074.21,3,693.25,20.03,4.8,17.57,87.17,1.15,538997.9461
5137,702986.559,1561.0,4,643.29,16.36,83.69,13.48,96.67,1.71,536409.8922
5138,256992.6982,1134.26,1,622.58,28.28,84.48,31.81,90.87,1.12,167533.7665
5139,122464.2327,550.0,1,698.45,39.15,11.49,19.14,93.33,1.13,50795.8391
5140,255230.9738,724.62,3,864.6,57.98,34.53,14.92,94.17,1.26,330812.6765
5141,137475.7105,550.0,2,878.77,40.44,62.72,42.09,89.56,1.35,26126.39657
5142,499542.613,1703.66,2,453.99,33.86,41.23,12.36,99.34,1.66,415989.185
5143,575483.7131,1608.87,4,686.46,23.12,119.66,5.85,96.3,1.52,661753.1824
5144,191094.1163,1032.15,2,485.19,5.58,10.89,41.37,93.58,2.23,166617.2444
5145,251114.3834,1487.28,1,160.18,15.28,64.99,9.46,95.94,1.49,221990.5057
5146,202442.6815,550.0,1,139.13,35.28,10.17,21.09,93.81,1.11,162557.6727
5148,265806.8971,1264.32,2,643.59,37.79,66.05,14.82,90.25,1.5,247803.9038
5149,315021.7668,1083.33,2,448.53,9.09,43.66,0.97,91.06,1.56,347219.2413
5150,212650.92,1058.49,3,472.04,46.06,10.57,8.11,97.45,2.26,277164.0323
5151,100313.3241,653.9,2,154.81,40.31,76.2,30.63,95.77,1.37,22080.91142
5152,334343.3332,1118.55,2,416.48,20.32,69.87,24.46,98.71,0.41,482579.8184
5153,146268.2679,550.0,3,447.96,29.21,48.11,15.24,98.08,1.34,89371.89663
5154,257070.3771,1050.59,1,523.89,53.12,6.58,29.15,99.26,2.01,145556.6898
5155,333602.0722,1389.37,2,648.75,84.35,83.67,14.19,91.07,1.12,565442.1859
5156,375354.3711,669.93,5,426.17,31.86,65.06,0.55,87.94,1.05,464670.4555
5157,155828.5298,550.0,2,315.66,25.45,63.97,4.44,98.42,1.3,88341.76049
5158,211073.3862,1133.6,2,396.68,46.01,63.23,25.22,93.79,1.05,262243.3169
5159,327189.4572,1225.45,2,163.7,38.08,41.6,8.96,89.77,1.05,372431.6975
5160,132976.4748,962.64,1,204.86,52.53,25.58,23.94,99.9,2.08,69976.88817
5161,531264.9596,1393.7,2,289.19,51.18,58.77,0.4,97.49,1.37,466229.1726
5162,113274.4777,944.74,2,322.81,18.89,108.85,9.33,96.12,2.09,37852.98083
5164,379773.238,844.67,1,579.57,45.6,11.31,1.86,94.61,1.81,267348.6858
5165,473601.4141,1608.94,1,378.38,9.82,18.1,15.37,89.19,1.16,450645.1165
5166,587055.1488,1930.03,2,800.71,19.86,29.03,7.48,95.55,1.81,528048.0859
5167,203642.5544,1129.85,1,558.24,4.93,33.4,45.49,99.07,1.79,235210.9835
5168,138517.8481,550.0,2,867.99,45.08,79.37,14.72,92.22,1.19,78858.28945
5169,281632.4605,1124.58,2,97.71,41.92,14.04,17.58,90.11,1.28,206972.2046
5170,210741.0948,550.0,3,1158.94,43.36,59.34,20.2,94.72,2.24,237304.4087
5171,327285.1714,858.13,3,574.61,13.72,107.99,24.01,99.9,1.79,288829.7104
5172,626404.882,1701.92,4,700.3,27.23,32.86,9.13,98.33,1.59,588236.0141
5173,413696.176,1258.89,2,756.43,37.47,10.92,2.42,99.9,0.66,416701.4305
5174,347138.2077,1410.59,3,972.62,51.57,81.17,24.54,99.9,1.88,444983.0373
5175,539177.061,1666.43,3,702.82,36.29,6.75,3.74,82.82,1.4,748591.0803
5176,434448.4595,550.0,2,85.72,44.22,96.17,6.89,91.91,2.1,310705.0014
5177,345705.3279,1004.33,2,383.41,29.1,73.32,21.65,99.9,0.58,599792.4095
5178,129436.3972,854.32,1,87.62,18.81,122.77,27.28,92.06,1.79,18275.2928
5179,243947.2442,1051.64,3,572.91,23.99,43.72,3.84,99.27,0.61,278699.4585
5180,127824.311,910.35,1,384.49,48.77,61.38,18.79,91.85,2.4,57057.96712
5181,172462.7609,550.0,2,184.33,32.83,35.27,38.8,97.31,1.85,81420.46284
5182,258264.0576,1324.79,3,445.99,56.28,36.69,39.55,89.09,1.32,435934.1944
5183,215313.2562,1394.28,1,170.79,59.91,50.15,11.89,84.71,1.02,169855.6761
5184,165425.0982,793.35,1,765.13,34.88,59.11,18.17,96.45,1.64,84455.88328
5185,482017.4676,947.18,4,543.65,20.65,51.93,31.7,95.52,1.4,557978.6264
5186,334478.0946,1505.89,5,1089.14,7.73,48.31,0.56,96.24,1.21,274610.9822
5187,664778.3726,1333.31,3,378.03,54.59,40.84,5.6,87.99,2.52,525656.2378
5189,280135.5817,1085.52,1,83.35,61.43,53.18,27.8,90.82,2.3,219137.0148
5190,218772.4229,1362.68,2,820.32,17.28,0.45,18.37,99.9,1.75,265864.4318
5191,211649.1352,1152.58,1,103.59,8.14,47.04,26.22,98.84,1.35,199027.0119
5192,179443.4472,1418.88,2,257.58,39.49,74.98,11.32,92.73,1.5,286587.4405
5193,218450.2049,1855.66,2,627.71,57.65,61.98,21.63,98.65,1.17,232763.4339
5194,242699.634,736.63,3,809.09,55.02,60.08,22.31,96.1,2.23,160045.6193
5195,458718.1038,1386.95,1,387.79,40.65,61.66,24.59,95.41,2.19,306158.2534
5196,167303.231,752.77,1,150.37,51.78,66.07,48.29,93.49,1.83,106469.8279
5197,369157.1951,1423.6,3,269.11,35.1,52.0,15.42,96.44,0.94,444886.4922
5198,354020.6613,1313.22,4,975.73,18.87,57.42,27.31,87.46,1.66,369187.1583
5199,202571.4329,1286.47,2,341.25,42.57,43.89,9.41,95.35,1.03,204739.2843
5200,588288.5704,1097.15,4,295.28,29.97,13.81,25.77,99.9,1.1,526382.1402
5201,552899.6883,1554.53,2,1146.39,36.25,60.29,15.05,99.54,2.01,501867.6963
5202,399496.7421,835.62,3,949.84,41.66,17.84,18.85,88.3,0.56,390226.8284
5203,109258.2332,874.34,1,631.09,60.21,1.85,11.86,87.07,1.47,22214.85962
5204,297613.6479,827.88,1,291.24,26.68,64.88,28.56,89.76,1.51,225057.6015
5205,179323.0848,855.93,3,946.67,34.96,42.11,41.26,97.47,2.09,148396.1528
5206,359337.9394,1540.63,2,139.27,7.57,47.18,11.74,94.81,1.87,371638.3454
5207,453152.4975,1445.76,1,82.09,3.88,2.05,21.73,94.81,0.95,320223.8226
5208,252608.5174,891.53,2,452.0,41.16,44.1,12.99,89.85,1.2,303988.0887
5209,250129.0723,733.8,4,274.49,37.07,45.93,15.06,92.54,1.97,376227.7171
5210,130205.0595,550.0,1,338.81,42.26,98.64,24.7,99.45,1.39,28890.23481
5211,297276.8036,911.67,3,76.77,43.04,77.64,18.97,94.23,2.11,470893.7723
5212,298803.5502,1339.88,1,443.41,36.41,77.29,16.39,93.7,1.14,733153.1086
5213,441280.179,1175.28,1,557.65,16.35,39.81,39.11,96.11,1.13,405737.939
5214,116731.4427,844.14,2,905.87,40.72,12.62,19.86,93.85,2.1,17194.31489
5215,558155.1768,1464.01,1,577.43,34.11,63.39,26.68,91.57,1.7,542575.1683
5216,339707.7197,2024.4,3,689.65,24.58,8.31,19.91,88.65,1.56,361910.7956
5217,287671.3808,1169.91,1,608.68,9.1,54.9,1.3,89.71,1.93,382698.4231
5218,125908.1015,550.0,3,766.08,28.19,103.67,34.18,89.49,1.51,45230.61004
5219,254274.2608,1415.04,2,644.83,59.21,92.49,19.87,95.99,1.82,423412.3229
5220,248789.3322,550.0,3,112.47,41.8,65.5,15.97,93.52,1.15,164650.3713
5221,340846.2192,803.24,3,396.68,61.57,28.35,40.36,95.33,1.95,251158.9595
5222,531427.475,2022.66,2,187.89,41.81,25.16,10.47,92.21,1.7,671183.5428
5223,556251.2911,1538.12,2,905.75,54.86,9.84,10.64,96.98,0.62,361594.3519
5224,301303.5642,787.47,4,616.03,4.72,18.29,18.33,93.0,0.77,354440.8726
5225,105192.0811,1084.8,1,991.96,35.06,9.49,22.72,88.64,2.41,16230.19038
5226,230578.9288,1243.58,2,389.21,30.16,49.28,4.27,87.04,0.84,281592.5064
5227,474816.6255,1743.58,3,249.13,27.6,18.96,12.34,97.9,1.35,392724.151
5228,104021.6679,1063.29,1,571.23,30.13,61.52,11.37,97.04,1.24,29821.25359
5229,351567.7913,853.43,1,198.15,48.98,16.84,5.8,89.53,0.06,575521.5587
5230,237627.2881,1774.66,2,552.28,26.7,61.73,7.93,98.65,1.86,317694.2891
5231,339200.9901,1388.79,4,710.95,63.34,36.91,25.14,97.28,1.32,366455.8412
5232,267071.2183,1151.39,4,1200.29,32.37,98.41,26.0,92.31,1.75,342796.9737
5233,226823.6222,1493.21,1,555.63,47.07,53.07,12.94,87.48,1.98,252993.629
5234,364822.5975,1595.83,2,651.27,18.39,39.87,13.4,90.64,0.99,488710.0902
5235,278944.2198,920.05,3,981.58,0.13,61.09,8.48,89.78,1.63,247944.7338
5236,361331.6827,1809.95,2,863.25,18.64,52.65,15.26,91.05,2.8,349915.3882
5237,339540.6449,1257.89,1,596.72,26.28,39.53,7.93,97.64,2.21,273275.4552
5238,500877.557,1022.41,5,504.11,46.27,39.65,2.84,93.11,2.0,486542.0495
5239,414809.4504,1147.25,3,276.55,66.28,20.52,13.5,91.07,1.83,285921.8121
5240,294966.6083,1202.35,2,311.3,39.48,58.34,4.12,88.17,1.62,469417.8459
5241,394354.3472,912.43,2,675.78,5.82,87.95,20.4,96.93,0.8,490964.0904
5242,140569.2476,550.0,3,13.71,23.83,21.24,28.39,91.08,1.6,77031.59866
5243,119596.1584,550.0,1,517.45,40.17,62.33,22.09,93.49,1.52,41491.92588
5244,209281.8858,795.02,3,505.39,39.19,8.31,14.3,96.51,1.86,115584.9538
5245,252802.4056,1214.95,3,343.64,12.32,39.58,10.74,99.9,2.08,398482.9534
5246,237711.8506,749.78,1,502.64,20.61,71.09,38.74,83.99,1.38,133838.7142
5247,431632.9844,1771.64,1,355.7,44.15,3.15,4.71,99.18,1.9,267253.9678
5248,122075.175,883.97,1,27.73,7.66,56.24,25.46,88.03,2.23,34419.58473
5249,106645.3587,934.57,3,346.34,79.29,45.2,2.14,84.45,2.36,24101.41437
5250,312146.1179,933.34,2,590.33,20.44,9.81,1.25,89.69,1.15,247731.2391
5251,283758.8869,954.7,1,452.58,46.55,90.49,18.64,89.44,1.65,223272.8222
5252,100868.9766,550.0,2,1101.84,8.17,20.42,9.71,97.61,1.07,4456.296767
5253,258308.4169,860.54,2,525.04,23.29,123.1,21.53,96.77,1.6,191561.7763
5254,166518.0819,852.32,2,351.18,21.4,73.64,34.43,98.81,2.52,144276.8472
5255,406831.7743,1581.07,2,278.44,18.84,12.89,12.37,89.06,0.01,502068.2341
5256,332036.4027,853.04,1,203.06,31.06,110.9,15.72,93.72,2.59,182447.773
5257,399274.9224,1144.51,3,244.81,40.05,51.88,10.34,89.78,1.99,556159.7446
5258,467899.4965,1218.66,2,471.09,11.66,33.56,5.66,89.23,1.45,383872.0621
5259,103080.8523,550.0,2,124.11,33.95,38.97,4.52,90.88,1.92,10144.84191
5261,260376.9672,1309.32,1,99.36,16.29,33.73,27.36,98.46,1.91,141262.4938
5262,264995.9968,1768.98,1,599.24,38.64,50.39,20.5,90.62,0.78,442338.5568
5263,205391.0143,828.57,1,56.21,12.18,16.03,4.13,94.45,1.25,290762.1719
5264,249996.7756,728.24,3,616.13,41.13,12.34,16.42,86.29,1.06,176247.1038
5265,308251.633,789.27,3,779.57,58.5,27.45,7.97,95.13,1.3,348235.3266
5266,165834.1971,875.41,1,387.68,45.34,64.21,40.46,87.91,1.66,272577.3158
5267,425611.6652,1464.33,3,772.16,46.01,94.81,9.89,92.43,0.57,449034.8947
5268,503922.7306,1025.74,3,15.99,16.47,18.84,17.25,91.46,1.76,296319.1168
5269,104435.5011,590.41,2,340.12,9.41,45.72,14.72,98.86,2.26,27338.52335
5270,394371.9124,1668.25,3,758.91,29.89,39.69,8.05,99.9,1.62,703573.3739
5271,329826.5374,714.02,1,561.66,21.2,29.9,17.14,99.9,2.78,224221.4686
5272,182718.5298,1946.34,1,521.38,22.93,4.85,11.11,92.92,1.06,133799.7569
5273,140842.3883,550.0,1,1341.99,1.51,49.34,18.49,99.9,1.17,50286.73309
5274,283570.2735,1006.86,2,62.78,46.62,58.7,5.46,99.9,0.93,161962.4873
5275,580161.3982,2166.0,2,861.6,53.96,3.33,26.72,96.53,1.58,447574.212
5276,638951.9941,1003.91,5,489.13,22.46,15.56,13.42,97.53,1.24,693084.4985
5277,390214.7275,550.0,2,385.88,1.78,49.61,4.01,92.75,1.8,235007.3397
5278,335858.8406,1330.52,2,902.12,29.26,15.98,12.12,99.9,1.07,215385.4444
5279,487625.5253,1105.46,3,92.44,6.7,132.62,18.65,99.9,1.34,575468.9989
5280,160019.0332,721.17,1,209.36,73.48,11.6,11.94,96.98,1.32,106659.6535
5281,122433.8106,550.0,2,967.79,45.96,87.55,51.05,90.6,1.92,74562.97339
5282,317826.7291,563.77,2,369.64,33.53,20.25,29.93,91.5,1.45,329847.4288
5283,205930.3129,550.0,1,447.6,36.97,101.9,9.7,97.67,1.74,88037.35925
5284,237511.6102,1408.2,2,423.3,29.15,82.0,26.7,87.06,1.78,289204.4057
5285,485724.5886,1537.28,3,258.36,44.21,71.96,12.53,87.74,1.22,470308.8287
5287,160474.9654,550.0,3,527.12,22.66,14.44,47.86,96.2,1.25,159308.6831
5289,353073.7393,1289.99,2,1167.82,65.22,19.13,11.6,92.77,1.2,335422.4777
5290,161024.8989,811.12,1,545.38,6.38,2.97,25.99,95.74,1.38,50253.65036
5291,213153.8592,1161.44,1,467.44,23.12,58.85,18.02,97.49,1.49,132669.9311
5292,201435.0774,591.93,3,38.03,14.57,14.15,17.09,89.16,0.97,176716.616
5293,158572.374,877.78,2,953.4,44.48,41.11,26.65,99.31,0.69,200715.5873
5294,399845.0949,935.11,2,365.78,47.13,18.18,25.12,92.63,1.04,390301.4687
5295,353173.3423,1331.78,1,90.87,25.41,89.33,22.1,92.04,1.7,466426.9364
5296,312594.3837,667.13,4,504.07,37.99,2.52,1.56,96.89,1.1,251556.3021
5297,294572.4649,550.0,1,440.12,6.82,30.35,40.53,93.92,1.54,257454.0834
5298,313865.4735,607.23,3,468.05,52.82,21.4,5.78,93.91,1.66,273394.1754
5299,314737.1867,550.0,3,392.51,8.96,27.08,21.61,88.64,0.26,389967.7091
5300,354469.5273,979.19,1,408.48,32.24,5.52,7.09,99.9,1.56,337257.5612
5301,137343.7992,695.01,1,550.96,36.13,83.62,33.67,94.64,1.71,79031.0125
5302,240955.9111,1158.48,1,324.2,44.39,5.75,17.65,91.5,1.66,140182.6988
5303,164336.9609,1044.51,1,32.83,82.63,48.29,37.33,94.67,1.56,119940.2728
5304,364078.4836,550.0,2,560.7,9.69,62.68,18.1,88.68,1.24,381546.7732
5305,278513.7448,550.0,1,313.24,37.74,46.04,28.38,91.3,1.94,206921.6618
5306,703023.0198,1253.25,3,765.5,25.12,8.98,4.83,97.44,2.18,695555.0447
5307,475596.2442,833.65,3,146.03,5.6,6.15,2.56,89.48,1.4,484023.4355
5308,319023.7068,550.0,4,177.98,52.63,52.73,15.3,88.72,2.11,310990.5983
5309,249253.7187,550.0,4,397.33,72.06,122.02,26.94,85.89,1.12,362264.0608
5310,334194.8309,1310.12,3,465.6,23.36,62.85,4.72,95.02,1.18,430530.5078
5311,388979.5251,1286.97,2,536.78,38.73,21.45,11.17,95.0,1.73,337367.7995
5312,182404.964,1658.43,2,460.71,18.86,36.67,7.41,99.47,1.56,217246.4263
5313,103278.1342,1504.11,1,175.54,20.0,35.8,36.01,96.69,0.8,19393.29249
5314,662215.8511,1335.3,3,635.28,13.8,28.55,17.74,91.82,1.03,572143.591
5315,262803.5963,906.8,2,157.3,58.86,62.14,23.32,89.33,2.02,286613.9781
5316,571349.124,553.7,4,665.91,1.15,17.47,17.55,94.91,1.6,364012.9657
5317,211992.4724,1164.7,2,444.84,35.25,41.21,39.52,99.37,1.84,130220.5122
5318,331485.0916,550.0,4,747.14,26.02,39.25,24.72,90.29,1.39,244739.5445
5319,267725.9216,1140.4,3,880.79,39.11,98.33,6.69,89.08,2.08,216470.9756
5320,105457.0652,550.0,1,173.56,36.25,36.51,4.25,80.29,1.82,15437.87789
5321,123104.0484,734.59,1,978.95,5.72,11.29,14.3,92.22,1.6,52901.91474
5322,333078.545,1525.94,5,1018.13,28.06,5.64,2.76,99.09,2.36,634075.873
5323,295342.0273,1523.17,2,1003.37,57.21,90.32,11.07,98.38,1.39,490457.0292
5324,250712.5108,608.27,1,316.64,6.57,40.38,29.22,89.88,2.23,268917.7683
5325,235613.132,550.0,1,849.95,18.98,82.6,39.29,99.9,2.12,197391.4796
5326,172557.2552,1115.34,2,321.06,32.43,21.62,7.48,88.62,1.96,140877.4536
5327,335869.6815,1737.13,1,506.46,18.63,66.21,10.4,99.0,1.38,383700.2319
5328,172264.1938,976.39,2,292.84,66.65,20.97,40.99,99.9,1.8,218690.8488
5329,492566.1352,1009.33,1,368.76,3.24,61.64,10.19,97.51,1.32,507087.9736
5330,278577.1969,1696.31,3,419.32,48.69,27.18,29.97,97.49,1.65,620815.5028
5331,408698.952,1640.35,1,16.32,46.36,44.42,21.28,82.33,1.29,261062.2035
5332,251924.3703,1645.47,2,911.68,22.7,87.0,16.97,99.9,1.06,341715.2682
5333,409837.8844,550.0,3,378.27,28.68,90.78,9.55,90.82,1.83,258425.5854
5334,114373.1507,673.84,1,349.34,22.54,20.48,4.86,90.17,0.87,22376.63009
5335,148922.7213,550.0,2,275.54,19.31,21.81,17.05,91.15,1.99,90500.49638
5336,412440.005,1617.38,1,499.12,77.41,17.79,8.47,91.88,1.95,318282.5782
5337,430258.7998,1868.71,2,974.79,34.01,109.51,18.73,96.61,1.62,424277.6789
5338,351747.2649,1505.2,3,272.18,28.07,33.34,6.42,95.75,1.88,418399.8419
5339,388144.7625,1439.93,1,1028.95,16.1,69.09,15.88,87.17,1.13,299015.3001
5340,360383.6609,550.0,4,145.93,10.7,8.47,9.24,92.42,1.17,217657.8444
5341,235906.2019,917.46,1,67.71,40.24,25.57,42.12,86.85,0.79,164048.5827
5342,185540.2315,754.61,2,170.87,8.62,6.81,7.3,90.18,0.79,169050.7278
5343,237038.4748,733.29,3,141.91,32.07,0.89,34.86,89.35,1.9,184803.1917
5344,345985.2698,1092.07,2,476.54,28.09,10.36,16.12,88.95,1.13,372149.3482
5345,138488.8491,561.45,1,268.08,45.99,89.56,24.4,95.19,1.92,84154.77739
5346,114033.9786,594.66,1,605.78,56.4,92.24,4.3,84.09,1.79,19370.21201
5347,153829.4032,731.64,1,830.59,18.57,24.27,27.73,99.9,2.28,112873.4512
5348,289920.2097,839.98,3,770.73,24.32,54.16,8.64,99.2,1.27,498755.5151
5349,313625.2758,1487.78,1,241.84,19.82,7.82,11.6,99.9,1.65,295256.5831
5350,392856.0367,760.96,3,416.3,28.32,29.15,0.7,94.33,1.26,238087.6476
5351,264591.9065,1053.27,1,692.48,53.09,50.66,26.82,90.26,1.45,263276.2461
5352,286863.768,550.0,3,338.63,14.47,16.18,4.39,98.58,0.72,241585.5575
5353,365937.7664,1286.44,2,78.37,0.97,115.1,34.61,93.14,2.19,440991.8752
5354,205876.162,1632.19,1,514.36,50.26,34.43,19.81,95.97,1.85,315079.6267
5355,134865.951,550.0,3,932.59,51.75,67.23,3.67,88.77,1.58,36676.71988
5356,190448.0922,550.0,1,493.72,27.39,50.55,26.47,96.11,1.86,144219.0861
5357,148770.5336,550.0,1,88.3,29.27,11.33,36.13,97.17,1.46,125208.9685
5358,538782.9954,780.03,4,751.38,29.6,40.33,20.37,86.3,1.2,508218.701
5359,315701.3441,1158.81,1,367.32,55.44,89.44,1.83,97.35,1.74,365551.5933
5360,451632.5014,1709.82,2,1019.27,10.72,9.94,20.07,97.52,0.38,417754.9989
5361,507185.9231,1307.56,2,539.92,53.27,3.67,0.44,99.9,0.9,488189.331
5362,311079.6871,2181.96,2,819.81,9.9,13.11,14.64,96.44,1.69,353869.0766
5363,138889.0292,956.85,1,517.38,8.61,75.24,6.85,97.72,0.81,117395.2248
5365,208835.2267,1334.33,2,575.33,36.37,54.07,10.29,94.3,0.81,85163.23608
5366,273206.7468,614.25,2,195.47,46.95,65.94,20.53,94.69,1.51,270056.474
5367,225040.9524,783.91,1,1092.25,77.48,66.68,8.39,85.08,2.35,108410.7579
5368,379439.6595,1297.12,1,186.98,46.14,55.41,1.1,96.32,1.06,300541.0971
5369,314192.9593,812.22,2,179.27,41.32,62.67,23.26,96.65,1.77,315845.7026
5370,214522.3518,550.0,1,406.55,29.14,70.34,25.46,93.58,1.43,133502.645
5371,292148.551,1103.52,2,68.24,22.98,19.94,4.28,93.05,1.57,142512.3395
5372,326302.3183,1181.66,1,72.85,31.91,42.25,17.37,93.34,1.59,254675.4163
5373,216757.3556,1404.98,2,354.11,12.46,24.09,34.76,89.95,1.82,245715.0197
5374,334089.7381,550.0,5,525.05,34.48,45.5,21.08,91.35,1.27,438404.6628
5375,147745.9663,550.0,1,263.14,61.5,117.09,26.43,91.21,1.72,92291.35513
5376,353258.6088,1053.98,4,196.0,8.77,12.67,7.64,96.92,1.62,473174.0402
5377,248336.565,550.0,2,536.78,23.87,23.97,32.78,99.06,0.69,142581.1367
5378,356183.7097,1653.71,2,293.07,23.44,62.96,39.91,87.56,1.73,209509.158
5380,484666.6491,1300.49,1,123.55,14.12,42.66,6.89,91.42,1.65,324702.8732
5381,483718.5452,905.37,2,844.07,25.67,26.71,16.05,99.9,0.21,435795.8124
5382,209445.4725,1024.93,2,371.46,58.15,43.17,20.22,91.8,2.32,228356.7184
5383,662104.8113,1348.09,2,826.76,6.09,15.98,21.92,91.93,1.55,599514.9409
5384,301654.4355,550.0,3,55.58,21.21,58.88,0.63,93.81,1.31,466584.6519
5385,359740.2841,1963.55,3,733.72,48.31,11.72,6.11,91.67,1.71,636770.1657
5386,340496.3677,1667.3,2,592.47,16.43,30.15,16.34,93.4,1.66,649539.8808
5388,311578.357,1288.28,4,461.43,22.43,57.2,1.53,97.56,1.31,589936.7568
5389,248824.7521,1929.26,1,972.95,11.12,72.24,10.01,97.07,2.17,127870.0669
5390,127136.8774,672.15,1,570.18,50.53,9.54,23.8,94.41,2.07,43939.85528
5391,335756.0143,1164.13,3,327.22,47.36,6.06,18.66,90.67,1.18,303247.5923
5392,254840.1404,1022.56,2,588.03,42.6,66.28,38.63,96.55,1.18,296868.324
5393,485288.7307,1356.81,3,472.25,1.61,46.49,11.41,96.46,1.27,532605.1107
5394,411915.1851,550.0,5,461.67,18.7,46.12,9.75,96.69,1.31,344909.7154
5395,455322.6958,550.0,3,687.77,48.87,64.67,4.74,96.07,1.01,449834.0884
5396,134853.855,550.0,2,836.67,66.24,51.63,35.17,95.3,1.74,56759.48327
5397,578788.0282,1403.29,3,399.15,16.39,11.23,2.58,99.34,2.08,467865.5929
5398,123582.7738,1917.9,1,339.31,35.89,87.0,36.98,91.2,1.02,35980.10966
5399,467226.488,1246.98,4,710.19,20.91,39.32,13.98,95.99,1.49,522610.8574
5400,168112.9189,1060.34,1,256.31,52.23,55.53,11.38,86.27,1.25,83017.64775
5401,158341.8859,1066.74,1,438.49,26.64,51.99,24.37,87.38,2.41,130584.1453
5402,235196.8733,908.8,3,917.38,34.59,41.25,17.36,95.62,1.22,387685.7869
5403,267057.6411,781.49,2,539.35,5.11,45.32,22.52,96.38,1.13,307301.0156
5404,195380.3873,550.0,1,201.96,40.06,44.27,14.3,95.1,1.85,92216.48251
5405,177035.7517,1078.68,1,318.63,46.54,46.9,14.24,91.13,1.6,123213.8792
5406,205354.9456,1037.16,2,413.45,53.0,5.64,19.04,91.74,1.5,130376.1724
5407,295280.7222,905.51,2,161.12,18.08,32.65,32.18,98.5,1.98,249746.74
5408,196806.3385,634.46,2,794.6,6.34,104.53,2.06,84.09,2.27,129665.4617
5409,120021.2617,550.0,1,641.16,41.81,93.13,45.79,98.0,1.73,110360.0506
5410,300234.4103,990.47,4,742.61,10.73,20.94,1.66,87.77,1.36,469945.3412
5411,305688.4008,1121.99,2,488.69,20.04,24.35,20.27,91.06,1.27,310248.7128
5412,508459.2489,1349.61,2,565.76,44.57,23.47,10.41,93.12,2.02,333621.4196
5413,136601.3608,647.33,2,540.53,41.62,109.19,11.28,99.9,1.27,35560.89313
5414,126288.3214,612.75,1,361.9,21.8,88.59,10.54,91.56,1.77,54109.40558
5415,228320.9626,765.54,3,65.01,39.42,44.85,32.29,88.74,1.88,253982.881
5416,159151.9278,550.0,1,398.65,40.49,90.84,0.66,92.23,1.86,81217.33204
5417,481818.1188,613.54,4,15.13,43.29,1.94,16.07,94.64,0.96,471236.8766
5418,492276.2695,1628.49,3,615.83,19.42,25.34,26.16,94.05,2.03,593150.2217
5419,268454.0863,915.44,2,251.03,17.28,23.57,18.69,94.19,1.58,217664.4186
5420,288045.5479,1099.53,1,218.94,6.51,62.5,0.22,93.26,0.82,223260.8404
5421,223898.8248,607.97,1,1038.68,5.38,15.06,1.98,95.96,1.62,263677.9399
5422,131853.8666,550.0,1,304.95,22.78,51.86,13.7,97.18,2.17,53931.26127
5423,317898.9263,918.94,3,234.47,25.49,33.14,28.87,94.23,2.14,191385.3212
5424,577973.6383,1684.91,2,678.12,18.72,44.6,9.12,99.9,1.09,504920.214
5425,143398.796,550.0,3,912.03,39.76,96.86,20.21,97.94,1.33,102459.7875
5426,506110.3169,1507.02,2,639.12,25.15,72.03,31.14,93.72,1.65,555174.9092
5427,248945.8748,835.7,2,165.64,9.56,57.16,31.11,92.54,1.97,215361.784
5428,731287.7622,2275.85,3,421.72,64.88,12.03,23.25,93.82,1.57,635160.9836
5429,300770.4502,1599.41,2,1047.22,7.56,86.6,15.78,87.05,0.73,237751.4908
5430,101200.0991,858.03,1,633.21,25.54,82.14,45.22,97.67,1.36,15339.11896
5431,239373.3608,1083.87,3,156.66,25.99,27.67,17.99,95.43,0.91,321002.4028
5432,277825.5958,772.24,2,821.65,17.17,39.16,27.38,93.11,0.86,205850.3205
5433,193808.0636,782.26,2,743.27,47.18,82.07,9.38,86.64,0.98,103518.9781
5434,335335.0951,1380.39,5,221.35,58.47,36.41,14.62,82.93,1.41,388970.5919
5435,313470.0031,826.67,1,670.5,12.81,25.97,15.34,95.31,0.96,225821.0059
5436,648805.0138,1898.45,4,820.16,29.46,31.71,21.2,95.09,2.15,575478.5743
5437,542237.5536,1224.89,2,363.34,22.74,16.55,13.26,94.68,1.5,537156.3526
5438,246206.4743,550.0,3,94.14,39.33,96.84,30.45,99.9,1.18,231051.7869
5439,106525.0623,550.0,1,466.41,10.11,23.36,33.09,91.45,2.31,4919.901093
5440,477165.3027,1042.11,2,23.68,25.92,27.33,3.85,95.94,0.88,461232.1004
5441,322596.4145,1774.02,1,559.58,44.85,64.57,1.07,92.95,1.18,361855.2389
5442,543564.0333,1118.63,3,438.45,38.71,16.9,7.88,99.9,1.02,468900.6086
5443,349485.8596,1255.51,3,601.96,19.88,16.71,21.83,96.67,1.26,255989.5527
5444,298185.6107,1013.74,2,385.22,31.02,38.96,15.08,98.53,1.6,314050.2425
5445,157616.4141,603.16,1,282.5,9.15,2.55,7.0,99.06,1.05,99885.88677
5446,333490.8425,1032.92,1,1004.53,1.1,15.11,4.06,99.9,1.7,386289.4069
5447,383041.2467,729.07,4,507.42,42.75,25.85,5.29,99.9,2.17,253968.8751
5448,234225.3508,984.01,2,671.11,24.57,1.37,4.94,95.48,0.86,266930.1908
5449,289352.8122,976.6,2,483.23,12.97,21.69,19.11,98.94,1.76,272862.5168
5450,290802.8624,782.9,2,34.53,20.92,28.31,53.31,90.15,1.67,187398.6305
5451,280418.7304,1417.48,2,617.68,49.7,52.3,3.84,89.81,1.87,165098.558
5452,631525.8582,1787.52,4,446.99,39.2,75.0,11.41,90.5,1.4,567907.53
5453,523016.3934,1400.63,3,518.03,11.54,33.4,9.87,99.9,1.99,596849.1639
5454,182140.9594,696.07,3,363.82,41.4,2.3,6.44,95.98,1.72,79893.34452
5455,207916.0652,735.48,1,812.71,14.21,33.81,6.29,92.69,1.07,101494.3136
5456,243722.0049,876.67,1,117.86,12.17,4.85,11.85,95.28,0.85,268412.068
5457,237219.5632,1941.73,1,243.56,23.16,22.93,26.37,98.23,1.92,143235.7585
5458,331588.7744,733.99,2,615.95,54.73,102.57,10.72,94.58,1.03,405492.2361
5459,176426.4574,709.62,2,100.66,27.96,7.95,7.71,95.36,2.28,204579.1719
5460,198737.0467,774.15,1,294.12,51.73,7.59,5.71,89.75,0.85,239771.7815
5461,102435.3805,550.0,2,37.87,33.88,109.39,11.37,90.38,2.37,12496.9302
5462,360491.2038,550.0,2,795.43,10.86,17.56,25.11,98.12,1.22,623967.3877
5463,226768.2603,913.16,2,371.9,73.02,35.25,10.13,93.01,1.02,196130.4532
5464,136165.008,550.0,1,398.21,18.23,4.3,0.98,99.2,1.23,55545.07602
5465,339842.077,550.0,3,75.42,22.53,56.14,34.72,93.29,2.1,274350.4902
5466,668770.8501,1860.6,4,554.25,45.16,41.9,11.43,96.2,1.17,486335.9738
5467,380252.3536,1190.82,2,559.94,35.55,100.02,4.92,96.87,2.14,292564.5573
5468,533047.0772,1647.17,2,543.04,1.55,16.23,0.32,88.27,0.63,379575.9032
5469,353152.4661,1486.19,3,22.33,8.27,42.09,16.26,96.12,2.52,355017.7894
5470,166591.1252,673.11,3,812.29,67.46,41.15,34.15,97.71,1.92,124167.1582
5471,170927.4512,550.0,2,104.91,5.1,84.89,18.79,95.85,0.75,151725.1831
5472,112697.6057,550.0,3,61.99,19.9,49.1,44.28,93.29,1.83,35257.12084
5473,358663.64,1777.14,1,848.92,40.2,9.19,16.43,96.89,1.23,362634.6568
5474,341973.8568,1315.31,3,572.74,40.48,20.1,13.71,93.49,1.42,347590.6378
5475,367913.2083,1553.97,4,367.84,28.59,0.51,4.39,96.84,0.75,485155.7768
5477,242757.0393,550.0,1,762.92,29.73,63.84,1.71,99.24,1.23,235893.1605
5478,272823.1207,550.0,3,237.74,51.63,20.72,3.18,95.76,1.54,216617.924
5479,699204.7702,1192.9,4,62.76,36.18,70.33,13.26,95.52,1.47,613634.17
5480,306823.9859,1122.01,4,412.55,53.08,57.25,6.62,94.69,1.47,369148.2609
5481,241942.875,623.77,2,329.5,36.93,41.02,33.07,93.18,2.1,170760.6824
5482,298680.9437,1042.03,1,445.34,1.43,22.71,34.04,93.68,1.16,210850.539
5483,394748.4104,1101.32,2,627.87,30.98,13.68,23.01,92.08,1.3,258664.8462
5484,144117.9962,965.86,1,642.49,14.35,60.96,8.82,89.31,1.79,54700.76267
5485,254220.8671,712.47,2,505.03,39.42,68.85,20.97,96.19,2.02,137793.5529
5487,329381.0779,1001.56,1,263.57,30.18,22.73,30.35,99.9,1.79,250712.6423
5488,355808.5467,1405.73,2,701.77,13.97,60.75,12.89,96.19,0.88,560386.531
5489,252517.6259,595.59,3,467.09,36.63,59.28,0.5,92.46,2.2,309955.8258
5490,244580.9873,550.0,3,1080.29,28.46,59.29,19.83,91.14,1.38,219430.4552
5491,317119.174,1058.03,2,372.22,37.01,13.74,28.76,97.81,1.16,488752.8841
5492,161999.2888,684.35,1,352.73,19.22,67.62,8.87,95.42,2.11,56271.56945
5493,227814.0832,1232.61,2,473.43,44.28,18.37,17.33,93.21,2.16,233923.1774
5494,274730.4351,947.06,2,675.68,48.67,28.78,13.04,98.1,1.62,291974.4519
5495,518283.6632,765.43,3,807.09,16.74,6.24,11.36,90.14,1.44,586136.4194
5496,291636.1534,550.0,1,566.09,74.91,22.48,8.67,97.82,0.83,183064.0568
5497,312782.5083,878.64,2,550.25,52.47,68.5,20.07,91.73,0.78,172941.9344
5498,431435.5791,1584.13,1,191.36,41.2,90.55,2.17,95.41,0.54,404806.7134
5499,332227.9805,550.0,2,838.26,22.58,82.33,17.25,99.1,0.8,207936.357
5500,333607.6898,556.0,2,850.34,15.39,18.51,26.62,88.87,1.69,355009.508
5501,423687.8174,988.14,4,399.18,56.38,94.75,17.26,93.68,1.01,681390.9642
5502,238872.9863,550.0,3,18.9,12.95,95.32,34.3,93.61,1.14,231931.7424
5503,204115.2013,879.8,1,429.24,44.64,62.15,11.38,99.9,1.19,104802.2627
5504,362597.7191,901.0,3,35.04,21.19,4.84,19.49,89.47,1.59,300686.7158
5505,223986.7535,550.0,2,423.66,22.71,19.76,13.53,99.9,0.61,224199.6519
5506,313587.7653,1629.25,4,598.66,33.97,34.31,20.91,99.9,1.98,326245.639
5507,146209.3815,841.26,1,3.23,26.9,99.51,24.79,86.71,1.86,80527.98828
5508,147100.1732,550.0,1,826.02,37.92,96.83,8.08,96.82,1.39,65853.61689
5509,284876.22,550.0,1,786.86,23.5,80.22,11.67,99.83,1.82,237065.8732
5510,323896.9028,858.35,1,116.84,47.3,15.32,20.47,83.79,1.22,213288.0066
5511,161135.2004,550.0,2,510.17,42.66,20.18,23.83,88.36,1.82,65068.29802
5512,107844.5295,1279.88,1,363.78,21.61,28.12,8.13,88.68,1.41,7340.234288
5513,553529.407,1558.41,4,318.07,8.92,41.39,14.66,99.9,0.76,494507.6377
5514,361161.0422,857.93,2,141.12,0.33,1.92,6.41,99.9,1.41,453766.4525
5515,117301.2525,836.51,1,42.75,72.74,56.19,36.82,89.97,1.67,40052.38049
5516,272035.8033,1380.6,3,339.5,45.66,123.56,4.82,82.85,2.84,513668.3709
5517,419409.281,1304.8,2,607.91,2.91,64.85,25.51,93.55,1.83,277175.9163
5518,163368.2428,987.04,1,504.71,20.03,2.97,25.88,98.37,1.63,111914.3067
5519,115439.3901,550.0,2,450.64,37.57,50.07,4.96,94.08,2.13,27285.47326
5520,351705.5407,1084.84,2,644.13,43.47,23.27,11.83,94.36,0.81,482427.0707
5522,242858.6649,660.69,2,735.01,42.55,82.2,12.11,89.22,2.26,126115.8582
5523,339013.2837,1159.38,3,366.84,44.69,36.82,6.4,99.44,1.37,357460.8706
5524,325171.012,1385.96,3,47.23,16.35,16.12,25.32,93.98,1.43,556951.5651
5525,539870.7988,1249.28,2,803.57,29.45,19.1,5.46,97.86,1.34,384416.0085
5526,225509.6491,550.0,2,113.65,35.26,7.66,14.02,88.03,1.21,114571.547
5527,533735.283,1132.88,3,686.08,1.66,72.09,31.97,83.1,0.74,453494.4504
5528,498851.7088,890.09,3,269.05,62.7,54.09,8.36,95.33,1.77,391543.56
5529,175921.5956,1372.17,1,873.65,25.83,35.49,9.06,96.34,1.49,169037.4984
5530,219833.9251,550.0,1,598.67,11.77,80.89,20.46,91.13,1.55,97031.77538
5531,322009.8981,1528.82,3,624.83,1.12,26.67,0.14,89.93,1.85,350382.3354
5532,329881.689,1227.08,1,257.05,30.55,26.32,2.67,93.1,1.44,372053.034
5533,263088.4075,733.56,1,510.23,38.18,45.71,21.94,86.38,1.13,159153.8674
5534,178277.2988,783.68,2,540.28,22.14,28.55,6.84,89.6,2.39,71403.38347
5535,152308.4204,874.53,1,381.24,40.79,82.95,22.35,96.08,2.07,180441.0288
5536,210296.1478,1460.2,1,606.25,57.54,56.09,26.73,88.29,1.95,176420.5461
5537,192633.9577,1647.35,1,432.94,30.26,35.04,15.92,90.33,1.4,99565.72644
5538,277441.6937,1065.81,2,497.32,38.53,64.97,16.98,99.9,1.13,237356.025
5539,667923.2014,1390.12,3,563.31,24.52,20.39,3.17,86.53,0.31,698729.6476
5540,387343.3414,1050.8,3,639.11,22.15,77.06,42.99,99.21,1.23,352499.4047
5541,284318.2353,1659.19,2,719.3,13.26,11.22,32.25,96.59,1.64,226521.1434
5542,349899.8075,1070.66,3,253.99,19.08,42.25,38.3,90.01,1.71,379133.1527
5543,380952.6277,1271.07,4,1200.19,2.22,64.13,2.2,98.1,1.19,660383.1508
5544,184673.4119,550.0,3,557.79,62.83,60.27,39.71,91.16,1.95,101545.4125
5545,268485.508,1198.58,4,1100.73,40.7,37.5,9.9,87.97,1.9,348667.282
5546,462394.7906,1658.26,2,682.33,16.96,25.51,4.4,99.76,1.34,368059.2787
5547,126155.5558,592.62,1,584.6,30.37,70.66,8.48,99.9,1.46,118563.786
5548,341137.3523,717.49,4,487.61,21.91,132.58,1.29,92.9,1.11,232720.4924
5549,208211.2095,550.0,2,265.21,5.78,37.09,14.77,95.82,1.35,123123.8906
5551,243095.2922,819.87,3,516.74,19.64,83.44,32.16,88.35,2.46,160952.2211
5552,113517.1348,702.7,1,575.39,49.19,67.05,16.64,88.14,2.17,42864.62269
5553,171058.31,628.51,4,500.23,11.88,15.82,47.04,89.15,1.82,178423.7066
5554,350775.5173,1729.0,4,976.73,45.88,11.96,6.0,99.9,1.58,507080.8584
5555,168159.7604,802.52,1,631.97,24.02,17.9,44.87,99.9,1.31,222273.5201
5556,215193.788,796.53,1,591.0,59.31,33.72,39.29,99.9,1.01,310892.5964
5557,312373.5076,550.0,2,901.68,45.68,20.04,25.71,98.81,1.78,258776.4313
5558,368225.0555,767.05,4,101.45,33.59,80.14,25.5,90.79,1.33,281037.7764
5559,319462.0467,550.0,2,177.28,18.5,69.51,21.65,89.35,1.45,200494.522
5560,250745.5197,1215.17,2,691.02,31.94,113.05,18.91,92.7,1.51,235854.4462
5562,242583.861,550.0,1,271.0,5.8,140.89,16.02,89.82,0.94,281745.7992
5563,423958.8646,935.24,3,351.22,44.61,54.06,6.49,99.9,2.07,514278.28
5565,410505.7881,1037.77,2,22.57,60.16,14.34,18.15,94.08,1.16,288087.9811
5566,235364.9007,575.16,2,829.79,42.17,61.99,22.33,94.51,1.44,168791.315
5567,147211.5983,550.0,1,2.0,30.77,79.16,40.47,95.87,0.76,111487.6878
5568,242997.8024,550.0,3,696.95,43.1,58.71,19.56,88.64,1.26,350200.3367
5569,166443.2347,550.0,2,594.82,25.54,71.5,37.09,94.24,2.16,234829.8305
5570,214948.975,550.0,1,472.17,2.96,18.29,16.01,93.16,0.69,269025.558
5571,117833.0743,550.0,1,395.98,73.85,133.07,10.53,98.44,1.0,17604.98741
5572,299926.3906,569.54,2,347.87,39.59,29.78,12.98,99.9,0.75,244746.6753
5573,131576.8368,550.0,2,363.3,13.84,18.33,21.52,87.84,1.59,53493.75802
5574,255864.0649,1373.91,1,1342.37,56.55,58.65,8.01,96.93,2.16,226179.2267
5575,450725.5037,1543.25,5,454.73,32.21,5.76,3.27,88.71,1.33,423486.2895
5576,118121.6059,550.0,2,394.27,69.85,42.49,22.38,93.33,1.85,38854.07
5577,365333.5173,981.82,2,690.83,66.23,36.44,15.22,91.0,1.26,327643.5097
5578,247780.4737,776.64,3,574.18,23.16,47.78,17.25,89.03,1.87,329569.1663
5579,297285.8169,1281.8,3,858.82,50.4,85.11,2.22,90.12,1.15,487583.0329
5580,267223.3677,1648.24,2,109.9,6.9,72.56,3.8,93.95,0.92,430054.9894
5581,287941.7178,1153.8,4,708.58,28.6,14.71,17.16,92.55,1.04,538511.8709
5582,108352.0404,1077.31,1,341.77,36.39,43.83,37.29,93.08,1.91,1708.624928
5583,293761.9376,888.27,1,101.71,58.76,140.28,17.44,89.66,1.6,234877.2153
5584,272141.8741,2276.81,2,407.48,44.92,1.3,13.22,99.9,1.83,393743.8482
5585,95078.5366,550.0,2,297.04,20.47,60.46,9.02,91.46,1.16,7285.421018
5587,205364.9148,682.7,2,255.42,20.91,111.7,17.84,97.95,1.55,164935.7466
5588,126134.1796,550.0,2,946.35,30.7,0.16,33.0,99.9,1.97,52003.69895
5589,212091.3363,1441.51,2,560.35,2.19,58.22,25.69,99.9,1.22,257725.6918
5590,481586.8265,1363.77,2,1012.71,4.34,34.33,12.04,94.17,1.29,308164.2842
5591,181103.5026,1347.17,1,376.98,20.52,30.51,24.99,88.96,0.64,161970.1401
5592,262237.5917,823.84,4,900.04,46.56,42.5,3.12,94.86,1.7,335042.4614
5593,109741.0849,963.22,1,477.84,43.83,76.36,13.49,96.65,1.53,10628.14429
5594,474375.6673,550.0,3,553.98,11.48,20.74,17.93,94.01,0.58,541831.9789
5595,541235.5038,1269.76,4,1009.57,57.27,42.51,4.98,96.55,0.89,513710.683
5596,252796.5789,614.7,1,693.29,11.43,25.55,35.14,99.9,1.14,298820.3
5597,366993.5218,916.98,3,304.61,41.97,10.82,18.31,96.88,1.45,274846.088
5599,141284.894,720.01,1,745.72,19.26,68.45,50.06,89.14,1.26,135784.8707
5600,328391.6367,936.49,2,379.33,56.26,46.35,22.26,99.9,1.04,314636.3225
5601,140480.1178,550.0,3,336.71,65.43,2.48,11.07,81.06,2.54,140274.0193
5602,298794.561,678.77,2,559.45,37.69,18.94,15.71,95.94,1.55,278782.1027
5603,223834.2497,550.0,2,97.11,0.22,44.48,15.23,88.59,1.51,186737.0976
5604,150163.8716,574.52,3,414.02,55.0,41.84,29.57,90.24,1.68,95541.11044
5605,148537.9023,550.0,1,83.41,36.73,87.14,4.38,86.1,1.71,86726.03067
5606,363786.1727,1601.53,1,705.82,37.84,3.16,5.56,99.9,1.8,822690.6648
5607,132104.0494,907.51,1,875.99,24.46,56.63,11.87,96.98,0.98,99513.21342
5608,605073.6116,1029.28,4,823.45,15.57,53.3,5.63,96.52,0.99,486837.4956
5609,151940.0427,1072.97,1,352.41,31.76,7.62,11.45,93.24,1.48,108736.5831
5610,333735.1911,885.62,2,680.56,4.08,8.96,16.15,94.25,0.81,414115.1137
5611,175648.9446,1168.67,2,750.11,2.21,56.8,7.21,95.52,1.21,116372.7315
5612,476261.3868,1454.36,3,643.19,6.68,42.47,10.29,97.35,2.51,329781.9
5613,289564.8079,879.71,3,555.21,43.92,15.95,10.97,91.96,1.41,213763.9493
5614,206050.2198,550.0,2,24.75,39.23,90.37,21.11,90.03,1.47,173182.8879
5615,291226.6805,746.71,2,1044.52,7.06,14.67,4.41,95.44,1.66,191907.8503
5616,317966.9791,965.41,3,570.31,19.82,125.47,30.33,91.72,1.78,495086.8472
5617,355201.9424,722.72,1,727.14,67.67,47.27,15.28,88.47,1.78,257980.1353
5618,331024.3962,877.75,3,933.82,20.51,61.71,15.41,95.12,1.0,181749.0237
5619,226866.3935,1830.94,2,446.63,2.24,0.5,9.03,97.0,1.78,215721.5195
5620,418899.9362,868.5,3,93.81,51.03,52.24,25.13,91.61,1.94,543892.3318
5621,163072.4876,682.34,2,232.87,40.19,71.93,34.12,89.72,2.09,88156.55533
5622,370495.3218,1375.84,3,419.82,26.18,47.96,3.15,88.15,1.71,269406.1081
5623,355415.1088,653.62,3,525.86,31.24,64.06,36.02,94.19,1.76,380412.0273
5624,121280.246,550.0,2,115.41,16.39,8.52,28.71,90.12,2.0,46832.23708
5625,210467.5593,1208.45,1,672.11,16.9,47.78,1.55,94.06,1.07,360147.4865
5626,527805.1623,1459.29,2,419.43,28.59,26.19,12.6,93.07,1.11,414758.6661
5627,358954.4705,1211.73,2,516.89,21.83,38.15,25.04,90.16,1.58,320437.5681
5628,278006.7584,798.01,3,537.99,39.76,44.62,16.81,92.65,2.33,204031.6709
5629,126372.039,882.35,3,663.78,38.72,90.68,16.03,91.56,1.84,79451.59788
5630,351857.5163,1721.9,2,219.41,15.82,69.83,5.92,84.7,1.98,481057.1365
5631,276852.617,1345.45,1,690.81,44.58,80.99,3.44,91.85,1.4,179002.6326
5632,456675.9896,1187.94,1,648.2,2.47,23.57,4.17,97.08,1.27,360786.3084
5633,161330.406,550.0,1,108.1,72.88,105.65,10.26,85.66,2.24,123963.222
5634,147760.8634,550.0,1,977.1,75.51,5.05,11.81,94.83,1.72,101742.5656
5635,134893.7547,854.43,2,751.82,13.6,84.0,34.48,97.45,1.45,88104.54771
5636,171908.0275,613.5,1,657.78,31.39,64.14,3.31,99.9,0.9,132743.3097
5637,346664.0448,550.0,2,747.99,14.98,81.19,24.77,93.21,2.19,305755.0517
5638,399718.2074,1510.98,4,440.43,24.34,20.07,25.71,86.48,1.47,356311.6982
5639,372219.1404,1133.59,3,522.6,38.98,7.97,5.94,93.59,1.47,274455.7547
5640,151921.942,1294.53,3,675.07,49.3,52.53,25.0,99.9,1.61,111682.031
5641,245099.9209,991.57,1,568.42,20.61,61.74,31.63,98.12,1.11,227497.5784
5642,249026.8006,1297.69,3,398.22,37.61,22.43,7.16,94.54,1.17,220988.0124
5643,309066.6847,1024.25,1,423.29,27.95,21.27,18.08,92.11,1.54,415354.7003
5644,299616.9397,581.12,2,19.27,55.87,43.88,6.51,85.39,1.56,293843.52
5645,452624.6154,1212.22,1,479.64,12.2,48.11,17.37,89.19,1.81,348387.6751
5646,192613.5071,550.0,2,349.55,39.72,107.8,21.23,92.7,1.51,129518.3305
5647,540879.1441,1832.72,1,402.74,38.12,65.27,4.73,97.51,1.31,366857.6906
5648,407297.9846,1871.96,2,210.36,30.99,20.9,16.52,95.93,0.84,464267.2365
5649,221955.555,550.0,2,210.65,53.64,58.79,36.66,87.7,1.95,116173.9285
5650,396163.9063,761.54,1,232.87,52.71,53.11,28.2,94.87,1.69,296176.0003
5651,273234.9181,879.41,2,105.34,19.63,61.42,5.37,87.83,2.68,208183.9801
5652,257438.9156,1159.68,2,695.59,29.83,7.37,6.68,99.13,1.59,451972.2046
5653,302956.7209,809.51,1,766.82,35.65,9.54,7.56,96.1,1.88,167548.9087
5654,203871.3077,606.65,3,22.75,70.74,13.53,17.01,99.9,2.01,133394.0393
5655,166306.0265,1200.2,2,486.72,1.67,66.8,0.78,91.67,1.0,126287.1484
5656,291851.8906,1386.69,1,754.54,36.86,37.65,2.96,90.24,1.39,324999.3779
5658,597936.86,2240.4,4,725.03,56.42,46.22,13.61,90.35,1.2,779051.6698
5659,233394.502,777.06,1,581.88,25.54,49.67,7.86,91.97,2.11,137261.3931
5660,180264.3626,550.0,1,40.9,37.83,71.38,29.67,91.63,1.99,91576.34151
5661,305326.2732,723.81,2,240.35,39.84,58.92,14.58,95.86,1.49,494260.0922
5662,122746.0041,550.0,1,323.4,18.0,28.15,20.61,99.9,1.96,46658.69489
5664,257203.9345,1551.35,1,814.38,15.43,58.2,10.13,96.66,0.56,290627.103
5665,154994.5258,685.34,1,929.85,35.17,29.55,44.02,97.41,2.03,48872.95436
5666,399436.5842,934.62,3,474.59,20.06,71.16,10.88,92.46,1.27,263479.7325
5667,679097.4556,2010.62,3,483.35,5.37,37.36,2.15,94.15,1.65,753488.3626
5668,138761.6006,550.0,1,167.25,34.45,60.67,41.96,88.6,1.3,90666.17682
5669,531828.5757,898.96,3,448.71,40.34,12.92,13.22,99.9,1.48,346332.6108
5670,407330.3591,921.63,2,524.67,43.72,5.11,28.41,92.78,1.3,428727.4842
5671,163869.4855,550.0,2,539.29,7.46,65.07,15.13,87.5,2.18,97368.04692
5672,374775.5437,1087.62,4,715.63,21.8,57.12,13.68,99.9,1.42,709680.6627
5673,137599.9971,550.0,1,786.11,52.07,13.61,14.76,86.81,1.41,104182.5041
5674,579785.4694,1575.75,1,399.43,58.72,17.91,15.66,90.62,1.51,447840.0006
5675,316030.1699,1420.92,1,457.31,10.64,18.35,0.07,99.9,2.04,229887.7299
5676,302138.7007,1664.88,1,980.87,39.32,66.71,27.34,96.92,2.23,396205.2997
5677,233971.9901,550.0,1,499.04,68.61,31.79,22.87,86.13,1.49,227155.8673
5678,239704.9986,618.72,1,454.33,17.5,48.16,22.42,89.93,1.47,96846.85444
5679,418385.4546,1501.57,2,676.33,14.76,0.01,11.83,90.66,0.93,389853.6844
5680,461748.4582,1173.15,2,425.96,34.46,56.57,6.03,89.74,0.84,376151.8891
5681,381476.7155,1216.64,1,706.24,0.11,51.22,49.81,91.66,1.15,334382.1046
5682,256654.3421,1555.84,1,280.54,43.66,42.56,19.35,94.3,1.46,214773.8382
5683,518750.5255,1489.94,3,756.14,60.97,79.86,26.78,91.84,1.42,416198.8658
5684,339157.0087,592.36,1,537.12,29.77,10.24,16.98,96.69,0.92,282236.2256
5685,120738.6202,1138.64,1,671.57,39.86,78.51,2.48,99.41,0.87,40102.89912
5686,614439.273,1792.24,2,509.35,23.96,42.4,3.42,80.58,1.43,510162.3659
5687,292193.1024,893.13,1,583.54,5.23,26.45,2.73,98.94,1.02,170923.6931
5688,225821.6334,1187.21,2,566.0,20.93,65.64,1.53,90.14,1.61,277111.1081
5689,210119.1061,550.0,1,457.16,28.86,73.96,0.1,91.52,1.46,107490.4625
5690,162349.4198,1572.71,1,323.24,61.86,85.1,1.45,94.68,1.17,64312.6194
5691,386911.5083,890.61,2,259.78,33.65,29.02,4.19,95.7,1.22,461430.6941
5692,169045.8255,592.53,2,756.19,2.77,99.13,36.99,93.17,1.88,136328.4322
5693,109774.3255,1021.4,1,493.09,16.5,16.08,1.45,91.01,2.04,26257.32408
5694,245986.2987,616.19,2,76.39,39.64,17.41,16.1,86.37,2.08,261540.1198
5695,188074.8765,550.0,2,233.4,2.75,37.74,29.72,88.91,1.46,88817.17105
5696,323535.7209,674.28,1,718.13,3.19,52.75,43.76,93.23,1.41,281106.6064
5697,648483.851,1494.81,5,584.94,14.74,43.58,9.72,95.69,0.58,563832.0282
5698,419388.5804,550.0,4,615.87,27.31,42.51,41.51,97.72,0.99,407906.8337
5699,112294.6508,550.0,2,470.25,48.26,82.59,14.52,91.3,1.3,33087.15146
5700,342939.5367,1192.28,2,802.71,2.54,24.0,12.82,91.53,1.08,439955.2143
5701,190445.474,812.11,1,531.14,32.76,30.63,18.92,85.3,1.74,181399.4596
5702,407439.7019,1144.52,3,244.18,12.4,22.45,22.79,95.05,1.25,398344.3922
5703,106297.8135,550.0,2,556.49,43.09,17.22,16.29,91.88,1.53,5557.155051
5704,653603.5026,849.29,3,426.47,16.08,28.14,6.26,96.18,0.91,649197.0891
5705,275311.908,1608.98,1,922.9,18.83,27.84,4.8,90.17,2.42,187725.8227
5706,399813.4381,853.83,3,510.63,28.92,2.99,11.99,94.02,1.68,261088.6897
5707,396197.2993,550.0,2,15.53,7.47,4.25,2.44,98.4,1.55,350613.9826
5708,367298.9169,886.35,3,383.8,17.62,26.97,15.34,97.51,2.22,291091.8731
5709,87592.69696,550.0,2,403.16,7.11,9.24,45.87,98.43,1.71,5882.917675
5710,420670.8592,1195.25,2,443.95,7.66,36.08,27.06,94.47,1.69,484426.7956
5711,391819.4093,550.0,3,871.5,23.55,0.56,6.46,85.89,1.88,202065.6799
5712,296393.2571,946.91,3,466.77,4.88,63.85,22.63,84.56,1.88,346095.1573
5713,465682.7256,1501.99,2,386.3,38.35,22.83,29.55,89.41,1.76,394075.0448
5714,289653.3039,1202.42,2,822.98,21.15,50.4,15.31,90.92,1.15,235972.8437
5715,149637.461,897.47,1,112.36,46.24,48.85,9.88,97.7,1.91,85924.57459
5716,229454.0694,1572.26,2,904.34,16.94,45.31,28.72,92.36,1.88,225272.2771
5717,374124.2146,1433.01,1,646.99,31.51,64.14,9.14,95.29,1.46,355175.318
5718,225513.7332,1006.85,2,200.68,9.41,16.12,18.02,94.93,1.11,334039.6913
5719,349262.1615,1688.17,1,946.4,34.22,48.83,20.73,93.69,1.17,530134.2578
5720,261202.3314,1066.81,2,838.12,46.27,42.11,17.57,94.52,1.73,196100.1083
5721,306499.0732,741.18,2,235.79,30.89,63.8,53.22,87.77,2.16,216554.8442
5722,400419.9643,1212.45,2,702.27,27.09,37.03,25.79,96.05,1.55,260981.0962
5723,232581.0797,661.77,2,42.18,21.61,29.35,35.1,95.41,1.64,190376.8498
5724,103375.7614,645.52,2,102.29,29.06,66.46,11.87,94.6,0.76,26002.45001
5725,350815.0944,846.38,4,842.59,70.69,96.49,1.54,91.13,1.54,381104.8052
5726,200617.6149,783.15,3,399.04,76.55,83.04,41.65,94.64,1.46,156084.1121
5727,350896.7547,1451.37,2,387.01,23.38,16.17,4.59,94.16,2.19,353614.2782
5728,112953.986,1122.06,1,145.52,56.0,65.31,34.52,97.85,1.77,8905.622496
5729,379773.8959,689.99,3,525.8,32.47,53.49,32.23,95.95,1.59,343099.4084
5731,432138.2935,1227.8,3,605.85,36.4,102.15,23.98,99.9,1.95,565514.2235
5732,231368.8227,1765.19,1,1019.86,41.8,7.49,9.99,86.42,2.04,209479.8954
5733,272679.2009,1672.39,1,92.0,20.61,15.96,3.83,89.6,1.25,241890.0597
5734,328549.876,550.0,3,234.87,58.21,119.98,24.44,91.26,1.63,368878.0939
5735,163712.9443,550.0,1,414.41,20.05,117.91,14.0,91.62,0.92,134651.0439
5736,255620.1138,1017.24,1,640.04,22.42,105.65,11.28,99.9,0.61,241836.3837
5737,113423.8569,1154.96,2,210.5,8.02,115.13,3.4,91.57,1.7,27659.70928
5738,728421.5303,2189.13,2,845.53,4.66,0.57,15.74,99.09,1.43,785185.0421
5739,238883.7761,1554.26,2,294.83,58.82,80.36,14.25,90.64,0.9,163906.2524
5740,428253.0977,1913.1,2,529.67,42.71,54.32,11.06,96.54,0.23,467738.2723
5741,290923.8511,1204.83,1,286.99,38.48,4.89,28.66,99.9,1.46,280754.3149
5742,294734.4667,1380.15,2,439.64,50.0,80.32,4.18,90.4,2.31,375009.5102
5743,246854.8355,1056.11,1,300.08,17.17,23.61,3.78,92.12,0.6,291151.565
5744,130765.982,985.17,1,1033.66,40.12,51.07,3.45,92.75,1.39,35235.58648
5745,261773.5907,1030.86,1,64.67,42.58,36.79,39.14,87.08,2.11,257113.1606
5746,542981.5677,1327.95,4,1003.32,10.3,38.84,2.22,99.9,1.46,624175.8427
5747,438422.9176,1123.61,3,236.57,51.99,18.47,16.33,91.5,1.23,304451.7364
5748,198408.6971,917.42,2,515.4,44.48,27.27,0.87,98.65,1.23,265516.3926
5749,518778.2562,664.34,3,329.85,22.28,31.75,6.3,99.9,0.83,311378.9668
5750,336939.7982,1221.1,1,249.89,55.6,90.49,33.45,84.35,1.74,329174.6449
5751,278155.1053,550.0,2,32.97,31.38,87.38,21.07,88.69,2.25,241537.2089
5752,197999.7267,1044.25,2,910.52,29.77,83.63,27.18,89.89,1.63,85755.95573
5753,246561.5892,992.99,1,1006.05,20.24,8.22,3.97,99.9,1.81,150048.874
5754,142270.8916,566.9,3,871.89,80.58,10.08,2.83,91.08,1.77,84105.99162
5755,452860.6654,1223.42,5,821.98,28.1,76.46,8.35,94.99,2.3,441622.9326
5756,572701.7326,1405.88,2,887.54,34.9,19.14,13.49,99.9,1.11,471364.7085
5757,505852.6148,1256.39,2,433.47,32.48,36.73,1.58,90.69,1.98,491631.884
5758,252574.0625,1689.01,1,927.52,46.98,69.06,17.58,95.96,1.38,323890.4964
5759,108024.4623,550.0,2,270.9,23.78,13.51,4.34,89.62,1.78,14802.63837
5760,437663.5699,708.17,1,637.63,59.67,33.64,22.43,87.74,1.23,413319.3447
5761,363405.0405,1274.67,2,405.73,20.36,11.31,15.99,92.43,1.43,254234.2541
5762,200834.2875,550.0,1,322.67,22.88,50.0,21.17,92.84,2.62,117863.8929
5763,441519.1742,1304.89,4,173.37,37.06,15.14,11.85,99.48,0.86,608624.4005
5764,185241.968,1378.95,2,421.0,22.48,105.32,15.02,98.36,0.96,233919.3775
5765,274502.3597,550.0,2,301.03,43.19,70.28,44.76,93.95,1.99,300357.9469
5766,341905.6708,1280.45,2,777.26,36.67,71.64,6.42,99.9,1.54,276464.0483
5767,268709.6545,593.45,3,333.42,70.86,23.82,11.24,90.89,1.16,368814.4016
5768,332166.2074,907.07,4,475.13,1.62,75.66,16.14,99.34,0.96,470215.691
5769,202699.6241,550.0,1,403.52,1.88,50.01,14.23,90.74,1.5,140857.3856
5770,263158.5823,696.6,2,494.14,22.01,17.56,42.67,96.9,1.73,467801.6644
5771,320930.4065,1379.63,2,507.39,32.89,54.21,33.91,87.41,0.49,303617.0984
5772,675129.4253,961.66,4,744.72,56.17,98.18,6.87,95.09,0.92,654101.0959
5773,115180.227,550.0,2,1036.21,13.65,44.44,18.11,89.43,0.69,34992.28608
5774,320096.7017,1571.87,2,791.44,26.56,61.04,37.91,98.53,1.44,404894.0609
5775,177964.3186,550.0,3,555.7,31.91,85.06,24.63,88.17,1.54,120055.3012
5776,154037.7848,1196.62,2,321.42,37.55,70.51,22.53,98.11,1.37,130582.2818
5777,246420.5807,932.72,2,605.21,33.19,22.83,0.24,96.92,1.49,197963.0301
5778,365297.3814,1570.07,4,573.13,12.88,46.77,18.9,91.37,0.96,435525.4852
5779,647940.0255,1370.88,5,970.89,28.58,30.69,2.84,90.59,1.94,578931.5714
5780,332210.8691,1365.23,2,127.35,1.01,13.18,12.23,99.9,0.92,484944.2619
5781,343771.9532,1758.17,1,285.33,18.38,41.34,3.43,94.16,0.79,495032.9392
5782,94945.29121,550.0,1,934.49,18.12,38.92,34.32,90.02,1.29,-850.6548876
5783,645969.9208,1376.84,3,527.95,50.51,49.04,14.63,96.06,1.44,499144.0854
5784,203461.3509,683.26,1,584.54,37.97,61.99,8.29,91.95,0.57,74144.29576
5785,122305.3568,706.56,2,647.51,4.16,103.24,6.27,99.9,2.25,33381.18772
5786,372714.9939,594.62,3,253.14,45.63,57.87,37.07,91.47,0.43,467036.089
5787,382139.7344,1097.56,2,272.05,28.62,116.87,13.14,99.9,2.16,368928.2892
5788,221981.4242,550.0,3,655.24,28.95,36.52,14.1,99.9,1.13,330051.4607
5789,493844.755,1163.6,3,414.13,60.33,71.25,9.58,92.18,2.27,306637.5129
5790,474269.9146,1211.64,2,669.46,60.6,12.98,7.23,92.55,0.69,327876.6273
5791,319405.5711,554.51,2,663.26,57.12,56.22,31.31,93.71,1.26,491294.4599
5792,382986.1356,1487.75,2,298.14,52.23,21.73,19.61,99.9,1.57,412664.6238
5793,95866.28932,550.0,2,730.12,47.64,80.17,39.09,92.23,1.52,-2159.199171
5794,503936.996,1783.22,1,383.22,4.02,2.77,21.35,91.0,1.42,541233.4832
5795,230280.9959,550.0,1,674.23,31.7,10.67,23.19,86.61,1.43,145960.6322
5796,124117.4428,1253.92,1,254.82,29.29,1.66,4.34,97.7,1.96,31814.68116
5797,257185.6346,1615.64,2,335.89,53.26,24.67,8.71,92.61,1.56,126330.7438
5798,256411.2358,550.0,1,46.35,60.39,68.14,4.33,91.45,2.43,269887.9081
5799,232506.3177,550.0,1,520.0,1.79,45.32,30.68,99.9,0.76,108720.8841
5800,342875.1627,1284.14,5,26.05,10.11,98.38,15.23,93.39,1.95,419208.56
5801,187888.8282,1456.45,1,618.87,2.93,58.36,30.25,97.83,1.0,184092.6755
5802,261105.2347,952.05,3,986.01,23.79,57.24,44.39,82.06,2.28,337099.9413
5803,429663.1204,550.0,3,538.91,27.11,38.35,7.16,85.24,1.35,425633.8787
5804,387076.1872,918.0,2,288.11,21.94,69.1,13.94,87.22,2.64,281642.0505
5805,389635.1346,1073.54,2,508.27,31.42,15.02,23.89,91.54,1.92,346329.9649
5806,375742.0057,1063.04,2,611.67,38.75,23.34,8.28,95.22,2.36,340035.3588
5808,98839.17831,878.12,1,204.15,62.45,66.76,35.38,92.27,2.05,18217.6246
5809,213524.6477,1208.86,1,661.44,23.08,19.06,7.21,96.65,1.95,156471.3979
5810,389504.8713,1276.83,3,537.85,20.29,94.43,1.32,94.24,0.65,305052.8163
5811,528932.0192,728.47,2,902.47,15.88,63.29,3.19,92.28,1.38,486441.3953
5812,552908.7589,1620.01,3,891.11,35.77,63.92,5.63,94.89,0.79,735772.7408
5814,103947.6295,550.0,1,245.38,12.0,45.91,18.71,83.68,2.05,19465.29387
5815,419930.8983,1808.55,3,554.65,25.62,41.44,18.78,87.51,1.17,551923.2973
5816,267446.7827,550.0,1,952.15,51.97,14.32,9.84,92.79,1.21,190866.0411
5817,443216.9696,1179.23,2,850.12,6.87,4.76,4.74,99.18,0.57,621599.7284
5818,261671.7439,1675.25,3,124.92,16.59,82.89,30.48,90.3,1.86,252594.6386
5819,407863.0369,1328.21,3,395.87,57.26,53.8,28.67,87.77,1.68,315697.6635
5820,523957.4089,1729.78,4,1040.52,3.73,6.62,3.41,99.71,0.96,633882.4212
5821,463033.8802,1183.37,2,512.16,3.98,74.31,16.4,97.58,1.72,292144.1285
5822,248189.6232,989.32,1,525.88,21.41,50.54,30.11,89.56,1.55,137862.4402
5823,402125.0531,1022.97,1,99.39,43.53,48.29,29.88,95.78,1.13,250246.7241
5824,146971.1482,550.0,1,365.54,68.35,74.58,32.99,84.47,2.2,112863.2795
5825,599887.6946,1552.01,2,897.16,25.11,21.87,1.68,93.88,1.76,615739.7905
5826,223043.4874,576.58,1,844.2,30.3,92.49,16.91,93.64,0.86,127580.1433
5827,96645.45592,777.56,2,701.26,36.53,35.71,23.58,98.67,2.56,-4308.506043
5828,517182.0461,1753.26,2,821.42,16.11,63.3,12.36,94.12,1.01,642187.0139
5829,284620.829,1037.88,4,1080.55,34.81,93.84,2.39,96.31,1.44,348640.5116
5831,174720.5016,843.49,1,567.61,30.17,20.03,10.44,91.92,1.79,70072.31455
5832,197654.435,993.36,3,276.53,37.0,12.7,11.92,93.03,1.01,232577.4135
5833,619955.3462,1924.04,3,306.9,37.2,47.85,23.41,90.52,2.45,589650.2361
5834,313537.9701,550.0,3,617.2,17.01,15.43,21.13,98.86,2.41,240723.9342
5835,364721.6372,1115.1,1,675.68,52.5,20.29,16.67,91.68,2.26,218718.7234
5836,421913.6325,1428.66,2,238.82,37.31,4.91,28.78,99.9,1.47,237223.4459
5837,347447.5701,550.0,1,946.35,44.66,61.95,35.45,97.11,2.06,231880.8174
5838,390936.305,1563.58,2,724.0,24.61,60.85,16.08,93.64,0.72,309608.0463
5839,266078.998,1856.18,3,552.05,7.26,22.68,7.81,99.04,1.25,321859.3512
5840,595244.0904,1300.54,4,707.39,7.31,19.82,11.44,90.28,1.97,401206.4927
5841,229550.2489,1310.42,1,682.27,44.41,69.14,20.26,99.9,1.5,243716.6579
5842,203620.63,1112.78,1,716.84,16.22,32.97,20.37,94.56,1.23,262373.286
5843,354541.3626,757.63,2,684.49,31.64,1.09,20.18,91.73,1.27,242674.727
5844,374394.5975,1558.66,3,296.59,34.11,38.01,20.81,88.0,2.14,306140.8196
5845,313336.7835,1204.06,3,166.04,13.49,46.81,7.9,88.57,1.91,297537.124
5846,156291.7125,914.61,2,1014.42,41.4,81.84,28.04,95.66,1.38,141112.0814
5847,205364.1847,873.82,1,273.01,23.6,0.51,2.14,85.93,2.07,148260.6115
5848,528410.9298,2007.78,3,1069.97,38.88,21.7,23.63,92.67,1.41,703578.4183
5849,310836.675,1155.16,2,353.63,47.38,5.02,12.82,93.69,1.86,360850.2703
5850,134294.5711,550.0,2,925.3,4.23,127.83,36.2,99.14,1.68,56507.70587
5851,323996.8858,1397.88,1,316.94,29.82,123.89,19.81,92.95,1.4,252869.7888
5852,198059.0707,941.24,3,616.89,11.42,73.0,13.75,97.38,1.73,154641.3518
5853,420008.0172,2034.08,2,230.2,6.35,20.63,7.33,83.04,0.7,569723.1743
5854,170322.2309,1045.36,1,145.96,43.8,1.9,27.68,91.38,1.85,95530.94699
5855,227861.6369,1196.5,2,458.34,76.47,33.85,1.9,87.57,1.27,234010.2033
5856,290095.1722,1432.53,3,925.75,24.86,115.4,5.73,89.37,1.94,286701.3333
5857,111070.1369,1143.71,2,1080.91,22.98,13.19,5.3,94.91,1.2,23658.5459
5858,155815.2438,916.27,1,361.27,21.38,39.63,25.66,91.5,0.72,271717.1763
5859,171495.9481,812.21,2,443.47,12.23,43.41,42.38,94.07,1.08,99428.18643
5860,111227.1716,607.24,2,516.29,19.77,42.67,24.79,89.61,1.56,37158.51351
5861,398689.0703,663.24,3,181.82,33.49,19.88,2.18,92.35,2.31,266458.2003
5862,204452.9966,598.27,1,161.96,81.01,136.4,36.49,92.06,1.51,218656.5922
5863,106751.7007,550.0,1,742.6,47.93,20.88,18.18,91.23,1.74,26868.716
5864,413615.4089,1421.91,2,993.73,42.89,2.3,26.02,87.13,1.52,296579.1846
5865,152646.3897,550.0,2,422.08,16.03,16.56,17.68,89.23,1.26,69593.30291
5866,192498.1029,799.39,3,1216.81,43.15,36.99,6.77,93.85,0.79,209053.9527
5867,291066.7383,1878.52,1,243.89,34.68,12.64,37.96,85.84,1.36,274975.8439
5868,269687.9773,984.81,3,235.71,26.63,64.0,9.93,87.05,1.89,165455.5678
5869,314862.9031,1096.86,1,335.07,37.71,92.15,21.54,91.78,0.6,209618.9511
5870,364516.1464,1058.63,3,595.41,36.07,47.33,11.31,91.67,1.44,406536.9315
5871,337965.0351,1220.43,2,880.16,33.81,51.89,37.69,95.03,1.1,665246.6781
5872,103526.004,550.0,1,1100.68,45.34,4.08,5.3,93.72,1.02,12618.07252
5873,414476.2629,682.68,4,468.41,2.45,68.81,15.81,96.39,1.71,296358.6866
5874,104515.8155,550.0,1,710.29,73.48,48.01,16.78,87.0,2.57,1426.937286
5875,202792.0195,550.0,1,371.84,35.14,67.25,27.17,99.9,1.51,180444.5006
5876,167115.5675,746.57,4,545.5,26.32,95.02,8.89,94.39,1.24,201892.6273
5877,139012.3328,676.08,3,712.62,16.66,82.09,14.82,99.9,1.58,76286.35004
5878,419274.0225,1452.3,3,433.51,45.29,46.3,12.0,89.47,1.94,402262.4583
5879,168127.408,550.0,4,559.69,19.08,66.33,11.86,92.68,1.68,112398.2367
5880,448211.1312,1399.26,1,558.14,29.05,75.53,5.18,93.77,0.45,450059.0013
5881,301531.291,1688.66,3,1177.54,15.56,16.91,7.99,99.62,1.55,420356.6998
5882,447702.5196,1314.29,3,614.58,7.08,37.32,4.14,96.16,1.83,414714.8725
5883,172428.9174,1149.79,2,301.24,51.26,71.42,33.8,96.32,1.96,101323.7805
5884,429941.2795,802.63,3,973.78,34.81,84.2,8.99,87.28,2.76,431935.4781
5886,363161.8753,1423.75,2,223.78,41.92,23.2,12.51,93.32,1.31,243680.6911
5887,184006.5948,550.0,2,780.96,30.0,107.62,18.74,84.21,1.92,130074.7454
5888,533541.3888,550.0,4,564.45,17.65,44.3,14.59,99.9,1.1,421452.9849
5889,259413.2253,1172.05,4,631.0,36.56,8.81,14.97,87.69,1.41,395076.5104
5890,207254.444,1508.84,1,784.12,7.72,75.57,28.88,99.9,1.62,209907.9526
5891,270183.298,1136.53,1,29.91,52.44,68.95,10.64,93.94,1.37,161395.8146
5892,455997.1118,1348.73,5,261.46,40.51,33.57,15.5,91.55,1.07,605223.5229
5893,170579.0863,1140.53,1,314.26,47.3,77.73,12.32,85.28,1.27,175458.1917
5894,286157.5785,1072.14,4,410.06,54.33,6.48,11.51,99.9,0.93,283928.2198
5897,309141.3191,1559.91,1,688.92,21.42,14.28,21.29,93.27,1.84,312522.7752
5898,91076.81329,550.0,2,196.84,12.43,27.22,26.31,92.29,2.0,13436.2447
5899,375839.3966,1336.78,2,7.34,56.27,101.29,22.06,90.76,1.51,251877.7226
5900,115019.541,869.73,1,211.54,31.82,59.5,3.23,96.01,1.76,31266.94641
5901,287988.1446,1438.43,2,166.12,48.11,71.85,2.09,95.0,1.87,275311.7215
5902,421524.3866,550.0,4,1088.51,29.77,52.74,14.78,93.71,1.24,389376.6611
5903,359643.3157,1016.53,2,479.81,39.09,10.09,17.14,96.61,1.15,351087.6878
5904,279893.0825,564.94,3,805.94,26.65,75.26,13.27,95.77,1.76,311250.5372
5905,227731.0587,774.52,1,225.48,60.59,17.55,21.27,99.9,2.83,127881.0592
5906,127058.6412,550.0,1,538.87,3.13,99.62,14.64,94.05,1.57,58829.68632
5907,184777.0587,550.0,2,1039.23,27.5,51.61,21.27,99.9,0.88,60546.68941
5908,251772.1898,1410.31,4,275.38,32.4,13.88,7.01,91.88,0.26,304227.7269
5910,210386.9226,1170.14,2,757.79,49.75,30.19,20.82,92.83,2.19,197479.9571
5911,322391.3847,1189.42,2,594.28,8.05,73.86,10.56,99.04,2.58,241609.3476
5912,244850.0049,846.6,2,475.88,9.77,85.61,17.11,98.38,1.89,181594.9127
5913,100671.6346,1789.94,1,407.92,44.43,93.96,25.18,83.84,1.88,205.4453475
5914,181396.4881,710.61,1,682.14,25.3,5.36,16.28,94.27,1.9,142803.6013
5915,136794.6888,967.81,1,463.41,17.03,78.32,0.39,99.9,2.24,96095.86217
5916,241788.0642,580.77,1,384.16,55.34,0.05,13.5,87.04,0.72,299836.1022
5917,658491.9519,1528.0,3,505.83,17.59,58.26,4.84,84.2,0.77,602353.3719
5918,307326.7045,1128.51,4,684.79,16.78,69.74,34.95,97.2,0.87,157437.5473
5919,476766.0442,964.27,1,623.13,25.83,76.89,29.05,98.21,1.69,351562.9675
5920,396198.2381,1175.55,3,561.94,32.26,14.61,8.34,95.06,1.22,338023.8697
5921,367969.6697,1263.37,3,1079.94,17.32,24.21,1.51,96.66,0.93,573578.6787
5922,109015.4849,550.0,1,174.71,28.92,77.36,26.02,91.29,1.53,54547.30857
5923,307086.9012,791.11,2,436.7,37.43,13.73,22.98,90.47,1.24,229606.8782
5924,230534.1487,1281.26,1,463.2,21.46,140.63,21.84,91.81,1.07,254371.6369
5925,239719.168,883.04,2,259.69,3.7,19.15,9.32,96.06,2.02,184228.5993
5926,240418.5569,1478.75,1,592.87,17.62,7.17,33.22,97.77,1.07,471977.6866
5927,526297.9108,1226.48,2,426.46,25.92,4.69,14.21,96.06,1.26,406786.0857
5928,168709.8999,917.46,1,89.01,18.46,19.77,1.73,81.92,2.17,127139.3953
5929,194267.5167,550.0,2,393.39,15.7,43.49,24.47,91.75,1.22,115069.9756
5930,383703.4774,1150.38,2,325.06,12.04,90.38,14.51,89.11,1.45,232692.6593
5931,463412.5911,1046.05,1,704.8,30.4,80.83,25.01,87.73,2.67,374669.6956
5932,277316.3525,1276.24,3,359.12,32.61,42.96,14.37,98.61,1.48,280252.0625
5933,130243.4643,550.0,1,675.96,49.12,96.99,50.4,97.9,1.44,44077.08568
5934,186324.8193,1152.41,3,676.01,33.51,78.97,35.07,94.89,1.01,115548.2401
5935,343027.6788,1339.82,3,768.82,38.12,23.11,17.28,86.93,1.32,614400.8334
5936,311568.8533,845.62,2,535.27,2.63,49.22,9.27,94.01,2.35,222034.025
5937,311554.6722,550.0,2,63.74,20.59,3.03,38.51,83.24,2.02,184250.2366
5938,449273.8818,1318.75,1,429.97,27.45,21.49,9.87,93.81,1.32,381018.5214
5939,469660.4152,1569.34,2,414.48,28.18,41.23,2.69,95.54,1.26,371869.744
5940,202333.7397,740.44,1,703.92,8.61,63.47,9.82,82.58,0.36,220447.697
5941,465446.4607,1724.17,3,557.18,3.21,87.09,12.19,99.9,2.38,451213.9102
5942,387635.6257,1268.86,3,586.33,5.6,23.03,16.15,95.0,1.23,653103.0046
5943,112542.6906,583.35,1,537.69,52.92,28.93,29.88,97.11,1.56,28056.36613
5944,431606.9747,978.37,3,1137.92,9.61,21.03,28.79,91.3,1.64,265137.7168
5945,177565.4235,676.73,2,51.05,31.93,88.68,27.47,90.24,1.46,69362.60978
5946,334532.0755,1423.0,2,593.15,29.1,28.45,30.42,99.72,1.02,251180.3684
5947,211150.8233,1886.69,3,757.25,48.29,18.49,8.07,88.36,2.34,296925.1401
5948,369232.6478,550.0,3,202.36,4.07,70.64,10.41,91.65,0.25,438393.4812
5949,105922.2442,550.0,1,576.18,50.25,1.6,18.78,91.75,1.86,381.1989165
5950,257960.063,1645.35,3,560.93,7.52,27.54,5.29,92.67,0.93,346422.3733
5951,269009.5188,768.34,2,437.5,15.44,58.24,24.53,95.89,2.0,424877.3385
5952,201314.9426,1489.19,2,280.65,47.71,16.87,14.3,93.28,1.23,108050.757
5953,387905.4289,1779.8,2,186.06,20.99,113.8,17.58,99.9,2.25,306335.3947
5954,245250.8451,1887.43,2,272.29,33.59,26.8,5.21,99.9,0.72,278496.582
5955,207362.1647,1017.03,4,478.38,23.05,80.57,10.37,99.9,2.71,169135.407
5956,320726.3276,1786.61,2,586.33,17.74,34.16,4.07,91.06,1.81,342434.3873
5957,230173.566,976.35,1,841.37,5.77,70.82,4.13,99.85,1.01,261258.4653
5958,360685.8504,650.36,2,164.98,34.92,29.36,26.71,84.31,1.77,237118.8341
5959,298550.7118,550.0,2,258.5,9.22,61.57,4.28,89.77,1.42,155329.1835
5960,274030.2632,1109.44,2,335.38,39.67,77.26,25.3,98.22,0.75,183396.4472
5961,422422.0922,1340.86,2,768.27,64.77,0.41,9.78,90.22,1.4,353165.2636
5962,408845.8492,711.62,1,207.21,32.58,62.0,33.85,92.41,2.18,334779.4747
5963,214462.382,569.26,2,237.75,31.71,16.11,19.28,97.76,2.33,153149.2356
5964,291132.0389,550.0,2,166.01,26.45,41.6,16.64,99.9,2.2,159417.3357
5965,250155.1266,583.25,4,503.48,34.81,24.36,26.0,96.16,1.89,124303.9335
5966,277466.3269,550.0,5,396.19,20.95,69.22,26.01,92.63,2.13,241457.5164
5967,196604.6614,1809.46,1,377.13,66.98,92.87,14.78,92.91,1.53,214608.3743
5968,245648.5235,1252.06,2,210.96,9.86,32.82,33.25,96.38,0.86,214123.0567
5969,353025.8068,1805.62,1,398.34,33.12,104.0,19.23,99.9,1.12,260101.8669
5970,513305.2882,1280.42,3,281.29,23.65,85.72,26.24,96.14,1.4,425354.4881
5971,380442.7325,1185.79,2,739.45,28.16,23.32,14.13,87.73,1.32,434502.81
5972,267861.9687,550.0,1,410.36,27.77,23.18,16.76,92.54,0.72,411126.1004
5973,358070.9608,1572.85,2,543.34,62.4,4.47,22.43,93.88,1.17,376999.0587
5974,562257.4662,2248.84,4,893.01,21.06,9.61,13.65,94.35,0.05,733629.5798
5975,456091.1396,1429.85,3,251.0,4.11,83.6,13.17,85.86,0.95,652987.1885
5976,419156.6199,1679.19,1,536.71,13.46,79.36,32.09,95.37,1.75,303137.2686
5977,180015.2789,1454.19,3,640.5,10.7,80.34,7.35,88.73,1.9,142388.0598
5978,224973.4118,1474.99,2,774.45,25.39,57.62,19.71,94.71,1.49,160664.1315
5979,133722.6083,550.0,3,739.1,53.78,75.09,8.38,98.77,1.91,50490.9021
5980,133702.1794,550.0,2,549.03,47.09,37.99,3.28,87.53,1.77,74887.40307
5981,142740.4811,550.0,1,722.38,25.56,38.55,16.46,96.41,1.58,61535.01434
5983,218397.4733,550.0,3,1008.69,2.44,18.18,8.28,93.09,2.42,300413.5599
5984,363914.6366,1774.08,2,522.48,58.18,12.35,15.41,93.06,1.56,273611.5345
5985,298431.5825,959.9,2,634.34,17.56,48.44,15.64,94.52,1.64,293957.5245
5986,220458.9936,901.6,1,628.48,25.15,19.82,15.34,99.9,0.67,155406.0548
5987,481343.2377,1087.6,2,267.34,20.46,69.76,6.58,98.8,2.04,315836.5919
5988,297382.5679,1403.85,2,48.21,22.13,9.46,6.24,99.9,0.95,303080.0003
5989,318944.5628,1502.76,3,28.7,34.63,44.45,11.42,89.17,1.64,276002.1141
5990,362981.6337,550.0,3,510.13,36.6,82.75,17.58,97.2,1.75,537327.1678
5991,99796.15875,550.0,3,424.57,18.32,78.62,32.93,99.9,0.61,20092.31553
5992,225737.5059,839.86,2,1022.66,44.57,55.82,5.69,91.79,1.04,274953.7258
5993,215651.3935,879.97,1,301.8,5.09,45.91,49.81,96.85,1.98,145616.0687
5994,120852.2785,550.0,1,778.8,0.45,49.95,28.63,99.9,0.88,54207.95244
5995,208002.2829,725.08,1,489.23,35.79,29.16,37.23,98.24,1.25,178042.2356
5996,425167.2697,1140.45,1,1068.53,7.86,78.47,29.13,94.95,1.42,232764.3257
5998,588317.6568,1157.27,1,70.76,70.39,28.33,1.07,99.9,0.89,373390.5126
5999,173633.0734,550.0,2,447.52,24.37,40.92,35.75,99.9,2.12,158702.8409
6001,248951.658,767.36,1,546.27,20.76,14.49,0.86,86.1,1.71,174388.173
6002,266314.2278,1942.55,1,1089.4,23.0,23.49,3.66,89.5,1.65,389481.1421
6003,484512.1588,1052.48,3,43.02,6.47,60.07,22.79,99.74,1.01,360405.3065
6004,330790.1596,1385.61,3,895.75,6.28,82.43,32.5,89.22,2.02,292166.225
6005,402047.1652,1054.97,2,256.4,23.56,12.75,23.54,92.9,2.14,314299.657
6006,335517.7029,1318.62,5,310.06,3.55,62.67,25.8,88.08,1.71,378580.8974
6007,186211.2944,550.0,2,143.24,27.82,47.5,30.97,90.53,1.19,172892.5003
6008,393815.2236,1116.57,3,55.32,60.8,60.82,24.39,88.39,1.92,277813.9519
6009,143482.3805,1024.17,1,657.27,10.84,11.14,21.83,99.9,1.0,93481.0407
6010,479347.3542,2014.53,1,349.18,31.28,82.26,19.95,91.7,1.62,375045.8531
6011,334002.7703,775.73,2,549.76,50.83,45.68,6.55,94.19,0.87,211182.2856
6012,351656.8786,550.0,4,788.48,29.26,15.13,10.3,93.66,1.28,208118.5017
6013,392732.8557,1028.47,2,213.54,30.1,80.26,45.1,88.91,1.8,244301.874
6014,442788.154,1070.0,2,729.15,59.99,69.59,23.63,88.26,1.64,327684.3831
6015,203564.234,550.0,3,382.59,25.47,115.79,24.57,93.9,1.72,215962.4519
6016,507098.5017,2286.02,2,514.04,31.7,60.22,7.24,89.23,1.73,760076.4523
6017,212176.5091,747.71,3,499.61,4.35,128.85,8.86,93.02,1.26,137578.3341
6018,341753.2277,1464.35,3,494.9,31.06,26.06,16.04,97.92,1.15,403240.9882
6019,195297.2596,550.0,2,72.65,13.81,66.74,20.62,92.98,1.29,298610.929
6020,367534.6529,1139.21,2,394.97,43.4,31.62,7.63,99.9,1.29,538301.9878
6021,409313.7256,1295.36,4,482.35,20.82,27.45,11.15,96.79,1.61,525388.6465
6022,264687.482,1480.25,1,104.53,20.92,58.01,7.37,92.3,1.26,245710.0525
6023,246305.3703,550.0,2,874.96,43.64,79.61,28.11,91.07,1.32,126645.2457
6024,127798.6831,550.0,2,888.51,17.61,17.51,6.37,93.86,1.33,46233.16324
6025,232594.7678,1463.33,2,293.14,40.32,93.99,33.6,93.25,1.79,290579.067
6026,274558.259,1309.65,2,779.06,32.23,36.77,6.49,93.96,1.72,259526.7245
6027,333345.3744,1637.04,2,554.53,8.96,18.7,3.38,99.6,1.33,567977.4659
6028,147605.9,829.85,2,560.84,50.89,23.23,25.41,90.44,1.2,75170.08072
6029,304336.8266,773.47,2,106.19,19.55,83.96,1.14,88.85,1.63,203210.2351
6030,490302.2082,901.77,4,619.22,2.35,15.86,14.98,99.9,0.91,301401.508
6031,447877.4851,1745.79,4,308.21,14.07,67.07,8.44,92.39,1.7,568331.3565
6032,390192.2257,1080.31,1,464.72,27.55,56.0,12.51,95.96,1.25,267801.2453
6033,643648.7488,1865.64,3,542.84,22.83,38.99,0.78,96.77,1.91,746940.843
6034,360053.6851,1002.14,1,230.87,0.78,96.0,29.1,95.35,1.12,261889.4271
6036,200222.2152,867.61,1,154.71,14.86,70.8,16.75,90.87,1.87,114759.2602
6037,172176.5119,550.0,1,867.01,40.43,51.71,34.98,84.17,1.71,58912.65077
6038,669952.9768,1231.79,5,450.69,15.71,4.62,3.15,97.27,1.73,533195.0276
6039,217206.4322,830.78,4,371.62,39.53,45.32,18.53,95.88,0.72,299424.7084
6040,607617.5735,1484.17,1,540.02,24.92,86.08,43.63,99.9,1.98,566866.0916
6042,365330.0965,550.0,3,290.32,32.09,53.05,4.56,95.57,1.42,472388.7754
6043,249787.5681,888.39,1,735.31,29.2,9.77,49.6,94.64,1.67,176589.6715
6044,336254.8191,1229.92,3,148.67,14.49,12.61,9.91,99.9,0.79,375266.5956
6045,173899.5665,1012.98,1,78.91,24.08,56.22,44.14,99.9,1.67,92394.74314
6046,479213.8492,1481.34,1,794.84,22.49,82.49,1.91,90.31,2.15,367907.4653
6047,608346.9181,1346.71,3,560.78,11.32,65.61,16.84,91.83,1.62,448897.5098
6048,453273.4861,808.49,3,1106.11,2.8,12.72,15.05,94.03,1.42,384202.5826
6049,516382.1541,994.11,2,841.01,15.19,80.63,16.99,92.54,2.11,310330.6389
6050,342213.898,964.76,4,267.62,7.92,1.0,0.85,87.24,1.89,389328.3643
6051,226528.3599,697.21,1,551.48,35.19,46.19,6.19,99.9,1.62,297672.5866
6052,106487.3614,755.37,2,670.05,25.77,20.44,1.21,92.07,1.9,22709.27455
6053,118334.6332,550.0,2,304.02,61.17,49.71,37.11,96.37,1.88,55533.93801
6054,327626.1061,771.18,1,95.67,57.62,42.5,18.61,91.95,1.18,261409.5803
6055,257144.2688,851.23,2,496.61,54.61,20.81,11.08,92.43,1.37,403933.0113
6056,156166.44,550.0,2,853.26,31.21,30.6,29.66,99.9,1.55,80359.30542
6057,173722.5743,550.0,3,989.47,57.18,11.49,3.89,99.85,2.2,177844.9565
6058,248086.4852,757.67,2,940.59,24.01,27.95,3.26,93.62,1.65,215636.2172
6059,349391.2377,1522.63,4,420.15,15.76,1.28,6.4,94.0,1.96,424460.1112
6060,127201.7428,1200.6,1,811.38,44.76,41.57,17.1,91.54,1.71,75589.72972
6061,112495.9077,562.94,1,494.66,64.36,99.9,27.81,96.4,1.13,11182.88146
6062,261240.2269,550.0,2,420.18,18.43,34.09,43.21,83.65,0.55,477795.6529
6063,650641.7431,2057.02,1,574.14,51.02,18.23,34.07,97.88,0.73,427317.4574
6064,366814.4459,1108.37,3,454.38,3.17,48.32,6.5,95.93,0.88,424925.8694
6065,222939.7391,1138.63,1,421.68,33.56,52.32,22.38,92.56,0.03,318153.0118
6066,160234.8661,794.96,1,662.62,62.2,78.53,28.83,92.03,2.26,162962.1024
6067,155738.7254,550.0,2,434.12,72.52,73.42,39.25,99.9,1.17,107219.9294
6068,255979.6826,646.4,1,653.33,19.63,26.17,20.6,85.35,2.55,181105.0914
6069,133591.3704,571.69,1,709.35,53.87,23.02,24.39,95.45,1.04,60651.72869
6070,474003.1369,765.5,4,236.65,40.87,18.81,20.06,88.26,1.89,347852.9497
6071,116537.0207,949.75,2,327.0,56.33,40.14,0.08,97.66,1.25,40113.49891
6072,307908.9626,1336.66,2,711.64,20.15,72.37,20.01,90.35,1.94,321585.2803
6073,259348.0402,557.42,2,471.9,12.1,33.49,22.78,93.52,1.58,138152.7933
6074,228139.8188,682.98,3,1013.88,33.14,72.61,5.57,89.49,1.29,193860.7647
6075,546651.7415,1302.16,3,725.26,23.77,15.69,15.91,92.59,1.39,438286.406
6076,123788.0536,923.3,1,801.72,30.9,52.67,48.28,93.07,2.1,50019.53139
6077,254564.3918,849.76,2,537.36,19.68,9.32,3.82,86.86,1.7,396573.5184
6078,273449.9487,1663.91,1,801.23,22.27,0.25,17.71,92.07,1.23,307623.0832
6079,506890.4558,1923.32,3,664.17,13.18,69.27,10.15,87.97,1.82,793453.0142
6080,304061.1571,781.01,1,888.84,32.52,7.17,41.59,83.83,0.82,341545.9195
6081,379823.6921,1173.31,3,449.36,40.64,76.55,15.83,99.9,0.89,314345.26
6082,196091.6698,701.87,1,75.44,20.55,57.58,32.54,99.9,1.87,206643.7081
6083,618110.2488,1511.89,4,361.83,20.86,16.69,12.15,93.86,0.26,559738.4815
6084,226085.6429,847.5,2,450.23,26.28,32.08,5.01,94.68,0.75,195844.2193
6085,113269.523,550.0,1,23.66,26.43,33.32,16.54,91.19,2.43,39868.14545
6086,262653.3923,878.0,3,257.23,44.28,85.39,6.0,96.64,1.69,312523.6338
6087,646044.7923,1628.4,3,929.5,28.95,8.32,13.45,99.9,0.47,608530.543
6088,151906.6702,550.0,2,302.63,48.67,78.18,16.27,93.08,0.61,132911.0563
6089,250630.2176,952.71,1,313.49,28.18,37.67,10.43,87.72,0.88,457628.1775
6090,154400.7525,550.0,2,325.59,40.36,16.7,8.99,92.25,1.43,146897.5092
6091,364752.9646,1647.67,1,380.61,12.86,56.48,39.03,99.67,0.88,230296.1003
6093,529606.7556,550.0,1,641.35,29.26,83.79,35.69,92.16,1.69,455852.4642
6094,519811.7034,1775.61,3,506.02,1.75,47.77,11.26,93.0,1.76,332891.0632
6095,499241.8291,1054.36,3,187.51,61.83,27.29,0.34,91.23,1.51,331342.0645
6096,214089.6239,968.74,2,349.9,1.9,90.61,22.42,98.2,1.27,302987.8519
6097,174486.9737,826.39,1,409.46,0.06,50.24,24.89,92.49,1.38,56646.99442
6098,190796.713,550.0,1,382.66,32.19,5.84,3.46,99.9,1.9,70647.32501
6099,233192.9191,952.41,1,253.48,32.81,56.46,6.42,92.25,1.56,109132.6951
6100,290402.2247,1088.99,2,299.76,49.82,58.14,11.75,91.25,2.31,240544.4556
6101,159097.7158,671.47,1,185.52,7.93,42.08,2.76,89.66,1.48,148007.105
6102,296158.0813,956.69,4,765.44,25.42,50.98,36.29,89.02,1.21,400866.5981
6103,707838.9867,1928.33,3,46.18,22.49,48.88,9.58,99.9,0.88,795437.2159
6104,194376.8764,1036.32,2,537.22,28.83,39.83,5.5,93.43,1.83,260795.2157
6105,156388.6005,550.0,2,992.51,6.66,61.81,27.06,92.31,2.32,174617.1136
6106,91917.87657,760.55,1,512.87,21.91,51.27,3.51,88.11,1.58,10481.50495
6107,287789.7826,1015.7,3,546.59,28.66,67.94,28.92,99.3,0.74,179227.9013
6108,535479.8648,1406.52,3,283.62,60.14,78.16,11.36,92.03,1.18,454063.3866
6109,255114.2111,761.64,3,811.58,6.78,74.82,34.44,96.16,1.38,204613.7284
6110,157587.7771,550.0,1,686.21,43.98,79.86,39.97,88.84,1.72,67664.43032
6111,168038.4429,1166.6,1,607.88,3.84,51.23,13.06,89.71,1.37,68189.14682
6112,252928.8126,1139.91,3,273.39,43.69,65.98,27.89,80.31,1.72,311878.143
6113,299567.9959,1083.69,3,375.58,42.66,44.56,14.02,93.09,2.05,207020.4722
6114,105964.3135,550.0,1,682.67,36.16,21.88,9.17,92.33,1.78,19440.88921
6115,138710.3964,550.0,2,212.42,37.86,35.47,49.28,87.35,2.41,35586.16639
6116,358367.7787,1778.96,2,205.22,27.53,60.25,17.93,92.72,2.24,492930.6104
6117,599226.4555,908.28,3,639.43,67.15,80.58,18.53,95.58,0.15,408580.8482
6118,599447.9391,1280.65,3,810.79,59.78,66.55,8.5,97.57,1.89,419984.9711
6119,382741.1546,1325.82,2,597.19,1.02,25.0,3.44,95.77,0.72,313871.4421
6120,311205.1828,1293.75,1,421.62,35.97,64.71,5.4,93.73,0.92,209219.0844
6121,277318.8698,1821.56,2,478.89,41.12,38.08,2.02,93.86,1.49,373974.9497
6122,218544.2298,795.13,1,1110.65,46.56,35.57,11.55,92.9,1.87,168800.3902
6123,200241.5569,1374.7,2,975.73,48.46,49.22,15.42,93.61,1.52,119412.7261
6124,461259.7733,1221.31,4,76.34,17.23,32.5,3.91,97.78,1.28,374725.8783
6125,153573.3276,1199.79,1,798.36,44.94,82.9,8.06,95.75,1.25,126020.4507
6126,302811.6508,1491.55,2,394.18,53.75,15.62,2.47,98.43,1.54,538665.6114
6127,341991.3617,1281.83,2,729.94,45.98,86.47,20.28,87.81,1.02,310324.5891
6128,221165.7043,550.0,3,160.09,31.51,96.01,7.36,94.52,1.02,254077.9284
6129,153059.2789,644.33,2,155.4,9.84,61.88,8.5,94.97,1.53,114872.9599
6130,287025.2124,1487.0,3,889.76,11.54,14.55,40.79,85.75,1.82,495941.6492
6131,244605.9014,1773.43,1,668.06,10.13,62.14,0.51,99.9,1.23,300420.9694
6132,250453.5811,550.0,3,652.71,15.45,80.55,50.84,94.53,2.26,420318.3123
6133,102952.0441,1688.74,2,108.4,43.37,48.56,27.05,82.71,2.23,3553.746834
6134,290805.3052,1667.96,3,344.67,6.06,21.56,0.79,94.47,1.63,548997.0877
6135,397269.967,1508.89,3,284.42,43.53,16.88,6.41,99.9,1.79,511900.7606
6136,146371.1001,763.07,2,577.98,29.17,74.73,10.38,91.0,1.63,66989.99955
6137,215794.7062,550.0,3,286.37,52.6,29.38,34.69,93.11,1.67,303386.8793
6138,309856.2555,936.24,3,469.94,47.29,6.09,9.77,93.67,1.74,235957.7827
6139,201622.4738,1198.92,1,376.65,0.89,17.51,23.58,94.6,0.71,82753.07652
6140,374504.0333,1563.94,4,762.47,71.45,63.97,4.99,95.11,0.56,692828.908
6141,304035.9851,550.0,3,594.71,9.0,69.62,33.38,92.99,1.1,356765.5317
6142,497908.5102,1891.21,1,490.88,11.61,43.04,0.36,95.78,1.07,417635.8399
6143,470749.5279,1367.75,3,829.6,28.33,63.9,5.04,99.9,1.87,342156.1148
6144,115823.421,581.91,2,244.02,60.92,16.24,23.95,89.27,2.36,35618.14473
6145,278236.9864,975.14,2,277.69,25.52,40.83,8.71,94.96,1.71,187016.4638
6146,164510.3087,579.63,3,995.91,31.44,52.48,37.85,85.22,0.83,71083.97929
6147,375795.8439,891.62,3,453.52,55.85,40.38,1.34,94.88,1.23,287370.1636
6149,114322.0427,550.5,1,362.24,7.88,69.62,17.89,90.99,2.13,48894.81401
6150,366320.0461,620.16,3,672.99,17.78,25.41,21.63,94.77,1.84,241250.1374
6151,268209.7012,1110.08,2,856.25,32.27,23.23,6.64,96.21,2.09,259626.2449
6152,401614.5246,1798.19,4,424.89,2.61,5.6,6.65,98.31,1.02,566330.8753
6155,482068.3311,1318.16,4,785.01,2.85,43.18,1.5,92.01,1.24,483387.5956
6156,228840.023,1116.57,1,378.34,65.58,34.19,25.33,94.32,0.67,131213.4331
6157,206294.6469,643.02,4,88.0,45.33,19.79,11.0,93.14,1.34,188484.7774
6158,197703.9644,1193.46,1,721.33,24.07,1.24,25.98,98.33,1.72,318972.6024
6160,227140.276,1504.02,2,1090.01,6.79,31.82,22.5,96.77,1.28,335981.019
6161,344318.0144,2089.87,4,496.28,39.12,5.77,12.44,99.9,1.35,420667.8432
6162,369749.0723,2015.84,2,1027.66,19.79,68.99,17.19,95.09,1.52,508900.7132
6163,221072.3475,1334.19,2,630.78,17.99,61.16,26.33,93.8,2.16,139876.9756
6164,107249.169,609.97,1,32.79,12.26,123.09,21.88,96.56,1.76,42257.84318
6165,251783.8961,1332.75,1,786.04,31.09,61.18,17.57,89.22,1.16,218595.889
6166,229409.9215,1494.7,1,961.7,48.69,14.67,7.97,98.38,1.43,408769.1936
6167,218833.1818,841.37,2,507.01,20.08,25.57,14.07,92.81,1.1,240847.2834
6168,158408.4042,800.9,2,165.31,27.05,85.34,21.72,99.9,1.15,119731.9856
6169,380946.9295,1088.9,2,773.6,35.46,6.31,22.58,88.79,2.07,263822.5258
6170,183793.3108,550.0,2,135.79,36.96,27.28,15.68,82.09,0.87,126671.0039
6171,171185.4905,550.0,2,573.66,47.17,19.87,18.69,99.9,2.1,155365.8037
6172,202859.6837,576.38,1,935.22,30.12,110.8,22.07,99.9,1.96,139512.7568
6173,676922.4903,1701.95,3,508.18,25.54,51.61,25.17,91.78,1.19,765601.7002
6174,479518.6635,1644.34,4,726.65,25.55,6.92,2.78,99.9,0.98,594793.2011
6175,436042.4919,1618.91,2,94.16,57.82,119.01,15.12,91.85,2.01,354416.6696
6176,697476.7486,1532.66,5,745.06,27.68,81.21,3.02,92.71,1.24,579692.1817
6177,118735.8676,637.96,2,9.81,19.21,47.05,0.67,95.13,1.56,27769.83061
6178,187420.2746,585.81,2,873.1,59.58,93.09,0.59,91.52,0.91,134750.1853
6179,363401.9223,1201.45,1,859.44,39.48,89.86,24.27,92.87,1.23,283349.4182
6180,118272.4447,595.71,4,347.03,35.65,85.39,26.09,85.8,1.86,25436.2984
6181,152991.9405,1056.4,1,429.11,27.56,30.09,21.32,99.9,2.23,105893.9773
6182,197643.7107,1025.08,3,898.79,19.88,5.95,14.62,97.33,0.41,216956.1219
6183,385058.7875,1712.72,4,320.68,27.9,25.03,9.97,93.36,0.96,669859.4819
6184,295655.806,1694.81,2,139.81,27.34,90.61,5.32,80.84,1.07,281967.9211
6185,297161.0335,760.67,3,98.23,21.9,68.42,2.27,99.9,1.53,320337.2467
6186,646182.2465,1310.88,4,499.31,24.53,76.47,3.21,99.34,0.51,730123.8242
6187,255615.0412,1319.79,3,435.17,53.16,62.69,7.32,97.15,2.1,265777.1071
6188,170728.7881,841.15,1,263.56,22.73,71.16,2.85,99.5,2.12,100905.9053
6189,301337.6421,1592.74,3,787.97,4.56,19.0,32.65,97.97,2.68,450887.3701
6190,167799.645,607.09,1,818.85,15.96,76.1,40.82,84.07,1.34,123468.4004
6191,203869.5816,1772.95,2,672.62,69.11,45.39,34.94,91.68,2.05,269083.2727
6192,319296.6176,550.0,3,903.12,12.23,63.09,20.21,99.9,1.97,466062.0521
6193,196530.6017,1087.36,1,1052.69,16.0,23.27,8.9,87.83,1.68,75888.15099
6194,232159.3765,725.24,4,199.71,20.37,107.82,21.13,93.21,1.57,107781.6271
6195,254576.9433,550.0,4,378.65,45.75,25.55,25.2,91.14,1.76,341930.4411
6196,266834.8036,876.13,1,815.32,17.45,50.3,0.71,97.53,2.36,310832.1514
6197,326752.5584,873.98,2,778.0,17.31,4.73,1.78,96.91,0.74,409637.5445
6198,202639.4567,970.71,2,439.83,69.87,1.04,36.74,95.54,1.53,216473.4745
6199,463029.2579,737.11,3,197.47,31.59,78.19,31.65,93.22,1.89,445986.9384
6200,296536.7354,1017.85,2,553.96,29.37,63.8,11.84,93.79,0.66,231443.9118
6201,135675.877,780.1,2,377.87,26.5,82.74,20.45,95.07,1.65,63241.78007
6202,574509.5466,1453.39,2,521.93,34.48,38.15,18.66,87.12,1.58,407107.4069
6203,287497.9485,856.11,1,973.7,40.3,76.15,13.82,93.02,1.47,200354.6815
6204,97646.83316,1125.42,1,854.36,9.64,37.31,18.25,88.07,1.24,-212.2043814
6205,216972.8449,1131.43,1,227.45,44.31,56.62,12.07,83.64,1.82,127323.8131
6206,231333.2593,550.0,1,830.42,7.29,32.71,23.89,88.59,1.54,138785.5624
6207,98094.58782,550.0,2,42.76,25.54,29.8,29.89,88.63,2.28,524.03689
6208,324782.6328,1124.14,2,676.66,61.77,12.43,17.74,86.87,1.49,183605.3285
6209,129900.059,550.0,4,981.28,26.15,57.02,16.07,97.21,1.42,42993.66015
6211,192882.8993,550.0,2,611.84,41.47,12.66,49.41,96.18,1.15,92542.68782
6212,395909.7504,564.0,2,195.69,21.15,18.27,2.27,95.96,0.89,448262.0995
6213,290997.8478,832.82,3,141.54,27.69,21.04,22.94,97.8,1.06,201850.984
6214,245825.9151,550.0,2,755.2,20.61,13.46,0.46,91.51,1.78,254820.3219
6215,369780.1596,1406.33,3,58.68,13.03,62.5,2.4,91.77,1.22,435447.0149
6216,325649.7834,550.0,1,181.32,44.77,73.07,32.73,91.72,2.56,438540.618
6217,276254.3653,1886.97,1,7.94,4.8,0.71,13.72,87.05,1.71,459014.1239
6218,115156.9002,550.0,2,851.91,16.6,70.21,35.49,89.99,2.32,22668.00959
6219,297714.1583,1657.16,2,569.12,21.5,47.24,0.82,88.35,1.48,387786.4149
6221,582712.1101,1666.04,2,369.84,5.77,120.17,34.31,90.93,1.95,449741.4688
6222,268762.6481,1348.07,1,36.94,23.95,21.52,23.56,92.8,2.2,203193.2209
6223,477219.5197,1380.55,1,196.27,54.97,40.3,10.71,91.24,1.86,282008.4762
6224,335134.4955,667.46,3,631.97,28.73,78.37,39.9,94.27,2.11,236193.5447
6225,260584.5972,1032.2,1,582.38,1.39,26.32,25.94,87.22,2.01,212114.7757
6226,386188.4407,1743.78,1,792.52,31.96,20.03,9.72,92.64,1.44,391846.9359
6227,109087.4478,550.0,1,477.44,23.64,5.32,27.39,92.61,1.01,30397.92382
6229,139812.5241,550.0,3,748.23,54.61,70.55,16.36,99.9,1.53,76154.50877
6230,149241.5454,622.21,3,396.34,73.07,5.56,7.32,90.66,0.84,68558.52735
6231,130151.0263,652.13,2,428.53,34.3,89.84,20.91,95.29,1.35,68910.55476
6232,166949.991,1209.1,2,587.38,69.02,12.89,11.75,91.68,2.24,128752.3861
6233,389129.4108,1036.98,2,384.5,30.83,14.04,15.19,92.71,1.42,314244.3117
6234,225923.8101,1013.37,4,680.55,9.15,64.02,11.07,90.67,1.51,399524.6937
6236,239329.0829,1097.77,2,231.1,44.76,0.53,36.67,88.76,1.47,311849.2042
6237,370880.6566,1205.36,1,644.72,15.3,68.94,2.1,99.9,1.76,262013.4141
6238,644542.115,1449.62,4,361.41,25.98,114.63,9.0,98.36,1.93,816208.9971
6239,273277.7833,609.19,2,614.34,56.53,28.21,13.23,99.9,0.77,205016.2211
6241,312914.8435,1186.64,3,775.84,34.22,4.63,0.23,90.35,1.43,406308.6127
6242,427688.4335,1438.94,2,298.56,37.04,56.77,11.2,94.71,1.14,239453.7986
6243,176531.527,987.69,3,317.43,8.22,117.41,18.55,90.96,1.44,282806.4098
6245,448917.0742,1285.44,2,459.17,30.45,63.21,19.86,96.07,1.0,645876.2
6246,190004.3082,758.94,4,313.79,4.43,69.07,11.41,93.37,1.29,256044.3747
6247,191146.8081,764.78,3,243.89,55.28,6.86,15.07,93.93,1.27,241279.5678
6248,296420.9407,853.49,2,278.3,13.94,50.69,13.32,94.13,1.12,206464.6837
6249,429336.5244,1249.39,5,499.06,15.52,75.37,1.36,90.43,1.37,387028.2366
6250,300378.5553,1567.15,2,359.45,31.82,140.07,20.34,96.16,0.97,172077.3012
6251,186845.7182,550.0,2,607.25,32.65,70.67,3.51,95.91,0.61,96783.55551
6252,142846.5424,602.01,1,785.1,76.02,24.45,32.25,91.84,1.89,66388.0483
6253,434991.6789,939.05,4,695.47,50.81,94.52,1.66,99.03,2.04,402569.4449
6254,491058.1524,912.18,2,466.76,0.46,39.33,3.47,98.21,1.26,367136.4053
6255,548417.5068,1721.87,3,660.06,20.47,3.57,1.02,91.7,0.63,413150.8428
6256,460665.7046,1647.78,2,408.61,30.89,23.73,16.13,94.74,1.23,683435.7966
6257,254400.6244,765.65,1,670.46,12.9,1.71,13.31,99.81,1.58,132643.9373
6258,293910.6065,1327.75,2,756.55,25.23,34.6,6.49,93.62,1.38,314380.6506
6259,547065.5475,1606.97,1,554.71,61.24,27.01,0.53,94.33,1.44,454518.8196
6260,160568.0355,853.13,3,742.75,22.08,50.77,28.62,95.63,1.12,80797.72825
6261,279109.5484,912.52,5,208.85,14.16,15.59,7.58,99.46,1.47,168024.6563
6262,332966.1628,1626.51,3,486.98,9.16,2.58,23.24,93.01,2.51,525465.8111
6263,239464.1044,733.87,2,578.69,61.01,8.42,15.59,86.9,1.74,139985.5433
6264,553902.1136,1915.74,2,221.86,28.1,82.92,14.15,93.86,1.34,440550.9339
6265,146875.153,977.51,1,1144.03,22.86,11.24,11.38,96.35,1.76,135980.2844
6266,297752.7272,1994.58,3,375.71,1.9,44.95,0.14,94.39,1.04,436417.34
6267,308077.9041,694.47,2,608.85,34.01,64.96,21.25,91.76,2.55,230161.809
6268,163022.5614,813.05,2,686.5,27.54,23.27,6.99,92.49,1.31,140309.1966
6269,605439.5907,744.84,3,393.49,41.18,16.41,36.97,99.08,0.9,564174.9546
6270,571149.0188,1035.05,3,682.49,37.69,32.02,0.14,81.43,1.48,383902.1631
6271,277700.7131,550.0,3,86.43,3.07,70.08,9.31,95.91,1.62,179190.6031
6272,318697.4162,1638.78,1,893.49,36.03,66.96,27.04,97.81,1.33,194147.0398
6273,410357.2197,939.55,3,468.79,16.84,103.39,16.56,87.29,2.45,562735.5075
6274,122588.4295,798.61,2,335.16,36.1,53.3,31.12,89.92,2.01,28083.1033
6275,139547.3221,583.83,2,362.21,43.23,118.03,20.59,96.37,1.18,105959.055
6276,180913.36,935.63,1,459.38,32.05,79.18,24.15,99.9,1.98,102584.3317
6277,390164.8623,1806.26,2,1332.11,20.55,55.76,3.58,89.59,0.86,280177.4162
6278,606509.3188,1565.11,2,599.97,28.55,83.39,16.49,92.57,1.55,510638.4525
6280,129388.4959,550.0,2,681.93,36.97,58.92,14.48,89.48,1.67,31251.84663
6281,263032.174,1112.35,3,858.86,8.25,58.48,0.57,90.38,1.79,152648.984
6282,165193.2235,550.0,2,1255.34,0.73,18.93,3.4,93.14,1.27,47494.2091
6283,167794.434,550.0,1,334.15,26.28,77.39,26.14,98.39,1.78,108519.161
6284,257182.233,757.36,2,613.27,23.72,10.25,11.93,96.15,1.07,205286.879
6285,212846.8827,771.94,1,251.07,46.25,47.86,9.99,91.96,1.31,164870.3723
6286,190240.4202,550.0,1,624.06,64.12,8.35,14.67,96.9,1.87,145759.364
6287,363913.0036,982.41,3,798.74,12.13,61.02,4.05,91.9,1.55,384391.8427
6288,216648.2848,632.61,3,408.07,29.34,85.38,35.24,95.69,1.28,351889.3731
6289,119850.694,695.79,1,617.46,61.68,119.71,29.83,86.36,0.76,6392.885337
6290,535835.6644,1057.2,2,156.59,4.54,90.9,1.64,94.29,0.98,350596.4666
6291,445125.9499,903.05,2,631.11,13.26,42.27,41.51,95.66,0.99,328083.4477
6292,246774.391,758.5,3,380.34,20.19,27.05,18.04,91.18,1.55,207875.962
6293,255152.0647,919.36,3,584.2,7.15,23.44,2.48,91.28,1.44,148379.2319
6294,238569.6214,965.44,3,602.92,43.53,70.65,43.15,90.07,1.49,200237.5284
6295,285644.6181,601.46,3,414.33,62.41,34.92,40.73,92.16,2.02,349307.7433
6296,335547.5804,1195.3,3,340.34,11.28,19.06,1.87,94.23,1.53,259363.5126
6297,375958.5058,878.26,3,492.01,23.87,46.25,8.13,88.33,2.38,301147.7313
6298,210357.1794,974.94,1,362.45,24.58,109.18,14.93,99.81,2.07,94506.6086
6299,287057.4606,1088.51,1,543.77,45.8,23.34,9.8,89.62,0.71,255137.6006
6300,214698.3418,1005.09,3,570.17,35.63,10.08,19.38,99.9,1.78,204595.6187
6301,208419.3752,916.2,1,324.58,2.78,77.79,26.48,96.32,1.67,128783.5545
6302,154621.59,550.0,1,335.68,39.89,43.35,3.48,97.4,0.92,152405.9201
6303,575304.7083,1274.43,2,434.25,28.74,65.87,2.02,89.43,2.21,371353.8115
6304,582774.318,1473.52,1,1166.55,71.59,94.42,19.99,92.7,1.66,698496.1551
6305,606218.4322,1681.58,2,476.95,18.3,27.82,3.68,98.53,2.32,378594.832
6306,415807.0875,907.46,3,312.55,34.28,24.74,6.2,99.45,1.6,232930.0119
6307,414789.0218,1316.55,3,901.52,33.98,68.08,11.91,88.3,1.74,360018.8911
6308,318113.4529,927.32,2,907.4,22.16,74.83,18.77,89.54,1.3,295600.1048
6309,247071.616,800.99,1,642.05,37.22,85.99,4.91,96.51,1.82,137758.8035
6310,342204.0772,1488.72,2,410.18,33.2,13.65,10.1,99.9,1.16,343274.3532
6311,231303.0824,595.56,2,284.68,35.32,102.12,41.83,86.61,2.92,262646.5982
6312,200522.0759,1437.55,4,648.85,4.35,101.88,9.0,93.8,2.49,306728.8897
6313,197631.161,550.0,1,158.6,52.1,2.07,4.46,89.18,1.74,201105.8535
6314,110960.1235,555.0,2,740.36,33.9,40.76,26.61,94.46,1.97,31585.47068
6315,685133.8945,1371.3,4,669.83,15.07,32.74,5.14,95.43,1.56,566661.5398
6316,292000.4039,974.78,2,754.78,58.37,59.2,33.7,98.3,1.02,220017.1512
6317,502681.1407,1599.99,3,525.08,12.36,4.18,9.3,93.06,1.26,405430.6489
6318,271531.6073,955.63,1,698.47,69.0,68.63,8.89,90.19,0.96,246210.9726
6319,374402.1233,1048.33,2,9.61,58.99,24.03,10.85,94.9,1.01,374525.4551
6320,653098.2287,1292.55,4,692.31,24.5,16.89,1.19,92.77,0.47,494645.3531
6321,585368.7054,1423.13,3,1042.69,1.31,10.45,4.72,94.22,1.48,489353.4117
6322,576324.4477,1570.93,4,767.18,12.84,25.53,34.81,93.96,1.14,555519.9577
6323,605332.7378,1972.1,1,934.26,19.44,51.26,13.29,96.05,1.88,393540.709
6324,361101.5661,981.06,1,701.62,26.86,40.92,26.77,96.28,1.6,423606.0861
6325,107024.1718,550.0,2,248.59,9.25,59.29,11.77,93.02,1.77,11416.13362
6326,375807.7968,1376.82,1,636.25,44.6,43.07,33.36,86.75,1.29,396390.2015
6327,168746.1723,550.0,2,567.83,47.71,87.98,14.47,95.14,1.64,187908.5068
6328,454453.7197,1666.44,2,607.5,14.71,75.22,14.88,99.9,1.35,446601.5348
6329,262995.1233,1530.0,2,552.64,17.62,63.23,10.08,83.91,1.53,297128.1516
6330,251668.5837,550.0,1,188.62,43.12,58.95,50.42,96.05,2.0,229482.455
6331,290953.5195,1835.88,1,453.04,6.22,2.36,16.01,94.22,1.19,726964.588
6332,572012.3294,1506.26,2,591.29,7.11,39.02,11.18,93.47,1.5,466300.1987
6333,196969.5943,550.0,1,418.08,31.09,18.03,19.54,94.79,1.21,225315.6964
6334,264295.7018,1381.63,2,341.09,15.09,56.91,7.33,93.93,1.67,362307.5043
6335,424946.0457,1569.56,3,989.79,21.47,30.48,17.42,91.78,1.37,487967.138
6336,211064.3934,817.54,1,549.34,40.29,65.57,40.4,94.13,0.8,228443.08
6337,207562.4052,832.15,3,582.44,34.82,50.42,6.5,91.72,1.38,144102.8131
6338,525938.1543,2084.5,3,151.81,44.87,49.64,16.86,93.75,1.49,568309.943
6340,210757.905,1587.62,3,537.51,27.16,88.81,18.2,99.9,0.75,245257.8512
6341,694486.5215,1872.27,5,591.54,45.7,93.93,5.18,86.91,1.6,735124.8047
6342,303848.0849,947.02,2,582.49,0.52,43.07,5.86,95.01,1.05,277421.0855
6343,205145.6821,759.0,3,175.26,17.94,94.97,25.87,97.11,1.72,137572.1093
6344,157357.3693,806.87,2,429.91,42.53,45.94,28.58,92.6,2.51,101172.2102
6345,138047.5627,679.42,1,622.02,11.39,44.3,28.79,99.76,1.89,61486.69821
6346,143619.0809,1363.54,1,452.71,13.39,25.73,15.76,99.9,0.71,103615.6005
6347,176181.3239,550.0,3,1076.85,4.1,3.41,14.61,99.68,1.86,182949.8409
6348,220430.4193,1127.92,3,586.47,28.67,4.5,45.03,92.94,1.58,272396.5937
6349,233976.9709,771.76,3,1333.38,9.26,71.26,9.29,99.9,0.86,154043.9112
6350,145554.5086,772.67,2,618.4,41.31,56.2,4.63,92.9,0.94,85920.88035
6351,323008.4069,1591.28,1,385.6,4.39,0.99,5.44,98.32,1.69,321242.6321
6352,458340.5494,989.83,4,481.62,17.58,17.4,13.69,99.9,1.4,437494.3321
6353,361524.6245,1143.01,3,490.36,66.91,4.41,53.19,86.89,2.16,378803.2791
6354,553379.1957,1814.66,2,433.52,36.34,14.37,18.72,90.0,1.28,515203.1336
6355,176071.022,1005.18,1,800.06,37.95,66.99,0.73,94.06,0.65,189425.9952
6356,378964.0034,1303.0,2,436.63,21.75,85.37,38.24,91.57,1.49,448019.7208
6357,483438.0362,1158.05,5,389.98,1.71,9.35,1.34,95.61,0.41,608368.4738
6358,410418.3467,1438.6,2,106.4,8.61,11.53,10.67,96.44,2.16,578444.8987
6359,225008.3958,1215.8,1,140.13,44.02,75.45,20.89,98.2,1.14,116035.0288
6360,268498.1044,1396.11,2,149.42,46.15,63.25,29.82,96.07,1.48,279610.689
6361,352173.3385,982.47,3,664.33,19.43,27.53,18.15,93.97,1.6,426989.0261
6362,718874.5015,1291.17,2,156.29,44.5,60.25,5.7,93.03,1.0,481970.4464
6363,277678.3584,1360.01,2,165.16,37.04,77.89,10.63,88.16,1.85,205424.9541
6364,121533.3732,1207.69,1,716.4,29.0,13.35,19.98,88.5,1.29,25365.84691
6365,499032.2694,550.0,3,397.37,29.46,14.24,11.72,93.85,1.38,379607.2239
6366,653440.5314,1273.03,3,525.41,47.08,69.36,22.67,95.25,0.89,602529.484
6367,428460.5792,1818.24,2,790.74,44.36,61.0,12.82,90.81,1.59,413813.0576
6368,429661.366,1209.09,4,298.47,36.1,66.99,21.57,98.12,1.31,514762.559
6369,312620.9171,1113.56,1,38.55,26.2,53.25,36.17,99.9,1.49,171896.0326
6370,435482.2208,1479.39,2,538.78,3.77,44.26,2.68,98.47,1.92,487644.0243
6371,261380.4163,1376.46,2,620.53,43.32,39.55,32.62,88.42,1.08,169545.6073
6372,208975.1804,550.0,1,68.17,63.39,46.67,3.82,85.23,1.82,175721.8305
6373,277613.6908,1839.78,2,970.42,13.55,46.37,40.66,99.9,0.61,295321.6701
6374,228529.6801,1313.71,1,839.16,39.14,83.71,22.42,96.84,1.38,154763.4133
6375,502126.3337,1264.62,3,479.7,49.7,7.31,19.74,93.91,0.72,534810.0758
6376,276203.1453,550.0,2,335.9,43.48,19.33,25.76,96.4,1.22,253898.9156
6377,136788.5121,550.0,1,589.75,29.66,101.9,22.36,92.29,1.42,51581.59873
6378,474085.9329,1443.7,1,193.93,24.69,67.64,0.93,91.46,1.51,403757.3779
6379,284573.5039,1119.47,5,1157.72,22.86,22.65,5.97,89.01,1.68,382288.287
6380,294657.38,1480.48,1,1058.42,9.74,21.59,18.03,94.77,1.62,289328.2996
6381,290794.3398,550.0,2,665.99,54.87,41.35,36.98,81.07,2.21,328507.797
6382,239669.8073,1161.42,3,314.41,26.21,69.75,17.1,95.17,2.29,200982.3173
6383,404764.9182,1442.25,3,564.09,10.33,35.52,22.0,92.45,1.18,500090.3521
6384,216663.4381,837.35,1,464.09,39.42,8.64,14.07,82.06,0.72,133694.9109
6385,249306.0817,1312.12,2,821.74,18.96,53.84,6.32,85.51,1.66,354201.8406
6386,323162.2459,1393.1,3,461.68,20.57,2.05,21.89,97.64,1.53,194565.4093
6387,379303.0371,966.94,5,674.08,6.77,58.14,2.06,97.52,1.04,490902.7079
6388,146327.6155,550.0,3,874.61,43.33,72.76,23.3,91.17,1.04,95787.6041
6389,312105.731,852.81,3,336.31,19.94,4.34,3.43,91.61,1.19,547112.6217
6390,414343.7851,1120.96,2,287.48,42.54,51.16,30.84,86.5,1.78,290766.799
6391,123457.3985,550.0,2,1074.17,58.86,45.73,35.87,86.16,1.82,22677.63184
6392,245587.7622,1051.25,4,602.87,32.64,14.07,19.95,91.3,1.82,325816.8113
6393,427661.1892,1372.34,1,659.51,6.97,34.43,20.47,90.63,2.42,244152.4085
6394,235289.3911,550.0,1,512.94,15.07,62.47,52.17,84.46,1.72,327293.6543
6395,485993.7025,1016.55,4,858.46,12.71,39.27,37.92,99.58,1.06,356721.2944
6396,342679.5368,1995.6,3,832.96,30.72,69.53,7.08,92.57,0.95,805674.6813
6397,314184.2177,763.68,3,769.51,25.94,2.8,10.0,90.33,1.57,359935.2467
6398,474627.2892,1855.43,1,470.89,21.83,56.53,8.58,96.3,1.69,554948.6208
6399,314770.5371,550.0,3,257.76,61.99,66.89,22.51,99.9,1.72,328492.6736
6400,485449.7041,1575.85,1,807.83,26.97,9.78,22.73,98.61,1.86,728560.1823
6401,436246.4072,1351.01,2,466.5,22.02,40.52,27.53,94.49,1.07,335914.6504
6402,235206.2377,1442.29,1,549.36,9.6,93.97,6.74,92.4,0.48,308168.5753
6403,308517.5187,1065.43,3,849.67,8.17,78.26,33.08,88.8,1.28,353381.6915
6404,195620.7025,823.43,1,723.64,13.51,5.04,30.86,96.3,1.3,93361.72987
6405,161135.927,1355.66,4,213.57,38.9,64.93,18.11,91.99,1.26,90486.23136
6406,288022.9267,805.25,1,394.34,36.98,13.26,5.99,99.52,1.33,202189.3727
6407,155525.584,694.91,2,844.13,28.05,53.35,8.84,92.05,1.58,98655.13968
6408,586566.5032,951.57,3,1060.24,44.36,49.48,16.57,94.83,1.48,764659.9276
6409,247526.258,1001.08,1,439.99,33.83,19.44,13.77,91.73,1.54,217389.262
6410,167505.027,550.0,2,358.44,33.05,82.54,37.2,89.04,1.27,187325.0791
6411,378154.426,591.37,2,611.89,31.45,39.34,8.41,91.92,1.53,283575.2839
6412,147636.2983,824.72,2,202.39,50.74,94.81,29.98,83.95,1.39,65538.52797
6413,379212.9742,781.76,1,459.17,23.35,17.66,25.06,96.53,1.61,454528.7807
6414,314438.3722,550.0,2,761.44,34.19,3.49,11.6,96.87,1.71,278035.4558
6415,167060.5385,735.97,1,144.0,43.21,90.38,45.42,98.31,2.02,143456.558
6417,495641.0722,2084.71,3,752.92,38.97,53.43,0.89,97.56,1.26,642628.0949
6418,277576.4536,1232.47,4,158.27,45.65,101.56,11.9,97.1,2.01,185329.4178
6419,713417.5022,1028.15,5,785.22,2.21,24.63,13.38,97.07,0.62,469160.6223
6420,208961.4829,774.03,1,322.18,6.63,46.5,36.53,90.34,2.15,144043.1276
6421,429472.0052,789.19,4,718.26,37.2,56.55,19.7,94.27,1.56,312224.1446
6422,162039.485,746.7,2,910.72,21.98,100.02,37.64,88.75,1.73,112942.5734
6423,469642.9725,1154.31,2,321.39,43.9,15.68,21.34,96.83,0.76,417000.4103
6424,239748.4523,678.96,2,359.9,11.45,6.65,4.07,86.27,1.79,306358.7502
6425,241167.3799,759.96,4,576.92,19.22,48.31,17.47,91.24,1.8,164798.1988
6426,331064.9391,1002.74,1,667.04,49.78,19.67,16.97,99.9,1.48,269030.1046
6427,196299.6935,943.11,2,780.54,38.12,72.2,21.59,99.9,1.6,121014.9423
6428,377809.1796,1429.13,1,526.14,54.18,8.28,2.22,96.27,1.32,287705.6188
6429,92774.04799,670.81,2,777.24,46.45,5.82,19.03,90.0,1.1,10505.83786
6430,117990.6467,998.58,1,667.16,27.23,53.43,19.04,86.72,1.24,19274.32592
6431,490977.0892,2009.45,1,292.74,16.29,1.29,5.08,87.73,1.53,685110.2563
6432,330731.053,550.0,4,290.16,20.37,124.49,2.85,97.47,1.24,300709.3625
6433,144362.9708,680.27,1,389.08,11.22,73.45,24.28,99.9,0.88,72590.82719
6434,129672.0774,611.16,1,246.48,65.47,32.18,31.63,98.13,0.94,52188.69462
6435,225175.9645,609.74,2,487.58,22.79,20.66,33.56,99.9,1.64,125434.9326
6436,467118.2498,1893.71,2,701.27,56.29,88.05,6.43,98.85,1.37,459248.0135
6437,141189.5276,786.87,2,866.61,43.0,52.62,6.05,93.8,1.56,64558.8037
6438,326517.4819,1282.25,3,1107.92,27.25,73.6,27.75,95.75,0.48,510402.6408
6439,360835.3173,1466.12,2,564.1,13.4,6.97,15.6,92.24,1.36,658132.1823
6440,214983.3516,1148.7,2,555.46,3.27,100.13,28.76,93.35,1.49,257736.8465
6441,354489.5646,1275.71,1,627.16,2.92,82.05,4.3,95.33,1.43,260983.2642
6442,315279.277,1528.68,1,113.22,37.26,27.43,18.1,99.36,1.82,232647.3393
6443,326597.9895,1877.12,4,301.79,38.96,62.96,9.97,86.24,1.02,537724.1298
6444,208876.8089,1076.4,2,384.06,53.42,2.28,16.98,91.07,1.77,173362.6991
6445,131244.7598,926.04,1,750.91,22.59,32.98,38.54,97.41,0.84,42537.09138
6446,664307.114,1657.31,3,336.55,26.31,57.89,0.61,89.93,1.03,453408.7451
6447,172426.9023,617.7,1,337.07,51.47,77.58,22.41,91.94,0.97,94243.94994
6448,292991.195,1647.58,2,501.87,47.47,63.7,4.11,86.15,1.58,510372.4307
6449,444847.9144,1813.67,2,575.13,10.48,12.44,9.59,80.5,1.44,349740.6354
6450,262977.1506,915.19,1,716.4,34.5,61.39,26.67,96.93,1.02,162168.827
6451,353651.7208,1156.5,2,708.0,4.54,13.62,6.92,90.12,1.77,699575.9511
6452,334043.8965,1162.05,2,331.68,10.46,64.36,14.26,95.52,1.48,224224.9161
6453,490827.0104,1316.24,3,417.11,8.5,41.5,11.03,92.38,1.8,432857.0727
6454,299913.9487,697.13,2,430.79,68.64,84.78,10.78,92.23,1.77,232527.2587
6455,384970.3986,746.67,2,834.86,10.4,56.9,12.47,99.9,0.99,322504.6686
6456,358474.0473,863.02,2,105.48,77.15,46.46,37.37,95.26,1.86,304209.7172
6457,415496.8971,1022.52,2,327.59,18.7,74.58,24.48,99.9,1.53,251607.4599
6458,116897.0428,1010.89,2,581.64,44.39,11.69,14.44,90.98,1.86,16130.50967
6459,407106.8769,550.0,3,323.79,35.63,65.26,16.52,99.9,1.65,263236.5367
6460,107724.4395,555.25,2,505.36,48.61,66.84,34.48,97.26,2.66,18880.02415
6461,104023.8176,715.82,1,320.74,1.88,90.69,7.36,99.34,0.82,10303.33814
6462,349603.0109,844.2,3,1250.86,11.25,32.04,8.64,99.9,0.91,304657.2905
6463,297282.1405,828.24,4,552.66,23.73,73.67,11.49,99.35,1.65,164528.2342
6464,229955.6612,937.7,2,471.65,12.76,71.17,0.84,99.9,1.84,191969.9027
6465,328123.2611,903.59,4,341.22,14.71,11.44,31.17,99.39,1.02,516332.3702
6466,270178.5985,579.98,1,540.09,18.15,6.39,14.08,94.43,2.03,152352.5201
6467,336360.7681,1310.14,3,922.79,48.03,22.62,8.42,94.52,1.06,501106.3332
6468,127826.9011,1289.57,2,575.73,50.43,85.11,22.33,96.03,2.43,50673.99419
6469,521028.8945,1626.92,3,72.4,21.31,17.3,19.83,88.62,0.94,615969.7036
6470,202885.8129,1151.06,1,702.13,44.28,56.91,2.66,87.92,1.48,212238.0074
6471,215469.7393,1429.28,2,167.92,11.73,105.58,41.6,86.59,1.65,341183.1146
6472,504576.2147,1536.89,4,26.83,33.68,73.96,1.92,88.33,1.55,588985.3169
6473,411074.3785,550.0,1,187.73,35.3,58.55,42.59,95.5,2.54,343818.9069
6474,153297.265,1037.35,2,934.92,48.03,13.84,41.71,94.51,1.49,110472.565
6475,432179.2694,1885.27,1,385.69,34.29,63.41,29.06,92.97,1.98,341604.2501
6477,317623.7007,1305.44,2,401.45,12.72,58.49,7.95,96.11,1.69,335768.0375
6478,620197.351,1956.12,3,740.73,17.69,119.21,19.65,92.85,1.38,818970.1592
6479,442071.1893,1952.56,2,541.56,24.88,28.95,16.11,95.83,2.01,372658.3184
6480,286724.3972,1071.37,1,98.52,49.99,41.23,35.06,93.91,2.27,417718.8613
6481,313402.4745,820.98,2,285.53,5.74,79.73,7.36,94.05,2.87,316250.9135
6483,305738.6039,1272.43,3,405.29,41.68,88.79,9.64,87.94,1.14,355374.5595
6484,481834.7107,1877.38,2,179.95,32.44,67.35,5.92,99.9,1.14,379278.7785
6485,215487.0718,965.58,2,152.39,21.51,34.21,6.03,99.9,1.53,155353.2407
6486,223352.04,641.56,2,515.97,22.57,24.86,43.79,99.9,1.31,316166.1518
6488,330865.3714,1316.69,1,271.12,9.88,8.17,4.67,99.42,1.13,486006.0717
6489,180707.6909,810.88,3,413.01,45.42,76.84,17.03,94.36,1.81,109579.1331
6490,220880.9254,550.0,2,480.89,0.75,65.57,21.56,99.9,0.76,213407.352
6491,226612.8674,1076.36,2,229.16,39.77,28.01,41.21,92.82,1.73,116071.8746
6493,156171.1634,550.0,2,922.59,23.84,106.79,16.78,96.65,1.54,142974.7413
6494,260869.6178,588.48,2,323.87,29.81,25.23,0.32,90.92,1.48,214939.0735
6495,138983.7605,690.56,1,521.09,57.03,9.12,33.15,88.82,1.16,107858.3022
6496,476570.3733,935.16,2,462.56,24.47,116.64,2.44,88.24,1.27,352752.5703
6497,442991.002,1597.52,1,645.37,22.63,96.78,18.18,87.75,1.51,275149.0196
6498,133864.1422,692.84,2,248.6,39.27,26.82,31.67,95.32,1.34,115118.6262
6499,362671.8785,943.97,1,513.09,5.9,9.26,21.96,92.72,1.26,342882.0907
6500,385316.8073,1277.53,1,826.49,17.07,40.09,28.51,90.0,1.66,335992.2879
6501,359154.4452,910.32,4,929.41,54.3,35.15,21.17,89.69,1.86,383706.6224
6502,478799.9918,1040.5,2,398.24,21.78,33.69,7.56,93.19,0.79,283558.7731
6503,362504.8069,1016.18,4,784.06,37.43,41.03,2.22,97.25,1.53,215725.6655
6504,154444.6512,550.0,2,549.2,63.05,10.54,17.68,94.52,1.08,154245.4734
6505,347978.7027,573.29,3,343.71,63.91,78.92,28.0,93.77,1.34,249000.303
6507,120438.0192,666.18,1,320.07,56.8,91.43,20.78,99.7,1.45,75705.79374
6508,108820.2578,550.0,1,735.4,56.12,8.93,35.4,95.52,1.08,32397.10737
6509,471910.8547,627.46,1,174.16,49.24,5.62,19.93,92.62,1.45,385928.8811
6510,146485.2203,757.44,1,732.86,35.36,50.08,22.21,96.8,1.28,84151.0427
6512,269349.8726,1305.82,3,347.3,41.32,15.75,19.05,98.87,1.93,290575.371
6513,410941.3399,1273.23,3,351.19,23.78,41.57,22.23,90.11,1.55,338932.2149
6514,146057.4532,550.0,1,394.66,0.76,78.51,15.41,92.5,0.77,64620.33287
6515,176525.3283,1095.53,1,347.73,38.92,88.28,30.45,92.85,1.72,130984.8273
6516,281770.5456,550.0,3,460.46,24.03,80.76,7.39,90.1,1.59,228963.9573
6517,390564.6804,726.14,3,957.37,16.79,49.02,1.79,91.36,1.22,296810.6742
6518,472464.2443,1257.46,2,947.12,47.68,17.86,10.54,95.14,1.15,648597.1414
6519,370626.9651,1723.29,3,439.27,24.06,7.13,5.27,98.29,1.63,404578.7748
6520,140708.0612,550.0,1,572.87,6.33,37.22,3.19,93.07,1.2,115558.6243
6521,309380.0587,1142.73,3,459.29,14.85,58.58,10.97,87.7,2.11,231484.3086
6523,260957.2328,558.32,1,734.6,8.26,38.79,12.56,92.51,1.12,320882.9168
6524,194706.3253,792.46,1,181.11,33.25,58.12,16.11,97.32,2.13,122547.7827
6525,165341.6144,550.0,3,72.28,66.56,87.37,20.48,96.32,2.07,203468.3348
6526,492994.8442,2269.73,2,392.97,82.91,2.87,30.98,92.58,2.26,448007.7042
6527,242256.6414,610.36,4,932.39,9.75,114.67,9.57,81.73,1.99,175846.1011
6528,494047.2404,1169.3,2,376.64,53.9,21.16,10.44,99.9,1.96,604883.8945
6529,354100.9924,1023.07,1,55.58,13.02,15.38,3.08,94.05,1.53,350043.317
6530,669964.7707,987.0,4,538.63,27.97,5.77,8.94,94.58,0.71,448147.8504
6531,209285.2461,550.0,3,586.95,62.88,45.52,3.7,92.04,1.42,206386.6225
6532,196597.1681,821.78,1,782.35,35.37,16.02,0.76,94.07,2.3,155516.4024
6533,426977.423,1174.4,4,1033.01,30.65,2.22,8.94,99.9,0.7,468757.1622
6534,262641.6608,716.33,4,305.78,42.94,18.82,6.4,93.91,0.54,364040.1582
6535,589555.3422,1646.56,2,210.68,16.06,28.95,27.64,85.92,1.28,468206.7473
6536,112980.7449,550.0,3,256.21,28.98,11.13,19.36,92.78,1.73,39224.57534
6537,270472.6964,1478.81,1,421.19,13.92,24.46,25.23,95.44,1.49,189545.3847
6538,276114.303,792.58,1,809.23,39.59,14.98,2.07,99.9,1.11,313559.377
6539,328263.1244,923.61,3,436.96,37.14,54.09,3.43,94.05,2.09,491102.4804
6540,688892.6236,1496.97,2,2.36,36.21,56.53,20.19,95.63,1.14,638079.8857
6541,249538.9243,979.58,2,305.22,18.19,64.78,8.24,98.14,1.44,254701.7679
6542,461043.3516,1017.82,3,517.42,24.67,106.85,9.35,99.49,1.72,461018.6879
6543,202882.9458,822.69,2,536.32,24.25,91.74,16.02,91.84,1.99,204624.7222
6544,158321.5341,972.63,3,511.34,31.4,74.77,45.34,96.12,1.51,62319.30542
6545,395370.0208,1864.1,1,771.54,8.11,12.75,17.27,90.35,1.24,659442.2232
6546,154990.6295,1173.08,1,796.16,8.1,11.68,13.8,99.9,1.55,90378.47114
6547,280826.7251,774.57,2,633.56,21.05,56.93,20.08,92.5,1.11,184011.7978
6548,316805.749,1274.02,2,739.25,22.13,54.11,19.8,90.93,1.35,302066.2808
6549,474034.7618,1507.65,2,558.08,23.71,52.37,0.41,99.9,1.34,431603.9221
6550,182818.7408,550.0,1,206.6,31.93,10.15,13.52,92.5,1.06,117847.2052
6551,207894.5331,612.16,1,468.01,33.15,12.93,2.13,97.2,1.12,177826.8555
6553,101762.9942,1168.46,1,13.21,29.58,51.98,12.09,89.53,1.73,40447.49944
6554,208765.4992,550.0,2,550.75,10.32,19.23,7.15,84.49,1.51,134631.5138
6555,224345.928,550.0,2,462.36,24.1,30.57,8.05,96.83,2.5,124130.0211
6556,174603.251,852.22,2,368.43,39.06,90.55,26.21,86.53,1.5,133754.897
6557,497949.1295,1820.82,1,94.82,31.5,57.62,12.11,96.25,1.05,807154.6347
6558,122930.8342,550.0,1,734.61,32.58,91.05,8.55,90.02,2.09,52957.09809
6559,209259.0513,762.24,2,294.87,23.64,29.49,2.7,98.69,0.86,162776.3789
6560,220819.4242,1498.97,2,654.91,33.71,41.69,38.04,99.9,1.62,402786.3073
6563,152833.1358,550.0,2,489.29,20.3,21.14,6.84,99.04,1.65,107897.3555
6564,232632.9085,1156.67,2,484.04,30.35,60.91,14.63,99.9,1.14,373250.4189
6565,310305.5598,957.72,2,722.53,29.57,28.0,32.91,93.8,1.42,246613.2645
6566,473517.8678,855.68,4,556.58,14.53,30.63,2.16,89.7,1.53,335878.0858
6567,173956.117,1117.45,1,85.43,0.62,24.14,20.2,91.99,1.72,158798.3802
6569,189339.7203,1409.03,2,223.2,34.36,37.16,6.91,86.76,2.22,260387.0456
6570,228969.0716,550.0,2,69.49,11.04,50.96,5.79,89.7,1.66,129264.4337
6571,273012.2059,756.26,3,104.8,37.59,35.28,7.57,95.53,0.96,364701.8037
6572,223063.3335,550.0,1,574.79,0.28,38.07,24.19,89.1,1.71,188246.5351
6573,347849.6113,550.0,2,710.71,54.04,67.76,6.4,92.64,1.58,231804.6345
6574,120328.5623,1047.19,1,127.56,21.2,64.43,25.27,86.94,1.85,70365.55638
6575,150699.6303,550.0,2,400.32,25.54,14.08,34.83,91.1,1.57,58696.16408
6577,142777.9562,882.69,1,404.84,52.67,5.51,18.98,90.63,2.68,90099.95811
6578,329248.5451,1995.91,3,612.47,53.15,13.39,19.38,96.04,1.02,369885.6896
6579,359093.1204,786.27,3,669.72,17.43,30.71,26.77,90.74,1.56,362019.1259
6580,235222.632,1161.41,1,585.72,71.65,58.03,13.0,91.45,2.12,297067.6597
6581,332765.5843,2241.44,1,923.45,32.68,40.78,20.56,85.36,2.14,452388.3633
6582,170764.9409,1013.29,1,48.9,38.19,103.3,17.95,86.94,0.66,142606.9605
6583,252073.0135,700.49,1,596.34,40.61,53.29,1.6,94.11,1.52,155392.0039
6584,268097.0147,550.0,4,644.33,29.23,0.02,12.27,95.34,1.05,165146.6065
6585,284028.9716,1213.55,2,1224.48,30.91,26.43,3.29,99.9,1.93,296598.4268
6586,405519.9775,1230.2,1,300.73,25.03,32.61,15.7,93.44,1.97,297807.2245
6587,266337.8745,998.18,2,358.05,4.74,79.88,4.86,83.21,1.79,344306.9524
6588,322160.5006,1561.99,1,685.8,16.12,95.77,48.15,94.11,2.05,322262.7483
6589,376548.3196,934.16,2,395.8,20.65,2.59,24.9,93.09,1.32,248410.0275
6590,150168.9155,550.0,2,247.21,19.52,2.34,20.81,90.06,0.52,103926.4517
6591,307105.4905,694.46,2,358.04,48.21,49.09,47.46,98.44,1.89,243341.0341
6592,480828.826,1211.22,2,590.32,7.51,59.0,17.51,96.59,1.54,406295.9151
6593,225542.0184,585.01,2,536.05,23.38,65.9,20.22,98.71,1.02,140944.4679
6594,273380.3483,684.2,1,625.16,32.37,10.43,19.72,93.44,1.44,225637.9041
6596,293436.3778,1402.62,2,716.27,56.54,31.15,29.88,91.84,1.76,224222.7358
6597,306202.9736,550.0,1,510.2,59.26,46.75,5.98,99.08,0.9,175787.9925
6598,99201.47008,550.0,2,698.47,41.82,60.11,51.01,91.44,1.8,12451.63372
6599,134447.8725,838.09,1,226.89,42.48,46.32,28.58,94.15,1.57,65663.62534
6600,443293.6067,1317.5,1,169.35,40.41,25.79,6.17,98.38,0.86,339885.6723
6601,125895.9984,731.32,1,574.96,4.2,94.5,9.96,92.69,1.69,80189.30012
6602,232875.4715,629.0,2,263.65,37.84,110.24,6.42,88.62,2.04,147363.7161
6603,274219.2224,550.0,2,286.94,32.64,28.7,11.33,92.49,1.3,155361.0485
6604,430556.8472,1092.09,3,211.16,42.45,14.13,6.16,93.94,1.16,445262.7591
6605,248450.0784,1008.55,3,1086.36,28.31,26.7,25.04,97.78,1.38,243140.9191
6606,126944.0027,930.07,1,290.71,30.15,45.87,19.92,91.91,1.19,65581.55281
6607,498653.2234,1921.88,2,1107.22,50.88,104.99,30.66,90.67,1.69,335206.6146
6608,132716.068,550.0,1,479.38,11.91,15.46,34.54,92.68,1.8,22989.28665
6609,486556.1798,903.0,2,968.45,59.96,109.31,20.93,95.21,1.14,501384.1015
6610,421953.7341,1021.92,3,397.07,55.42,17.54,21.88,95.0,1.43,300125.2625
6611,152006.1057,550.0,2,542.59,52.78,11.52,11.65,95.0,1.35,128211.193
6612,371156.6215,1331.5,4,355.76,41.94,0.47,15.92,91.76,1.82,421953.5409
6613,201344.7585,960.93,2,324.38,39.09,9.77,19.44,93.71,1.22,120729.1674
6614,337131.1589,1309.91,3,335.19,26.23,37.93,1.82,92.67,1.84,300132.9051
6615,239650.1284,687.13,1,439.45,5.77,17.68,7.31,89.79,1.61,178633.0214
6616,407894.8717,943.16,4,854.57,22.28,18.05,12.99,91.8,1.73,394265.8667
6617,324888.5534,587.82,1,756.76,6.09,35.71,15.81,99.66,1.3,262199.615
6618,355520.0706,1386.67,2,662.07,46.04,59.82,0.25,86.47,1.32,234246.4944
6619,173809.6441,1125.06,3,156.55,30.84,6.46,3.19,89.65,1.75,102388.8724
6620,121786.8176,930.28,1,2.75,8.77,90.78,45.94,95.6,1.64,64905.60061
6621,311418.5885,1362.72,3,1044.39,57.7,54.1,12.39,86.41,1.94,260118.3243
6622,328661.4105,579.17,2,414.2,35.56,33.84,39.41,99.9,2.59,234594.7157
6623,237962.8901,960.58,1,272.94,21.26,84.02,18.42,94.85,0.49,205277.1084
6624,349996.2652,820.88,4,116.81,19.75,10.35,4.79,97.95,1.7,278904.5951
6625,154133.2594,550.0,1,528.78,11.76,24.05,33.89,95.02,1.98,88166.13526
6626,162277.0033,835.93,1,498.89,34.48,19.62,23.36,99.9,1.2,161509.0058
6627,178287.6262,1275.64,1,514.5,18.05,46.18,13.27,99.84,1.63,159001.4417
6628,542507.0004,1179.85,4,28.74,40.75,17.98,10.55,95.49,0.92,428994.4817
6629,246670.9632,1206.48,1,693.8,15.44,111.5,26.6,85.63,2.12,165545.7051
6630,439717.8031,1825.36,4,743.7,21.25,53.53,6.74,92.37,0.49,597928.3551
6631,550774.8003,1360.67,2,941.43,17.12,3.16,5.15,98.74,1.88,405077.5331
6632,102085.3713,706.79,1,210.71,52.78,49.29,19.56,93.92,1.4,4828.725067
6633,585904.7904,1569.27,4,418.54,25.32,87.5,1.82,89.97,1.15,581150.1265
6634,542916.9681,957.1,2,803.31,44.63,76.78,27.19,91.18,1.73,435892.6581
6635,376453.156,1614.78,2,516.29,7.34,98.94,21.96,86.59,0.7,393151.7691
6636,288012.2965,693.68,3,737.8,44.94,70.06,14.88,90.28,2.21,432136.0664
6637,439281.9156,886.39,3,485.42,22.84,3.81,23.14,99.9,1.41,271144.2114
6638,288071.6792,853.67,1,493.31,30.62,43.94,0.23,87.08,1.44,203135.0878
6639,157945.5228,642.05,1,346.7,34.79,16.66,23.39,90.78,2.2,85939.02008
6640,254732.3594,1459.44,1,807.54,23.28,23.63,14.21,89.43,1.7,402405.7518
6641,353477.4283,1655.56,3,928.97,28.7,35.97,10.95,92.26,1.44,402477.0423
6642,222140.2512,1092.1,4,671.69,36.74,8.79,25.3,99.9,0.97,322533.4323
6643,181478.3887,993.55,2,775.57,1.46,43.82,20.5,90.78,1.39,106264.5025
6644,214955.9156,1027.76,1,890.53,35.71,131.99,18.37,85.18,1.05,216790.5367
6645,301719.5129,696.19,1,444.87,40.95,72.5,10.94,84.67,0.41,250301.8955
6646,508161.7436,1003.45,3,734.38,45.02,13.69,13.37,99.89,0.75,466053.3767
6647,148936.4237,550.0,3,879.06,31.85,42.28,5.9,90.0,1.81,90074.10311
6648,106858.1898,550.0,1,498.66,23.66,41.49,24.84,86.71,1.51,18482.40328
6649,257055.2759,937.88,3,491.91,17.61,10.5,1.57,94.62,0.18,681644.3535
6650,343455.0967,1057.59,3,302.05,18.67,52.69,25.17,99.9,0.26,360638.4781
6651,439149.8153,1381.41,4,333.15,39.74,22.7,0.36,88.82,1.16,647819.9562
6652,169669.0713,1153.38,1,843.0,6.17,2.35,40.3,84.45,2.14,67929.8374
6653,247083.9187,1722.21,1,397.88,47.86,24.29,8.57,99.9,1.28,375819.9674
6654,290976.1554,1455.1,3,319.95,17.4,38.76,6.0,99.9,1.11,372130.2171
6655,436059.7709,1081.25,3,861.93,12.81,55.59,6.1,92.93,1.77,360306.3148
6656,291614.0944,1043.59,1,708.55,40.54,85.13,12.28,89.53,1.37,300304.2994
6657,268007.5101,784.56,2,1061.5,3.64,2.66,5.48,97.77,1.19,294394.8671
6658,368325.8931,1567.18,1,1056.24,7.67,34.74,22.53,97.04,1.59,280102.9819
6659,211546.9364,600.98,2,116.32,15.37,15.31,17.32,89.48,1.39,224866.6197
6660,337815.4161,660.98,3,424.88,41.39,113.54,10.79,92.85,0.58,317228.6407
6661,110294.775,1007.21,1,363.11,5.86,48.97,4.91,98.59,1.48,42440.63879
6662,546443.9519,1607.84,2,744.42,34.17,82.91,21.75,96.17,1.27,492837.5405
6663,223181.4722,550.0,1,695.03,19.96,31.79,8.63,99.9,1.93,114123.5629
6665,99338.70513,754.7,2,411.51,20.47,24.71,3.09,89.98,2.24,28354.3296
6666,134019.7898,1013.83,1,847.51,47.17,49.53,19.95,91.6,2.38,34080.24698
6667,415443.2647,550.0,4,708.54,3.66,43.87,3.35,94.42,1.43,366809.4298
6668,408009.4866,928.36,3,749.46,3.08,5.25,3.78,95.27,1.22,372912.2109
6669,537982.891,926.57,4,138.13,55.14,84.76,18.63,86.19,1.09,445181.9618
6670,575023.6845,1810.83,3,801.94,7.63,56.97,4.33,99.9,1.44,481781.2086
6671,202014.9337,661.64,2,703.67,36.01,22.11,0.75,89.58,1.26,79531.61924
6674,169795.2958,550.0,1,658.01,63.86,58.33,32.19,99.9,2.42,147684.6701
6675,333010.0784,1199.9,4,416.99,61.23,33.54,23.03,93.56,1.17,393523.8211
6676,450943.7717,874.68,3,305.14,29.53,74.06,42.13,85.12,1.66,537355.9343
6678,398607.9416,1756.64,2,946.52,12.64,61.67,3.9,97.82,2.12,369492.5236
6679,266981.4133,550.0,2,143.45,18.98,80.88,28.25,90.66,1.96,137220.1701
6680,108814.7493,808.03,1,401.62,31.34,47.0,19.64,98.47,1.05,20057.45809
6681,216374.8129,1037.41,1,76.03,64.7,21.47,0.8,85.54,1.92,177525.0386
6682,189391.0331,1139.0,1,1191.61,19.29,20.2,0.11,88.77,1.77,284792.6505
6683,398883.5375,2003.59,1,270.14,36.17,78.03,32.98,86.99,2.04,368853.6938
6684,306655.055,550.0,1,319.65,8.59,3.36,14.24,97.18,0.73,249008.2782
6685,271185.4808,1537.35,2,659.73,20.39,34.3,1.79,91.74,1.24,418056.8035
6686,190929.7288,1401.07,1,861.91,6.95,19.51,13.62,96.16,1.15,140428.5889
6687,557698.2794,659.08,4,765.5,16.99,84.6,27.11,96.09,2.04,330369.3316
6688,432952.5713,550.0,1,792.92,3.64,66.89,20.6,89.34,2.07,524761.3555
6689,319491.2253,780.97,2,703.17,39.25,36.12,16.38,92.19,0.57,200545.109
6690,157110.9364,636.04,1,150.3,20.56,91.23,17.58,99.9,1.99,70039.72972
6691,401065.9409,765.63,2,491.0,47.8,61.86,20.33,99.9,1.54,272601.7753
6692,313766.7632,550.0,5,692.32,28.71,48.35,16.95,94.63,1.44,344889.3966
6693,403224.7699,1914.87,3,273.61,30.67,7.95,13.35,91.49,1.67,684734.5213
6694,432190.1311,697.99,2,418.29,2.88,34.05,2.37,99.22,1.26,433339.1434
6695,118599.8402,601.22,1,217.01,45.49,74.43,3.32,91.92,1.64,4989.729608
6696,129603.5386,550.0,2,405.5,48.67,29.18,28.92,89.8,0.86,57497.61614
6697,277380.0021,1222.1,2,400.08,23.77,22.96,19.91,90.95,1.17,420796.2035
6698,195228.6598,826.08,3,340.94,70.57,7.51,8.48,91.82,1.66,109298.8332
6699,102580.7852,611.64,2,583.16,25.03,44.69,15.21,94.28,1.05,25882.86881
6700,256817.128,1493.56,3,587.84,64.1,89.79,14.7,93.37,1.86,283925.4965
6701,204755.9384,1131.51,1,374.16,29.97,103.67,16.6,94.07,0.91,142052.308
6702,208322.3964,550.0,3,311.23,32.54,95.99,18.29,90.21,1.36,176421.9074
6703,292801.6032,1176.34,3,916.2,2.57,42.31,16.69,96.33,1.43,192954.2589
6704,239318.3161,1817.51,2,796.01,39.32,25.04,18.16,91.06,1.73,382243.0397
6705,373959.1605,805.99,4,418.21,12.08,46.17,22.09,97.94,2.01,325132.5206
6706,309935.7079,958.57,3,387.23,6.1,91.54,9.87,83.68,0.99,300279.2569
6707,309154.0514,1963.87,1,607.45,28.65,78.78,5.02,89.69,1.21,346261.3087
6708,108952.4699,813.45,1,185.01,44.54,13.08,19.98,99.9,1.41,-2857.780172
6709,195910.5248,726.61,2,334.11,49.31,19.28,14.61,88.48,0.83,222983.7018
6710,123287.2506,648.96,1,817.19,21.12,18.85,3.02,98.19,1.51,18473.72053
6711,124195.6191,856.29,1,1013.59,36.53,53.66,31.67,97.43,1.2,43330.53023
6712,248630.6713,1173.95,2,677.96,4.18,54.4,40.07,92.84,1.25,361002.8213
6713,262996.8434,1793.09,3,590.12,21.67,76.82,19.66,92.89,1.66,320453.293
6714,323908.0938,1428.56,1,661.4,18.62,35.0,17.28,99.9,1.13,208845.1433
6715,136314.9004,550.0,1,743.46,49.68,50.21,24.7,96.97,0.73,93880.29821
6716,571602.0232,2111.58,1,676.72,10.31,30.62,15.1,89.52,1.15,565316.233
6717,240851.9783,1201.96,1,917.7,1.26,47.68,23.98,93.33,1.35,205642.7164
6718,354191.3722,989.91,2,596.22,13.46,20.72,4.86,99.9,0.88,259075.4943
6719,208841.2735,847.12,2,430.48,14.9,124.71,18.6,88.31,2.33,95786.87268
6720,284755.1279,923.99,2,358.02,21.18,15.02,15.61,94.78,1.19,416903.0959
6721,251984.0737,1655.49,2,607.94,9.66,14.08,6.03,94.35,1.55,376378.7618
6722,175483.1363,1247.13,1,570.45,56.62,66.28,11.14,95.19,1.95,133145.9071
6723,218754.4913,749.67,2,762.83,31.52,17.74,42.55,96.51,1.09,249140.9594
6724,179792.2036,550.0,2,548.27,17.03,35.57,2.63,96.43,1.72,201095.8696
6725,297585.6719,1451.47,1,665.48,28.07,39.03,20.66,88.11,1.47,290005.1014
6726,626772.5555,1790.43,2,205.98,58.46,27.69,27.7,96.56,1.61,542732.7312
6728,370193.4112,836.16,4,122.89,64.91,8.51,7.59,99.9,1.3,264033.6986
6729,482513.0285,834.77,2,655.14,10.11,6.51,21.97,97.0,1.83,354325.7885
6730,372007.9195,775.64,1,384.8,6.87,110.87,28.93,99.9,0.92,280170.5977
6731,332048.7969,666.65,2,110.8,4.65,12.1,4.85,94.21,1.41,225333.842
6732,206191.2904,1966.16,1,372.11,59.57,3.39,14.23,90.48,1.85,325761.3146
6733,385022.8356,1458.8,2,38.4,45.51,3.86,7.15,91.62,1.12,577574.3022
6734,385473.4938,986.1,3,412.02,30.1,89.26,50.18,94.56,2.77,263466.5669
6736,202583.5174,1030.28,1,530.0,1.22,35.43,6.55,96.0,1.37,232441.8575
6737,473795.637,1920.59,4,981.64,25.72,47.96,9.54,89.19,1.53,499175.0112
6738,146559.7638,550.0,1,603.68,5.03,104.34,42.05,98.26,2.35,53649.98602
6739,89507.31472,1015.18,2,568.72,36.93,25.05,33.12,95.04,1.33,-3168.778528
6740,375931.0308,2046.61,2,499.5,24.77,35.69,11.67,96.04,2.3,313706.2967
6741,101705.4364,669.92,3,393.47,73.91,117.9,18.77,95.31,1.87,29484.88889
6742,482233.8104,1976.75,4,545.12,15.31,89.54,41.64,99.25,2.14,522270.3372
6744,194450.1547,1085.44,2,435.75,27.6,30.29,37.94,84.71,2.39,164797.5634
6745,407908.1051,1646.74,2,359.69,61.03,35.46,27.57,88.33,2.17,265148.8427
6746,519447.7747,1296.86,3,572.74,27.45,77.97,23.63,89.87,1.11,428568.2303
6747,365462.756,1249.13,4,441.69,36.24,39.16,1.33,89.8,1.26,574496.6053
6748,282579.157,1161.83,3,911.19,13.47,5.94,8.36,99.9,1.4,334479.0491
6749,271978.4914,550.0,3,336.53,64.15,56.55,3.91,94.2,1.01,186164.8468
6750,181185.637,550.0,3,692.34,34.74,140.48,40.92,84.22,2.19,115122.1545
6751,315159.8112,550.0,2,461.72,3.2,3.78,3.88,85.83,1.64,179701.3624
6752,109704.9949,550.0,1,458.54,9.9,69.79,23.34,95.24,1.76,12739.11552
6753,231360.7667,1025.84,2,281.77,13.57,30.3,20.69,96.57,1.9,190206.1275
6754,152349.6387,550.0,1,231.56,62.76,25.23,23.98,99.9,0.96,67556.18777
6755,316992.3677,1546.07,3,664.26,57.35,25.11,1.78,80.76,1.47,528907.4753
6756,211981.4799,1186.46,2,286.16,25.86,100.12,34.24,90.91,2.15,90703.35133
6757,98378.32224,844.84,2,285.84,19.26,107.85,53.14,90.45,1.48,10784.92969
6758,640135.6395,1571.7,5,424.93,42.11,31.72,3.17,99.9,0.85,565777.9712
6759,407161.2967,1061.82,3,430.98,16.42,20.78,1.4,90.93,2.35,423250.8321
6760,114263.3668,550.0,1,756.47,28.51,53.61,16.83,91.88,2.58,37237.00617
6761,705950.4528,1280.95,3,824.24,49.04,6.26,14.41,93.46,0.54,517856.6916
6762,238735.4337,563.95,1,358.21,7.32,16.5,37.79,90.1,1.28,144867.1084
6763,325511.0531,1598.52,2,818.43,2.16,93.37,23.53,95.8,2.55,321531.0079
6764,461870.3293,1753.46,2,620.32,56.59,43.69,2.78,95.71,0.76,665993.4088
6765,174760.7324,550.0,2,799.8,30.89,6.82,12.21,92.95,1.41,250439.1841
6766,541898.1992,1488.74,5,7.24,18.6,50.35,0.32,99.8,2.32,557230.945
6767,116907.4444,825.43,1,452.41,80.57,97.62,11.27,87.45,2.44,32058.49004
6768,358729.7227,736.19,3,293.57,40.65,33.03,13.34,93.26,1.28,234078.0554
6769,599838.2651,2055.04,4,877.21,45.51,84.11,3.06,95.38,0.74,459984.2821
6770,360582.6831,1393.96,4,380.47,2.57,96.03,10.93,87.79,0.9,489161.6802
6771,137536.1443,944.66,1,994.34,30.02,14.57,11.03,94.92,2.07,92664.73507
6772,318126.9653,1143.1,1,286.66,45.32,44.78,26.59,96.55,1.39,193247.5099
6773,274641.4696,1432.58,1,894.26,18.24,10.58,24.9,95.49,1.53,479392.4023
6774,132679.1883,630.95,1,22.96,27.82,60.78,17.84,89.91,1.16,39061.33948
6775,105050.8383,660.8,1,221.21,33.27,92.32,12.74,91.38,2.5,10472.29772
6776,425016.2084,562.23,2,438.45,32.09,54.6,2.55,89.48,1.45,332453.343
6777,756412.1505,930.64,3,159.55,25.61,15.21,15.19,93.1,1.44,704574.0936
6778,203760.4846,891.84,2,731.06,68.74,31.8,9.57,97.41,2.07,170618.0334
6779,133054.8655,550.0,2,950.15,6.15,25.1,49.44,86.18,1.54,65042.84646
6780,113258.5348,811.36,1,1036.7,21.54,0.41,18.5,88.53,1.39,33502.16591
6781,682957.6831,1946.87,4,815.24,3.88,36.06,3.72,99.5,0.71,763628.0251
6782,242666.8636,942.63,1,628.54,40.96,61.55,10.03,98.32,1.53,171620.7794
6783,383859.4941,1291.36,2,614.33,9.42,47.06,19.36,98.41,0.86,396706.5208
6784,420101.7661,980.67,3,301.67,0.73,11.19,21.57,99.9,1.65,321309.7347
6785,281318.7199,1954.7,2,456.4,14.96,111.8,29.96,96.8,1.42,561957.3974
6787,284914.3038,1267.32,2,742.84,29.71,31.97,12.86,92.22,2.28,370857.963
6788,241756.4496,988.51,2,733.98,54.64,9.28,13.04,99.9,1.48,186110.2906
6789,391482.9572,1260.83,4,790.43,51.64,17.87,2.45,95.98,1.93,292755.523
6790,154177.1892,550.0,1,257.15,40.4,29.47,30.61,99.9,2.07,148154.9332
6791,228007.9217,745.2,1,642.3,9.3,28.63,0.98,99.9,0.65,149542.451
6792,474321.3116,1084.92,4,311.11,13.5,33.65,1.28,98.8,1.49,314023.376
6793,271838.2534,550.0,4,394.79,37.76,31.02,23.0,99.67,1.19,306389.4055
6794,161003.0709,1130.17,1,619.97,60.37,49.97,9.35,90.71,1.03,59711.34511
6795,335501.692,689.3,3,78.49,8.98,52.72,5.47,97.99,1.46,325702.4685
6796,250070.1344,1112.62,1,120.33,12.4,71.29,19.13,94.86,1.1,202639.1183
6797,245883.7511,1524.55,1,72.35,74.57,26.92,23.95,94.68,1.04,517890.7253
6798,568904.4179,1693.37,3,627.71,15.14,52.19,14.5,87.49,1.47,579742.7608
6799,242803.9532,709.22,2,488.94,47.73,31.88,0.0,89.78,0.97,311456.5819
6800,198085.8702,550.0,3,528.74,20.07,56.82,14.92,96.88,1.32,155384.2047
6801,607207.4653,2081.52,3,762.01,9.97,54.07,15.89,91.94,1.08,466122.9918
6802,290723.6744,573.09,1,71.09,25.32,64.07,25.99,99.02,1.32,154713.7239
6803,269629.0388,749.09,3,1150.48,27.69,20.16,2.83,98.23,1.57,150640.345
6804,248034.4002,1158.16,1,492.4,2.27,12.81,3.32,96.4,2.22,492653.3721
6805,247195.713,1126.79,3,357.44,74.35,13.98,27.98,97.86,1.32,380483.85
6806,630928.0722,902.07,3,906.51,49.76,98.35,13.12,87.01,1.28,406016.5694
6807,325843.6499,1554.05,3,609.36,40.46,78.22,8.38,99.9,1.27,380266.5678
6808,321657.1943,1055.67,2,445.05,31.25,29.45,26.04,94.24,2.0,259347.4688
6809,537768.8483,659.36,3,221.75,45.75,73.51,15.5,96.12,0.59,455253.5625
6810,373278.9981,934.05,2,243.86,11.23,4.54,12.1,96.37,1.58,201866.1946
6811,298909.3055,1063.19,1,195.27,6.81,80.2,20.55,92.59,1.65,191419.348
6812,261564.5218,1004.4,1,101.47,42.66,98.74,7.09,95.29,1.1,231064.7232
6813,231352.1189,579.75,2,656.08,2.54,26.87,29.38,93.79,1.57,135681.3355
6814,240514.5897,1063.7,2,68.76,40.27,65.42,13.32,90.14,0.85,262470.7281
6815,392213.2671,932.75,4,256.07,13.92,86.27,4.53,84.94,1.83,250191.6983
6816,272557.0395,768.35,3,740.02,24.76,31.93,0.9,94.12,0.66,267242.6338
6817,301973.537,1330.07,1,735.41,42.3,45.3,3.35,99.9,1.9,265920.9302
6818,269852.9375,707.61,2,560.06,35.34,39.35,14.82,87.85,1.08,191763.5425
6819,188010.3433,550.0,3,572.0,6.94,27.41,1.86,95.78,1.01,162199.4686
6820,278796.2627,550.0,3,290.39,63.27,14.88,15.72,99.9,0.96,385958.6291
6821,130890.354,728.55,2,322.41,12.46,77.31,16.04,87.96,1.43,27940.96715
6822,227419.5738,1067.75,2,765.84,10.23,20.3,14.59,96.39,0.8,167455.7409
6823,713993.1241,1326.29,4,174.91,13.25,33.4,20.54,94.7,2.11,443532.3627
6824,149985.9048,550.0,2,13.99,4.24,14.05,35.29,93.91,1.51,60408.39275
6825,161529.1313,671.5,2,481.64,52.18,55.23,15.78,99.9,0.51,111106.3921
6827,177048.5506,550.0,2,183.94,37.1,67.96,41.71,99.9,1.93,155731.237
6828,268056.2264,550.0,3,510.19,17.6,43.12,18.93,84.99,1.11,259201.9503
6829,283083.6431,762.97,2,778.49,63.01,7.04,12.92,83.62,1.66,370892.6448
6830,244642.5188,834.23,3,551.58,19.97,64.65,19.2,82.62,2.04,305484.4248
6831,363917.0858,1226.92,2,137.5,24.6,19.47,1.72,91.71,1.44,348552.8625
6832,495929.0495,1180.31,2,712.91,49.16,35.71,10.45,92.78,1.22,414414.7761
6833,131458.3242,550.0,1,241.47,73.02,39.74,30.08,92.51,1.29,37902.47803
6834,286857.3794,1637.03,2,72.67,20.51,76.25,1.86,80.74,1.15,369630.9571
6835,228448.203,1328.2,2,219.01,2.56,97.62,19.17,88.05,1.88,200765.2318
6836,351798.8598,1038.32,2,28.15,32.96,91.55,28.09,99.9,1.26,484340.2167
6837,97214.25526,550.0,1,380.44,55.26,0.37,11.4,91.82,1.9,-8356.902464
6838,228904.7746,826.42,3,549.53,39.7,87.64,16.22,89.16,1.23,157010.9117
6839,241318.3675,1473.19,2,283.37,2.04,53.6,2.95,94.42,1.54,151778.6514
6840,637845.1546,1749.76,3,920.71,17.61,64.98,23.76,88.21,1.75,434365.6303
6841,224401.1229,1125.41,3,708.78,55.35,5.39,34.98,94.68,1.45,236832.6297
6842,496358.2834,1454.39,3,25.06,22.2,78.07,24.44,93.67,2.11,319578.57
6843,421053.4107,1054.61,1,438.46,43.44,10.16,26.47,96.84,1.99,262624.3967
6844,214297.0732,1005.43,1,85.53,53.07,22.52,11.77,89.35,1.28,223764.4338
6845,135570.1211,1205.53,1,351.27,66.61,31.8,8.05,97.61,0.93,149191.2471
6846,111298.1421,550.0,1,59.73,4.79,24.42,23.0,97.36,1.2,18746.27728
6847,298957.4967,1475.63,2,416.89,25.42,36.99,16.01,99.9,1.21,532523.2646
6848,591424.2005,1339.86,2,547.11,48.16,47.76,13.5,96.24,1.75,499105.8884
6849,392453.3512,1242.45,1,423.82,39.41,22.14,7.67,92.11,1.08,426113.6303
6850,331801.1473,1264.09,1,383.4,44.75,13.59,3.44,94.32,1.73,200389.3077
6851,198891.1837,719.94,2,441.85,20.39,47.4,38.22,99.9,1.09,143128.438
6852,192507.0224,1450.32,2,819.47,19.79,22.77,4.16,97.1,1.5,107051.602
6853,313913.4022,639.15,2,272.52,23.78,0.41,1.58,92.14,1.37,431299.6384
6854,277525.919,695.15,4,152.02,13.98,59.86,10.21,92.94,1.45,171847.9848
6855,233917.4045,1203.14,2,413.73,19.55,2.83,11.39,87.89,0.93,290067.0004
6856,119279.6245,550.0,1,466.3,45.99,35.79,19.96,93.52,0.87,50073.08318
6857,218687.5645,550.0,2,1187.59,57.55,25.94,32.52,88.0,2.09,110500.4771
6858,98435.51986,550.0,1,284.75,30.09,54.36,26.36,99.36,1.33,5909.443301
6859,384158.1752,550.0,1,185.55,12.87,28.39,26.59,90.59,1.35,526060.4651
6860,264419.6829,707.65,2,283.43,37.73,56.74,9.3,88.86,1.71,510563.7093
6861,357079.6137,978.99,3,659.92,10.14,29.76,15.14,99.9,1.56,421381.2156
6862,356287.0826,1778.38,3,595.93,61.01,133.54,27.59,99.9,1.83,776322.9869
6863,131632.7524,1138.83,2,790.1,27.72,35.17,8.28,93.1,1.99,67840.76281
6864,575546.7533,1198.59,2,949.8,18.68,10.72,11.81,99.9,1.6,441507.3266
6865,432576.2927,1313.78,1,915.09,34.65,40.18,22.53,93.14,1.77,421078.3084
6866,324096.027,823.48,4,275.48,35.64,20.8,10.02,91.95,2.02,316941.5982
6867,91512.09051,550.0,1,521.43,53.48,46.9,20.44,88.9,2.01,1937.573978
6868,328638.7142,731.86,4,638.65,30.48,33.48,0.7,91.34,1.26,511441.8811
6869,109888.7624,1027.26,1,714.71,32.25,6.05,20.45,99.9,2.62,17712.26144
6870,91371.00617,831.3,1,771.18,37.29,0.25,14.94,82.66,2.31,10234.23708
6871,409719.3827,1128.66,2,764.03,11.49,30.64,6.52,98.15,2.09,280272.203
6872,288443.5405,1409.85,1,671.34,48.42,30.43,30.31,99.9,2.11,198375.8915
6873,378672.5579,1965.66,3,975.98,11.21,37.1,14.69,92.84,1.22,600217.7671
6874,308470.7357,550.0,1,793.67,41.9,44.55,24.39,93.99,2.16,203747.1834
6875,231129.7199,936.56,2,268.22,30.81,33.0,16.34,91.73,1.28,142489.631
6876,149750.1131,1039.02,1,1059.02,42.36,23.49,24.72,95.35,1.23,55621.11148
6877,217689.4574,550.0,1,189.61,52.14,109.39,44.97,92.3,1.3,119853.3768
6878,249996.4094,2061.01,2,609.15,6.65,45.32,18.95,89.56,1.68,334948.7634
6879,166751.417,550.0,1,610.78,36.83,57.32,20.71,93.03,0.82,107113.7257
6880,259037.9951,1065.38,1,439.04,18.38,72.06,13.93,97.28,2.27,154461.9597
6881,153827.7845,550.0,1,714.45,39.13,55.85,2.86,92.87,1.94,107580.2428
6882,630878.4614,1270.65,4,91.09,53.06,67.25,8.98,91.97,1.34,608876.63
6883,189641.8097,550.0,3,521.81,5.33,55.46,35.96,89.09,1.73,80431.14977
6884,321391.2068,694.46,1,776.85,15.9,21.96,23.31,95.11,1.21,233218.4887
6885,192044.4362,708.47,3,607.66,1.93,38.55,8.48,98.45,1.65,337896.8435
6886,113721.45,672.98,1,378.25,31.76,22.72,7.86,99.9,1.94,38342.94571
6887,165856.2941,1209.92,1,785.48,18.12,104.21,9.09,96.53,2.67,133951.7103
6888,105336.1581,626.96,1,224.97,27.91,93.46,18.03,89.96,1.41,36203.34458
6889,445151.1716,1478.67,3,155.35,62.68,20.5,1.38,91.03,1.25,580509.0972
6890,180672.84,719.8,1,306.67,10.35,65.12,15.76,92.13,2.02,115687.325
6891,484361.1995,1789.95,2,474.51,41.5,1.93,15.04,99.9,0.97,630827.586
6892,118517.5122,1327.08,2,84.94,62.88,77.01,20.69,81.44,1.29,38544.36169
6893,454826.7298,1328.99,2,469.5,10.93,45.62,1.18,84.24,1.51,333893.2938
6894,403663.3192,891.51,3,198.59,1.57,51.09,27.83,97.3,1.26,480095.466
6895,538563.3249,783.16,4,902.49,38.33,36.15,31.26,93.83,1.53,330187.0247
6896,232685.5868,751.96,2,810.74,14.93,4.06,21.83,94.71,1.59,210986.8417
6897,167927.7775,1063.8,3,72.32,38.73,104.61,31.66,94.79,0.98,173011.4145
6898,550909.8705,1349.44,2,357.31,34.13,97.88,32.14,86.33,1.04,443857.3626
6900,164784.6152,550.0,1,747.1,21.83,2.05,7.37,93.09,1.76,164331.3564
6901,425369.7452,1632.41,3,919.8,26.81,53.75,19.39,92.41,0.59,617016.0903
6902,122975.5391,872.51,2,763.07,50.3,57.23,20.9,96.13,1.92,25325.59878
6903,237167.5462,629.33,1,759.14,23.45,17.65,45.29,89.29,2.37,140266.7015
6905,254583.4506,1078.07,1,579.4,8.36,52.26,12.18,98.92,2.12,213616.2937
6906,372908.5072,1255.55,2,806.02,32.51,22.98,3.7,99.9,1.37,512392.2296
6907,285544.6458,1463.95,2,464.89,42.67,84.35,9.17,90.65,1.41,261976.2199
6909,342589.5947,620.02,2,720.97,42.93,26.42,25.05,90.82,1.48,239472.654
6910,259902.1156,1709.34,1,510.27,13.88,42.16,3.79,98.33,2.14,175509.4053
6911,103964.3977,578.86,2,250.57,9.24,109.2,2.57,91.02,1.69,24650.53175
6912,446605.6897,821.75,4,843.05,4.28,34.54,17.0,99.9,1.27,476445.1933
6914,266635.8168,1821.0,2,553.0,16.65,51.35,27.59,88.87,2.56,292746.7439
6915,98659.48993,736.17,1,962.13,28.98,33.47,17.49,92.53,1.66,16039.20848
6916,322309.0622,550.0,3,899.08,55.0,1.32,7.44,99.9,2.15,267714.8
6917,113983.8198,594.57,1,756.04,29.84,7.96,50.5,89.11,1.77,34130.25933
6918,442719.8916,1449.58,2,887.59,32.01,61.98,6.39,98.39,2.68,261918.9326
6919,115969.8443,857.34,1,346.52,32.1,46.16,8.91,86.46,1.12,41154.61448
6920,108071.4045,1001.2,1,463.06,5.63,38.35,20.58,93.06,1.3,18130.86252
6921,283872.353,1489.32,4,746.63,3.12,12.78,14.62,99.9,0.91,520310.2449
6922,219396.4462,550.0,2,105.57,14.14,32.92,1.83,91.02,0.89,329368.4416
6923,129572.8694,1342.22,2,1079.89,19.53,48.7,44.05,99.82,1.46,57892.6098
6924,236275.3324,632.37,2,804.15,38.96,19.22,22.32,99.9,1.0,249761.8952
6925,126907.9817,854.94,1,870.33,59.28,108.06,29.19,83.57,1.66,51903.48244
6926,591930.0137,1695.37,2,599.6,62.82,17.73,3.74,94.01,1.46,520606.0285
6927,206442.1435,1495.88,1,764.44,25.55,83.0,14.76,84.57,1.81,146062.3017
6928,184064.8596,550.0,2,15.09,2.77,54.53,48.62,97.83,1.34,218811.8383
6929,526160.6607,1436.65,3,826.36,22.42,36.77,25.17,95.08,1.5,602536.9238
6930,310388.4997,1023.19,3,937.47,10.89,103.47,47.8,93.43,1.14,194568.274
6931,286536.4983,1059.64,1,30.61,9.72,52.9,12.65,95.99,1.15,195374.2452
6932,300214.8036,1538.8,2,367.31,8.36,90.17,16.7,97.82,1.31,193256.857
6933,266620.3033,834.4,2,424.69,13.5,11.2,32.79,90.09,1.79,218176.661
6934,369014.675,1115.69,4,244.51,19.22,19.15,48.23,91.04,1.2,533788.4968
6935,400944.4919,952.97,2,240.46,25.16,37.74,7.73,97.98,0.43,298308.0495
6936,380064.2378,680.25,3,532.37,47.98,70.65,14.77,97.11,2.43,234284.394
6937,221526.5807,880.36,2,412.94,37.26,5.55,10.62,93.19,1.7,277848.4598
6938,324684.2125,801.36,2,488.46,51.06,61.95,29.15,95.17,1.17,525694.9395
6939,361507.1659,1078.94,2,673.01,28.85,62.78,28.5,88.72,0.98,386858.796
6940,312197.9063,1243.56,3,1062.65,8.56,47.64,43.01,85.78,1.21,266991.8902
6941,424124.6825,782.21,2,364.23,26.33,17.63,14.44,99.6,1.76,395061.9975
6943,284664.4704,1647.02,3,416.46,9.74,8.19,13.21,97.08,1.09,447897.5216
6944,209251.238,1457.32,1,742.46,45.73,9.24,36.09,98.31,1.46,236965.1233
6945,288971.0843,550.0,2,66.33,17.37,39.22,11.57,99.29,1.42,270898.8759
6946,509827.0368,1080.35,2,2.96,54.64,7.91,25.59,86.79,1.64,491616.3884
6947,265015.4048,1184.13,3,569.38,20.35,24.52,5.09,86.31,1.16,240933.4309
6948,205873.8798,1622.48,1,968.39,18.41,31.52,0.92,91.53,1.17,206086.0935
6949,544573.6443,1031.45,3,355.85,25.33,44.06,11.57,95.96,2.28,629918.6479
6950,337103.3805,1544.14,1,686.88,46.05,69.78,4.81,91.96,1.44,276742.857
6951,384034.3736,1660.73,2,304.76,12.55,26.25,30.23,96.54,1.49,329318.8029
6952,465740.0164,1613.59,3,598.58,35.29,51.99,1.64,99.9,2.43,423395.8775
6953,217954.655,550.0,3,86.82,14.42,41.58,10.21,87.53,1.5,233181.6026
6954,507159.1507,669.39,3,203.36,13.22,17.0,19.64,94.42,1.52,357829.8542
6955,379170.7105,1517.74,2,0.39,13.21,33.58,13.73,99.77,1.02,741927.7434
6956,347152.0922,820.57,4,775.99,35.78,43.55,1.43,99.9,1.9,457160.5421
6957,300868.3153,1386.17,1,654.32,34.97,100.54,30.42,89.37,1.42,218564.0866
6958,593545.3229,1779.72,3,778.64,28.39,64.29,7.4,99.9,1.56,567748.3185
6959,397536.3935,1055.58,2,276.43,49.74,53.76,32.61,90.52,1.64,420323.0578
6960,571526.5617,1647.31,1,49.35,6.45,7.92,12.83,93.57,1.03,357293.8704
6961,108684.8082,1070.82,2,914.35,39.25,63.35,45.25,94.48,0.9,19341.66737
6962,284968.1098,1836.82,2,65.31,1.41,87.98,41.74,95.37,1.37,200966.1803
6963,352291.6793,981.54,3,604.13,11.37,62.37,13.38,95.62,1.15,294165.5806
6964,410758.1669,1573.25,4,309.03,6.2,14.52,15.22,99.9,1.87,524031.9017
6965,349752.9258,1067.29,3,107.05,63.03,20.22,20.96,94.2,2.71,271668.143
6966,329381.1695,1377.51,3,33.1,71.59,62.77,0.9,90.89,2.12,588595.9354
6967,475486.5339,2192.52,1,172.13,23.18,8.54,12.91,99.9,1.6,338826.2994
6968,220214.6421,550.0,2,39.63,24.77,45.43,41.95,99.9,2.09,108674.3131
6969,126734.4481,629.66,1,157.02,14.66,25.49,27.6,93.1,1.0,70950.16529
6970,195405.9082,1562.69,1,498.85,65.8,23.76,48.1,96.45,2.04,219715.3461
6971,217778.2459,1080.39,2,232.64,25.09,22.17,25.15,96.09,0.8,245139.9205
6972,604405.5801,1633.35,3,605.36,22.35,8.19,5.22,99.9,1.0,511464.9831
6973,368504.035,1520.26,1,364.53,14.66,102.46,23.0,97.73,1.63,271954.1655
6974,366024.79,1425.88,3,368.68,21.57,75.22,9.55,96.73,0.51,203016.0327
6975,122796.4118,550.0,1,333.2,32.45,78.08,18.12,92.15,1.51,96174.73584
6976,150637.9491,550.0,2,585.58,53.2,87.99,29.27,90.96,2.1,222944.1492
6977,432123.938,933.99,1,249.17,14.32,29.55,15.38,90.38,1.09,286133.0167
6978,185058.3866,728.37,2,95.08,63.51,81.29,2.55,92.63,1.72,77749.65986
6979,364452.1361,1430.63,3,567.16,33.96,56.67,6.8,85.4,0.6,441982.9801
6980,122660.0682,756.5,2,94.81,24.76,87.91,9.44,94.32,1.68,46800.52517
6981,278913.6611,1082.01,3,250.14,21.63,36.72,7.76,95.82,0.36,383742.4214
6982,264375.9423,907.75,2,296.22,53.95,4.78,30.63,93.19,1.2,201492.6618
6983,498000.8251,1275.98,3,299.18,41.23,42.59,21.8,90.86,0.8,362352.5963
6984,598525.1942,1497.19,2,122.48,22.74,103.8,16.91,93.31,1.05,559536.7989
6985,392080.7921,829.16,4,367.52,56.49,10.34,23.97,90.17,1.46,576892.3937
6986,307821.1758,550.0,2,892.35,11.89,28.18,19.23,96.91,1.39,241131.6307
6987,199959.6664,839.67,1,322.07,33.99,49.21,28.36,90.94,1.19,121784.5084
6988,187417.2256,1313.81,1,587.36,47.02,45.43,25.64,92.97,1.31,264548.7689
6989,136734.5207,806.38,1,833.94,15.79,93.14,37.27,89.26,1.33,169236.9098
6990,222967.9606,683.73,1,121.3,41.44,5.49,21.6,95.0,0.79,215777.7538
6991,117951.9489,667.26,2,173.38,39.11,68.14,19.03,99.15,1.69,41238.17882
6992,173992.9114,550.0,3,694.97,49.34,13.27,23.9,89.94,2.18,107167.7696
6993,109519.9162,550.0,2,688.6,50.9,67.1,27.76,91.99,1.69,-4848.589775
6994,421368.8869,1726.12,4,943.19,34.06,90.45,17.6,92.25,1.67,481604.8073
6995,473382.5348,1026.36,2,149.31,0.1,31.79,11.59,94.57,1.45,380555.4939
6996,104773.5017,550.0,1,420.78,41.66,128.4,50.45,89.11,1.77,22636.84356
6997,343397.9756,2218.22,1,526.81,11.18,15.21,3.96,99.9,1.52,442610.3171
6998,151679.9536,888.38,2,594.27,43.99,32.41,33.17,83.93,2.6,152533.6647
6999,438060.8193,1553.57,4,844.06,18.8,26.07,24.4,95.73,1.17,492214.9598
