,Price,SquareFootage,NumBathrooms,NumBedrooms,BackyardSpace,CrimeRate,SchoolRating,AgeOfHome,DistanceToCityCenter,EmploymentRate,RenovationQualityRate
0,176391.7665,1002.49,1,2,354.22,44.61,8,106.01,26.79,94.32,3
1,402358.3158,897.55,5,3,579.57,41.05,6,13.77,24.4,86.13,5
2,124287.4584,774.63,2,1,1114.67,49.1,8,22.59,8.74,99.9,6
3,396428.1539,550.0,1,4,561.07,29.17,7,104.06,2.94,94.05,7
4,208725.8216,614.91,2,2,782.71,63.76,8,22.15,15.01,99.9,4
5,394620.5868,550.0,1,1,317.82,62.92,4,141.84,19.99,94.52,1
6,126925.7731,550.0,1,5,286.36,53.45,3,75.62,34.53,84.64,1
7,229853.3099,550.0,1,1,376.66,10.75,5,36.14,5.5,93.48,1
9,200818.954,1068.3,1,3,629.24,38.4,4,24.07,22.23,91.87,6
10,357035.4249,1201.84,3,2,1209.03,49.9,5,27.26,10.94,90.36,8
11,463808.856,1337.43,3,4,955.18,20.59,8,32.28,3.17,89.72,8
12,313945.7134,738.56,2,3,493.17,9.32,6,34.11,24.19,98.25,6
13,165031.6016,695.79,3,2,83.24,47.32,6,47.77,7.97,93.74,4
14,256587.6562,550.0,1,3,283.41,49.39,4,67.51,31.51,88.31,5
15,398669.8832,1912.38,3,4,507.06,41.58,10,27.11,14.38,96.4,6
16,323380.2074,859.83,3,3,708.09,21.88,8,23.49,11.97,91.77,5
17,448203.1313,1513.03,2,4,529.1,28.46,9,26.41,19.34,91.63,8
18,352825.9544,660.82,4,5,347.39,5.77,7,2.58,23.43,99.9,6
19,545962.0806,1835.88,2,4,491.31,46.18,8,95.53,15.05,87.67,5
20,149533.4247,550.0,2,4,697.31,36.49,6,30.3,23.89,84.98,3
21,264441.7319,1336.19,1,4,305.2,53.4,8,72.88,32.06,94.68,3
22,238200.4947,1814.94,1,4,482.49,13.44,7,46.63,23.18,93.48,4
23,135171.2247,946.9,1,3,596.87,25.8,6,120.73,26.67,97.35,1
24,229353.9442,1352.52,2,2,459.03,48.95,7,21.52,20.02,99.9,8
25,139404.3725,976.2,1,2,34.11,53.63,7,56.83,21.91,93.36,6
26,118318.5553,550.0,1,3,496.46,17.29,3,114.72,22.01,92.34,3
27,197581.5547,708.19,1,3,139.15,5.39,9,28.68,16.1,91.08,4
28,429178.0547,935.84,2,5,480.78,14.04,8,85.05,9.29,85.7,3
29,156375.4648,550.0,2,3,200.61,46.26,3,62.18,37.1,88.73,2
30,129388.2699,550.0,2,2,902.1,39.23,2,60.25,44.37,92.14,2
31,282855.1167,550.0,2,3,135.08,39.45,5,28.71,30.42,99.9,8
32,171418.0448,1272.98,1,1,439.48,44.4,4,104.43,10.51,92.81,3
33,356250.7195,1881.78,3,2,31.56,5.18,10,48.85,10.23,93.98,7
34,459577.8498,1061.97,2,5,333.14,31.09,8,7.25,34.39,91.82,7
35,474262.431,1477.56,4,4,1071.19,25.58,8,44.02,23.52,99.9,6
36,551271.1624,1259.78,3,4,550.08,54.61,8,68.01,27.13,91.41,6
37,143197.3936,1225.68,2,2,277.91,50.76,8,126.53,4.78,94.75,3
38,220449.0188,641.92,2,4,728.7,1.13,9,92.3,15.02,99.07,6
39,183257.9263,1067.69,1,3,313.38,26.3,7,40.59,1.02,85.43,2
40,338942.4888,1544.53,1,4,677.97,2.88,10,17.8,13.3,99.9,6
41,456965.1835,1790.88,3,2,695.61,20.81,9,24.52,30.63,87.88,4
42,285175.2294,1114.3,2,4,821.15,52.77,5,16.89,5.29,86.69,3
43,267888.0566,968.6,4,3,625.87,45.22,7,13.54,2.28,96.71,6
44,197044.3929,550.0,3,3,322.77,29.04,7,30.58,29.27,97.48,7
45,198393.1279,842.16,3,1,509.27,20.73,4,35.88,36.54,98.54,3
46,340473.0578,979.4,1,4,651.09,76.65,7,24.69,16.67,93.44,6
47,153653.6431,550.0,1,3,163.98,48.13,6,81.83,25.94,85.44,5
48,315305.8611,1298.5,2,3,307.21,22.51,6,33.31,6.76,95.91,5
49,470536.3101,1594.17,2,4,567.07,0.05,10,25.66,10.42,98.1,7
50,321465.721,551.61,3,3,547.19,35.1,5,32.35,13.3,96.05,5
51,257606.4882,678.71,3,4,524.98,20.75,7,54.64,39.12,86.4,5
52,141906.3328,550.0,1,3,402.81,1.55,5,56.19,25.44,98.3,4
53,191199.6967,550.0,1,3,746.43,46.2,7,113.42,0.72,90.73,4
54,214544.3699,1108.17,1,3,599.08,34.18,4,41.57,27.91,99.9,5
55,197318.2591,556.22,1,4,233.88,48.64,9,42.32,13.08,98.9,4
56,286606.7534,877.48,2,3,10.29,41.36,8,29.63,24.03,89.98,5
57,262908.9842,550.0,2,4,614.11,27.62,9,88.31,25.87,91.95,8
58,104494.1398,550.0,1,3,152.62,41.49,4,77.29,6.96,91.23,4
59,600382.1171,1747.09,2,3,911.97,29.24,10,48.65,4.61,98.27,6
60,204273.6783,906.49,2,3,699.35,57.0,7,107.8,52.74,90.5,6
61,113545.7587,550.0,1,3,272.87,10.16,5,138.66,40.12,91.94,3
62,459577.1829,1044.97,3,5,672.27,15.47,8,52.31,15.42,99.9,6
63,382797.6505,1554.72,1,5,633.52,12.7,8,48.77,20.87,95.78,5
64,414962.7495,1222.16,1,4,620.8,57.28,6,97.86,5.6,86.51,8
65,265124.8389,1193.27,1,3,514.51,29.36,7,38.72,15.62,92.71,2
66,443253.3088,1486.54,3,5,590.92,26.56,7,31.47,3.2,93.34,8
67,562151.053,1286.17,3,6,387.44,21.56,7,17.5,0.23,95.34,3
68,391309.264,1422.5,3,3,610.96,18.95,8,13.98,2.36,99.06,5
69,293993.3106,1233.39,2,3,1103.46,42.39,6,32.33,39.45,91.12,4
70,356616.8564,1645.41,1,2,528.26,24.92,7,44.71,10.4,93.68,7
71,158916.1659,550.0,1,2,422.75,43.77,4,32.67,35.18,95.9,2
72,323339.5808,1032.34,3,3,221.1,72.3,7,32.45,20.49,96.54,4
73,255996.8651,1535.57,2,2,867.01,6.26,9,30.99,18.84,99.58,6
74,290455.1881,1513.75,2,4,462.52,31.62,7,32.43,32.14,98.58,3
76,443988.6118,1016.27,4,2,401.64,39.96,9,20.9,31.14,92.1,7
77,358519.7049,1864.95,3,3,855.28,16.03,10,53.04,19.61,99.37,9
78,455877.0274,1029.31,4,2,412.54,44.29,6,86.13,22.07,91.83,6
79,103212.0744,550.0,1,3,458.89,49.0,4,76.35,7.26,90.91,3
80,239822.1002,972.44,1,3,181.58,72.18,7,38.06,35.95,94.53,4
81,190286.3937,1287.85,1,1,587.45,18.23,6,3.49,18.77,87.73,3
82,384299.924,1257.82,1,3,479.92,8.17,5,6.75,27.73,90.28,2
83,355509.5762,1138.98,2,4,97.15,43.64,8,19.46,14.61,95.72,5
84,380408.5489,938.17,1,4,116.05,29.16,9,87.07,32.27,94.59,6
85,255046.6856,897.34,2,3,465.82,29.83,5,64.15,27.25,91.53,5
86,462244.0767,1391.17,1,4,494.7,40.47,6,33.02,4.93,99.9,5
87,410697.6667,939.61,1,4,419.2,10.14,9,62.77,2.35,82.76,3
88,341453.6385,708.49,1,4,937.85,34.27,8,41.12,0.51,89.85,4
89,145164.6243,982.12,1,2,906.47,37.93,9,120.0,22.46,81.31,4
90,597561.8821,1427.45,3,4,14.46,30.83,9,40.0,10.83,89.91,6
91,138399.473,550.0,1,3,1007.36,42.32,6,1.42,12.24,93.81,2
92,200794.2658,1195.55,1,3,445.23,29.9,5,76.24,27.14,94.45,3
93,280736.3999,897.88,3,5,292.13,10.98,10,39.69,13.39,94.46,5
94,268783.2257,922.14,2,2,498.24,36.83,4,50.06,18.08,88.56,6
95,188922.9338,1117.43,2,2,546.97,32.53,7,42.19,31.63,91.03,4
96,243173.1802,1620.01,2,2,940.72,35.52,6,44.53,6.41,95.22,4
97,482609.8577,979.53,2,4,673.71,9.91,8,58.37,7.94,92.24,4
98,329468.1081,1408.7,1,3,1053.13,42.0,8,74.13,1.46,93.46,7
99,168330.4741,783.13,2,2,372.3,52.89,4,83.51,8.74,91.1,2
101,105659.5162,628.88,2,1,179.77,41.63,4,45.89,28.63,92.71,2
102,416597.0363,1138.0,2,4,300.71,10.83,10,12.93,13.93,99.43,7
103,283619.0625,1761.22,1,3,1100.2,8.96,9,44.13,7.79,94.47,7
104,515034.703,1294.28,3,4,781.13,25.49,5,13.26,1.9,89.12,5
105,622313.4809,1135.3,3,4,756.1,41.46,8,0.16,10.72,94.64,6
107,363985.391,778.54,3,3,861.69,25.78,6,108.38,0.79,93.43,6
108,372486.1554,1866.18,2,3,1059.36,41.54,8,21.74,24.62,91.43,6
109,517017.3736,1458.01,2,3,360.62,42.61,10,94.43,3.71,99.9,7
110,96581.15482,1171.46,1,3,656.11,23.59,3,38.31,14.56,91.04,3
111,189805.7933,603.88,3,3,663.77,49.29,10,58.78,5.71,99.9,6
112,492082.8928,1216.56,2,4,624.93,8.96,10,69.65,20.57,98.1,8
113,98513.09269,550.0,2,2,500.92,9.39,8,14.3,15.68,95.91,3
114,334199.9353,1289.46,1,4,667.17,41.11,9,46.35,23.49,86.95,6
115,138503.6879,710.29,1,4,588.34,43.08,8,63.61,8.06,98.34,4
116,329886.498,1974.31,1,2,926.42,29.23,9,7.79,0.73,95.19,6
117,470665.0211,1364.59,2,3,89.46,39.6,6,57.09,7.57,97.3,5
118,197143.7222,568.77,2,3,58.05,75.0,4,0.02,6.3,87.0,5
119,209382.3033,762.27,2,3,545.06,27.68,5,60.25,20.37,86.13,3
120,219051.4837,860.5,1,4,316.29,28.98,7,66.86,15.93,86.46,5
121,241370.1502,930.21,2,2,566.0,40.66,4,34.76,26.76,94.9,6
122,348708.1724,1393.42,3,3,708.88,0.91,5,11.7,0.8,99.9,5
123,188197.7996,1012.32,1,4,256.97,50.62,9,59.56,3.9,91.81,5
125,153304.2906,1032.08,1,2,530.8,21.44,5,4.13,14.57,94.57,1
126,605064.1428,1642.1,3,3,1076.98,30.47,7,8.38,3.18,82.12,7
127,660109.3536,1526.53,2,6,1276.59,13.63,8,71.51,2.5,90.55,8
128,195802.9462,550.0,2,5,626.78,13.12,6,29.23,3.56,99.9,5
129,265790.3215,808.65,1,5,624.84,34.01,7,21.94,10.78,87.85,3
130,167792.6953,550.0,2,2,113.42,34.42,6,16.15,16.07,94.11,3
131,244689.5845,1239.22,1,4,704.29,15.15,7,38.71,14.52,96.98,6
132,249935.6617,1004.76,1,2,838.79,30.1,4,29.4,21.78,99.11,4
134,452288.5216,1906.63,2,5,308.92,64.06,8,37.18,11.48,89.51,8
135,172692.171,550.0,3,1,290.28,17.7,5,5.79,16.49,89.02,4
136,216118.7539,782.67,1,4,510.22,33.65,6,41.73,20.43,94.48,6
138,365858.4583,1233.94,2,3,963.69,40.04,5,44.03,49.67,91.71,1
139,99267.04837,550.0,3,2,242.65,45.42,9,3.12,17.34,91.12,3
140,98169.57031,690.15,2,3,215.54,7.89,5,54.57,29.26,89.36,1
141,137434.8608,1536.98,1,1,267.89,23.77,7,93.62,25.63,93.45,5
142,267385.6889,718.96,4,3,786.18,44.73,5,42.3,31.59,97.29,6
143,456955.7679,838.39,3,5,347.59,20.33,10,10.5,1.85,93.1,5
144,148261.471,1064.61,1,3,401.68,7.05,10,0.67,9.93,97.96,4
145,372086.4342,1014.11,3,3,908.45,17.96,10,64.42,38.18,94.87,7
146,92938.70913,960.39,2,1,56.01,48.45,5,45.56,19.38,99.9,5
147,302758.8424,854.37,1,3,300.71,23.05,4,34.93,7.47,91.53,3
148,450049.6827,1929.23,3,5,564.42,51.54,10,11.34,2.89,96.37,9
150,174263.9779,550.0,1,2,288.91,45.92,3,68.46,25.51,89.52,4
151,477659.6964,1564.88,4,3,697.54,37.87,8,39.27,10.11,86.3,2
152,299931.0375,1447.86,2,4,717.05,12.55,8,32.86,6.49,94.7,4
153,256483.9589,1195.99,1,3,604.53,16.13,8,40.76,15.44,99.9,6
154,236691.7614,917.28,1,3,662.34,10.57,6,8.89,36.92,94.55,3
155,264839.3572,1456.13,1,2,505.8,18.49,7,17.64,18.58,93.8,4
156,219115.0432,946.99,1,3,507.04,72.72,8,1.59,16.94,93.96,5
157,111551.2801,752.35,2,1,723.63,53.33,6,61.57,39.25,98.83,5
158,173749.1011,550.0,2,4,80.0,62.86,5,36.86,8.79,89.06,3
159,163923.6526,866.92,2,2,490.14,28.7,5,29.55,7.82,83.79,6
160,275767.8705,995.68,1,3,110.33,38.76,7,9.83,9.36,82.78,4
161,268596.5887,574.35,1,4,792.79,6.61,4,9.45,16.48,95.41,7
162,152156.6843,550.0,3,2,752.61,25.2,3,45.4,8.39,91.15,2
163,257395.0336,785.79,2,3,329.29,29.53,8,56.2,4.07,93.31,6
164,386716.6117,948.01,3,4,735.23,37.11,7,61.08,0.49,91.44,7
165,450120.2274,1323.84,4,1,541.45,30.8,7,72.15,1.95,99.7,6
166,165109.7744,550.0,1,2,424.8,35.81,6,53.91,10.86,90.25,5
167,573083.1594,1516.73,1,3,149.41,25.37,7,32.96,2.07,90.16,8
168,279091.9309,1530.02,1,4,175.19,45.09,9,101.8,27.47,92.41,5
169,292393.51,1223.17,2,3,100.38,36.79,7,41.37,22.61,93.04,7
170,280145.9092,550.0,1,3,430.67,30.91,7,71.45,23.98,96.57,6
171,425329.428,841.64,2,2,642.0,28.13,7,51.07,0.3,89.03,4
172,110414.4485,550.0,1,3,192.6,34.62,6,86.63,48.12,99.29,3
175,235149.0994,857.78,3,3,615.54,27.79,3,25.63,12.94,94.34,4
176,556413.2707,1194.44,4,3,565.41,21.81,10,3.8,13.02,92.97,6
177,268927.7861,550.0,3,3,652.27,14.79,8,4.84,13.41,95.65,9
178,380920.0576,652.85,3,4,655.21,21.09,6,68.43,6.85,96.15,5
179,197633.9779,1198.14,2,1,137.93,6.15,7,54.8,5.9,94.9,6
180,198687.8753,1413.38,2,3,380.84,36.26,8,39.59,20.49,95.51,1
181,313323.3904,1259.71,3,4,482.01,33.45,8,10.05,3.39,88.1,5
182,184014.233,1151.89,1,2,782.58,70.69,3,63.99,22.19,94.01,3
183,338485.1269,1732.38,1,2,432.37,25.88,5,58.8,33.94,96.77,3
184,423017.0623,1493.58,3,3,129.92,45.13,7,82.23,17.26,98.65,6
185,252873.0692,1435.02,1,2,820.63,49.85,4,43.35,0.23,95.63,5
186,144270.6511,966.05,2,3,366.65,56.62,9,7.85,40.41,93.52,3
187,511443.7364,1416.23,4,4,461.51,34.96,8,2.43,14.07,99.9,8
188,247938.1754,588.65,4,3,577.26,24.47,7,53.95,12.29,87.31,5
189,227842.6556,671.09,2,3,1075.03,44.77,6,46.21,19.07,98.68,3
190,313708.945,652.65,2,4,854.55,48.39,6,77.11,3.21,89.19,4
191,223576.1619,1040.39,2,3,363.11,10.43,8,12.24,1.5,86.69,5
192,542695.4537,1325.64,2,3,568.87,43.44,6,9.83,17.53,87.37,2
193,379709.2558,1778.46,1,5,657.76,63.4,9,53.84,3.29,91.84,6
194,220975.2677,550.0,2,4,699.71,32.22,8,101.98,16.26,94.4,3
195,300755.5043,1427.72,3,4,659.9,11.33,7,36.95,20.68,92.33,3
196,127334.7909,550.0,1,3,621.03,39.89,3,52.95,20.42,94.63,1
197,210881.4665,1481.33,1,3,373.24,21.49,7,39.41,14.53,83.86,5
198,287109.9397,1176.46,2,4,660.02,26.29,8,40.96,29.55,93.88,6
199,323479.2753,1593.06,3,4,973.46,10.63,9,72.49,8.12,99.8,10
200,468984.6839,1492.0,5,3,610.47,17.85,7,1.82,7.29,84.79,10
201,157124.4944,693.72,2,2,867.88,27.4,6,6.11,15.4,92.96,4
203,290806.1083,550.0,1,2,592.31,58.94,6,74.28,46.55,90.79,1
204,323473.5061,1331.18,2,3,88.42,3.0,8,33.76,9.35,89.09,6
205,312489.6979,985.8,2,3,380.07,33.39,6,1.45,25.72,99.9,3
206,358084.3671,1379.4,2,1,39.47,38.54,4,36.29,24.7,92.66,4
207,276698.6903,645.97,1,3,306.13,39.96,4,65.6,2.79,91.41,3
208,216506.6648,1286.25,2,2,213.99,54.66,6,46.13,19.1,91.85,7
209,237931.6911,1103.49,1,4,1027.16,9.82,6,24.47,26.09,84.54,3
210,191119.5959,1550.84,1,3,480.93,41.67,5,71.79,15.21,92.67,6
211,288481.2046,976.42,2,2,272.46,18.71,9,24.42,36.69,95.31,5
212,256648.7761,884.1,1,4,926.52,19.2,10,98.18,2.28,93.39,6
213,670334.3299,1399.82,3,5,546.74,7.05,8,21.09,10.19,98.56,7
215,172624.5777,593.12,2,2,205.52,48.09,4,15.01,9.78,97.62,7
216,340874.8921,550.0,2,4,374.41,25.36,8,71.2,8.27,93.87,5
217,158374.7565,600.01,1,1,922.82,23.37,8,39.03,4.57,91.45,2
218,214599.2362,1034.3,1,3,193.7,21.15,9,24.45,1.56,98.29,5
219,657127.9763,1761.18,3,5,48.26,15.11,8,46.07,7.59,87.61,6
220,175680.1302,906.93,1,1,851.72,40.62,7,29.21,10.02,95.75,7
221,318949.998,988.48,1,4,597.16,1.22,5,57.42,20.55,87.73,4
222,409990.2258,1900.51,1,3,815.84,32.11,10,49.15,8.39,99.9,6
223,129221.7779,1316.02,1,1,377.5,30.89,4,86.61,7.37,99.9,2
224,153917.287,1099.39,2,2,473.78,30.55,5,77.29,33.23,88.82,6
225,128863.451,1344.89,1,2,102.77,14.53,8,82.25,17.88,91.66,2
226,104735.1932,550.0,1,2,342.05,37.68,4,11.35,47.23,91.46,5
227,680379.2709,1411.04,1,5,465.67,37.83,5,63.68,2.26,91.82,8
228,324162.0997,550.0,3,4,547.29,39.86,8,14.48,19.81,99.9,5
229,145990.4461,550.0,3,1,581.43,1.24,5,50.41,22.87,96.36,2
230,373332.3341,1199.21,2,2,562.34,66.9,7,59.89,39.01,84.63,6
231,160332.0108,581.4,1,3,454.75,9.17,10,58.29,27.87,96.59,5
232,488214.642,2299.19,2,2,315.0,36.45,7,85.36,32.72,81.58,5
233,383062.9673,1114.36,5,2,505.49,26.67,7,37.75,19.23,99.9,4
234,130991.5648,550.0,1,2,71.09,31.67,4,136.09,27.2,95.22,1
236,543193.7648,1812.59,2,2,641.93,52.88,7,139.03,28.98,99.67,7
237,265068.4697,1142.34,2,3,543.48,42.96,9,25.78,0.76,94.98,6
238,226312.606,830.87,1,3,548.86,34.28,8,50.18,26.37,96.39,7
239,381030.2686,1138.02,2,3,624.6,28.96,6,70.5,12.2,90.6,4
240,518293.9497,1467.33,2,4,153.22,46.37,7,37.99,19.18,99.9,5
241,156581.1599,720.82,2,2,875.02,33.01,6,64.39,18.36,92.89,5
242,225726.3565,550.0,4,2,1043.79,46.13,7,52.41,5.03,91.57,7
243,489889.2199,1120.54,3,4,556.24,27.84,10,35.65,15.37,94.9,7
244,660281.9581,1529.95,4,3,182.81,41.32,6,21.28,16.32,92.75,9
245,215416.4879,1913.94,1,1,468.23,2.21,4,0.86,6.35,85.61,4
246,155116.99,868.62,2,3,206.64,30.34,10,24.76,7.67,99.9,6
247,640803.1033,1599.75,3,4,802.63,23.38,10,53.49,28.04,99.9,5
248,301380.6057,550.0,2,4,447.39,27.65,9,23.59,33.71,98.95,5
249,551667.0323,1484.37,5,1,220.67,4.54,9,37.66,2.99,99.9,5
250,298345.4482,1016.49,2,3,499.0,17.68,9,68.21,16.87,95.96,7
251,288106.0885,1284.7,3,2,453.26,28.69,7,45.37,11.43,96.58,2
252,566227.9255,1146.53,2,4,493.91,32.84,9,38.74,11.25,92.68,8
253,236381.0551,1028.83,2,4,739.36,10.24,8,65.38,23.16,99.9,5
254,165044.0344,1220.33,1,3,470.58,3.27,5,29.08,28.17,94.51,1
255,458112.4045,648.52,2,4,756.06,64.15,5,23.21,30.69,96.21,4
256,235650.2469,1540.02,1,4,956.39,25.36,5,3.63,10.65,90.56,3
257,348718.2566,1269.7,3,2,792.87,29.09,4,44.28,8.33,86.42,5
258,336313.9307,722.64,2,4,254.76,40.79,4,81.42,46.05,94.02,4
259,211883.045,1067.3,3,2,665.83,11.73,6,20.03,29.33,94.46,8
260,135240.9527,550.0,2,1,175.5,45.15,4,73.93,25.49,94.04,4
262,185061.8277,1107.73,1,2,510.97,14.31,5,101.21,23.65,96.34,2
263,249029.7925,550.0,2,4,129.04,31.96,6,21.36,11.46,94.35,6
264,128433.5857,786.48,3,1,247.96,34.43,7,58.07,26.77,99.15,1
265,119661.8405,550.0,1,2,427.19,33.22,7,3.64,14.83,86.33,2
266,203073.0997,550.0,4,3,683.43,6.52,10,99.07,31.77,99.9,6
267,223625.846,896.66,2,2,780.08,24.65,7,66.69,17.39,91.35,4
268,114541.7742,550.0,2,3,136.88,25.14,4,98.56,22.28,90.32,2
269,115209.9412,715.11,2,1,993.74,48.18,4,52.98,22.15,87.58,3
270,184676.9077,1113.4,1,3,479.39,30.42,6,6.75,25.91,97.69,4
271,483538.6537,593.3,3,4,757.83,29.29,8,36.45,11.09,91.46,3
272,252206.3363,996.4,2,2,462.37,34.75,5,121.06,36.63,83.16,2
273,299416.7236,807.07,3,2,445.1,0.3,5,59.04,30.26,86.31,2
274,157820.79,550.0,1,2,678.37,2.88,10,66.75,46.7,97.92,6
275,239896.6105,1149.13,2,2,727.37,24.04,7,38.34,16.9,94.0,6
276,322889.1985,1241.4,3,3,663.77,49.7,7,64.95,22.4,99.9,5
277,207397.7233,550.0,2,3,290.65,27.16,7,108.3,0.82,92.38,1
278,194645.6957,550.0,1,2,459.12,31.68,7,43.19,34.65,94.78,1
279,163370.4662,550.0,1,4,258.23,21.5,6,64.94,21.91,94.33,6
280,340631.8618,980.86,2,4,717.95,31.73,6,14.69,23.59,93.12,3
281,206316.8392,550.0,3,3,381.77,7.15,6,50.5,4.3,95.08,1
282,381358.9809,1236.22,1,4,344.69,5.85,8,16.1,13.77,91.36,2
283,239145.3146,759.92,1,4,237.53,19.42,7,72.37,20.92,99.9,5
284,348803.1786,1508.69,4,2,581.1,9.35,6,46.99,23.86,90.06,8
285,222458.8726,748.24,1,3,109.07,7.19,10,56.47,8.84,90.36,7
286,579176.5925,1396.47,3,3,989.85,1.44,6,111.41,15.64,97.34,6
287,397345.969,2043.27,2,2,715.98,43.17,5,8.58,20.28,99.9,6
288,125803.2263,550.0,2,2,279.77,23.71,6,10.11,29.45,88.13,4
289,349805.471,1284.04,2,3,727.56,44.01,8,11.36,10.13,99.9,4
290,373841.5628,1024.7,1,3,827.3,12.85,9,13.88,9.28,99.9,5
291,168185.3541,604.96,4,1,511.42,36.02,6,47.66,2.78,92.78,6
292,378609.6357,1179.33,3,2,424.35,33.38,10,7.33,33.96,98.96,6
293,188442.1053,694.97,2,3,489.78,66.84,6,48.91,21.78,87.59,2
294,247234.9113,550.0,2,3,622.44,45.71,7,57.65,13.26,96.1,3
295,361249.6732,1236.56,1,5,533.95,18.63,9,44.17,32.49,93.48,6
296,360643.2227,550.0,2,4,130.93,21.83,6,7.03,5.71,95.18,2
297,581250.1542,1752.42,3,4,555.27,23.14,8,48.24,27.07,92.94,5
298,215335.419,630.11,2,3,470.22,0.39,8,27.9,2.76,92.16,5
299,384455.619,784.31,2,3,1012.43,37.14,7,54.89,6.54,89.89,7
300,424643.659,1431.14,2,5,642.51,52.27,6,54.06,5.18,91.51,4
301,299949.6785,613.65,3,3,167.43,21.39,6,4.56,10.47,98.24,2
302,203699.5856,1327.51,2,4,1132.4,15.69,10,16.16,1.34,99.9,6
303,204657.2539,550.0,1,3,239.34,50.25,6,22.23,34.43,91.25,1
304,225922.8165,550.0,2,4,834.41,35.69,4,14.31,9.29,99.9,4
305,299791.0386,1358.08,1,4,524.26,4.39,8,50.96,18.75,92.79,6
306,332625.6738,550.0,1,2,500.8,55.26,5,43.13,26.28,89.49,2
307,387338.4613,1653.52,3,2,938.48,39.59,5,10.34,24.35,99.9,6
308,723129.0195,1258.04,4,4,590.21,40.66,8,17.65,30.54,88.71,8
309,303263.1002,1026.89,2,3,149.28,31.68,7,51.37,7.32,92.33,7
310,273342.7544,1455.53,1,3,629.97,26.49,10,63.87,16.17,95.74,2
311,255571.3046,1757.89,2,2,442.04,17.84,6,45.33,15.94,95.03,5
312,474113.0391,1179.81,4,3,235.87,28.24,7,61.55,9.9,99.9,5
313,542634.4865,1850.41,4,2,380.26,12.84,9,22.38,0.61,86.96,4
314,250513.3016,829.58,2,4,384.04,23.32,3,81.71,18.52,94.06,4
315,97058.08872,805.65,2,1,539.13,48.83,3,21.07,18.09,88.33,5
316,451607.1293,969.23,2,4,520.41,39.87,9,45.53,38.54,86.82,9
317,108490.1181,550.0,2,1,464.48,17.37,6,58.57,9.18,96.32,2
318,719331.4896,1628.62,5,4,831.39,28.89,10,60.38,5.19,99.9,10
319,491275.8051,1116.13,2,5,911.13,56.28,8,2.84,12.3,91.83,4
320,237298.1737,899.53,3,3,328.43,4.05,10,27.81,16.74,93.74,6
321,452040.361,1389.16,2,3,708.77,32.33,7,51.28,16.57,92.41,4
322,339942.7401,1174.77,2,3,519.3,33.31,7,108.3,28.59,93.35,6
323,619118.0958,957.72,2,5,243.74,46.61,9,27.72,27.06,95.54,4
324,308210.9175,550.0,1,1,200.14,53.6,2,34.2,38.95,92.86,1
325,166249.1423,696.71,1,3,1109.8,50.24,7,56.54,31.78,96.92,3
326,158586.5965,550.0,2,3,182.65,19.69,3,113.37,37.74,99.9,3
327,349936.8147,732.74,3,5,766.49,5.11,8,23.57,2.02,97.68,7
328,350479.6175,1169.45,1,3,463.43,21.98,7,17.96,13.3,94.31,5
329,449710.6488,1979.9,2,2,387.54,3.75,6,16.12,11.07,96.33,6
330,232895.9821,1235.16,2,1,659.72,38.95,6,43.09,16.96,93.94,7
331,161259.969,550.0,2,4,185.82,33.44,6,43.79,13.87,92.55,4
332,385714.3105,1287.61,3,3,1054.2,51.53,10,50.01,10.76,95.26,7
333,189599.5983,931.48,3,2,441.0,23.97,7,41.32,23.8,95.42,6
334,691793.7395,1384.52,3,5,718.69,59.12,9,20.41,0.06,93.79,7
335,253572.0031,1247.24,2,5,508.51,60.16,7,37.74,11.43,84.92,6
336,234312.0381,1508.28,1,2,323.23,32.39,5,78.59,26.43,88.92,3
337,454510.2017,974.21,4,4,712.49,53.26,6,48.43,16.98,87.61,6
338,668647.8979,1714.27,4,3,389.17,21.66,7,87.97,17.04,84.3,7
339,422218.6244,990.36,2,3,270.8,19.87,5,38.09,2.07,99.13,4
340,285884.5054,966.84,3,3,90.6,13.61,7,34.79,27.92,86.4,6
341,558091.1803,1117.64,3,4,1111.76,21.99,8,41.77,6.9,96.98,10
342,123607.752,550.0,1,2,476.85,52.05,8,25.66,30.69,89.3,4
343,108831.3591,1229.67,1,2,165.76,57.5,6,83.46,16.44,88.68,4
344,199859.2865,1210.02,1,2,414.33,53.52,5,61.29,22.32,90.66,5
345,273656.1229,1453.22,2,4,176.69,50.55,6,27.35,1.98,96.81,5
346,373244.7733,1640.53,2,3,762.09,38.79,9,30.19,8.29,96.06,8
347,373283.2345,1871.3,3,3,449.26,45.89,7,14.39,0.82,85.65,5
348,166979.9417,1074.05,1,3,599.49,36.09,7,13.87,31.21,96.0,5
349,280856.0706,897.32,2,3,248.28,32.13,9,53.95,23.25,96.28,5
350,649626.5373,1634.97,3,4,873.35,53.4,9,15.26,19.77,91.36,5
351,271564.8979,714.31,1,5,380.52,32.9,6,73.3,28.85,92.22,2
352,418571.6063,1594.84,3,3,714.72,51.53,8,29.47,1.15,92.22,5
354,337437.9892,550.0,1,5,785.92,24.7,8,106.56,17.31,95.04,4
355,529431.1245,1217.68,4,4,407.63,34.18,7,100.17,1.38,99.9,7
356,208981.4525,1401.71,1,2,497.84,69.09,6,49.18,3.12,95.93,5
357,562160.7089,645.66,2,4,432.17,2.05,7,86.32,2.1,95.06,5
358,176540.0897,591.05,2,1,609.33,24.52,6,58.93,34.44,98.53,5
359,209554.4884,550.0,2,3,121.95,45.67,7,7.5,14.48,91.19,3
360,120464.7704,550.0,1,2,42.64,18.48,8,30.24,33.36,99.9,6
361,315392.5697,1261.2,1,5,689.67,22.1,9,84.25,23.04,98.0,4
362,516493.2791,1318.48,4,2,729.79,18.15,8,93.88,17.27,97.85,6
363,386853.4093,594.82,3,4,30.06,16.17,8,17.64,4.12,98.66,4
364,486979.2979,1510.55,3,2,145.97,40.03,8,10.94,6.26,94.82,9
365,523759.2625,1346.45,3,3,512.67,30.96,7,1.58,29.52,89.67,6
366,746628.1996,1849.91,3,3,778.43,11.23,9,18.19,12.1,99.9,10
367,354353.6387,897.24,3,3,981.44,45.12,6,7.01,0.44,84.97,6
368,191978.5615,550.0,3,4,727.82,36.87,9,25.26,13.54,95.83,5
369,369969.2973,877.95,3,2,1109.06,17.89,6,9.58,17.3,95.34,5
370,469333.7639,1465.35,3,3,588.34,48.88,7,49.88,19.22,94.82,4
371,475423.0378,1421.07,1,4,242.62,38.02,4,61.0,15.38,99.9,5
372,367193.2871,1247.5,2,3,67.11,47.06,8,20.83,17.17,99.9,8
373,431806.1057,1036.74,3,5,281.27,36.4,9,9.12,10.75,96.11,4
374,355199.2606,1153.92,2,3,669.68,14.18,7,3.59,5.8,94.9,6
375,245087.8371,1010.8,2,2,489.74,5.04,6,69.94,18.03,90.33,6
376,204063.8821,1487.76,1,2,840.15,46.09,7,47.69,35.19,95.28,8
377,356969.6722,1642.29,4,2,345.19,11.9,10,43.69,0.2,99.9,8
378,111416.3788,550.0,1,3,468.94,42.26,6,64.59,7.84,97.21,3
379,171613.4246,896.7,1,3,314.71,66.78,7,105.47,25.25,93.21,3
380,238850.653,851.29,1,5,522.92,9.66,9,3.66,34.27,96.71,7
381,508240.4454,1506.08,2,4,705.39,39.94,10,8.5,1.87,96.7,7
382,343701.8081,1147.95,1,3,190.36,1.1,6,44.35,3.07,99.9,8
383,468387.3522,969.93,3,3,1056.2,10.58,6,6.45,12.24,97.84,4
384,379621.3228,788.8,4,3,327.3,62.7,7,94.8,2.36,90.48,4
385,207873.7325,1055.81,1,2,39.81,6.77,6,2.64,11.78,86.57,3
386,329601.4479,1689.85,4,3,194.47,38.78,9,83.27,5.49,99.49,8
387,152297.6017,700.9,1,3,840.32,0.29,6,92.84,8.42,87.5,5
388,332770.3718,743.83,3,2,926.96,22.8,3,91.53,12.23,87.08,6
389,620485.497,1093.37,4,3,640.98,51.03,5,44.31,17.41,99.9,7
390,261715.0866,837.06,1,4,408.7,36.24,3,32.17,25.34,92.87,4
391,132210.7474,1148.42,1,2,411.71,7.21,2,25.25,15.32,96.28,4
392,365843.4516,1499.48,5,4,239.94,49.71,9,8.75,37.11,83.89,7
393,407233.324,550.0,4,4,671.69,30.57,7,64.78,33.19,86.72,3
394,440441.4913,955.82,2,3,602.47,60.62,6,41.71,32.53,87.27,4
395,230880.5805,1188.27,1,4,520.48,13.98,6,68.48,14.23,97.75,7
396,305843.0619,740.4,2,4,553.4,12.65,10,59.87,15.54,99.9,5
397,326576.8023,1541.96,1,3,833.53,8.55,5,50.92,1.51,99.9,6
398,434766.9091,2082.88,1,3,49.18,39.72,8,56.25,0.95,92.73,7
399,113167.6128,550.0,1,3,353.03,8.28,6,16.8,43.13,86.5,3
400,255647.7753,1662.92,2,1,268.64,53.94,7,35.25,30.19,93.78,3
401,249095.1846,1102.15,1,3,154.99,56.57,5,50.98,0.96,93.07,2
402,227591.673,998.15,2,3,583.62,23.69,6,34.62,10.82,93.42,6
403,210450.8806,550.0,2,3,490.96,42.41,4,1.79,14.94,99.9,4
404,144597.4335,550.0,1,3,859.24,34.43,9,22.53,10.72,98.48,6
405,384097.6603,783.23,3,3,538.66,26.05,9,108.61,34.64,91.01,7
406,346591.1288,2187.19,2,1,222.5,17.14,8,49.71,5.11,94.0,6
407,305549.9909,1280.31,2,3,621.16,40.7,9,62.37,12.51,86.71,5
408,412373.3986,1278.96,4,2,788.81,36.19,4,26.61,27.82,94.88,5
409,164222.1711,550.0,2,3,403.71,30.92,5,38.74,23.72,96.3,5
410,572622.5536,1250.32,2,4,673.64,35.24,6,19.87,35.45,94.33,6
411,722574.6253,1216.33,4,4,298.63,11.06,10,10.06,13.57,99.9,7
412,194022.0792,692.76,2,2,360.81,17.65,7,53.76,27.9,95.75,5
413,431823.3071,2120.93,3,3,868.57,22.37,9,23.94,1.45,95.96,6
414,443320.3326,1450.22,2,3,167.31,39.09,10,1.43,10.77,94.4,8
415,172227.7567,984.42,1,4,418.85,37.17,8,32.14,26.94,84.25,4
416,233789.3427,550.0,2,4,470.97,46.95,6,63.28,16.99,91.65,5
417,133985.6069,661.76,1,3,316.68,24.52,4,26.37,7.78,83.84,2
418,495148.1821,812.15,4,4,599.29,16.87,9,29.67,14.0,88.33,7
419,108074.4061,613.32,1,2,895.23,61.27,4,8.04,27.62,92.6,1
420,291765.9698,1713.06,2,3,490.96,33.38,8,78.31,30.18,97.93,9
421,155755.9859,550.0,2,2,541.91,39.57,7,67.49,17.34,96.69,4
422,528127.8507,1420.25,3,2,513.57,21.61,7,60.63,1.13,93.24,5
423,310011.5463,830.53,1,3,551.53,39.68,5,96.53,25.0,99.2,7
424,110019.2136,550.0,1,2,919.28,22.0,6,66.76,43.5,99.9,3
425,525813.4096,1115.24,5,2,852.38,20.23,8,29.12,16.19,99.25,9
426,224359.4159,1014.03,2,3,396.61,47.7,10,73.66,9.11,95.51,4
427,321142.0997,1625.2,1,2,30.27,13.9,7,36.28,5.04,89.2,6
428,257834.9712,550.0,3,4,753.8,14.54,7,29.12,24.19,92.17,7
429,313484.1485,822.24,1,4,967.04,51.71,4,66.18,17.17,96.51,6
430,545576.5566,980.09,3,3,849.4,27.13,9,51.49,40.97,91.91,8
431,196765.808,996.16,2,2,368.3,35.72,5,27.83,12.22,87.55,3
432,174931.3019,977.85,2,1,1071.73,39.1,4,101.54,8.43,94.81,4
433,380247.8732,1841.69,2,2,631.45,22.37,6,76.23,9.63,92.85,5
434,596871.5103,2186.62,2,3,741.75,25.63,9,11.33,20.19,98.01,8
435,314277.9998,550.0,1,1,32.17,39.35,3,90.33,33.18,92.63,1
436,160221.4031,793.3,1,3,648.22,16.36,8,47.64,11.15,96.1,5
437,113282.0931,1522.56,1,1,39.91,42.98,4,105.14,36.59,97.3,2
438,384459.5762,1493.52,2,2,376.53,16.21,5,45.43,3.14,97.7,5
439,185133.6985,550.0,2,3,418.02,20.34,6,69.13,38.42,87.03,5
440,542380.0601,1619.61,3,2,525.23,34.42,10,13.99,36.61,98.96,9
441,217357.924,654.97,2,3,460.78,1.87,8,67.19,21.87,94.12,6
442,265916.5792,1608.13,1,4,751.05,33.09,6,37.3,7.78,97.45,6
443,310063.45,864.89,1,4,161.5,52.18,8,70.94,30.05,97.78,3
444,538399.5854,1396.88,2,5,676.08,4.72,10,34.15,26.21,94.61,7
445,149941.6077,731.76,2,3,253.21,21.06,7,22.77,31.53,99.9,5
446,389246.5963,1096.37,3,4,515.33,75.94,8,8.97,6.01,87.0,7
447,356002.4758,2173.85,4,2,357.43,9.22,10,37.44,18.03,91.07,10
448,147724.0952,742.07,1,3,865.78,43.01,4,61.23,50.05,96.97,3
449,576780.8894,1423.76,1,3,356.87,33.88,10,28.06,20.74,92.77,8
450,342049.4357,606.37,3,3,545.39,42.28,9,27.27,11.33,88.85,7
451,748256.0279,1842.17,3,4,630.94,56.05,10,19.25,13.22,94.19,6
452,480345.5749,1361.71,2,2,316.54,1.4,7,6.09,10.87,97.02,7
453,573920.1164,1920.34,1,3,972.2,35.77,10,21.24,15.79,98.4,7
454,338905.9794,1252.56,3,2,239.71,25.03,8,22.39,2.31,95.09,6
455,433254.7866,983.44,3,4,230.94,24.73,6,90.16,20.58,96.02,6
456,135635.1167,896.7,2,3,751.63,64.82,6,56.09,12.83,95.33,2
457,560068.1806,1337.26,3,4,159.82,20.92,8,44.41,1.65,97.15,7
458,123575.9347,550.0,2,2,684.01,51.3,8,11.03,15.76,94.46,4
459,706274.9596,2105.87,4,2,25.33,46.44,10,79.01,25.17,98.58,10
460,269142.4041,959.84,4,3,398.1,2.65,8,95.46,2.47,99.9,8
461,554555.2712,821.43,4,3,800.0,21.32,8,35.88,1.93,91.06,4
462,268522.6089,913.27,2,4,41.47,37.97,4,81.2,10.7,98.1,5
463,342470.7477,1267.8,1,4,892.99,13.36,7,12.69,25.54,96.55,5
464,208764.2546,1173.31,3,1,245.29,76.09,5,18.36,9.02,95.85,6
465,218284.2311,1243.17,2,1,565.05,17.25,7,34.94,15.37,93.02,5
466,93963.58358,550.0,2,3,680.53,21.93,6,85.3,5.24,93.11,4
467,320569.0269,1124.19,2,3,439.41,14.72,9,54.96,23.52,97.86,6
468,331474.4211,550.0,2,4,696.52,62.44,6,22.06,22.58,83.63,3
469,184100.4687,628.32,2,4,273.04,3.83,8,103.47,31.04,94.78,3
470,196541.7694,1636.48,1,2,284.29,62.06,5,8.38,7.52,95.02,6
471,161052.3668,550.0,1,3,397.94,10.59,6,19.21,20.16,99.9,2
472,245663.369,688.57,2,3,711.6,5.13,7,91.73,5.44,90.46,2
473,446114.0807,890.0,2,5,235.71,64.25,10,26.18,6.05,92.34,6
474,321849.8444,683.28,2,4,683.59,40.6,8,20.2,4.09,98.43,6
475,644478.1921,2203.77,3,3,537.82,17.2,7,76.93,30.1,90.96,9
476,477320.8515,800.24,4,4,538.07,27.28,10,47.79,7.99,96.01,5
477,189162.786,550.0,2,4,1188.94,39.14,7,28.98,3.71,94.29,4
478,317819.7604,550.0,2,3,424.28,63.65,7,53.06,18.97,94.15,5
479,350380.8319,1082.65,3,3,792.37,61.83,7,21.04,1.78,95.36,6
480,340315.5408,1500.9,3,5,558.21,22.19,6,11.49,15.37,91.7,8
481,270705.4256,550.0,1,2,449.25,22.78,5,7.31,17.24,88.99,3
482,252095.495,932.47,1,3,48.82,38.88,5,35.65,39.16,92.36,5
483,258216.0685,788.01,1,3,82.89,31.81,6,6.21,7.54,96.0,2
484,414412.5618,883.15,1,4,96.79,6.41,7,14.19,7.22,94.55,7
486,208066.991,550.0,1,3,863.66,58.14,4,30.08,4.38,88.21,6
487,173180.6965,722.64,2,2,579.73,43.58,9,42.9,14.8,97.78,5
488,191026.5823,710.7,1,4,786.11,8.59,9,91.95,10.39,92.71,6
489,509765.5037,808.35,3,4,835.73,45.25,7,43.08,22.99,99.9,8
490,197747.4995,724.79,1,3,912.79,34.78,5,24.88,1.42,94.89,5
491,199614.6079,559.86,3,3,216.52,26.86,8,105.43,26.73,89.37,4
492,427689.9658,1856.98,3,3,175.51,33.9,9,14.21,26.06,93.76,7
493,157667.7423,896.07,2,2,221.12,43.53,4,67.63,0.67,86.82,1
494,339797.2043,1181.53,4,2,550.01,69.19,5,71.42,37.44,89.9,5
495,316604.0103,1336.16,2,3,398.12,49.95,6,78.26,29.79,93.74,6
496,267934.4178,730.57,2,4,144.83,38.1,6,67.26,0.68,83.03,5
497,530438.3597,1044.63,2,5,522.58,5.25,9,24.99,12.63,97.91,7
498,138522.2516,550.0,1,3,855.73,41.36,7,39.47,16.19,99.66,3
499,118339.1469,1336.58,1,1,938.65,48.3,5,75.04,5.11,96.15,5
500,208793.7303,666.15,2,2,831.59,15.22,5,69.85,22.32,94.52,3
501,358909.4737,1520.86,1,3,464.08,3.37,9,58.45,13.44,90.59,5
502,586225.2075,1531.42,3,4,1096.88,10.39,4,43.79,29.43,87.34,6
503,407629.4936,785.82,1,5,601.04,29.56,7,41.15,20.99,93.84,4
504,336680.2021,1352.5,1,5,379.43,27.5,10,44.47,15.01,90.16,8
505,464796.0271,796.19,3,4,1088.34,53.34,5,37.92,11.24,91.83,6
506,150688.617,717.8,1,3,524.78,33.84,6,78.09,20.54,93.32,5
507,469779.5525,692.32,2,4,292.98,16.44,9,39.56,19.89,90.68,7
508,139008.7115,885.02,1,2,382.34,5.84,7,45.25,27.63,92.2,4
509,156967.4791,1107.8,1,2,230.53,24.96,5,76.35,26.52,91.75,4
510,441105.0733,2167.29,1,3,119.79,11.64,9,11.65,18.75,93.84,8
511,399559.1881,859.96,3,3,133.08,51.88,10,63.9,7.19,99.9,5
512,99931.23778,550.0,1,4,568.72,69.23,6,86.15,25.78,99.54,2
513,162023.5571,550.0,1,2,436.97,26.02,6,88.33,12.8,98.78,5
514,354907.8477,1406.63,1,3,68.52,34.58,7,33.31,4.0,89.65,5
515,413163.3197,1075.91,3,4,27.67,21.66,7,47.1,30.38,96.9,7
516,209459.8706,818.4,1,4,740.32,1.36,7,53.03,21.14,88.53,2
517,188420.495,638.75,1,3,416.38,4.71,2,9.18,4.01,97.39,4
518,275672.8901,1335.43,3,2,784.03,36.0,6,8.56,1.49,87.82,6
519,167114.0659,1210.49,1,1,248.46,19.59,5,60.74,11.11,99.42,3
520,358905.9131,976.75,2,4,768.59,19.68,3,24.61,29.75,99.9,5
521,335423.1111,811.92,2,4,19.64,21.89,7,44.8,25.54,95.51,2
522,264706.2813,949.31,1,2,221.81,27.26,5,16.8,22.9,92.95,4
523,267734.1461,1461.11,2,3,561.27,26.19,8,88.1,32.43,95.52,6
524,198410.1318,635.65,3,3,890.22,47.46,7,81.48,1.87,91.44,3
525,497093.5765,817.6,4,4,451.7,1.17,9,22.64,10.34,90.06,4
526,226378.703,1725.96,2,1,271.42,33.85,4,40.13,28.96,89.68,6
527,124802.108,550.0,2,1,557.55,46.88,6,19.87,2.11,94.17,3
528,283028.7124,550.0,2,2,331.56,23.64,3,73.67,43.44,88.2,1
529,264914.0796,674.64,1,3,730.15,13.36,5,6.17,12.54,94.65,4
530,481902.0478,1411.64,3,3,247.03,21.64,6,65.61,23.17,93.73,5
531,412837.757,1439.53,2,2,153.92,17.84,4,0.24,43.05,99.29,3
532,560377.0145,2033.79,3,2,123.13,67.68,9,94.09,29.1,93.92,7
533,368004.9107,1326.19,2,2,444.04,47.6,6,35.46,34.6,96.21,5
534,93232.90803,550.0,4,1,761.09,39.02,5,0.13,10.68,91.86,1
535,256709.7659,1056.18,3,4,439.76,54.6,9,78.53,13.4,91.38,4
536,314630.9598,1937.42,1,2,569.13,28.92,7,40.53,10.55,89.85,7
537,494888.9838,1420.14,2,3,715.21,19.59,8,39.42,7.53,88.62,5
538,564217.122,1968.46,2,4,159.66,18.22,10,39.59,1.63,90.84,7
539,165809.6323,854.64,2,3,411.4,45.77,2,77.16,12.73,88.76,3
540,125547.0981,697.91,2,1,485.98,1.36,5,40.3,25.53,93.92,4
541,289804.9546,913.84,1,4,919.24,6.08,8,94.23,20.77,96.85,1
542,200664.6325,914.69,1,2,423.72,56.66,7,35.24,15.57,98.19,6
543,91763.35075,576.91,2,2,501.05,10.54,7,84.42,1.24,95.24,4
544,311591.5511,1168.93,3,4,143.66,24.84,10,39.15,7.6,91.26,5
545,181429.723,767.75,2,4,457.76,11.5,4,64.96,35.85,91.44,3
546,402488.8464,1017.6,4,3,1050.06,27.09,7,16.16,21.63,95.73,5
547,281180.6138,1099.56,2,3,432.09,31.18,8,77.51,16.49,92.35,4
548,390743.2922,901.73,1,4,110.39,33.46,6,88.29,2.77,91.8,5
549,380733.0623,872.78,2,3,351.0,29.3,7,25.18,0.53,85.19,4
550,173076.6515,793.9,2,3,254.51,83.35,7,72.56,24.11,88.65,8
551,244027.2836,611.52,1,3,217.89,52.44,7,56.5,2.83,94.05,4
552,500296.9494,1221.08,1,4,866.35,8.31,5,13.18,8.4,92.22,5
553,220926.562,1589.48,2,4,257.65,23.97,9,54.52,21.3,86.59,3
554,134583.2515,550.0,1,3,715.05,6.03,7,36.97,34.52,97.55,3
555,397043.65,933.54,3,3,403.69,52.34,6,73.09,13.36,93.01,5
556,414012.7775,1522.53,2,2,470.29,7.08,6,28.2,11.06,93.24,2
557,144240.8553,550.0,2,2,544.76,14.29,3,71.68,3.25,87.11,3
558,491132.4585,2072.28,3,4,91.17,31.63,8,46.4,17.3,94.3,7
560,458236.3894,648.6,4,4,472.46,2.51,10,13.41,9.28,98.65,10
561,290743.0373,635.71,1,5,212.83,44.46,9,109.18,36.72,90.99,7
562,597585.9219,1982.9,3,4,1014.98,8.82,10,44.28,14.88,93.96,8
563,298228.7665,1306.61,2,5,585.89,43.38,8,16.07,4.52,94.53,8
564,207249.2201,779.94,1,4,66.42,34.3,6,12.91,1.4,90.36,2
565,415701.1553,1312.22,1,3,31.51,23.51,6,1.64,1.14,85.09,4
566,612273.691,1687.73,3,3,760.11,22.96,8,44.3,12.25,95.58,3
567,506388.8471,801.77,2,5,135.67,36.55,7,55.26,20.33,91.46,4
568,322181.3029,934.62,3,3,383.98,23.99,10,41.69,32.8,91.7,6
569,152273.9906,1520.66,1,2,390.41,23.12,6,79.46,18.0,99.9,4
570,280091.384,560.6,2,4,821.94,42.25,10,19.79,29.68,91.57,7
571,502926.1317,1236.81,2,3,345.24,21.12,6,22.59,4.15,98.54,5
572,373177.5445,583.03,1,1,432.66,50.65,3,17.21,27.51,84.22,1
573,418979.6667,1720.27,2,3,575.18,52.25,5,85.34,29.53,94.79,3
574,303146.052,863.99,2,3,578.21,44.02,7,58.04,1.91,99.78,6
575,345974.6345,1401.23,3,4,39.45,13.1,10,43.15,7.32,93.27,9
576,469454.3563,1191.4,3,3,749.31,33.34,8,91.45,15.38,99.29,6
577,276584.3605,550.0,2,4,315.89,25.03,7,79.71,12.57,93.73,4
578,330090.5606,550.0,4,3,337.9,60.47,10,69.62,16.41,91.81,4
579,236938.4329,586.15,3,2,286.79,29.18,6,82.53,26.67,95.49,6
580,167546.7668,826.35,1,2,667.2,13.62,7,52.03,9.4,91.92,5
581,125238.514,550.0,1,3,229.63,23.94,9,60.06,14.81,95.89,5
582,299140.8378,1821.84,1,3,398.52,26.83,5,0.98,14.09,93.33,4
583,273784.2413,788.46,2,4,552.26,15.75,7,71.52,21.6,96.97,4
584,398689.505,1199.68,1,3,409.66,22.86,6,19.19,29.88,94.42,6
585,237290.0276,764.52,5,3,386.47,31.95,7,0.38,11.08,89.11,5
586,373445.2218,1182.99,2,2,548.96,43.67,6,26.76,4.49,96.36,2
587,304780.9044,676.94,3,4,504.16,6.87,8,24.54,15.51,99.2,4
588,571365.9853,1476.04,3,4,393.1,68.22,10,29.88,15.71,82.16,4
589,554802.8735,1184.97,1,5,48.27,19.39,9,13.58,6.09,90.72,6
590,417295.1059,1597.38,3,4,376.09,24.5,10,15.7,5.79,99.9,7
591,286637.342,1592.82,2,3,741.86,62.74,6,50.99,0.53,91.67,6
592,276251.1461,1266.86,1,4,420.43,4.4,9,15.76,30.19,98.21,5
593,223963.9275,1094.72,1,5,798.38,27.04,3,36.74,28.39,87.25,3
594,155163.1578,737.43,1,3,564.54,47.35,8,74.01,12.82,98.03,4
595,259399.4915,1441.96,1,4,725.81,16.34,7,22.21,32.42,98.6,7
596,249815.1871,1592.1,2,2,134.74,55.69,9,14.77,12.04,92.38,4
597,237640.116,1307.13,1,3,912.24,20.24,8,25.13,28.09,97.55,6
598,232133.557,932.66,2,2,817.34,16.89,5,23.4,8.4,99.9,4
599,163575.4804,550.0,1,3,575.64,3.97,6,97.6,1.45,91.73,2
600,477183.1747,1701.34,1,3,798.06,57.15,8,36.11,5.43,89.93,6
601,454144.7834,1367.63,3,2,44.28,41.83,8,18.4,7.33,94.34,8
602,165863.1355,1226.59,2,2,900.44,5.32,7,12.87,20.06,98.24,6
603,262495.0027,550.0,4,1,651.3,39.67,2,41.28,21.35,86.98,3
604,165566.0579,550.0,2,2,649.67,9.63,6,114.35,27.58,98.08,4
605,145540.6955,859.02,1,3,471.27,41.98,7,44.95,17.82,99.9,4
606,443378.8118,1011.04,4,4,409.82,21.48,10,12.28,9.58,99.9,10
607,115076.6196,992.46,1,1,358.12,51.91,6,43.37,32.8,90.97,3
608,348991.4784,1398.64,1,3,117.0,24.14,10,48.19,4.22,88.66,7
609,139014.6639,1135.53,1,3,638.61,39.12,8,21.53,28.42,93.83,4
610,171463.446,1315.31,1,3,776.44,10.45,5,70.14,31.28,94.3,4
611,620881.7003,1394.65,3,4,565.49,20.49,10,14.81,10.93,94.53,9
612,315102.2944,1309.65,2,3,707.09,6.07,9,21.14,6.97,99.47,9
613,503314.3608,1899.3,2,3,447.03,22.73,9,8.82,2.19,94.57,6
614,205880.9663,1016.62,1,3,540.36,22.6,8,101.67,17.39,99.9,5
615,185176.1107,866.59,1,4,443.86,38.24,6,20.68,8.41,90.22,3
616,168989.7578,584.62,1,3,76.98,8.62,5,28.67,29.77,90.09,3
617,137458.5869,550.0,1,3,223.64,23.82,6,40.43,33.79,96.8,5
618,330576.3618,1247.11,4,4,621.73,29.86,8,43.38,7.91,99.9,5
619,733103.4288,1377.9,4,5,758.06,43.93,8,12.29,2.26,88.53,7
620,463435.9881,1742.26,3,3,691.85,12.64,9,54.45,9.81,92.47,5
621,189735.9028,958.81,1,2,912.69,32.08,6,37.9,12.61,83.23,4
622,111529.805,1262.83,1,2,708.0,46.48,5,86.7,21.21,92.59,5
623,477452.2338,1871.75,3,4,633.05,46.58,10,6.9,9.96,99.9,10
624,432711.3006,949.39,2,5,252.68,24.21,9,59.5,5.16,99.9,5
625,325830.4139,1076.83,1,3,353.65,24.86,6,12.32,6.14,96.55,4
626,262871.0421,1593.51,2,2,824.79,25.46,5,35.77,3.94,87.13,4
627,330395.2954,761.51,2,4,612.64,36.04,5,11.8,6.25,81.41,5
628,318574.8172,1109.14,2,3,358.51,51.45,8,50.34,52.61,92.33,5
629,188491.6851,1008.1,2,2,764.26,21.14,3,86.49,35.36,92.08,4
630,275313.1724,1590.06,1,4,422.69,19.03,9,6.35,3.05,86.64,5
631,408287.9462,901.82,2,4,592.31,28.72,8,105.35,4.34,92.18,8
632,431107.0448,723.29,3,3,569.25,34.91,6,9.74,18.55,93.9,9
633,226594.365,1318.79,1,3,404.84,11.63,7,18.18,3.59,99.9,5
634,255145.0835,967.51,2,3,204.59,22.47,10,0.53,20.39,98.13,7
635,455238.6954,1448.19,3,3,959.64,24.53,10,45.9,4.28,91.38,6
636,417832.9095,1127.89,3,4,511.23,56.71,9,60.94,21.87,91.94,6
637,193488.1005,816.16,2,2,576.84,1.27,6,61.14,24.52,92.5,4
638,334482.7915,1789.32,2,3,960.32,21.04,10,14.75,17.55,95.39,5
639,392990.4556,1203.36,3,2,190.19,39.23,7,72.55,15.64,98.94,7
640,305092.5135,1274.02,2,4,97.38,43.73,6,10.14,18.42,96.76,8
641,222701.3807,863.31,2,2,502.33,52.52,5,80.9,0.42,92.74,5
642,221064.633,732.21,2,2,102.03,0.35,7,20.33,19.03,91.18,3
643,100792.618,550.0,2,2,310.34,27.04,3,50.77,31.43,92.0,6
644,277628.6859,566.19,2,4,404.67,20.9,8,67.93,15.06,84.96,6
645,199494.4664,550.0,2,2,484.81,62.49,5,77.71,36.14,90.64,3
647,210127.892,1388.91,1,3,440.11,24.65,7,16.4,14.0,99.82,4
648,463689.7188,2163.35,4,4,929.43,15.63,10,51.36,5.76,92.41,8
649,220351.6395,550.0,1,1,674.68,23.03,5,105.94,13.89,96.21,3
650,334222.911,1128.09,3,3,1188.71,23.63,8,88.8,8.35,93.15,4
651,106203.7719,736.55,1,2,458.72,33.88,9,48.02,7.02,91.84,6
652,205821.4283,861.54,1,2,323.51,42.74,6,33.77,47.5,88.39,4
653,300628.8077,550.0,1,1,688.88,45.47,3,78.23,14.98,91.98,1
654,130804.6513,550.0,1,3,786.36,43.56,5,42.69,19.64,90.84,4
655,579001.6333,1531.71,1,4,318.78,40.63,9,71.76,9.98,97.88,6
656,158717.4633,550.0,3,3,574.77,42.01,6,57.96,30.3,99.9,2
657,175080.1936,1118.5,1,1,797.38,11.84,8,61.14,7.53,88.99,2
658,254107.183,830.2,3,2,407.98,9.6,10,80.36,15.82,96.86,8
659,300684.2367,1470.97,2,4,253.54,44.06,6,72.28,5.73,92.19,5
660,424157.0636,1266.03,1,4,193.31,8.01,8,58.56,0.43,98.05,5
661,185506.6524,1074.52,1,3,76.99,76.47,7,1.46,43.07,93.5,2
662,357344.5766,550.0,2,3,961.83,21.95,9,74.42,11.09,82.32,6
663,500642.8657,1417.24,2,4,573.58,18.81,10,7.1,6.17,99.9,10
664,110549.6391,550.0,1,3,144.77,54.85,2,92.21,8.68,97.16,6
665,150695.0969,870.25,2,2,803.11,15.34,8,3.87,47.15,90.14,6
666,132458.2991,550.0,2,3,36.3,33.08,8,0.45,17.05,94.62,5
667,384852.8758,622.97,4,3,1043.84,26.91,8,27.37,8.27,94.29,4
668,377781.3912,550.89,3,5,174.12,7.71,9,3.5,16.3,92.78,4
669,290681.4959,550.0,1,4,561.86,60.08,6,46.79,19.48,93.54,3
670,228894.6688,1434.23,2,2,1098.97,7.96,9,61.85,17.43,99.9,5
671,257820.883,1231.41,1,3,247.54,69.66,5,26.01,13.0,89.13,6
672,504948.6069,1725.96,2,4,247.68,74.01,5,45.07,19.59,98.65,5
673,506088.6728,1421.32,3,3,1235.6,6.16,8,23.76,9.46,91.38,5
674,165314.1196,550.0,3,4,705.59,24.42,6,46.64,14.38,98.59,2
675,466229.3639,1756.32,3,3,633.69,25.71,7,10.45,7.74,88.06,4
676,409285.3193,882.39,3,5,694.16,23.84,10,7.0,12.56,99.22,7
677,413947.5455,1648.14,2,3,286.13,27.48,10,72.61,32.08,95.97,6
678,373827.7512,840.12,2,3,1251.42,30.8,6,27.71,21.97,99.84,7
679,267189.6762,1676.08,2,2,800.64,15.08,10,1.45,0.51,94.56,7
680,148674.4693,1340.98,1,2,1008.71,13.05,6,107.22,6.51,83.71,2
681,198803.6428,834.57,1,3,439.92,22.32,6,70.86,3.67,94.74,4
682,574797.8715,1371.48,4,4,141.89,40.93,9,6.91,11.87,90.21,6
683,373416.1307,1314.28,3,4,703.95,8.9,8,5.54,14.61,92.72,5
684,135239.6454,550.0,1,3,16.51,45.73,4,94.11,25.18,89.05,4
685,332259.4237,656.16,3,4,643.36,36.9,6,21.5,3.49,94.21,4
686,346632.8721,1385.14,3,3,1030.63,12.7,9,55.78,8.11,89.36,6
687,126326.4729,550.0,1,3,249.68,39.55,10,7.73,24.14,99.9,6
688,484163.7669,1442.01,2,3,282.2,26.76,6,3.53,12.53,92.23,3
689,242770.8674,550.0,2,3,719.3,5.62,7,62.82,46.22,89.0,4
690,192662.9644,1134.14,3,2,610.98,44.48,4,7.18,32.0,99.28,4
691,248909.1914,1605.01,1,2,389.2,11.83,7,70.95,12.36,95.43,6
692,227381.0904,599.5,2,4,267.64,19.0,7,33.63,9.61,97.69,4
693,183190.785,1155.22,1,2,484.34,25.07,7,39.91,6.17,89.42,5
694,354630.7593,851.58,3,5,405.31,5.83,6,21.44,29.0,99.57,4
696,716433.5331,1740.34,2,4,831.82,19.57,6,60.25,9.19,99.9,8
697,242090.3177,1567.09,2,2,468.89,37.41,8,97.63,3.03,93.67,7
698,199596.2137,838.6,2,2,382.42,25.2,8,44.1,9.2,90.7,4
699,116262.2223,642.03,3,2,582.14,83.69,4,126.93,35.44,96.86,3
700,151227.593,550.0,3,4,255.07,42.94,6,20.21,18.46,88.11,4
701,190732.4501,1185.85,3,2,389.82,49.18,8,0.21,10.85,89.4,7
702,233930.5767,847.13,1,4,1113.81,40.58,6,13.62,7.01,96.41,3
703,111939.1888,600.31,1,2,142.87,38.31,8,36.76,40.1,93.14,1
704,220243.667,1406.5,2,1,390.13,26.56,6,19.05,20.34,87.97,4
705,506588.2279,1937.36,4,1,471.75,33.14,8,34.71,1.37,85.37,6
706,137586.1798,616.33,1,3,705.33,11.24,5,24.69,29.21,95.34,5
707,584773.6586,1698.19,2,4,567.55,56.15,7,9.3,33.3,97.2,4
708,234564.8609,934.7,2,3,490.73,29.8,6,20.31,15.81,92.47,4
709,543120.4207,1476.09,3,3,353.2,35.18,9,102.72,10.09,98.86,5
710,199781.8604,744.45,1,2,632.75,46.56,2,39.75,16.84,91.36,3
711,316592.6204,1386.37,2,3,590.93,48.09,7,44.33,4.47,99.9,6
712,293872.7446,1264.37,2,4,232.61,45.01,9,38.16,24.14,94.13,6
713,161625.0268,1235.84,2,2,772.48,1.79,6,93.07,4.31,85.55,3
714,190849.8791,612.66,2,2,139.13,34.45,6,46.62,33.21,97.28,7
715,94995.80949,550.0,1,3,727.66,31.2,4,5.52,18.41,89.01,3
716,304817.7262,1157.68,1,3,820.77,3.04,6,11.92,7.93,87.97,6
717,407645.5491,762.09,5,3,703.08,35.11,8,2.98,23.88,92.96,7
718,352120.6362,1368.13,1,3,635.82,35.67,6,61.85,14.21,84.71,7
719,557907.882,1366.15,2,4,684.88,46.53,6,16.6,22.81,95.46,6
720,300761.3612,973.77,2,4,21.96,2.2,7,33.45,1.71,99.17,6
721,238886.441,817.26,4,2,942.17,17.58,6,114.97,33.9,86.02,3
722,238031.5034,660.3,3,3,840.21,18.93,7,64.21,15.34,93.67,7
723,417501.9437,1124.01,4,3,275.75,4.15,9,62.0,5.34,90.65,6
724,129904.8224,550.0,1,3,1005.13,9.31,5,45.68,9.01,99.9,5
725,108692.1363,614.58,1,2,207.28,37.4,8,77.09,10.8,98.25,6
726,623993.8792,1625.16,3,4,583.95,42.91,9,39.49,14.75,97.18,9
727,160724.8169,680.06,1,2,783.6,46.06,8,93.92,5.5,98.68,6
728,108250.9154,678.79,2,2,371.5,12.69,6,87.35,27.32,89.42,1
729,408791.31,1806.23,3,1,898.98,22.15,8,35.91,10.91,95.56,8
730,517881.0845,1573.65,3,3,501.65,15.21,6,31.05,25.87,97.83,5
731,195341.3991,1450.43,1,2,892.14,25.04,7,2.39,9.53,96.16,5
732,355748.8956,1444.86,2,2,733.19,2.48,6,22.43,32.8,99.9,3
733,233342.2854,550.0,1,3,467.52,40.7,8,23.37,6.58,98.99,6
734,488247.7457,904.71,3,4,482.02,8.29,8,34.5,2.02,91.21,4
735,286754.0923,671.79,1,4,325.32,39.49,10,9.45,28.55,93.83,6
736,374306.8394,1199.76,3,3,456.96,5.69,8,72.11,24.31,99.9,4
737,339460.7397,1635.79,1,2,383.34,6.94,7,58.37,2.22,96.72,6
738,247646.9723,550.0,1,4,496.29,21.44,5,71.57,30.91,99.9,1
739,214739.3865,1094.17,1,2,865.94,13.97,6,25.27,21.59,95.55,5
740,248774.6128,1314.72,1,2,765.95,59.41,8,7.83,7.51,88.73,4
741,309018.0742,792.4,4,3,720.05,38.52,10,33.96,12.53,91.15,9
742,317603.9583,1010.05,1,3,673.64,27.42,5,79.32,11.09,91.13,3
743,319230.5488,1010.17,1,4,362.01,59.67,9,65.73,14.86,98.49,5
744,388797.7139,1146.22,2,4,727.99,44.19,5,70.97,38.64,91.56,8
745,224003.9849,1452.7,2,3,58.99,40.47,9,34.31,15.61,95.98,8
746,321072.6461,960.37,2,3,535.83,18.37,6,4.92,30.3,91.59,4
747,354779.4553,550.0,2,4,631.11,10.96,8,38.52,13.66,98.98,4
748,508327.047,1915.77,1,4,651.22,43.37,9,77.12,7.49,96.86,8
749,124085.0562,660.24,1,2,534.92,36.51,7,0.09,26.64,96.6,6
750,186119.9462,778.73,2,2,328.2,4.07,5,73.88,3.46,96.85,3
752,338874.9432,746.19,3,3,175.3,42.92,6,36.92,5.17,97.64,5
753,182149.6268,550.0,1,2,387.23,45.88,5,73.98,15.75,92.71,3
754,333690.06,1717.65,3,3,431.28,0.06,10,9.17,1.88,96.79,6
755,446542.03,1036.05,2,3,577.03,44.88,5,58.88,12.16,95.81,5
756,530368.3448,1259.6,3,2,770.83,42.77,3,102.78,10.14,89.18,4
757,244843.6422,876.12,2,4,1248.47,21.6,7,55.92,17.08,92.4,6
758,286637.4928,550.0,4,3,239.0,36.91,7,32.15,4.43,89.81,5
759,157501.3561,907.68,2,3,140.1,11.86,7,0.83,13.9,95.21,5
760,249773.6916,1320.89,1,2,572.21,36.49,2,55.24,24.39,92.91,5
761,463281.4699,1061.65,3,5,1117.28,18.35,7,27.83,11.15,87.93,4
762,182779.7308,550.0,1,3,62.43,26.23,6,115.37,49.71,89.46,3
763,266242.4441,550.0,3,4,402.0,30.64,3,10.23,7.41,90.59,4
764,240397.6212,1420.65,3,2,897.0,25.05,8,125.22,0.55,99.9,5
765,173453.0226,586.27,1,4,468.91,18.49,9,33.13,39.04,94.06,6
766,439736.5995,1054.45,1,4,571.38,43.91,9,93.43,2.13,99.9,7
767,422653.6677,1883.99,3,2,562.14,36.72,4,33.68,8.56,99.9,3
768,505151.2756,2177.7,3,2,746.98,24.26,10,7.59,25.62,99.9,7
769,270462.6923,1084.91,4,2,830.3,46.78,7,27.96,39.4,96.65,7
770,248443.0907,971.06,1,5,757.35,7.36,9,46.44,20.25,96.21,7
771,406852.8596,833.57,2,6,545.42,19.33,10,100.59,8.92,96.63,5
772,239314.4644,550.0,2,1,691.0,47.44,3,62.45,23.32,94.53,2
773,569970.3125,1490.23,2,5,689.33,49.56,9,10.68,15.31,95.68,6
774,228252.0107,550.0,3,3,389.02,29.16,8,62.75,1.27,91.96,4
775,387589.0129,873.68,3,3,249.09,23.16,9,24.34,18.27,99.9,4
776,112494.5377,550.0,1,2,249.64,28.0,8,37.67,23.21,91.28,4
777,485007.0675,1724.11,2,2,670.39,30.88,7,55.69,21.31,91.94,7
778,506032.5354,1392.98,3,5,540.6,45.52,10,137.73,6.56,94.08,9
779,261627.3172,978.37,3,2,680.76,34.85,8,74.67,17.86,88.36,5
780,507981.2627,1579.72,3,4,89.37,39.68,9,51.07,8.63,93.55,2
781,453631.532,550.0,2,3,349.43,2.61,10,42.73,14.91,98.83,6
782,302079.734,797.22,2,4,711.96,5.42,5,36.67,13.89,94.05,7
784,211272.5621,960.83,2,2,448.31,45.95,9,26.01,11.82,94.96,5
785,363179.2547,963.49,2,3,593.93,35.6,9,27.91,12.26,91.06,6
786,387702.7452,1014.08,3,4,276.56,20.73,7,15.87,24.89,89.25,6
787,242922.689,550.0,3,2,1158.81,5.27,7,64.04,31.94,91.16,4
788,480624.165,1106.34,4,3,431.21,20.21,10,79.66,0.11,91.15,7
789,499211.8898,1704.06,3,2,820.04,32.74,8,23.24,15.83,93.86,4
790,347310.1185,1468.73,3,2,488.45,61.96,6,9.26,15.54,93.44,8
791,458241.994,1180.85,2,4,134.27,18.45,8,29.48,23.92,92.63,6
792,233758.1789,1154.48,2,3,736.5,4.36,10,30.22,9.97,98.1,6
793,177944.3403,891.4,2,2,81.12,43.9,6,14.24,17.72,91.52,4
794,123699.6303,550.0,1,2,419.16,24.11,8,7.0,13.14,91.0,3
795,300227.2395,1536.47,2,2,318.57,41.33,5,98.22,3.68,90.88,2
796,171563.133,550.0,3,3,1023.45,3.96,8,62.71,14.45,87.38,7
797,196620.752,642.63,1,2,184.79,24.75,4,88.24,27.78,97.41,2
798,180323.8538,739.21,2,3,944.13,53.19,6,86.72,21.14,99.9,6
799,225754.0051,550.0,1,4,578.78,35.07,7,109.14,23.58,93.76,4
800,232799.37,1226.69,2,4,341.57,39.68,8,7.97,3.07,99.46,2
802,337752.827,1297.31,3,4,504.1,9.91,10,13.86,8.48,99.9,10
803,458837.414,1421.05,4,4,788.01,43.06,10,10.07,12.68,88.41,8
804,272321.0159,1313.83,2,4,607.12,44.94,5,58.41,15.0,99.17,6
805,257001.1014,1333.9,3,4,978.39,47.77,6,55.63,0.8,93.36,6
806,139123.0843,761.18,3,2,595.16,47.42,5,98.69,32.67,95.36,4
807,333793.7857,1498.62,2,3,568.73,34.08,9,129.7,14.47,99.9,7
808,323895.5717,550.0,2,5,600.0,43.0,9,18.48,1.25,98.51,6
809,185130.3115,550.0,1,4,710.84,35.57,4,106.19,28.38,83.58,2
810,151377.1018,697.88,2,2,121.1,49.41,4,20.57,13.88,89.76,3
811,131819.8828,557.98,1,4,59.19,44.5,6,51.15,16.71,95.43,3
812,352552.9691,1405.05,2,4,697.03,38.27,10,70.48,14.13,99.9,10
813,368673.76,617.3,3,3,79.43,33.38,7,34.87,11.76,96.39,4
814,114500.6397,550.0,2,2,650.06,63.47,5,98.5,21.86,95.43,2
815,152661.8792,599.43,3,3,191.79,42.13,4,94.11,30.41,90.8,1
816,276946.0848,986.66,3,2,490.08,46.58,6,11.94,8.3,89.88,3
817,491609.262,1819.02,1,3,531.05,37.73,7,103.39,20.78,98.32,5
818,121928.5813,1106.95,1,2,593.5,10.43,7,12.23,18.26,86.96,4
819,224747.4841,587.4,2,3,342.57,36.43,7,7.64,11.36,89.53,3
820,346686.6221,718.51,2,3,562.48,2.75,5,5.8,25.38,99.9,7
821,179707.2477,550.0,1,2,250.64,17.19,8,29.4,43.44,90.13,1
822,515607.6582,1141.41,5,5,644.65,33.72,8,22.72,12.21,89.83,3
823,317035.3403,2166.82,1,4,621.29,12.85,7,4.5,5.93,96.19,5
824,199128.6832,1231.15,2,2,376.56,9.22,4,92.63,25.07,86.27,6
825,341377.1702,1196.66,1,3,803.69,14.05,6,31.45,17.73,98.48,5
826,160527.0884,550.0,1,2,713.64,34.8,6,9.12,8.92,94.17,4
827,411710.1671,634.81,2,5,623.14,36.13,8,8.96,15.25,93.55,8
828,227544.747,1101.67,1,3,397.86,7.66,5,39.74,7.32,89.03,3
830,565300.7513,1831.94,2,3,523.42,45.6,6,22.85,10.15,98.07,2
831,336276.9028,965.01,3,4,821.61,50.46,6,2.55,16.81,81.02,5
832,381307.9566,923.6,3,4,1037.53,44.11,8,57.03,22.55,97.28,6
833,434970.7078,1724.89,3,3,734.3,49.13,4,31.7,13.96,88.4,3
834,675518.3312,638.75,4,4,797.27,26.89,9,20.15,5.4,98.19,9
835,150396.4581,550.0,1,2,899.22,51.62,3,38.94,15.11,83.31,4
836,253414.7142,870.74,1,3,250.99,13.34,7,72.34,8.46,94.97,4
837,260976.6665,550.0,4,3,362.83,7.87,9,12.4,28.47,88.43,7
838,204927.6177,550.0,2,2,214.34,62.61,7,29.44,19.47,99.72,6
839,372767.7884,1178.17,1,3,786.3,39.16,9,40.0,17.08,95.09,8
840,195998.6689,1351.19,2,2,122.85,9.69,9,32.84,8.79,95.59,7
841,140831.8237,914.76,2,1,172.7,32.48,5,56.63,33.56,92.93,5
842,319753.5556,1090.75,2,3,534.13,28.53,8,24.56,31.58,97.55,3
843,465727.5718,1754.22,2,5,635.61,4.6,8,34.31,7.55,90.2,8
844,121486.5873,956.19,1,4,620.13,6.59,7,70.15,3.54,95.85,5
845,289914.9883,550.0,1,3,528.13,65.22,8,51.73,14.0,97.32,1
846,433475.4898,671.38,1,5,504.15,17.83,7,35.76,1.22,89.65,6
847,373566.5159,1484.35,2,4,513.61,43.1,10,24.74,19.63,93.65,8
848,521223.2561,1747.75,2,4,651.49,20.41,8,8.88,7.77,89.16,5
849,125511.7175,550.0,3,3,116.6,52.8,5,103.32,34.33,96.61,4
850,462140.1472,1930.82,3,3,958.8,14.83,8,62.72,15.61,93.6,5
851,655183.3652,1450.16,2,4,580.83,11.26,6,56.67,21.94,96.24,9
852,118141.2757,629.32,1,1,451.87,79.91,7,93.85,7.73,98.67,5
854,115173.7373,605.11,1,3,372.46,39.48,4,8.32,4.26,93.74,2
855,240155.1237,550.0,2,3,802.57,27.45,6,36.04,1.86,81.99,3
856,151626.2655,1002.61,2,2,245.08,15.47,6,45.71,22.91,98.44,4
857,129375.8222,550.0,2,3,557.19,24.73,6,73.11,10.43,94.89,3
858,199637.143,550.0,2,3,353.75,20.73,6,63.28,25.6,93.07,4
859,155726.5703,550.0,1,2,350.39,42.59,5,74.45,29.28,87.35,5
860,168961.3183,593.33,4,1,522.54,26.44,6,18.44,6.15,94.18,2
861,300545.6297,786.76,2,2,264.36,22.98,7,30.55,21.3,90.63,7
862,201575.1283,884.33,1,3,119.82,3.99,9,3.26,10.05,96.91,5
863,361398.7754,714.9,4,3,662.04,42.74,5,10.04,10.78,90.76,3
864,340834.0191,1020.7,2,4,1182.57,26.23,8,38.14,12.15,99.9,7
865,143168.2995,754.91,1,2,619.55,40.16,7,8.51,0.16,99.82,6
866,267549.2592,1211.19,1,4,391.27,50.28,8,6.11,19.9,90.83,4
867,357602.8609,1332.85,4,4,320.84,57.22,10,7.5,8.29,84.68,5
868,245031.3197,1359.73,3,3,831.67,54.02,8,48.42,9.9,84.85,3
869,536763.4995,1312.94,1,4,365.39,3.88,9,38.57,17.1,94.84,7
870,369834.2411,1903.44,3,2,713.63,26.04,6,1.93,12.98,97.71,5
871,737642.2279,1300.3,4,4,467.71,8.64,5,50.9,3.89,97.01,7
872,475264.6945,1005.21,4,4,327.68,42.2,8,34.06,1.16,90.85,7
873,557080.2338,1008.9,4,4,604.24,34.79,6,3.98,12.23,96.47,5
874,252944.9569,589.22,2,4,452.4,43.84,5,90.89,37.08,90.8,5
875,342115.0793,1466.77,3,3,862.44,56.45,9,12.44,19.77,89.13,6
876,329310.4682,1865.6,4,3,840.77,45.47,8,10.43,14.07,93.69,7
877,149161.886,925.54,2,2,300.08,36.94,5,0.75,27.03,92.27,4
878,631103.0835,1540.52,3,4,626.58,56.18,8,0.12,17.64,90.64,8
879,425692.9945,879.16,3,4,626.06,59.77,8,59.29,5.6,94.33,7
880,173719.3748,550.0,3,1,420.08,32.44,5,45.3,35.21,91.57,4
882,529170.2351,1506.32,2,3,600.17,38.68,4,3.58,18.81,93.8,6
884,235267.7873,1228.38,3,3,507.16,27.96,5,44.5,1.51,97.53,4
885,585684.5332,1352.56,4,4,222.97,5.9,8,2.09,11.21,88.0,5
886,506727.4175,1403.34,2,3,250.95,55.93,6,99.9,23.11,92.24,5
887,139220.3462,797.81,1,3,859.48,15.99,6,45.27,12.3,93.75,3
888,118774.584,667.55,2,1,635.72,34.58,6,18.54,21.24,97.1,5
889,184180.3022,1248.3,1,3,347.05,11.27,7,57.76,15.15,93.83,5
890,355192.0153,1615.16,1,4,906.21,35.01,10,51.01,7.22,95.46,4
891,128296.7434,787.7,2,2,62.85,53.83,8,48.54,21.69,90.61,4
892,213238.3186,550.0,1,2,601.51,44.86,5,21.57,15.95,91.52,2
893,204229.4149,817.57,1,3,567.89,69.3,6,129.23,19.82,84.81,2
894,244280.9675,1253.07,1,3,719.02,17.68,10,11.86,4.32,98.35,6
895,168620.4161,550.0,2,2,417.8,36.77,7,45.27,5.53,88.21,3
896,96794.62338,1203.41,1,2,719.25,38.5,7,76.66,36.93,95.07,3
897,245104.5692,873.9,2,3,232.09,41.15,5,56.28,37.71,87.92,2
898,518253.3659,1085.41,3,4,579.87,11.62,10,104.78,38.67,96.08,4
899,430986.6528,1290.08,3,3,545.48,40.42,7,69.25,35.93,86.9,5
900,312812.2156,550.0,2,2,517.5,7.45,3,55.19,34.38,88.01,1
901,179602.2797,852.56,1,2,163.08,26.6,4,22.25,37.58,94.33,4
902,217710.7415,915.61,2,3,350.37,12.01,9,48.52,25.06,98.64,2
903,120404.5924,1105.58,1,3,65.68,57.57,5,10.64,13.27,92.53,3
904,202655.5484,550.0,2,4,225.53,21.82,6,39.84,30.69,96.35,4
905,314726.1984,1251.41,3,2,108.84,33.2,7,91.42,21.07,99.9,6
906,319372.9775,1443.32,1,4,427.78,20.09,8,1.03,17.88,92.0,5
907,449529.6374,1183.0,2,4,332.92,40.62,8,3.09,22.02,87.5,7
908,378370.4141,1418.33,4,3,1128.52,36.31,9,66.04,20.72,97.68,9
909,216655.028,679.29,1,2,889.96,24.35,3,63.3,17.88,89.26,1
911,316909.5352,930.04,4,3,340.51,6.47,5,10.78,23.54,95.29,5
912,152093.8417,550.0,1,1,357.19,65.13,3,42.01,11.42,83.84,3
913,302150.1384,730.35,4,2,414.12,24.48,9,41.57,15.76,97.02,9
914,284879.1228,931.87,3,3,451.27,32.4,5,92.11,39.11,94.47,4
915,365276.7021,1486.85,2,3,117.67,37.0,6,62.93,44.36,91.92,6
916,246946.1074,550.0,2,1,77.07,49.79,6,11.38,35.77,91.78,2
917,279007.9273,931.73,2,2,295.54,0.72,8,1.0,6.95,94.6,3
918,168317.69,620.57,1,2,341.6,36.93,4,5.2,50.86,98.69,3
919,258489.1512,1136.09,1,4,845.61,20.2,8,48.85,4.04,99.5,6
920,576752.4502,1566.17,1,4,413.19,28.69,6,9.75,3.54,87.55,4
921,197259.9378,1396.24,1,4,477.56,19.94,9,25.51,6.75,96.89,6
922,608734.7679,550.0,3,5,550.49,12.1,9,60.19,2.02,99.9,4
924,554080.7887,1594.37,2,3,677.17,8.96,9,37.54,1.89,88.95,5
925,527018.0762,1071.04,4,3,123.81,2.01,9,61.15,10.4,97.61,7
926,163561.6621,638.87,1,2,418.58,22.36,6,139.46,29.92,98.38,4
927,323789.908,553.44,2,4,886.46,26.45,8,85.24,10.5,96.36,1
928,550994.9312,2235.66,5,3,269.14,11.07,7,23.3,21.4,88.92,6
929,213545.5455,550.0,2,1,150.11,16.11,7,92.06,28.38,92.7,3
930,233002.9048,986.07,2,3,71.57,24.76,7,141.09,19.69,89.45,6
931,204763.8543,604.56,3,1,193.57,65.68,8,34.3,17.23,88.47,4
932,188994.8131,1034.81,2,3,1047.28,27.22,5,14.56,2.88,92.12,5
933,400168.3896,1027.16,2,4,1154.71,49.78,6,1.11,28.55,92.96,5
934,147432.4916,610.18,1,3,323.85,39.15,6,64.11,48.7,94.75,4
935,505005.466,1239.85,3,2,47.58,28.45,5,33.02,33.92,95.04,5
936,250347.5042,550.0,2,4,275.19,54.0,6,28.92,18.11,91.18,5
937,266132.3364,1161.71,4,3,774.41,0.81,10,74.0,19.17,91.74,8
938,269320.9444,550.0,2,1,357.36,36.28,6,15.72,11.95,93.35,3
939,293853.7085,1204.2,2,3,264.73,38.88,7,21.36,12.5,85.12,5
940,327347.9656,1261.06,1,3,590.21,40.84,6,23.85,0.14,88.63,4
941,359293.2998,1678.43,4,4,707.16,48.43,6,25.51,10.74,95.7,5
942,689258.045,2068.36,3,4,314.26,54.28,9,66.77,8.89,93.95,8
943,107491.6315,935.74,3,1,94.36,34.86,5,93.36,12.96,92.52,1
944,432803.8536,998.05,2,5,937.29,1.27,8,86.61,14.8,87.03,7
945,250270.0733,958.39,3,1,521.3,25.95,5,37.87,13.14,87.17,5
946,293640.4683,1220.52,1,2,985.27,31.06,6,55.57,21.4,93.97,4
947,264529.5677,1384.13,3,4,423.58,50.77,8,47.63,31.13,93.26,6
948,285337.659,1662.01,1,3,313.55,37.73,8,30.73,9.17,93.43,5
949,300974.5539,1258.83,2,2,706.86,42.24,6,2.71,7.99,99.9,5
950,376670.0437,1317.59,1,4,848.9,41.79,9,25.82,18.88,99.15,9
951,316473.2471,936.15,2,3,239.11,42.81,5,83.9,22.6,94.01,5
952,381979.7939,1424.81,5,1,395.86,52.83,5,82.92,3.18,87.96,4
953,114899.8269,550.0,1,2,586.88,30.55,7,75.73,17.87,92.51,5
954,255148.639,728.28,2,3,747.22,37.11,7,86.34,8.98,87.56,6
955,391493.9671,1538.64,3,2,855.67,56.65,6,69.81,9.83,80.96,7
956,277537.2027,1057.01,1,3,207.59,0.92,8,30.22,8.29,98.27,4
957,705360.8368,1781.54,3,3,804.56,48.4,8,50.92,4.25,99.9,8
958,119751.4925,550.0,1,3,142.71,26.94,7,88.54,16.32,93.87,5
959,678290.7408,2114.0,4,4,820.65,10.6,10,2.54,10.9,99.9,8
961,283615.4031,1734.6,3,1,673.13,35.29,5,64.29,1.49,91.68,7
962,368668.559,960.64,2,4,695.44,13.51,9,89.02,9.37,93.2,6
963,166987.0495,1177.13,1,3,282.06,59.04,8,17.52,24.51,99.16,5
964,169245.1904,550.0,2,2,188.4,15.88,7,53.18,20.49,96.12,6
965,459321.3611,550.0,1,4,110.97,53.02,7,49.12,16.75,93.34,8
966,354094.8412,550.0,4,3,285.58,33.56,5,0.2,28.01,99.79,3
967,209226.8989,1502.69,2,3,195.91,3.82,7,5.63,42.44,97.55,4
968,118420.3323,550.0,2,3,555.05,10.91,5,53.43,7.98,99.85,3
969,337678.9155,1547.04,3,3,523.98,34.86,5,132.36,6.69,90.94,5
970,321152.9688,1161.42,1,4,470.5,30.05,9,55.89,18.69,99.9,8
971,192581.5685,1122.2,1,2,207.03,8.49,5,28.57,13.84,85.73,4
973,443302.0701,1456.69,3,4,830.48,29.04,5,67.65,8.76,92.03,4
974,437886.321,1183.87,1,5,500.16,38.03,9,9.48,8.21,90.17,7
975,421281.1787,837.88,2,4,1011.85,36.58,10,21.1,12.98,94.71,7
976,533299.9959,1405.16,3,3,606.14,35.16,8,42.49,10.49,99.9,6
977,367857.0917,1399.45,1,3,951.7,33.02,7,50.91,7.19,89.61,4
978,260260.6374,857.2,2,3,556.04,1.5,9,48.03,32.98,85.92,4
979,407612.3561,1144.41,1,4,431.84,38.74,8,77.71,0.82,91.73,4
980,195394.7271,550.0,2,3,609.16,16.42,6,98.03,21.73,99.9,5
981,244700.5513,562.66,1,4,1033.7,31.32,7,39.75,15.11,98.52,6
982,140598.8579,550.0,1,2,426.87,44.32,5,52.36,24.62,88.2,4
983,191506.719,700.48,2,3,293.74,50.52,7,62.41,36.51,82.4,4
984,181909.8306,550.0,1,2,956.66,28.22,5,18.07,1.2,99.9,1
985,166401.0351,1573.03,1,1,220.63,4.89,7,134.12,15.44,96.99,5
986,98828.1106,863.07,2,2,589.11,27.63,5,13.01,40.23,99.87,3
987,380018.3714,1125.46,3,4,998.37,2.09,5,35.6,15.42,94.99,8
988,118378.6969,1002.74,2,1,81.65,43.42,6,87.01,29.88,99.9,3
989,423092.3785,1379.65,2,5,898.24,26.94,9,35.89,14.52,90.27,6
990,140619.4594,1140.04,2,1,755.41,71.21,3,78.04,33.23,96.15,5
992,136992.0677,1190.94,3,1,605.16,7.87,8,69.0,16.09,99.9,5
993,108036.1452,550.0,2,1,467.4,6.44,7,72.96,16.13,91.98,4
994,212861.6656,1729.98,2,2,958.72,21.64,9,34.72,23.34,92.74,6
995,212457.828,629.81,2,3,372.23,19.15,9,19.92,31.91,99.9,8
996,470067.4985,1755.32,2,4,436.33,29.83,10,8.94,9.56,97.08,7
997,127841.1119,1074.68,1,2,100.3,38.25,5,19.45,14.82,85.62,5
998,278658.9998,1215.45,2,3,784.93,13.16,8,95.88,5.02,91.98,4
999,222198.5451,550.0,2,4,1125.79,41.79,7,7.17,38.42,93.87,1
1000,281812.0299,1099.92,2,3,597.07,38.1,5,6.59,21.46,86.52,2
1001,108849.7826,764.24,1,2,664.94,21.28,8,4.06,12.9,99.9,4
1002,346545.9581,1155.29,4,3,1012.36,22.93,9,31.93,4.19,94.42,6
1003,346928.3793,749.4,3,3,1098.2,30.32,9,28.27,7.87,99.29,6
1004,331897.4486,1129.74,2,4,492.98,29.21,8,15.82,35.49,99.9,4
1005,127557.7162,835.07,1,2,545.52,34.01,5,4.37,9.25,99.9,4
1006,301183.2875,1314.37,1,4,846.03,46.93,8,71.29,17.3,95.63,6
1007,178337.6542,1312.45,1,2,254.48,74.74,6,52.27,33.63,86.17,5
1008,231084.943,550.0,2,4,135.95,44.81,9,40.94,36.28,99.9,7
1009,420325.6531,1091.16,2,4,989.68,30.23,10,25.58,1.73,99.9,8
1010,455628.2404,1463.73,3,4,738.76,20.99,7,26.96,23.74,88.08,6
1011,488512.0736,1255.41,2,4,600.75,11.32,8,39.45,19.28,83.98,8
1012,376791.9595,924.0,2,4,540.95,41.77,8,14.0,36.37,88.68,6
1013,476293.4389,1619.76,3,3,465.92,31.76,10,23.2,28.72,99.38,6
1014,144716.443,550.0,1,2,189.21,40.61,4,72.05,30.93,91.91,2
1015,363742.5039,550.0,3,4,420.07,8.48,7,36.55,6.65,93.22,4
1016,208962.346,935.67,3,2,272.8,26.2,6,72.45,45.36,92.73,5
1017,222228.9304,920.51,2,3,582.43,49.18,5,46.04,15.46,94.49,3
1018,682995.0557,1564.31,5,4,203.81,26.46,8,21.56,21.05,99.9,7
1019,619336.2494,1161.33,2,4,431.2,25.92,10,18.75,0.38,93.11,8
1020,240969.3991,611.72,2,4,77.18,39.03,10,25.5,17.74,95.13,6
1021,403407.0994,1428.71,2,3,959.21,22.77,10,19.33,8.89,99.9,8
1022,230854.4814,743.14,2,3,7.43,57.53,6,63.48,7.49,99.9,6
1023,200198.5874,550.0,2,2,671.47,22.13,6,40.23,26.41,91.59,5
1024,116389.6093,797.1,2,2,1071.69,52.6,4,43.98,25.43,87.32,1
1025,153457.8801,695.32,1,2,643.56,13.54,5,44.13,13.85,97.18,2
1026,271942.7666,550.0,3,2,459.52,40.7,7,81.78,3.02,95.76,6
1027,95319.3426,550.0,2,3,83.86,9.53,6,77.0,24.42,90.03,3
1028,523320.7973,1521.72,2,4,243.93,54.28,10,65.67,11.91,99.41,8
1029,171020.9746,550.0,1,2,64.6,6.1,5,96.69,9.12,87.96,2
1030,631038.2748,1301.89,3,4,614.3,49.21,9,65.18,8.98,96.49,6
1032,193930.913,713.64,3,3,481.79,61.6,9,13.3,30.93,90.0,5
1033,164309.6409,550.0,2,3,458.77,28.06,6,131.75,35.61,86.7,5
1034,213503.8134,847.8,3,2,355.44,38.68,9,40.91,34.71,99.9,9
1036,410773.7438,1223.21,2,2,318.94,40.7,4,61.26,26.64,85.16,6
1037,288793.2703,688.72,2,2,1038.51,31.65,7,25.35,13.06,92.54,5
1038,422216.4882,1519.25,3,4,355.87,35.03,5,39.18,14.24,86.81,6
1039,277979.9734,550.0,2,4,304.19,67.46,8,31.83,26.15,92.85,3
1040,339351.4185,1015.29,1,5,1044.76,2.74,10,28.84,11.16,92.58,5
1041,695356.7368,1476.04,2,4,263.1,21.04,9,12.01,6.27,95.78,7
1042,269009.2878,807.11,3,4,134.11,26.15,9,33.18,0.22,95.84,6
1043,242627.3715,740.01,1,3,375.97,41.46,6,90.17,27.47,91.81,3
1044,580749.5254,1027.19,4,3,34.8,55.38,9,126.28,9.04,99.01,5
1045,261299.0612,876.01,4,4,255.08,7.12,8,59.58,1.6,99.9,8
1046,264221.5762,1493.17,2,4,277.14,35.35,10,0.29,2.44,98.86,8
1047,151152.5158,550.0,1,3,453.89,30.11,6,4.68,15.11,95.92,7
1048,237259.4408,853.71,1,1,319.26,42.17,3,37.3,17.74,96.17,1
1049,225046.1016,1010.31,1,3,399.25,35.53,6,51.96,26.41,96.07,4
1050,168395.9918,550.0,3,2,761.76,17.39,6,65.28,2.02,99.9,6
1051,118293.0448,550.0,2,2,47.03,52.37,5,109.4,21.06,92.72,5
1052,270917.5383,1542.53,1,4,462.3,31.22,7,7.38,27.23,92.89,4
1053,383291.0398,1133.28,2,4,601.8,1.68,9,24.42,9.27,94.91,5
1054,527791.5519,1661.41,2,4,843.68,37.79,8,38.88,45.88,89.39,4
1055,536474.0456,1782.66,1,3,531.74,40.28,4,31.29,32.99,86.93,2
1056,113104.3844,550.0,1,3,337.16,20.54,4,33.87,13.55,91.67,2
1057,387216.5626,675.02,4,4,218.21,53.63,10,8.42,0.51,98.41,6
1058,182488.3861,1348.31,1,2,1012.37,10.57,6,74.04,17.16,85.52,3
1059,321947.5436,1499.31,2,4,653.16,15.67,10,70.9,12.31,95.07,5
1060,503702.0815,1417.73,2,4,1065.12,8.17,10,34.59,9.83,99.9,7
1061,445123.7902,710.01,3,4,47.38,3.23,5,45.29,22.83,95.14,6
1062,197997.101,890.77,2,3,1208.82,13.4,10,34.36,12.34,99.25,10
1063,239369.4839,695.98,1,4,885.73,18.15,9,2.25,15.9,94.86,4
1064,160457.3193,550.0,1,3,140.74,37.74,5,136.57,29.99,95.42,2
1066,413801.6422,1322.55,3,3,818.06,6.72,10,9.27,1.49,99.9,7
1068,369438.1439,1807.95,3,3,497.24,35.32,10,91.15,23.01,99.9,7
1069,151361.7125,941.81,2,2,439.59,22.22,7,94.67,5.22,91.45,4
1070,493676.5673,1428.66,2,4,329.34,47.37,6,8.01,19.43,99.9,6
1071,330299.8118,1237.24,1,3,424.39,22.88,9,68.02,13.49,95.79,4
1072,312296.6703,936.96,3,5,273.26,64.24,9,42.04,1.57,83.11,3
1073,186239.1336,550.0,2,2,641.2,37.94,6,9.92,26.27,90.78,4
1074,285138.4883,1411.12,1,4,402.09,19.58,8,66.86,36.85,99.9,6
1075,112529.2773,550.0,1,2,12.93,19.18,5,33.46,19.83,86.3,4
1076,347272.8982,1137.9,2,3,627.53,28.49,6,33.84,3.52,99.9,7
1077,135762.7724,690.85,2,3,463.16,41.93,8,65.32,22.01,95.61,5
1078,380313.1506,1064.85,2,1,125.42,48.73,6,60.8,10.71,88.14,5
1079,435944.4423,1406.46,3,3,169.89,11.27,6,36.12,5.13,95.96,4
1080,333409.777,1137.14,1,5,902.28,30.18,7,86.06,6.45,99.49,5
1081,122942.4841,1932.48,1,1,729.53,26.85,4,50.14,10.56,94.52,2
1082,573344.3516,1671.42,2,2,849.25,50.25,5,35.72,41.69,94.79,7
1083,532685.0983,1191.34,3,4,254.22,1.45,7,135.0,18.54,99.9,4
1084,105757.9411,550.0,1,3,371.01,46.49,5,116.36,43.17,99.9,4
1085,122312.5598,743.76,1,2,70.48,27.75,8,11.87,21.02,88.97,3
1086,174132.6508,1337.19,2,2,681.56,8.8,7,14.15,22.82,93.72,6
1087,158839.4141,550.0,2,2,623.76,29.13,3,29.17,7.75,85.2,4
1088,195739.1771,550.0,2,5,814.85,47.49,10,28.34,19.55,97.15,6
1089,352007.6445,1366.41,2,4,1067.16,0.58,9,26.46,22.74,97.09,6
1090,362669.4953,861.09,2,3,259.3,32.52,7,27.87,16.96,87.79,5
1091,263012.9653,1167.24,1,3,39.92,50.25,4,25.14,31.29,90.96,2
1092,355873.0695,995.76,2,2,132.59,48.1,7,33.69,1.58,99.9,9
1093,212746.8088,679.57,1,2,518.23,46.36,7,13.87,4.22,98.41,4
1094,483449.2151,2090.48,1,4,769.54,11.08,10,9.86,7.27,98.0,4
1095,417551.268,771.68,2,5,436.59,37.46,7,14.21,11.78,96.59,6
1096,397803.9845,550.0,3,4,225.35,53.2,7,49.85,43.13,89.21,4
1097,271883.4021,550.0,1,4,116.43,9.97,6,34.9,7.69,96.68,5
1098,470275.8625,1497.53,3,3,340.43,12.6,9,102.68,14.48,99.9,7
1099,136396.0182,992.02,1,3,703.47,23.18,5,50.96,18.7,96.88,6
1100,92151.74651,564.44,2,1,667.33,39.66,6,7.11,10.09,87.27,2
1101,272444.5384,836.62,2,3,555.84,7.86,8,62.4,32.78,90.35,4
1103,323252.7729,632.87,1,3,366.7,40.08,4,10.57,39.98,86.55,2
1104,480474.4537,1320.57,2,3,916.17,28.32,6,90.86,12.79,90.49,8
1105,234034.0348,1251.87,3,2,1153.38,27.86,8,139.4,7.11,93.9,6
1106,324412.5087,960.99,3,2,841.25,16.49,5,115.0,42.77,90.4,6
1107,349919.6373,1545.95,2,5,573.53,35.09,10,66.75,10.25,94.91,8
1108,378924.1605,1237.47,1,3,70.59,55.38,7,105.76,35.18,95.78,4
1109,353661.9706,753.57,2,5,111.24,9.15,10,111.44,35.04,99.75,5
1111,157979.5478,550.0,2,3,466.2,56.43,6,2.75,28.01,94.81,3
1112,98235.07669,1033.23,1,2,488.34,78.47,4,30.72,34.02,85.6,1
1113,367459.4312,582.18,3,5,462.19,22.1,6,41.66,33.05,91.72,6
1114,657864.6024,1262.26,3,4,393.63,22.68,9,0.51,4.53,99.9,8
1115,126945.9536,550.0,1,3,76.17,39.31,5,94.45,30.63,89.95,2
1116,291340.4072,1324.76,2,3,591.56,0.53,10,40.36,28.77,95.09,6
1117,322496.1499,891.59,2,2,213.04,0.3,6,8.43,11.99,99.9,6
1118,548884.3065,839.02,4,3,646.01,11.48,7,5.31,3.56,93.18,5
1119,149122.5341,677.25,2,2,808.46,25.86,5,17.78,32.28,99.9,1
1120,181631.6169,550.0,3,3,322.83,25.89,8,80.67,18.43,94.06,5
1121,146992.1027,550.0,1,3,1004.72,31.04,7,59.59,5.88,90.17,3
1122,706219.0713,1604.98,4,4,1003.18,56.09,6,4.37,12.33,91.02,3
1123,179465.1961,550.0,2,2,685.98,24.34,9,68.13,7.31,97.33,4
1124,459567.602,795.11,5,4,892.19,24.73,9,55.03,17.04,98.02,6
1125,193604.4884,1000.08,2,3,429.12,15.15,6,35.94,21.75,85.14,5
1126,550819.4833,976.42,5,4,22.64,45.98,6,37.52,6.72,91.57,6
1127,170595.5044,550.0,1,4,272.49,13.99,5,133.32,43.51,96.64,2
1128,445634.9722,550.0,2,4,573.4,32.94,6,46.08,12.35,92.18,5
1129,103809.7946,628.95,1,2,319.79,44.59,4,73.87,24.22,95.4,2
1130,150986.1489,550.0,1,2,603.45,26.64,5,54.07,40.13,89.58,1
1131,105444.823,755.33,1,3,645.2,41.03,7,118.89,25.81,91.78,2
1132,333004.9719,2130.05,1,2,839.07,26.12,3,49.11,30.91,99.48,4
1133,368599.2912,1075.66,2,4,526.25,16.71,10,47.39,3.14,89.93,8
1134,171747.0522,550.0,4,3,160.54,3.1,8,58.61,11.33,94.97,3
1135,507058.1517,1308.37,2,5,422.95,3.25,9,66.67,18.92,86.32,7
1136,551047.2345,1507.28,3,4,766.22,1.82,6,32.77,27.53,98.84,6
1137,480959.1294,1127.34,3,5,695.64,31.66,8,53.33,2.98,99.42,4
1139,659953.378,1239.61,3,4,318.27,35.62,8,4.33,6.75,99.04,6
1140,147064.2281,724.17,3,2,65.14,31.06,5,55.72,24.72,86.71,1
1141,174163.6594,767.77,1,3,1045.55,20.16,8,30.16,1.45,95.77,5
1142,200768.8166,550.0,3,4,323.31,32.52,6,25.8,4.81,86.52,4
1143,435576.1234,1580.54,2,1,768.23,30.45,7,16.64,13.95,90.72,7
1144,111848.1471,594.91,1,3,645.44,38.01,2,14.38,45.92,88.14,2
1145,350210.6549,890.03,3,3,620.5,50.83,10,82.1,33.8,94.72,6
1146,191458.4188,550.0,1,4,107.05,70.38,7,83.9,19.31,86.52,3
1147,468592.981,1412.1,2,3,331.92,44.88,6,52.27,8.39,97.78,7
1148,193324.0549,974.8,2,4,278.95,10.78,5,54.53,7.22,99.9,5
1149,263045.3486,594.6,1,3,207.14,34.0,5,114.32,39.35,89.87,5
1150,170448.1784,1067.85,1,2,429.77,19.06,5,30.9,5.59,95.51,6
1151,198868.8431,683.19,1,3,293.02,30.63,8,59.58,23.7,97.63,6
1152,247865.2916,550.0,1,1,542.42,20.15,3,64.23,10.99,99.46,1
1153,232974.9339,1615.82,1,2,513.8,9.94,6,55.17,10.58,93.8,3
1154,402487.8841,1338.02,3,4,115.06,10.23,9,48.72,3.39,89.55,8
1155,398073.4053,1145.43,3,2,592.24,39.32,6,36.31,12.94,90.22,5
1156,752492.1903,1516.79,5,4,332.84,6.83,10,20.47,10.41,81.89,6
1157,232734.2708,1119.59,1,3,713.89,53.98,10,14.89,11.41,93.07,6
1158,604141.8781,1380.8,3,4,647.68,7.25,6,30.69,0.02,94.4,7
1159,611786.1264,1101.4,4,3,234.64,21.31,9,14.27,16.85,99.9,7
1160,525579.2303,1656.84,2,3,433.85,58.15,7,74.15,14.67,98.81,6
1161,334675.3086,644.63,3,3,26.58,68.84,5,54.61,39.69,99.21,5
1162,323668.3978,1309.07,2,3,814.98,50.91,5,48.85,11.01,89.09,2
1163,252379.5882,1269.27,2,3,249.34,32.19,7,57.33,28.73,92.11,7
1164,529933.9121,1532.08,3,3,596.12,31.49,8,28.65,1.1,95.02,8
1165,295980.5785,1852.27,1,3,329.49,25.56,10,7.53,27.03,91.82,8
1166,240192.4531,804.51,2,3,29.88,61.67,9,84.74,13.14,99.52,5
1167,276203.9201,1066.25,1,4,993.82,47.32,8,78.85,23.71,95.21,4
1168,392663.8886,1402.17,2,2,715.93,10.71,8,67.77,27.66,99.9,6
1169,270249.3015,820.59,1,4,216.74,53.91,7,83.11,19.81,82.46,5
1170,472945.5328,1204.79,2,5,425.86,11.02,8,23.67,10.9,99.0,4
1171,372061.6469,778.36,4,4,774.95,54.21,9,40.27,2.15,99.9,4
1172,264098.3392,1356.3,2,3,1108.87,12.95,9,27.97,0.87,99.27,5
1173,277087.4016,1047.86,2,4,905.7,29.59,10,12.44,4.61,99.9,8
1174,209841.1212,1019.02,2,3,715.25,33.37,7,58.16,50.13,83.17,2
1176,333044.5036,550.0,4,3,703.11,62.44,6,53.18,9.2,96.22,3
1177,376242.2191,1383.96,1,4,622.16,66.01,7,47.43,5.94,94.51,4
1178,728016.4966,1511.32,2,5,730.62,49.65,9,57.42,10.04,90.25,8
1179,414467.0282,965.33,1,3,167.4,81.77,8,20.43,0.97,88.97,7
1180,138516.6529,912.71,1,2,203.05,0.13,8,119.1,19.83,97.31,6
1181,156294.8951,550.0,1,3,205.84,81.87,6,66.47,36.86,89.24,1
1182,260675.9106,1116.34,2,3,438.81,46.07,8,31.53,6.66,93.63,7
1183,324655.1221,1075.51,3,3,243.85,22.7,9,44.48,0.79,96.6,5
1184,288084.4238,571.36,2,4,756.17,43.54,7,76.32,26.46,97.03,4
1185,243841.9274,614.09,1,4,522.41,50.68,4,30.04,7.57,88.72,6
1186,107694.0092,790.99,2,2,923.93,23.69,4,67.83,40.17,90.29,3
1187,324219.1165,1440.88,2,3,234.59,33.33,8,25.91,5.54,95.36,4
1188,182556.2508,679.78,2,3,253.64,15.43,8,2.43,0.68,97.09,5
1189,353166.4,1600.28,1,3,570.58,33.28,8,86.67,3.35,87.81,7
1190,255664.0662,749.05,2,1,549.21,32.97,4,37.82,39.85,90.36,5
1191,306098.6227,850.46,2,4,12.78,11.17,10,51.74,8.21,84.46,7
1192,214542.4035,550.0,3,2,340.36,14.6,6,51.41,12.25,93.09,5
1193,228650.8296,713.4,2,3,560.47,12.85,5,51.37,0.31,99.9,5
1194,636408.7725,1834.29,1,4,599.69,21.92,7,64.88,26.31,86.8,5
1195,152467.1669,550.0,1,3,103.49,70.32,5,127.08,28.16,94.58,1
1196,317470.2329,1485.13,3,3,489.19,56.6,6,82.1,11.26,95.92,3
1197,447293.5671,1261.09,3,3,598.7,22.74,6,104.42,23.95,93.08,5
1198,294918.3927,813.24,1,1,656.34,38.29,5,85.1,21.86,96.81,1
1199,309108.6326,851.0,2,4,807.35,72.9,5,50.86,36.47,95.92,2
1200,295492.6005,1589.14,2,3,59.83,78.42,8,35.79,0.11,99.9,7
1202,224962.3678,1340.03,1,4,131.12,48.45,5,10.64,4.08,90.19,1
1203,317104.3559,985.36,2,3,873.14,55.3,7,19.91,12.92,98.08,6
1204,152926.0367,550.0,1,4,492.37,37.45,6,53.11,11.73,87.58,2
1205,312135.2372,1019.73,1,3,577.71,15.02,6,12.29,19.41,99.9,5
1206,258971.5503,652.06,1,2,468.82,14.55,7,76.46,26.9,97.01,6
1207,324848.6239,1251.03,1,3,532.89,38.21,6,75.32,30.19,91.8,2
1208,123248.2187,550.0,2,3,550.0,12.75,6,19.46,7.21,96.15,2
1209,117408.8394,778.08,2,2,282.42,48.16,6,106.08,38.65,90.93,2
1210,245919.7565,1334.77,3,3,438.21,57.07,7,5.48,6.6,95.84,8
1211,434637.2054,1475.81,3,4,311.06,33.3,5,22.73,7.95,95.95,5
1212,216467.0959,1081.06,2,2,430.23,33.84,6,25.42,3.16,93.42,6
1213,750242.8919,2119.1,3,3,1084.11,48.07,10,2.68,2.47,91.78,8
1214,102550.9162,561.99,1,3,599.31,16.54,5,14.64,35.88,92.88,4
1215,304845.3009,578.1,1,4,570.93,54.6,5,67.76,26.5,99.9,4
1216,452303.4089,922.31,3,3,314.82,47.2,9,1.1,22.2,93.56,7
1217,390638.4666,1384.88,1,3,486.84,17.87,7,92.69,12.6,97.79,8
1218,204151.4319,1177.71,1,1,328.97,15.24,4,49.3,16.59,84.73,1
1219,166618.3744,550.0,2,3,1032.22,1.51,7,41.09,28.83,94.62,3
1220,143713.339,550.0,2,2,834.79,39.06,8,96.32,12.2,98.53,3
1221,344194.0908,1682.77,1,2,652.84,21.68,7,17.07,24.91,91.01,7
1222,146631.3669,550.0,2,2,683.12,65.12,5,6.01,25.26,85.94,2
1223,113969.9106,683.04,1,2,245.15,23.32,4,32.35,15.52,90.57,2
1224,185539.3918,608.71,1,2,448.97,23.0,5,73.96,1.1,83.11,6
1225,355292.796,1235.19,2,2,647.86,5.9,5,37.48,27.27,95.15,3
1226,411343.6274,603.82,2,3,431.28,40.73,6,78.05,1.74,99.9,7
1227,103436.2248,550.0,1,3,885.91,30.13,9,2.5,3.87,99.9,6
1228,139974.2133,574.97,1,2,728.27,14.94,3,34.67,19.46,90.29,2
1229,149706.996,550.0,1,2,494.49,20.81,5,72.23,26.47,87.61,1
1230,210617.1296,1053.75,2,3,357.8,30.95,8,105.75,22.85,96.03,5
1231,509505.0897,1670.89,4,2,272.95,47.21,7,32.07,22.69,97.78,6
1232,509865.6213,1440.64,3,4,813.66,13.07,10,37.91,23.29,99.9,8
1233,355730.1629,550.0,4,4,407.63,57.14,7,84.92,8.06,97.59,7
1234,196708.7074,1258.21,2,2,186.08,29.21,7,59.26,18.27,88.44,3
1235,336337.8924,651.31,2,3,1028.26,47.49,6,12.85,31.27,96.06,6
1236,292921.509,1361.23,2,3,300.72,42.52,7,119.18,24.28,99.9,7
1237,237392.0616,993.27,2,5,362.75,50.7,5,53.42,11.41,93.34,3
1238,266370.7393,1465.27,3,3,106.69,63.63,6,54.48,1.57,88.96,6
1239,95779.76584,550.0,1,4,676.02,13.56,6,33.44,9.88,95.4,4
1240,289207.8725,1187.73,2,3,162.59,20.07,7,44.67,11.56,95.22,4
1241,338734.8157,1152.94,3,2,188.76,15.84,8,54.0,19.73,95.2,5
1242,506332.0959,1612.72,2,3,1324.12,43.94,9,13.92,1.02,99.78,10
1243,552095.1351,1446.72,2,4,96.14,27.24,7,62.44,7.56,86.73,4
1244,107662.5961,1256.37,2,1,659.19,26.85,3,85.62,32.84,88.46,3
1245,137084.6115,576.05,1,2,705.36,33.8,4,0.2,6.39,86.57,4
1246,455248.5557,1036.36,2,4,155.28,23.66,8,9.21,7.29,90.73,4
1247,507060.376,1006.33,3,2,120.7,35.3,7,17.29,11.91,91.9,10
1248,388014.5042,1774.97,3,3,799.75,34.45,5,32.31,13.06,93.99,3
1249,384728.6432,897.9,2,4,878.38,41.81,6,108.37,23.31,96.31,3
1250,485113.8642,1593.68,2,2,403.84,0.89,9,14.64,4.26,92.94,6
1251,370966.7021,1315.47,3,3,532.28,32.95,5,36.99,14.88,81.89,6
1252,498208.2619,2115.54,3,1,1054.76,35.47,7,5.16,30.55,94.48,6
1253,542943.1356,925.73,3,3,449.65,42.02,7,42.34,5.75,93.73,6
1254,265414.2368,674.01,2,4,838.75,31.79,8,0.92,24.82,97.83,4
1255,293232.5093,550.0,3,3,270.78,20.43,5,80.52,30.84,88.12,2
1256,203340.639,550.0,2,4,389.56,15.79,9,71.12,44.76,97.97,6
1257,174200.3734,1180.83,1,3,460.01,12.76,7,76.84,3.22,99.9,3
1258,112350.1734,1291.47,1,2,428.66,31.55,6,119.97,33.04,81.08,4
1259,566129.1395,906.3,3,4,232.94,25.07,10,49.47,0.16,90.06,7
1260,419409.8298,1601.72,2,1,236.11,34.09,8,50.32,12.62,89.93,8
1261,216105.8736,1280.29,2,4,504.68,13.82,10,2.48,1.39,97.76,7
1262,171882.397,550.0,1,4,221.67,50.54,8,24.7,23.05,95.89,4
1263,205001.7894,550.0,3,2,468.29,7.65,6,92.63,20.29,91.38,7
1264,183397.9195,550.0,1,3,266.9,20.45,7,15.94,13.91,96.25,5
1265,436083.1742,1535.24,3,3,228.08,8.32,9,32.6,0.31,99.9,6
1266,103024.6398,664.28,2,2,392.33,39.91,9,3.48,10.55,96.26,4
1267,181434.0593,550.0,1,2,793.43,35.85,7,41.49,17.35,88.73,1
1268,290249.893,1020.35,1,4,114.53,28.17,6,7.59,39.81,90.41,3
1269,390605.9215,699.29,3,4,319.61,41.17,8,2.53,28.96,98.2,3
1270,220849.5079,837.24,2,3,159.38,57.1,10,66.66,11.59,85.65,6
1271,179304.2649,1073.25,1,4,843.34,25.57,6,47.62,31.67,95.85,3
1272,167472.0815,1299.69,1,3,424.48,23.92,6,43.32,24.3,90.26,7
1273,285727.0871,795.54,2,4,446.84,27.53,10,48.88,0.76,88.26,6
1274,544763.5776,1769.01,2,3,388.99,12.43,8,61.9,25.5,93.64,7
1275,486223.6836,1144.18,2,4,269.27,4.06,9,76.16,4.12,98.02,6
1276,560996.5578,1788.56,2,3,138.08,6.45,9,69.79,29.72,99.9,7
1277,119365.209,550.0,3,3,530.03,41.38,7,37.99,22.32,93.74,2
1278,249169.7703,550.0,2,2,417.39,35.64,5,50.11,25.47,97.35,6
1280,367059.5017,799.83,4,6,316.67,22.93,10,69.22,23.66,95.93,10
1281,296217.7279,550.0,3,4,604.56,60.97,7,13.04,20.98,91.48,7
1282,231338.412,890.36,2,4,495.31,48.44,9,49.25,8.52,94.99,5
1283,257544.0629,576.07,3,2,450.58,17.39,6,82.85,4.34,91.56,5
1284,111689.8093,550.0,2,2,20.18,27.39,5,46.42,29.39,97.1,2
1285,154933.1427,559.06,1,1,494.75,35.66,6,35.22,17.84,98.23,3
1286,681994.9094,1120.64,2,6,368.3,75.38,8,11.37,0.46,93.07,6
1287,437594.4926,1365.18,2,4,1306.51,18.31,7,55.42,31.81,99.36,6
1288,220771.2414,1573.03,1,2,820.74,8.91,5,45.87,9.64,94.69,4
1289,565634.5769,1635.03,3,4,944.49,58.93,9,78.79,18.82,98.73,7
1290,334719.6051,1572.46,1,3,792.09,30.2,4,9.53,22.68,95.51,9
1291,371639.9016,1919.08,3,4,178.23,7.12,10,15.98,16.01,99.9,7
1292,150242.8915,592.47,3,2,319.47,11.41,9,55.66,2.16,99.9,7
1293,524598.9768,1446.86,2,5,608.95,55.05,7,11.54,7.58,93.08,5
1294,379268.1187,598.26,1,5,303.09,26.02,5,67.8,17.57,90.9,4
1295,189134.1212,837.98,1,4,526.94,35.55,8,41.77,8.11,99.9,6
1296,284055.183,1312.83,2,4,1178.25,15.58,9,47.61,18.27,94.58,7
1297,186449.6369,1443.74,2,1,643.82,5.5,10,38.0,6.66,95.61,4
1298,307857.6781,790.32,1,3,603.84,14.13,9,21.54,20.21,98.89,5
1299,344545.4984,688.09,3,3,385.88,70.9,6,68.12,14.36,93.53,5
1300,525904.4053,1130.13,1,5,183.8,21.85,7,10.56,11.4,93.97,4
1301,222101.5906,1433.02,2,1,1066.27,45.39,6,61.39,4.39,89.06,4
1302,197930.0233,765.15,1,4,469.24,15.01,5,59.63,9.69,87.16,4
1303,264961.9379,558.39,3,2,902.12,42.23,9,23.59,16.34,91.38,7
1304,625386.2148,1600.25,3,4,589.4,24.56,9,47.13,22.3,88.67,6
1305,142240.2358,1041.16,1,2,433.62,67.75,6,82.52,20.81,94.16,5
1306,217570.6037,1469.13,3,3,477.54,34.46,4,20.67,19.9,96.07,7
1308,172399.9853,550.0,1,3,552.97,34.33,4,108.02,20.75,89.01,1
1309,280920.0402,1368.39,2,4,418.29,36.67,9,23.91,27.49,99.46,7
1310,483683.052,550.0,3,5,906.71,57.87,10,11.52,29.19,93.72,7
1311,204192.7232,1114.19,1,3,533.56,18.94,8,49.83,28.67,94.97,7
1312,417432.9492,1339.23,3,3,630.25,27.85,6,1.48,1.72,95.77,6
1313,253944.4545,763.92,1,4,951.59,11.19,9,20.62,15.71,92.69,6
1314,409934.7182,1098.26,2,3,769.18,32.34,10,46.84,38.64,99.35,8
1315,123193.9487,550.0,2,2,578.73,11.14,7,17.17,19.79,95.16,1
1316,264808.5711,834.38,5,3,1248.14,29.08,7,61.38,23.95,86.77,7
1317,300430.7599,1459.79,4,2,804.58,7.1,5,49.96,13.46,99.9,4
1318,292428.3672,796.45,4,3,787.55,34.52,8,55.19,19.3,90.5,8
1319,509396.2491,1294.63,4,3,975.53,13.67,9,12.56,12.9,99.9,9
1320,257554.7764,550.0,2,3,25.58,63.9,9,108.67,3.53,95.43,4
1321,540968.028,1445.05,2,4,425.25,42.65,6,2.04,5.56,93.2,7
1322,310531.4984,990.0,2,4,804.71,50.74,8,24.61,31.22,94.09,7
1323,428833.192,1356.68,4,3,986.92,58.21,7,64.4,18.52,95.63,9
1324,183995.1525,1286.07,3,2,187.63,54.68,6,7.62,32.31,99.9,6
1325,354546.9918,1193.45,2,3,14.21,6.1,6,31.69,13.43,99.9,4
1326,196204.535,909.16,1,3,841.63,14.46,10,81.74,12.1,99.9,5
1327,186050.0754,550.0,1,3,803.59,27.49,8,7.29,12.97,95.66,6
1328,427537.2168,899.55,1,5,1009.02,0.85,9,5.55,12.04,99.03,5
1329,229867.2818,742.01,2,3,307.52,49.15,3,27.28,31.85,91.4,5
1330,134650.013,1164.17,3,1,353.24,51.56,6,52.9,12.84,89.68,3
1331,163139.1092,550.0,2,2,69.63,46.8,6,20.23,12.4,90.6,4
1332,308897.155,1539.94,3,3,252.26,38.41,7,31.34,39.67,95.55,7
1333,150319.056,1280.56,1,2,672.56,47.69,4,91.08,9.84,86.83,3
1334,138482.0027,625.26,1,2,721.89,25.69,3,58.65,16.4,92.63,1
1335,180812.6816,968.4,2,2,474.64,44.0,5,76.54,20.49,84.46,2
1336,340568.4586,982.87,2,3,495.4,17.54,8,56.15,34.62,98.12,6
1337,352065.9162,950.65,3,3,606.46,42.78,8,38.43,11.12,85.11,5
1338,163835.2208,669.63,2,2,79.51,24.6,4,54.64,13.31,91.17,1
1339,191532.491,1159.89,1,2,868.14,23.36,8,54.88,3.98,94.85,3
1340,189138.1239,1193.66,1,2,725.85,22.38,5,51.05,9.34,99.48,3
1341,258466.8909,1036.9,2,3,496.63,17.3,5,26.95,15.39,96.85,5
1342,466401.4281,1096.07,3,5,432.12,32.66,10,23.02,35.14,80.68,5
1343,527678.7966,1789.2,4,5,575.16,29.46,10,29.52,17.44,94.66,6
1344,265594.885,550.0,1,3,715.85,47.83,8,55.92,27.33,86.66,3
1345,106382.0395,690.17,1,2,595.01,68.87,3,39.97,39.67,89.4,5
1346,251516.9781,632.32,4,2,488.42,34.18,8,29.78,27.75,89.08,4
1347,564668.1947,2194.65,2,3,479.92,54.6,5,15.09,7.48,93.26,5
1348,330214.4503,1005.66,2,3,331.58,24.34,6,15.83,19.42,90.7,4
1349,136062.8211,550.0,2,3,351.87,30.77,7,46.36,14.88,95.79,3
1350,253823.7214,1330.19,1,3,1112.81,28.24,9,53.99,8.55,99.9,5
1351,89280.14708,550.0,1,1,278.16,15.87,5,40.53,12.2,93.05,1
1352,631312.376,1811.82,2,4,423.66,25.14,8,31.67,9.98,99.06,5
1353,102571.8795,550.0,2,2,112.89,44.62,7,21.95,1.99,95.22,5
1354,451105.5525,1404.97,3,2,239.1,38.42,9,50.89,19.67,88.44,9
1355,478875.1957,1122.0,2,4,1008.94,25.61,10,22.5,38.67,94.9,5
1356,552338.3594,1226.31,3,4,214.73,5.54,8,59.93,7.63,96.42,5
1357,516899.9028,1457.02,3,3,193.61,66.17,6,49.06,15.12,91.6,5
1358,525873.6076,1496.96,1,3,729.14,6.88,9,57.47,0.75,97.02,8
1359,190229.8273,550.0,1,4,585.06,3.85,10,30.59,17.19,99.66,5
1360,270876.7096,550.0,1,2,9.16,54.6,6,30.07,6.25,91.6,1
1361,245653.9598,599.1,2,3,40.54,44.24,6,91.32,6.54,91.44,4
1362,256432.41,797.3,2,4,793.67,27.01,7,0.91,7.66,94.07,8
1363,232339.2558,550.0,2,3,708.09,41.43,6,26.78,21.53,94.88,4
1364,485170.8378,1599.49,3,1,726.01,10.54,7,8.76,22.26,92.76,7
1365,251669.3432,550.0,2,3,242.04,55.31,3,49.47,16.98,90.5,2
1366,320500.8382,1301.39,4,2,432.03,47.65,4,21.04,9.37,85.3,4
1367,425157.08,1133.71,1,5,565.32,36.18,6,55.63,31.74,95.88,7
1368,464444.5259,1352.28,2,5,437.29,38.59,6,35.28,10.11,88.61,8
1369,122318.6077,550.0,1,3,628.14,10.55,5,59.46,14.52,88.53,1
1370,155604.02,550.0,1,3,681.04,29.12,6,8.82,8.57,99.15,3
1371,204157.2991,550.0,2,4,704.21,34.23,5,101.12,23.02,99.29,5
1372,180250.0277,1238.69,1,2,1112.74,17.08,10,48.1,9.79,97.92,7
1373,235053.9275,990.97,1,3,209.96,62.61,4,83.92,22.58,87.71,5
1374,309996.9726,831.96,2,4,489.08,21.21,10,9.0,0.19,90.98,7
1375,260597.4029,1108.96,1,4,523.92,36.58,3,38.87,26.65,98.25,3
1376,326809.4335,888.61,2,4,190.48,8.0,7,74.05,23.33,93.08,7
1377,380932.1843,964.37,3,2,750.08,24.98,6,15.99,21.3,96.82,3
1378,337425.7693,737.2,3,4,165.21,18.88,9,82.01,6.63,99.7,5
1379,612887.7486,1320.0,4,4,669.14,47.81,10,33.11,0.35,96.25,10
1380,278062.661,1438.77,3,4,176.24,24.06,7,3.31,21.36,93.02,6
1381,374382.3752,1059.86,1,3,702.92,23.53,9,95.11,15.28,95.77,5
1382,307325.5166,694.2,1,4,945.74,49.35,9,35.72,4.68,99.78,3
1383,454814.8805,1395.6,3,3,644.65,21.54,7,98.4,13.94,94.12,3
1384,177081.8556,1483.89,2,2,542.94,48.02,8,80.22,17.02,96.5,5
1385,666148.7699,1612.52,3,4,1159.82,38.87,10,43.81,14.01,83.17,5
1386,175046.6052,550.0,3,3,516.81,47.88,6,90.79,5.09,88.33,6
1387,254020.7906,550.0,2,4,948.0,16.52,10,59.07,26.55,99.9,6
1388,242853.308,550.0,4,2,154.58,41.08,5,27.46,1.69,85.53,1
1389,97105.98165,550.0,2,2,833.86,9.43,8,83.26,9.38,96.49,5
1390,134259.7363,550.0,2,3,486.54,32.23,6,10.28,2.39,93.11,3
1391,362897.7455,859.76,4,4,629.07,22.74,8,17.86,6.32,92.99,10
1392,394038.3909,1226.96,3,4,531.09,14.93,8,62.42,36.45,91.28,8
1393,122369.3828,1317.8,1,3,790.22,32.45,4,39.41,17.38,99.9,5
1394,245992.4681,550.0,1,1,845.92,24.96,5,47.69,25.87,90.98,1
1395,466152.7444,939.53,3,3,308.58,64.54,10,58.02,11.78,99.82,7
1396,151676.3925,550.0,2,2,405.75,48.02,6,12.9,19.32,98.28,5
1397,168141.7004,550.0,3,3,228.76,12.67,8,61.04,9.78,96.81,2
1398,305813.1243,1214.59,2,3,250.64,27.82,7,81.17,27.23,95.28,7
1399,202105.9233,550.0,1,3,419.73,12.48,8,115.89,1.56,99.9,3
1400,371386.4164,684.47,3,3,801.58,12.23,9,26.23,28.47,94.7,5
1401,250967.0996,588.48,4,2,319.66,26.67,4,55.35,32.6,93.13,3
1402,129585.866,550.0,2,2,773.29,7.32,3,37.24,5.97,90.44,2
1403,153786.7746,550.32,2,1,833.79,29.54,3,24.09,9.6,99.9,2
1404,318042.4425,842.69,3,4,21.99,32.36,10,28.77,8.95,97.6,8
1405,273089.5777,936.61,1,4,840.64,23.1,9,11.41,15.35,99.9,4
1406,270706.3543,1154.95,1,4,199.91,39.81,6,120.6,9.03,91.12,3
1407,237871.3158,1553.08,1,3,90.12,18.7,4,30.81,37.79,91.21,4
1408,158545.4049,995.86,2,3,467.67,30.89,6,2.44,2.42,93.92,6
1409,164865.8263,550.0,1,4,181.29,53.97,8,9.49,0.12,96.63,4
1410,682875.7818,1940.29,3,4,795.7,61.26,7,37.89,19.52,87.32,4
1411,347521.6518,1130.98,3,3,728.38,7.6,7,72.66,26.38,88.87,6
1412,228217.1805,1557.14,1,3,124.6,34.25,7,75.82,28.92,90.66,6
1413,290215.0327,1265.16,1,4,636.71,38.04,10,60.39,39.29,93.53,9
1414,506532.904,1431.12,1,4,579.17,15.22,10,27.48,8.22,86.57,5
1415,408199.614,818.85,1,3,123.91,32.19,9,12.11,14.68,95.16,8
1416,95153.23721,1013.78,1,2,258.82,24.69,6,83.44,8.55,94.59,5
1417,462194.2771,1048.34,2,4,1239.55,39.38,4,40.77,6.13,90.29,5
1418,182530.0161,938.02,1,3,130.91,22.04,7,19.66,23.46,94.91,5
1419,279867.7461,1033.49,3,3,326.57,37.44,6,45.38,25.52,95.1,5
1420,339846.8397,550.0,2,4,31.28,79.44,6,22.87,43.68,91.83,4
1421,142295.662,550.0,1,3,232.45,32.01,3,73.54,28.42,87.21,3
1422,380664.6365,839.48,2,4,279.98,19.65,6,96.64,48.28,89.24,5
1423,182527.0627,608.41,2,2,500.72,59.42,5,133.6,30.95,87.55,3
1424,186531.7629,550.0,1,1,433.28,66.58,5,42.5,2.46,92.35,2
1425,214365.1076,550.0,1,2,380.43,10.91,4,73.1,38.07,94.03,1
1426,464114.6722,1678.0,2,3,269.96,40.49,9,110.61,0.28,91.97,5
1427,445395.1191,1146.96,2,5,263.16,34.1,8,67.66,16.38,94.41,7
1428,203330.5476,800.65,1,2,924.14,28.2,6,75.68,26.9,90.85,3
1429,250219.6031,958.82,1,3,475.59,48.48,6,36.82,6.98,88.73,5
1430,383100.28,1506.8,1,4,371.52,9.67,7,88.74,41.96,97.46,3
1431,146466.797,965.39,1,2,895.86,35.35,6,57.21,0.91,97.6,4
1432,410196.7071,1255.64,4,2,625.39,6.03,5,46.96,2.72,91.14,3
1433,667022.0286,847.43,3,5,424.46,53.6,10,28.76,18.96,99.9,7
1434,499696.5864,1069.5,1,5,606.66,15.72,7,20.77,23.65,90.86,7
1435,481402.8049,1001.9,4,4,600.67,27.83,7,109.23,41.57,89.18,6
1436,167842.3834,1184.42,1,2,374.27,49.89,4,48.83,25.91,91.13,1
1437,227420.7281,550.0,1,3,284.84,35.03,6,6.12,29.69,98.88,8
1438,326152.9331,1702.8,4,3,691.93,9.49,10,17.33,4.19,93.75,9
1439,210158.5888,550.0,1,5,734.97,42.68,7,39.9,11.18,91.14,5
1440,423666.1849,1164.87,2,4,501.71,64.9,7,48.85,8.81,84.83,5
1441,272175.1689,550.0,1,3,78.01,38.2,6,23.61,11.65,87.43,7
1442,276745.1316,550.0,5,4,519.1,23.41,7,55.3,5.52,86.12,7
1443,121511.9327,739.23,2,2,472.3,37.34,7,43.04,9.92,89.77,8
1444,200405.0955,550.0,2,2,423.64,61.21,5,10.81,1.85,90.66,5
1445,301249.9623,1476.26,2,3,256.84,38.87,9,73.67,31.98,81.76,5
1446,360685.9972,1196.63,2,3,609.7,31.65,7,21.38,20.32,99.9,6
1447,423935.6588,1546.85,4,3,350.83,49.94,8,9.02,23.96,93.99,8
1448,527756.2985,1434.43,4,2,370.18,20.76,5,66.2,1.09,93.39,6
1449,295324.819,937.66,2,2,459.2,42.84,5,1.24,17.81,90.94,5
1450,392351.1221,1114.83,2,5,315.97,17.94,7,62.92,8.29,98.47,5
1452,391586.6612,1010.84,2,4,643.57,30.64,8,73.02,7.96,88.69,7
1453,333524.6641,864.12,2,3,306.02,51.99,4,34.27,21.52,91.31,6
1454,223665.42,1844.94,2,3,1202.52,63.25,9,20.67,5.02,99.9,8
1455,553869.8339,1943.54,3,3,418.46,28.06,9,44.41,7.62,99.9,7
1456,180908.3476,1191.88,1,3,190.24,49.65,2,79.96,19.56,95.06,2
1457,445799.2446,1648.71,3,2,817.04,50.29,7,13.37,10.32,84.28,8
1458,126222.5514,550.0,1,4,319.36,57.92,6,63.32,30.23,83.63,4
1459,469711.9726,727.21,2,5,909.97,55.57,6,26.54,23.48,87.87,6
1460,357397.9156,1167.16,2,2,765.47,13.18,8,89.86,13.23,99.9,4
1461,260065.2432,744.96,2,3,590.96,52.28,6,112.59,7.61,89.05,5
1462,276102.4432,550.0,2,3,367.33,39.13,4,130.9,19.25,93.81,4
1463,234631.3808,550.0,4,3,671.1,37.65,9,51.43,36.45,99.9,8
1464,247501.9945,618.65,1,3,524.09,77.3,6,91.55,13.44,83.97,1
1465,409778.0401,1545.27,1,4,456.73,35.74,7,34.96,39.69,99.9,4
1466,345417.8795,919.65,2,3,1094.1,13.4,10,45.01,1.36,95.92,10
1467,318018.4118,1029.83,2,4,393.99,49.11,7,46.67,17.87,92.3,4
1468,286534.2868,1562.16,2,4,732.51,29.29,6,92.86,12.84,92.6,6
1469,492346.072,2047.85,2,2,667.98,28.65,9,42.05,4.53,99.9,6
1470,133765.0137,550.0,1,5,244.84,44.41,9,42.51,9.59,87.68,7
1471,180984.9615,809.47,3,2,549.16,44.95,6,44.15,11.02,99.9,7
1472,161515.2686,550.0,2,4,831.02,49.5,6,76.26,17.93,92.82,7
1473,175103.9545,961.04,1,4,627.06,26.32,9,71.28,15.07,96.88,6
1474,327410.5192,1051.52,3,3,282.39,50.93,10,97.33,30.19,93.01,4
1475,395125.7018,1230.69,1,4,311.8,43.25,6,117.42,5.49,99.9,9
1476,446524.2008,550.0,4,3,720.12,35.58,10,15.37,9.66,90.3,5
1477,620643.526,2027.42,3,3,659.36,16.38,8,11.6,20.56,94.64,7
1478,194939.3225,1029.58,1,3,536.85,0.22,7,5.11,4.88,96.79,4
1479,254496.9435,550.0,1,3,626.47,29.29,6,85.79,7.49,96.44,4
1480,284206.287,1685.09,2,3,865.25,47.63,10,37.5,19.54,99.04,9
1481,241041.2506,1154.99,3,3,519.21,21.72,7,56.55,22.92,97.49,5
1482,94313.99041,573.32,1,3,447.77,18.2,8,72.06,39.48,84.58,1
1483,337587.7422,933.75,2,4,918.93,33.12,10,50.43,5.23,94.39,7
1484,527658.2448,1312.86,3,3,617.99,53.96,4,28.26,0.97,91.82,4
1485,203962.6062,658.34,1,2,606.72,36.31,3,52.05,25.97,91.28,1
1486,110427.8589,838.47,1,2,219.28,55.18,5,58.02,17.35,90.83,2
1487,127257.9956,651.19,2,3,285.4,46.53,6,33.06,13.24,97.83,3
1488,288943.0812,1004.55,2,3,82.68,4.07,9,18.75,21.64,97.75,5
1489,200723.3825,791.03,2,3,649.05,40.72,4,88.7,21.76,99.9,1
1490,156066.8081,550.0,2,3,428.74,27.83,7,50.57,23.95,89.23,5
1491,265407.0054,1505.14,2,3,385.07,36.62,8,60.84,27.63,99.9,8
1492,162230.1013,803.03,1,4,381.95,2.6,7,61.83,41.89,99.46,4
1493,544101.1038,1440.01,2,4,1298.7,30.7,10,76.32,0.68,97.87,8
1494,636344.946,894.63,4,4,980.29,28.61,8,34.16,14.92,99.08,8
1495,283082.2691,1655.22,1,3,564.2,48.38,10,43.84,7.99,99.0,8
1496,98056.79277,550.0,1,3,481.26,6.05,4,18.74,46.29,95.36,3
1497,243174.9977,1017.07,2,2,789.29,59.74,9,48.95,40.93,97.57,4
1498,282994.8668,1765.92,4,1,903.8,19.59,5,34.07,19.04,99.9,8
1499,222605.2271,1034.82,2,4,782.79,21.05,9,17.64,42.63,97.55,7
1500,330587.3834,1792.82,4,3,888.46,58.87,7,54.53,11.97,98.96,7
1501,479105.0217,1074.5,3,3,230.39,45.71,9,30.13,34.37,95.74,6
1502,122016.6518,1033.74,1,2,815.76,7.63,4,137.0,27.3,95.02,4
1503,703875.7556,1572.82,2,4,447.27,45.01,9,59.58,12.41,99.9,7
1504,394010.6991,1627.28,4,3,681.23,6.11,8,27.34,22.61,99.9,7
1505,261413.5934,1348.57,2,2,623.4,34.17,10,23.68,11.21,97.94,5
1506,169487.1027,993.91,1,3,489.9,7.91,3,1.62,29.1,92.23,2
1507,235334.2782,550.0,3,3,535.29,2.7,8,21.47,24.87,99.9,4
1508,316637.9282,1311.71,3,3,76.43,41.24,3,55.07,17.34,82.0,3
1509,107785.5137,550.0,1,3,316.28,32.55,5,58.96,26.33,91.82,2
1510,123995.3891,1197.81,2,1,628.9,2.21,9,24.35,15.88,98.21,4
1511,134257.9645,993.75,1,3,608.05,46.55,9,43.96,12.34,99.9,7
1512,273513.7158,1604.33,3,3,284.84,5.26,9,76.78,31.67,86.14,6
1513,141570.5959,739.52,1,2,242.38,40.47,3,70.56,12.92,93.71,4
1514,365322.3062,1366.27,1,3,43.72,46.69,6,28.66,17.51,94.01,4
1515,501703.1151,1313.64,3,3,761.28,26.27,10,19.15,8.72,96.97,6
1516,192298.4441,550.67,2,3,546.54,40.36,6,82.19,4.53,94.23,4
1517,206608.4814,676.49,3,3,1080.43,24.15,6,8.21,14.63,91.05,5
1518,160415.9956,995.09,1,3,106.72,0.57,8,53.69,10.07,93.47,7
1519,115916.9002,794.53,2,1,510.42,6.72,7,22.19,33.23,92.87,5
1520,182665.8412,550.0,2,3,522.98,39.22,6,30.25,38.69,90.46,1
1521,135753.3354,550.0,2,2,491.76,54.29,9,6.74,8.57,99.9,3
1522,256531.8918,1065.11,4,4,950.21,37.43,7,77.58,18.98,91.82,6
1523,229305.9829,805.18,3,4,949.4,58.93,3,20.4,21.02,89.88,5
1524,356015.9725,550.0,4,4,304.92,58.32,7,10.43,21.46,97.14,4
1525,168532.7932,768.03,2,3,647.89,33.47,6,17.75,50.11,87.96,3
1526,263745.9375,1300.04,2,4,554.01,19.04,7,47.27,7.89,92.4,5
1527,114429.4825,550.0,2,3,57.78,40.94,4,83.37,21.25,98.4,5
1528,141089.2376,550.0,2,3,89.67,44.39,4,43.52,6.08,93.45,1
1529,624890.7904,1636.28,3,3,964.29,24.94,10,11.8,16.8,95.6,8
1530,575487.0117,2136.41,1,2,11.28,22.41,8,41.67,16.51,93.31,6
1531,172043.805,859.61,1,4,541.62,16.86,9,25.64,8.63,92.2,5
1532,352118.863,1689.64,4,2,417.65,14.38,8,79.72,33.86,99.77,7
1533,400906.5969,1138.68,3,4,491.93,73.34,7,33.91,12.12,91.81,8
1535,294184.9964,754.89,3,3,552.49,14.42,7,49.98,27.06,97.77,5
1536,432756.0642,1586.43,2,6,356.56,51.48,5,22.57,30.01,99.9,7
1537,205937.7401,550.0,2,4,811.75,38.21,5,68.45,20.72,95.19,5
1538,458131.6722,550.0,3,5,1208.95,21.54,10,39.81,0.17,99.8,7
1539,547121.0113,550.0,3,5,862.8,28.86,9,68.23,1.65,92.26,7
1540,753468.7968,2122.29,3,5,509.52,24.01,10,24.74,3.67,90.29,7
1541,246595.8337,550.0,2,4,249.07,14.86,10,19.63,22.39,98.22,9
1542,196980.4189,1038.76,2,3,185.31,50.89,5,37.25,7.86,89.52,3
1543,538054.4792,1297.73,3,3,169.06,34.86,7,87.08,19.98,94.78,5
1544,380782.1881,1523.56,3,3,665.9,39.7,8,68.25,12.31,90.79,5
1545,328992.1202,1339.34,1,5,508.8,41.49,8,5.21,18.88,99.9,4
1546,164736.9291,550.36,4,1,459.03,33.28,6,0.73,20.08,91.7,8
1547,253480.6175,1119.46,3,2,828.44,26.99,7,70.06,23.52,99.65,7
1548,129552.4041,1039.42,1,2,886.9,45.63,5,87.4,17.57,87.52,5
1549,271519.0458,1209.01,3,2,467.9,12.94,7,4.93,7.97,88.04,5
1551,189542.5624,846.02,2,3,272.41,35.7,4,21.25,21.79,93.5,5
1552,248378.5744,550.0,1,3,499.1,50.5,3,103.2,24.91,93.0,4
1553,285620.1963,1305.88,1,4,686.75,41.84,5,14.8,8.47,86.93,3
1554,237388.69,550.0,2,4,30.73,36.44,5,59.83,5.28,93.61,3
1555,196851.6501,1076.3,2,3,458.96,55.02,6,120.99,5.26,97.17,4
1556,432094.8602,1837.46,2,4,752.13,29.17,7,16.1,3.2,91.8,4
1557,240067.7589,1135.98,2,2,410.51,22.02,6,34.96,16.52,89.43,2
1558,159697.2896,550.0,1,3,811.06,46.9,5,16.45,21.91,97.24,5
1559,208333.7138,634.94,1,2,68.44,68.17,4,78.63,5.01,98.52,3
1560,230955.7823,550.0,2,4,716.21,11.33,8,50.98,26.3,88.24,5
1561,156320.3125,550.0,1,5,1016.53,27.39,7,36.57,24.05,91.73,2
1562,175781.7126,550.0,1,3,385.1,30.07,6,103.12,2.96,86.17,3
1563,189156.7895,550.0,2,1,883.76,53.94,6,9.79,3.3,90.46,2
1564,170256.9448,852.26,2,3,668.19,15.78,7,49.33,33.99,99.9,5
1565,244814.255,1093.75,1,2,558.96,20.56,8,44.17,29.92,99.9,5
1566,224714.8667,550.0,2,1,266.08,25.89,5,86.7,18.05,91.8,4
1567,86238.83042,550.0,1,2,65.14,37.18,4,46.18,13.68,88.29,2
1570,243836.8679,940.49,1,2,622.82,32.99,6,23.83,14.69,99.9,4
1571,99606.59665,550.0,1,2,571.64,54.01,4,34.95,26.37,94.26,2
1572,167086.2464,554.58,2,2,241.76,32.82,8,38.4,43.17,94.63,3
1573,407702.4333,1175.26,2,3,60.38,6.64,8,8.5,4.04,99.9,5
1574,146184.7259,550.0,2,2,429.64,58.68,7,66.79,2.18,90.06,2
1575,329648.5927,1048.47,2,2,1122.05,22.77,9,44.04,5.12,97.68,7
1576,425810.8387,1559.56,3,3,215.68,37.91,8,51.96,9.27,90.21,7
1577,410111.4298,870.82,2,4,333.83,61.22,3,16.33,20.31,86.92,2
1578,340049.7139,550.0,4,3,171.28,35.73,9,0.36,9.93,98.57,6
1579,342147.8498,1068.98,2,3,220.82,42.13,10,50.32,2.91,92.69,3
1581,497520.4481,1804.67,2,4,45.76,37.4,6,47.95,9.73,95.39,4
1582,119060.3116,910.01,1,2,445.46,60.32,8,23.06,46.47,96.48,4
1583,478380.1245,1220.62,3,2,634.88,55.9,6,70.15,1.98,91.75,4
1584,312374.5689,1295.0,1,2,369.44,42.76,6,1.49,40.38,93.77,6
1585,421138.8424,1565.15,1,4,647.98,25.19,10,43.21,14.96,95.46,7
1586,256951.6967,550.0,3,3,346.81,34.1,7,24.12,16.11,83.47,6
1587,104345.7119,767.45,1,2,152.8,50.37,5,136.27,1.41,89.51,4
1588,311996.9285,791.8,3,3,388.11,39.59,6,49.64,32.9,95.1,5
1589,127203.659,1019.29,3,1,213.36,46.16,6,44.75,44.77,96.64,5
1590,209231.3155,590.02,2,3,906.82,77.49,6,75.04,17.97,99.9,3
1591,169634.2876,1408.62,1,2,10.2,60.58,5,7.86,29.47,98.42,4
1592,377484.9406,2054.6,2,1,217.02,6.62,8,100.16,8.65,93.5,5
1593,346232.2238,1578.44,3,2,331.71,22.33,9,13.24,14.24,98.64,5
1594,377300.6063,1100.96,2,3,627.73,55.11,7,53.72,21.15,95.06,6
1595,247148.1142,1073.95,3,3,663.46,36.18,7,59.85,15.17,94.52,6
1596,157531.1689,1026.14,2,3,734.29,25.87,8,52.25,15.83,90.13,3
1597,138465.3329,837.37,1,4,235.1,51.05,7,53.22,36.03,99.9,3
1598,136866.0138,965.04,1,3,539.41,23.36,7,74.8,4.53,89.13,5
1599,335653.1603,783.91,2,4,515.91,41.84,7,74.19,19.26,93.42,7
1600,409528.0416,1140.2,2,3,441.71,33.81,6,40.89,3.4,88.79,3
1601,149978.7022,675.68,1,2,345.13,13.41,5,87.16,14.24,90.07,3
1602,506058.193,701.55,3,4,1113.83,43.68,9,11.83,3.95,98.21,5
1603,213808.0303,550.0,1,3,688.12,27.67,8,13.27,39.64,95.8,5
1604,439868.0525,1080.01,3,4,829.61,30.08,10,85.81,16.2,96.61,4
1605,172778.1646,891.48,1,1,452.06,14.33,6,37.03,11.9,92.89,7
1606,513827.4323,1472.3,2,3,197.86,15.23,8,24.32,17.03,99.9,8
1607,228166.625,795.85,1,4,470.16,44.62,5,52.44,21.81,98.08,6
1608,295184.9616,1524.01,2,3,658.44,40.87,6,140.11,21.12,97.62,4
1609,351693.9419,1670.63,2,2,313.01,40.71,7,3.01,3.86,92.99,6
1610,288091.6363,1179.79,3,2,348.42,19.98,9,57.55,0.71,92.63,7
1611,233490.1751,634.09,3,3,939.24,14.49,7,61.1,14.91,94.69,5
1612,194056.4015,1123.25,1,4,798.65,23.07,8,43.08,11.1,92.46,5
1613,155245.5635,550.0,1,2,130.61,31.0,6,49.05,15.2,93.28,5
1614,169402.8034,550.0,2,2,424.07,43.05,4,16.06,26.29,91.82,2
1615,108553.5522,795.4,1,2,893.35,4.32,4,61.43,15.74,87.3,4
1616,167488.2899,550.0,3,2,255.02,5.94,8,73.39,28.17,96.21,5
1617,129571.1343,550.0,3,3,179.5,42.87,6,75.7,6.09,87.27,1
1618,551289.4411,550.0,3,5,273.64,46.48,4,11.47,24.61,86.66,4
1619,293437.225,550.0,3,5,852.7,42.0,7,30.05,6.89,95.44,7
1620,247243.8197,1580.25,1,3,388.2,65.62,8,4.15,18.67,92.22,2
1621,650855.1678,1628.72,3,4,462.37,45.91,8,19.92,0.75,99.9,9
1622,111889.5615,1280.96,1,2,69.82,14.58,3,55.93,22.95,92.65,2
1623,656481.0341,1032.27,3,4,623.62,43.23,9,2.8,15.21,92.82,6
1624,164903.4879,873.02,2,2,32.49,6.9,4,8.46,10.77,94.91,3
1625,557363.1589,1622.41,2,4,949.82,18.6,9,7.95,4.08,97.71,7
1626,95856.1153,550.0,1,2,816.83,15.82,7,1.96,8.98,90.61,1
1627,423641.3572,690.37,4,2,694.65,10.43,9,36.69,6.95,97.07,9
1629,375822.6095,1204.28,2,3,327.57,40.12,8,49.44,39.04,91.22,3
1630,261183.9614,1263.08,2,4,907.5,26.35,8,81.52,29.64,94.76,6
1631,123982.6111,1068.13,1,1,234.66,24.13,9,59.27,18.62,90.44,4
1632,92650.1848,587.65,1,3,802.66,5.36,6,18.02,4.61,93.54,4
1633,244754.6816,550.0,3,4,875.37,8.56,8,45.64,27.66,84.63,6
1634,160956.7799,550.0,3,4,453.68,64.03,5,33.29,21.01,92.04,4
1635,113315.5207,550.0,1,3,91.68,15.9,9,43.98,8.52,89.22,5
1636,208455.2275,807.07,3,2,776.91,63.34,5,37.86,27.42,90.44,4
1637,435343.9722,550.0,1,2,323.78,23.33,5,98.04,48.26,89.85,1
1638,127357.2851,907.36,1,2,52.38,25.11,5,50.66,10.92,90.75,2
1639,177882.2157,550.0,1,5,236.62,20.36,9,62.2,13.45,92.61,6
1640,220116.8995,1510.32,2,3,688.98,44.06,6,15.78,25.66,93.37,3
1641,568686.5643,1258.98,2,3,408.25,11.81,7,134.89,22.47,95.75,5
1642,240754.6703,550.0,3,3,31.81,42.39,6,131.09,11.39,99.9,6
1643,181669.9418,1246.25,1,2,429.54,24.7,7,91.27,18.66,99.88,4
1644,297423.1277,1227.28,2,3,220.51,17.46,8,9.8,6.4,97.76,6
1645,306037.9859,748.14,3,3,1014.94,11.34,10,43.58,3.86,92.45,8
1646,177099.3657,783.28,5,2,1079.27,26.29,6,57.1,8.5,99.9,3
1647,193579.1699,1165.33,2,2,218.34,41.48,6,98.74,15.92,94.39,6
1648,517953.9197,1476.34,2,4,229.58,8.67,10,85.14,19.47,97.3,8
1649,218689.6891,550.47,3,3,476.61,39.25,9,46.48,17.9,93.54,5
1650,470238.5325,1362.96,5,5,834.44,57.37,8,17.89,13.55,98.5,8
1651,170712.7342,550.0,3,3,824.51,30.05,7,52.35,30.59,93.41,4
1652,235726.9397,550.0,2,3,93.26,7.27,6,3.29,6.35,99.9,3
1653,125330.8811,1000.46,1,2,354.08,37.13,8,18.18,26.4,99.9,7
1654,144004.2554,914.2,2,3,306.21,51.44,7,69.26,38.6,99.9,5
1655,453167.7797,1057.49,2,4,821.7,81.73,6,103.79,38.51,97.78,5
1657,111832.2326,550.0,2,3,416.82,76.85,2,94.4,34.73,90.83,1
1658,348766.8704,1607.44,2,3,540.91,30.53,9,29.46,15.68,85.86,6
1659,152213.1533,749.4,1,1,294.14,58.3,5,26.75,15.34,89.79,2
1660,177609.5261,886.52,2,1,534.52,25.01,5,113.49,21.47,92.03,4
1661,497529.3938,1370.13,2,4,350.81,60.61,7,96.41,21.33,83.72,2
1662,292786.7026,550.0,2,4,241.6,6.62,8,18.61,12.89,97.08,3
1663,179635.891,785.53,1,2,3.86,40.31,3,122.62,12.29,88.42,3
1664,436973.091,1042.11,1,4,378.48,53.36,6,36.26,15.08,94.14,7
1665,381701.4755,805.92,2,5,506.72,48.26,8,33.74,19.21,85.36,7
1666,540757.4699,1984.35,3,4,386.43,65.69,6,19.22,1.45,92.24,4
1667,256469.5086,1116.97,2,3,327.03,23.06,9,74.35,19.53,99.9,6
1668,481998.8766,1722.1,3,1,470.68,8.24,6,5.96,27.78,99.75,6
1669,216370.6087,907.67,1,3,188.41,19.17,9,35.33,22.88,96.6,7
1670,300827.0014,550.0,4,4,343.24,52.21,9,7.92,11.55,90.03,9
1671,459045.6798,550.0,4,4,237.86,26.34,7,97.71,6.32,97.57,7
1672,221604.3822,1030.61,2,2,1131.48,21.85,6,35.21,28.41,99.9,5
1673,201806.9634,550.0,3,4,421.2,9.06,4,40.52,30.66,97.73,4
1674,134947.6784,571.32,1,1,46.44,6.49,5,40.84,14.63,88.62,1
1675,107628.6258,907.08,2,2,81.64,23.46,3,45.71,32.25,87.67,1
1676,267812.1871,550.0,3,3,660.54,51.53,6,29.47,10.05,85.65,5
1678,180759.8499,550.0,1,4,317.27,3.71,10,7.01,5.06,95.18,5
1679,240373.1799,1556.84,1,4,447.06,7.5,8,6.57,7.18,96.56,1
1680,256224.6335,550.0,2,2,111.62,35.94,6,54.93,4.39,89.65,2
1681,417791.9417,748.24,1,5,512.22,28.84,7,66.33,3.48,93.76,4
1682,214647.8654,945.11,3,2,415.9,19.51,7,15.62,9.86,95.08,4
1683,101913.16,550.0,1,1,30.12,43.77,7,88.28,46.39,88.73,3
1684,189580.6762,711.33,2,2,571.29,66.96,5,5.4,0.52,88.44,5
1685,147459.0361,599.67,1,2,567.3,24.42,7,57.67,5.56,95.51,4
1686,702265.437,902.27,3,5,745.2,83.45,9,10.92,20.64,84.19,5
1687,386169.5096,550.0,4,5,261.13,38.17,8,49.37,7.88,95.09,5
1688,163677.9423,550.0,1,1,173.52,5.12,3,84.68,12.89,99.9,5
1689,220514.6841,1293.6,2,2,1025.95,23.57,5,127.04,1.87,95.67,4
1690,294936.6514,1556.12,2,2,424.17,49.12,7,28.06,8.45,95.1,6
1691,357762.5729,550.0,2,4,679.14,25.31,7,70.29,1.38,93.02,5
1692,484959.3802,1239.34,3,5,175.75,36.4,9,50.37,5.85,88.38,5
1693,728981.4251,1484.11,4,5,669.33,3.52,10,14.49,10.44,99.9,9
1694,253375.0876,869.01,1,4,352.77,28.99,6,25.24,19.03,93.67,6
1695,376483.678,645.07,2,3,910.19,15.49,8,20.42,25.89,93.21,8
1696,417684.3441,993.33,3,4,16.87,13.15,7,18.18,3.19,93.59,4
1697,331432.4774,1361.08,3,3,932.45,46.14,6,116.42,20.88,84.7,7
1698,514204.7866,1167.07,2,3,284.86,52.42,5,37.93,24.67,99.08,7
1699,283015.6816,1406.82,1,2,409.31,22.98,8,53.6,28.52,94.09,8
1700,290146.0416,550.0,3,4,723.09,24.33,5,32.95,5.84,86.76,4
1701,235650.3565,844.95,1,3,249.42,11.38,7,67.03,35.55,91.49,3
1702,438008.3095,1194.4,2,4,145.74,25.85,7,106.45,2.8,96.07,7
1703,336760.6472,785.66,2,4,202.36,1.52,9,76.79,13.36,89.5,3
1704,251869.3825,760.38,2,2,412.28,18.79,6,52.42,13.73,92.11,4
1705,168100.8249,828.83,2,2,65.86,39.8,3,1.69,31.84,92.15,5
1706,163050.2762,1045.42,1,2,756.05,4.95,3,1.18,23.68,99.4,3
1707,169656.4261,1070.43,1,1,506.56,31.68,6,56.47,27.96,92.62,5
1708,550806.2523,1156.86,4,4,299.83,15.05,10,12.72,6.58,99.9,7
1709,223632.8578,1323.79,2,2,536.97,40.8,6,62.91,11.97,90.5,8
1710,264770.1768,1613.59,1,3,1070.89,8.74,6,40.59,28.63,99.39,7
1711,173230.4008,1243.54,1,3,511.24,53.02,8,38.65,11.35,99.69,3
1712,343116.7513,1999.89,2,3,597.96,47.36,6,6.92,3.84,99.9,6
1713,176840.4863,550.0,3,3,1110.91,54.78,7,61.55,16.4,89.8,6
1714,608847.1727,1511.53,3,3,418.15,6.65,7,9.27,1.14,86.91,6
1715,251463.4563,1686.82,1,2,53.18,46.2,7,81.87,40.39,93.63,6
1716,452951.1228,1652.17,2,3,407.83,35.62,7,3.66,8.38,85.21,5
1717,199506.893,564.33,1,3,125.24,33.68,7,15.0,17.23,96.9,4
1718,456781.2492,1589.78,4,3,455.79,31.28,5,10.36,23.93,86.94,4
1719,284099.9844,1946.29,1,4,1042.52,48.61,8,68.75,19.94,99.9,7
1720,502007.3141,1643.35,4,3,546.83,34.01,6,29.02,14.47,96.88,7
1721,377664.7339,1903.55,2,3,1077.64,32.96,8,59.5,15.8,95.06,5
1723,319313.7717,1236.08,3,2,766.17,21.04,8,47.44,14.17,99.9,6
1724,522910.3839,1179.73,1,4,467.63,42.83,8,73.36,33.76,84.04,3
1725,270401.0649,2093.21,1,2,214.02,64.46,8,2.41,25.64,92.01,4
1726,245413.2988,550.0,2,4,710.67,45.21,9,45.91,31.41,81.17,5
1727,131183.6791,550.0,2,3,660.16,48.56,6,36.23,29.35,88.73,3
1728,317332.7509,1928.59,1,3,899.59,7.19,5,8.75,18.75,90.69,7
1729,385144.7233,1002.76,3,3,515.12,26.26,10,20.57,15.27,89.4,6
1730,176927.042,550.0,1,4,430.55,39.64,5,57.27,16.27,84.3,5
1731,558102.6445,1620.23,1,4,538.85,27.93,9,64.65,1.77,94.07,5
1732,157955.0427,596.69,1,2,510.99,31.65,6,21.49,2.21,99.9,2
1733,259098.5476,1216.19,3,3,669.62,13.78,9,104.1,12.63,98.59,6
1734,352999.1133,1690.71,1,4,398.24,30.13,9,23.99,9.86,97.98,6
1735,98488.29438,550.0,3,2,859.6,38.34,6,17.73,0.26,99.11,5
1736,587516.5043,1284.31,2,5,274.86,34.3,8,38.65,14.42,96.89,7
1737,229348.9249,1197.83,2,2,243.29,62.44,10,42.09,18.08,91.58,5
1738,486386.3734,1488.2,4,4,472.2,18.47,8,20.06,1.14,96.41,7
1739,175214.5163,550.0,1,2,664.58,24.87,4,71.47,18.36,95.99,3
1740,260262.293,550.0,1,2,547.36,30.58,4,39.77,29.33,97.35,4
1741,658431.2798,1662.43,3,4,598.62,27.67,10,23.05,11.45,99.9,7
1742,237342.1587,1043.84,2,3,163.9,9.98,6,80.67,10.95,96.1,4
1743,202880.5964,895.14,2,3,227.24,38.7,5,57.28,16.53,95.76,5
1744,341070.0465,949.96,2,4,518.32,52.36,9,109.12,16.24,99.84,2
1745,174594.5713,550.0,1,2,154.05,4.63,5,55.35,5.53,90.24,5
1746,489893.8798,956.16,3,4,87.49,55.86,7,13.63,0.79,86.95,6
1747,316806.0808,1170.65,1,4,284.49,20.75,7,51.77,13.14,90.62,6
1748,322050.2796,1498.46,3,5,289.49,23.68,10,27.92,20.49,92.28,6
1749,364999.49,1111.51,3,5,72.77,57.19,9,59.1,27.69,89.5,4
1750,134596.131,550.0,1,4,347.77,56.08,8,76.54,40.98,88.46,1
1751,159395.7219,600.38,1,3,104.02,28.65,7,12.59,1.19,93.12,3
1752,96293.02236,550.0,1,2,574.6,30.23,4,65.4,9.5,89.82,2
1753,99790.47713,738.76,2,1,676.95,33.2,6,0.18,32.29,92.6,6
1754,504297.1783,1230.72,4,3,703.85,16.19,10,31.0,3.11,88.93,7
1755,128435.0644,550.0,2,3,301.44,7.88,9,106.99,24.28,98.09,5
1756,238678.8672,1048.62,2,3,639.01,1.84,9,0.05,13.59,99.9,8
1757,295696.8424,982.14,3,5,719.34,29.47,10,55.67,4.06,98.37,6
1758,634236.6517,1479.65,3,5,469.03,1.51,10,39.62,6.92,94.56,7
1759,312625.3158,689.64,3,3,459.57,34.24,6,15.41,5.49,94.29,5
1760,237801.2117,914.6,2,4,547.89,39.49,7,73.19,19.66,92.79,4
1761,211893.0017,1368.31,1,3,353.26,23.94,7,4.41,14.93,96.27,7
1762,185140.7666,550.0,2,3,354.63,36.38,10,50.07,20.66,94.29,5
1763,392275.602,1760.27,4,3,552.58,30.05,7,90.16,22.93,88.98,2
1764,498747.2237,1836.01,1,3,835.51,20.7,6,121.29,18.43,99.5,8
1765,134058.0544,550.0,3,2,902.64,18.54,5,79.95,10.27,91.38,4
1766,415436.8385,1557.12,3,3,676.26,43.55,6,17.71,10.06,87.92,4
1767,212162.2289,620.84,2,3,17.86,19.36,5,32.53,6.75,88.01,5
1768,136281.9799,1167.09,1,2,498.37,35.05,7,46.91,24.77,96.27,5
1769,120333.7165,914.43,2,2,424.12,49.03,5,121.47,14.04,99.9,6
1770,314818.9064,550.0,3,4,398.49,34.93,5,27.68,6.82,98.57,4
1771,229290.5403,550.0,1,3,482.35,49.75,8,7.33,24.96,89.01,6
1772,502763.8162,1027.62,2,5,320.24,51.83,7,51.96,11.06,97.35,3
1773,217917.5136,617.59,1,3,781.71,26.94,7,28.55,6.02,94.12,6
1774,277072.5336,1335.94,4,2,242.77,49.05,8,13.12,13.19,93.98,5
1775,329972.2498,1406.02,2,2,401.06,54.95,7,10.78,43.94,92.81,6
1776,327448.2674,888.96,2,5,638.0,1.9,7,49.55,16.76,99.42,6
1777,498994.077,1178.45,3,3,337.13,21.04,9,26.37,10.26,99.27,6
1778,107623.8968,550.0,1,3,330.72,39.43,4,68.01,5.11,95.27,1
1779,221057.889,550.0,2,3,441.69,38.75,10,51.23,1.99,93.58,7
1780,524579.4399,1487.08,4,4,495.59,20.1,9,52.8,22.16,99.9,3
1781,173075.952,550.0,1,2,33.49,59.3,5,77.55,21.33,94.35,4
1782,206992.6136,1400.29,4,2,414.63,15.64,6,99.72,39.42,91.61,7
1783,347345.675,1987.99,3,4,485.32,25.71,10,95.58,17.99,90.86,8
1784,452987.9875,1581.56,3,4,622.55,17.49,10,81.08,29.35,92.82,7
1785,200174.3644,696.7,1,1,628.28,82.93,4,78.26,26.03,96.45,4
1786,136459.9782,550.0,1,3,402.31,21.18,7,53.75,16.86,81.49,4
1787,216691.1785,550.0,2,4,232.4,38.48,7,41.46,25.27,88.69,3
1788,179268.8229,554.01,1,4,105.83,32.7,7,105.32,8.68,91.7,4
1789,296317.4918,804.42,2,3,66.63,48.71,8,32.33,14.28,97.59,6
1790,377986.588,1155.62,3,2,464.49,52.83,9,49.99,16.96,95.28,8
1791,376148.7559,1575.99,2,2,105.49,8.19,7,19.72,5.85,93.14,6
1792,273348.2032,646.13,2,3,573.88,9.66,7,71.64,23.97,95.35,3
1793,184681.2764,666.73,2,2,658.54,30.58,4,28.32,21.11,92.79,4
1794,355056.4582,550.0,1,2,474.12,60.17,3,104.94,7.05,93.15,1
1795,226831.0002,692.78,2,3,547.68,49.8,10,25.17,15.01,99.47,7
1796,188982.5945,550.0,1,3,637.94,14.45,8,16.6,7.35,86.13,4
1797,414459.5702,1998.75,2,4,783.16,49.96,10,17.16,12.23,95.53,6
1798,254658.8327,550.0,2,3,761.48,14.72,5,10.69,46.74,94.01,6
1799,209759.2238,726.54,2,3,547.76,32.81,7,26.82,31.74,95.99,3
1800,391602.5135,675.22,4,3,203.03,5.55,7,3.34,15.29,88.86,5
1801,248403.4061,615.55,1,4,286.22,41.23,7,43.96,11.08,96.66,4
1802,287045.0396,1723.02,2,3,399.63,15.1,7,89.55,6.6,89.72,5
1803,105789.8119,1456.98,1,2,664.5,65.76,9,46.8,12.77,94.98,1
1804,154377.7289,1052.22,3,2,550.11,42.21,4,4.59,11.51,84.54,4
1805,402121.6345,550.0,3,3,991.53,37.67,7,30.34,6.31,98.44,6
1806,150555.0477,550.0,5,1,687.31,43.21,9,86.19,5.51,97.71,6
1807,246864.7171,1204.82,1,3,124.28,33.08,7,78.27,21.04,99.73,5
1808,323001.0464,1671.16,2,3,237.7,52.17,6,35.95,43.56,95.24,3
1809,468472.1179,1066.98,3,3,697.27,29.02,8,84.13,32.0,99.9,7
1810,313223.53,550.0,2,4,329.7,33.45,9,32.06,9.25,97.2,1
1811,230680.7247,550.0,2,4,517.39,19.0,8,37.11,2.67,99.9,5
1812,104344.7093,550.0,1,3,361.76,27.61,6,54.61,33.05,86.28,5
1813,571347.0956,981.2,3,5,737.05,51.73,10,51.92,11.81,90.44,7
1815,176735.2473,713.54,2,3,459.13,53.52,6,129.98,48.16,87.51,6
1816,113742.3577,550.0,2,3,477.41,33.41,8,55.01,18.13,97.72,2
1817,309291.2277,1249.1,2,2,63.7,43.08,4,69.21,23.92,98.73,3
1818,314192.7979,608.48,1,3,49.89,49.6,4,46.42,11.72,90.44,3
1819,111564.0417,550.7,2,4,382.35,12.08,6,12.73,7.55,88.78,1
1820,246250.2837,823.34,1,4,746.56,27.36,6,79.91,24.34,91.54,3
1821,100454.2202,550.0,2,2,373.21,28.5,5,6.41,9.32,97.58,2
1822,221437.2518,942.58,2,3,1014.41,65.54,7,7.42,2.07,89.79,6
1823,353772.6133,896.92,2,3,403.84,21.45,6,53.3,0.85,90.45,4
1824,109675.7564,984.56,1,2,517.43,39.41,5,44.69,20.31,91.91,5
1825,297768.4233,1625.17,3,2,930.29,12.48,10,21.54,18.3,92.79,4
1826,168852.6152,1572.19,1,3,278.54,37.99,7,90.82,26.71,99.9,5
1827,416237.8512,752.37,2,3,676.79,21.01,6,36.43,20.47,90.22,5
1828,137573.1292,572.53,2,1,438.32,2.33,7,53.49,28.26,87.94,5
1829,384219.8759,1000.26,5,3,76.71,3.31,10,22.15,22.94,89.56,7
1830,250971.3034,1555.22,2,3,128.63,67.0,4,91.94,22.83,94.7,4
1831,299223.8467,1457.95,4,1,354.82,43.05,4,8.84,11.68,86.92,4
1832,171418.7756,763.2,1,3,121.33,20.11,7,97.84,14.43,88.12,3
1833,384430.795,1171.95,2,3,825.6,34.49,3,19.95,16.35,89.01,3
1834,649669.2624,1481.17,2,3,866.11,22.61,5,9.44,17.45,99.9,8
1835,329136.4279,999.38,2,3,502.84,0.89,5,54.68,10.27,92.1,4
1836,210604.1775,550.0,3,4,529.33,33.16,6,0.52,3.55,95.95,7
1837,263726.3798,1142.69,2,3,260.16,33.77,8,45.29,15.37,92.45,4
1838,374962.6393,1321.69,3,4,453.1,3.26,9,25.95,6.75,99.9,7
1839,117545.4523,558.95,1,2,586.86,63.23,5,91.16,26.89,95.43,5
1840,577241.146,1519.21,2,3,593.97,26.52,8,11.58,11.8,95.02,6
1841,494321.5561,1301.59,4,3,881.71,19.98,8,64.23,13.06,99.41,6
1842,548590.0138,708.08,4,4,137.97,43.05,7,18.24,4.28,86.32,8
1843,516902.3827,1654.8,3,4,136.9,4.76,10,73.35,27.95,97.19,5
1844,354991.1055,925.34,3,2,1061.66,52.86,6,2.24,24.26,93.22,7
1845,303962.8866,1113.69,2,3,4.58,30.4,8,33.55,24.88,99.9,5
1846,145596.9618,550.0,2,3,776.89,31.33,7,90.6,27.33,87.16,7
1847,692276.7923,1722.32,3,5,311.95,31.43,10,49.38,4.62,98.61,7
1848,365094.6323,550.0,3,2,938.59,32.45,8,14.3,15.94,98.03,6
1849,428629.7674,1672.6,2,3,744.28,11.36,9,45.94,20.19,87.49,7
1850,374446.7031,1345.5,1,3,557.4,21.85,7,83.95,24.88,99.9,7
1851,226404.3435,1220.57,2,3,986.43,0.4,9,30.66,22.21,88.94,4
1852,425217.6306,1967.05,2,3,1080.25,23.29,9,97.49,17.71,83.9,7
1853,364630.6228,734.98,3,4,757.53,24.24,5,33.47,10.43,92.73,6
1854,297187.7938,1178.14,3,3,408.17,64.52,6,29.01,22.72,88.16,5
1855,547799.3138,1639.48,2,3,347.81,29.9,10,6.69,3.95,95.04,7
1856,317864.72,1467.32,1,3,556.03,11.02,8,49.6,19.82,94.79,6
1857,434616.1834,902.17,2,4,470.33,34.68,8,29.77,31.03,95.08,5
1858,340434.0506,851.21,2,4,256.07,28.03,9,66.03,10.15,91.92,4
1859,214842.9478,688.88,2,3,841.61,57.95,6,8.52,0.03,99.9,6
1860,151847.9263,719.79,2,4,393.87,38.4,8,39.52,16.56,94.7,4
1861,360219.5148,1056.76,2,4,420.14,38.95,5,25.63,12.3,90.44,4
1862,321147.6717,862.05,1,4,869.53,39.39,9,29.08,24.69,96.17,3
1863,233723.6552,550.0,2,4,696.05,26.2,8,49.63,38.01,95.69,5
1864,102297.5218,555.51,1,2,611.77,16.59,6,23.99,17.09,97.07,6
1865,415416.769,1682.22,2,4,645.04,50.54,8,61.59,31.47,93.81,6
1866,276181.7237,550.0,2,1,17.11,34.23,6,97.65,44.72,95.08,4
1867,155929.0242,550.0,1,2,126.98,50.22,6,89.21,50.02,87.2,1
1868,284069.3386,927.64,2,3,339.42,39.61,8,7.24,3.39,98.52,2
1869,559482.5761,1095.74,4,4,493.76,70.56,9,83.88,1.84,99.9,10
1870,202260.9904,550.0,3,3,431.09,8.16,8,109.32,17.29,99.9,4
1871,202859.3176,1098.69,1,4,158.8,61.59,8,14.44,25.95,98.49,5
1872,272714.9805,1271.3,1,3,720.44,20.22,4,86.33,8.26,98.91,1
1873,213919.6444,1067.23,2,3,697.8,16.82,9,36.98,17.19,96.29,8
1874,320559.6601,583.7,3,4,260.14,8.83,10,55.97,23.17,98.66,5
1875,336701.9686,2063.7,3,3,686.76,81.49,4,83.97,46.16,89.97,5
1876,322441.2591,1112.35,2,5,90.84,47.89,5,71.92,20.59,94.69,4
1877,494547.4668,1344.58,3,4,498.07,74.67,8,73.69,4.62,89.34,3
1879,153056.5317,945.36,2,3,281.91,42.9,5,8.61,29.87,93.51,4
1880,276857.2141,1302.95,2,3,3.34,4.61,8,85.73,10.46,90.36,7
1881,568980.2354,1941.32,1,4,423.72,36.91,4,8.42,3.74,92.0,6
1882,277617.8096,1029.17,1,5,1066.64,26.44,5,111.02,16.92,87.9,3
1883,404266.6567,1965.06,3,4,438.83,14.38,7,120.75,3.47,93.05,4
1884,318574.1442,1086.8,1,4,22.8,37.82,10,21.41,9.79,88.0,7
1885,360551.2605,1303.24,3,2,354.73,44.55,8,43.6,23.53,94.46,5
1886,148852.0295,1011.74,1,3,959.36,35.26,7,29.87,22.32,85.3,8
1887,243330.2826,618.45,2,4,747.35,50.59,8,74.34,30.71,91.97,5
1888,301173.9556,638.38,1,4,710.83,46.29,10,101.86,1.33,95.93,9
1889,422776.1832,1798.99,2,2,743.83,36.45,5,14.89,2.53,98.09,3
1890,131803.1407,550.0,3,2,342.48,18.64,5,1.67,37.88,93.87,4
1891,277934.3181,1049.26,2,4,839.33,56.14,9,55.2,5.78,87.88,5
1892,162549.3752,937.22,1,2,221.18,10.91,3,23.88,9.65,84.52,2
1893,347310.3844,873.22,2,3,246.33,34.65,7,12.23,8.43,91.47,6
1894,341871.6704,1095.56,1,4,555.43,61.97,10,38.2,11.87,99.9,4
1895,288566.7654,1403.27,1,1,97.43,8.96,6,8.67,11.59,88.55,6
1896,166993.8211,550.0,1,5,368.92,7.11,9,12.26,2.34,95.43,5
1897,169087.4955,630.08,1,4,442.2,36.62,7,70.04,32.31,88.19,7
1898,110465.3245,550.0,1,5,757.75,24.83,8,74.56,12.18,96.38,5
1899,261716.701,550.0,1,4,1036.89,50.91,7,39.87,14.83,86.54,6
1900,361413.9078,695.55,3,3,390.79,17.03,9,12.09,8.44,88.05,9
1901,133318.193,1202.25,1,1,1058.19,4.8,5,52.48,39.84,96.8,2
1902,128945.4664,550.0,2,2,385.94,36.21,6,22.54,21.49,99.33,3
1903,274113.6555,1013.51,2,2,689.68,39.51,8,64.82,4.92,98.09,7
1904,470273.5243,1438.56,3,3,516.27,27.02,10,102.49,22.85,92.65,8
1905,196674.5108,550.0,2,5,265.41,9.55,8,43.41,18.75,95.7,2
1906,503886.0701,1543.04,3,3,602.32,56.85,6,57.33,2.73,96.23,8
1907,393259.0021,1171.54,1,4,739.56,22.8,9,53.26,10.98,93.34,7
1908,162064.0187,550.0,1,4,339.39,25.9,4,99.91,33.0,97.12,4
1909,316067.8247,550.0,2,4,278.61,64.42,6,8.98,21.31,91.79,5
1910,168204.3647,550.0,2,3,657.78,27.01,6,93.1,27.93,97.54,4
1911,139677.7098,984.1,1,2,361.65,33.83,4,35.47,24.7,95.26,2
1912,471552.2626,1713.51,2,3,609.06,74.91,9,39.23,33.62,97.46,7
1913,323195.0317,1064.35,1,3,176.48,1.84,6,116.26,12.47,96.19,6
1914,132861.8451,701.27,1,3,118.84,40.07,7,112.47,29.39,96.42,8
1915,164247.0169,550.0,4,2,725.54,65.51,5,65.44,37.69,94.59,2
1916,300946.7406,605.16,3,2,105.74,28.95,5,29.46,21.95,85.67,4
1917,621479.2461,1219.26,3,5,349.82,22.94,6,6.46,3.39,93.86,5
1918,195361.7896,550.0,1,2,549.99,42.22,6,72.57,20.89,89.07,4
1919,135815.7113,550.0,3,3,596.38,40.74,5,2.08,27.31,91.07,5
1920,330437.4705,606.62,2,3,547.12,2.16,6,23.86,1.3,85.3,2
1921,166450.4353,975.15,2,1,1133.12,10.18,6,42.6,10.09,99.9,5
1922,220797.4023,1541.15,4,1,289.74,11.97,4,24.29,22.73,88.49,5
1923,307431.951,2041.61,2,3,831.25,50.41,10,55.21,2.53,99.9,9
1924,347354.1662,907.53,1,4,179.96,11.45,2,30.71,43.65,93.41,4
1925,411991.4629,1026.67,3,4,273.07,53.39,6,2.55,26.14,95.46,6
1926,260587.6344,613.71,1,5,609.64,44.17,10,8.46,27.96,94.58,5
1928,174835.0863,661.34,2,3,652.11,44.51,6,10.59,3.48,89.48,4
1929,281200.9996,1165.91,2,3,421.65,2.2,7,69.4,37.51,96.08,3
1930,164865.2856,550.0,2,2,466.65,37.82,8,49.93,10.74,89.99,4
1931,659066.9023,1651.19,5,5,495.88,5.83,8,17.33,15.76,99.9,9
1932,149402.0683,1610.1,1,1,98.2,61.7,5,44.86,9.59,99.9,6
1933,222597.6752,618.1,2,3,698.28,17.55,6,114.43,37.75,99.9,6
1935,171879.8716,550.0,1,4,585.79,44.71,3,69.27,24.02,93.38,2
1936,190132.4176,550.0,1,2,408.84,33.92,6,66.49,29.53,91.51,3
1937,415007.0335,696.81,1,4,743.16,54.19,6,41.2,1.89,93.05,5
1938,717578.6979,1267.94,3,5,791.68,31.16,8,60.93,15.49,94.4,7
1939,578321.3378,2129.37,3,2,686.11,20.33,8,48.01,17.55,96.41,7
1940,377699.5036,1929.33,1,4,647.55,59.68,10,24.92,25.89,98.35,5
1941,138315.1695,550.0,2,2,673.43,63.37,5,10.68,16.98,85.08,3
1942,277389.5276,907.52,1,4,288.04,55.84,10,12.24,10.18,99.9,7
1943,185708.2598,550.67,3,3,425.01,58.64,7,72.41,34.49,94.55,4
1944,416626.6304,1741.57,2,2,668.65,69.17,3,2.75,7.36,89.24,5
1945,126108.4073,662.79,2,2,403.94,65.46,7,36.21,26.34,99.09,6
1946,202463.8609,1001.67,2,2,631.95,32.39,7,70.1,18.77,83.71,6
1948,176632.1144,550.0,2,3,287.07,75.52,6,38.38,27.6,94.73,3
1949,212943.7066,804.9,2,3,371.24,3.36,8,91.18,35.52,99.9,6
1950,243314.3963,924.31,1,3,860.94,47.7,7,87.08,0.22,91.73,2
1951,396505.3981,1109.92,3,4,433.56,48.72,7,23.01,32.78,99.7,8
1952,306963.0262,550.0,3,3,859.58,0.76,9,64.25,13.59,91.93,3
1953,326653.7474,1317.76,4,4,929.56,48.61,8,47.21,7.88,98.38,7
1954,312785.3969,1186.79,1,1,369.28,12.74,8,83.62,9.18,97.92,6
1955,174112.8032,557.05,4,3,674.88,24.17,6,6.9,15.74,98.25,3
1956,362656.4323,1173.3,2,4,251.69,7.44,10,36.68,8.96,99.9,8
1958,216365.0686,1002.01,2,4,755.42,19.42,6,60.79,5.38,95.83,2
1959,369719.7828,836.53,1,4,668.59,27.08,10,39.0,9.35,96.55,5
1960,278170.9111,1334.59,2,3,494.99,32.99,5,67.87,26.08,86.65,6
1961,419463.4383,1003.46,1,4,307.94,22.64,7,55.32,7.32,90.16,5
1962,477409.4396,1659.0,2,4,329.73,13.69,9,58.54,12.87,87.3,7
1963,146124.9394,1419.79,1,2,630.85,52.85,6,97.86,45.97,91.88,4
1964,161248.7798,556.89,1,2,715.67,12.97,6,36.6,8.29,89.99,3
1965,203289.7325,909.57,2,3,695.96,9.5,9,108.59,38.79,99.46,6
1966,305972.3126,1044.76,1,3,394.2,15.61,4,47.25,26.91,96.11,4
1967,451307.7722,1910.04,2,3,498.54,8.05,8,70.08,8.91,87.76,6
1968,476783.0867,1122.12,4,4,799.18,27.9,6,51.51,0.87,99.33,7
1969,354268.4129,1816.71,2,2,372.31,45.29,8,44.46,25.93,99.9,5
1970,342235.6781,1667.57,2,2,725.07,9.92,8,30.02,19.82,90.39,6
1971,226658.9276,818.02,2,3,356.03,19.43,7,17.02,8.78,95.92,6
1972,113736.8159,550.0,1,3,300.57,59.71,4,28.63,40.37,92.69,4
1973,248833.4473,550.0,1,3,396.2,39.23,4,90.28,24.25,92.89,2
1974,389936.9527,550.0,3,4,445.98,55.22,9,17.84,7.37,96.91,6
1975,319705.9149,755.0,2,4,807.85,7.79,8,28.54,13.8,86.16,4
1976,212495.787,1114.92,2,3,597.83,30.82,8,89.57,32.61,93.26,4
1977,322956.9633,1176.95,2,4,139.33,34.12,7,56.68,2.56,96.15,6
1978,727626.7059,1432.2,3,4,981.5,33.01,7,35.44,5.12,93.41,8
1979,439069.212,1066.78,2,5,323.34,18.99,10,11.08,19.44,99.85,6
1980,322815.7941,1055.34,2,3,671.96,24.08,6,79.67,25.55,95.6,3
1981,394288.3338,1191.59,2,3,324.28,45.84,6,1.26,31.09,99.9,5
1982,138343.9413,699.1,2,2,160.33,74.99,6,86.16,33.61,97.28,2
1983,161611.813,550.0,2,3,513.93,21.3,8,42.5,15.83,85.08,5
1984,459398.3591,550.0,3,3,575.86,19.36,8,34.74,1.94,95.16,4
1985,210727.7944,550.0,2,4,565.06,1.34,10,1.03,0.15,90.61,3
1986,448351.6474,1923.15,3,3,379.09,33.33,7,74.08,27.51,88.68,5
1987,104392.3698,550.0,1,2,316.35,24.44,4,3.09,28.08,99.88,2
1988,209252.8357,1001.9,1,4,594.65,32.64,7,35.47,12.51,99.9,3
1989,195413.4724,807.19,2,2,81.26,24.9,5,32.7,3.35,99.9,3
1991,242000.4016,1420.82,1,2,1096.99,34.86,5,89.91,21.27,97.27,4
1992,479551.9932,1191.96,4,2,583.2,36.95,7,60.19,2.0,90.53,5
1993,166316.357,550.0,1,4,213.87,20.44,6,25.98,3.98,98.67,4
1994,119083.0675,1438.21,1,2,406.67,15.76,8,62.7,24.15,87.08,5
1995,147113.2338,894.95,1,2,452.22,48.4,3,49.25,22.48,88.41,1
1996,154910.4527,1218.0,2,2,571.74,53.18,6,81.37,38.25,90.94,6
1997,218063.4859,550.0,2,2,433.46,42.42,6,59.29,44.73,97.08,1
1998,295544.7864,1569.16,3,2,819.59,11.91,8,122.54,14.02,95.36,8
1999,256747.0528,1376.19,2,3,25.85,18.62,8,32.43,39.54,96.74,5
2000,476432.9727,997.28,3,3,644.48,25.04,6,92.75,14.76,97.71,5
2001,234615.5798,1129.07,1,3,198.33,63.29,7,72.44,29.09,88.08,1
2002,169074.9645,984.42,3,2,840.14,32.25,8,24.77,2.63,95.54,5
2003,132566.4047,550.0,1,3,729.37,30.49,4,4.8,5.86,88.01,4
2004,194451.5922,691.89,1,2,569.96,43.26,6,54.11,25.93,98.27,5
2005,306055.4089,754.45,4,4,560.88,19.12,7,1.35,16.27,85.21,5
2006,611797.062,1437.56,3,5,234.52,16.21,9,17.59,19.91,92.89,4
2007,321069.5453,1351.18,2,3,477.29,15.57,10,38.05,16.75,88.04,5
2008,108739.5259,918.86,1,1,555.33,15.57,6,60.72,37.6,93.33,1
2009,583243.3208,1219.04,3,4,558.18,22.81,7,67.8,24.66,91.1,8
2010,229907.5308,550.0,3,4,1035.56,32.58,6,99.66,21.06,88.13,3
2011,185710.7023,550.0,1,4,704.2,10.5,8,47.86,11.14,86.86,5
2012,294738.4393,786.1,2,3,708.91,45.49,7,28.69,10.89,99.9,7
2013,320987.044,944.88,2,3,766.44,34.71,7,48.98,6.17,97.97,4
2014,455583.0637,1257.36,3,4,563.09,29.4,8,0.43,36.69,96.26,7
2015,392856.3145,1996.98,2,3,852.19,23.03,10,35.86,24.46,90.54,9
2016,494924.5852,2277.23,2,3,388.04,15.61,7,17.03,41.6,88.43,8
2017,475850.3779,1316.87,2,4,438.96,28.12,7,39.9,1.99,90.95,7
2018,121420.1686,550.0,1,3,704.41,36.77,5,62.22,27.25,98.87,4
2019,227469.3042,1301.32,1,3,701.13,3.54,9,6.28,11.38,99.9,7
2020,590336.7802,1287.27,3,4,964.39,34.85,7,28.68,27.13,99.9,4
2021,455923.3553,550.0,3,4,551.02,20.39,8,22.03,2.43,99.54,6
2022,317313.6928,1765.85,3,3,649.21,47.28,9,16.26,15.78,93.78,4
2023,168641.6817,666.6,1,1,186.59,68.88,7,7.62,36.98,89.53,1
2024,203979.1343,1085.16,1,3,483.46,69.14,4,14.44,46.72,99.9,7
2025,174452.5836,648.46,3,2,831.01,58.97,3,108.21,42.9,85.62,4
2027,191530.8126,550.0,4,3,193.33,23.38,8,107.01,12.61,99.9,6
2028,478604.9413,1778.42,3,4,89.94,13.36,9,4.34,19.37,99.9,5
2029,399129.7357,1291.47,1,3,259.1,19.63,8,64.39,4.13,97.63,9
2030,225473.7252,915.01,3,3,1134.25,48.31,6,74.33,36.9,99.11,6
2031,530691.8255,676.49,3,4,660.64,37.66,9,38.02,13.62,92.1,9
2032,230091.0023,635.61,3,3,474.76,29.0,7,2.56,1.2,97.15,4
2033,489571.0562,1305.51,2,4,783.75,51.56,9,32.58,9.78,96.21,4
2034,283519.0624,550.0,3,4,823.43,24.37,8,62.08,28.0,90.15,5
2035,232290.5139,974.83,1,5,1077.11,35.04,7,78.71,4.58,98.13,6
2036,286069.083,550.0,2,3,444.28,39.87,5,108.74,32.68,90.04,4
2037,450776.8544,682.85,3,5,439.58,51.19,7,22.16,3.62,90.37,3
2038,370321.2777,1435.66,1,3,728.82,23.38,7,35.8,19.71,94.96,6
2039,291554.8425,1133.97,2,2,498.38,12.98,6,16.14,10.42,92.23,5
2040,329619.015,651.16,2,3,669.6,2.35,10,21.52,22.68,97.23,6
2041,251064.3973,1184.55,2,3,413.01,14.94,5,28.05,46.05,97.5,4
2042,116027.4198,812.28,1,2,232.5,39.02,9,44.6,32.5,92.33,6
2043,209402.4015,586.69,1,4,317.88,27.13,10,96.16,15.46,83.23,7
2044,153387.2665,550.0,2,3,356.71,17.08,6,26.84,24.8,95.58,4
2045,194015.63,1348.9,1,2,38.59,52.42,5,13.55,26.41,86.99,5
2046,515703.8595,550.0,4,4,460.68,5.89,7,39.25,24.63,85.68,3
2047,401584.651,600.25,1,4,641.45,19.99,6,43.35,20.55,92.12,6
2048,139107.5279,1159.37,1,2,136.99,42.57,9,12.0,9.26,99.9,7
2049,321483.2509,911.89,2,2,227.28,32.68,6,63.38,26.16,87.6,3
2050,402228.346,981.82,3,3,162.99,30.67,6,71.99,0.38,99.9,7
2051,380770.1555,1151.93,3,3,372.65,65.77,5,40.2,18.47,91.33,4
2052,254496.061,838.77,2,4,292.08,7.86,6,129.62,29.37,98.13,7
2053,393215.7564,550.0,3,3,311.49,6.83,6,39.72,2.0,99.9,6
2054,441010.8579,1509.24,3,3,2.7,31.43,6,3.86,7.35,90.0,7
2055,274760.2602,984.26,3,3,595.94,40.67,9,11.46,32.68,90.19,7
2056,243122.8524,550.0,3,3,682.14,23.46,6,59.79,5.61,83.73,2
2057,354530.4942,2003.66,3,2,741.29,23.63,7,45.31,14.38,95.57,7
2058,198495.9734,550.0,2,1,336.41,26.47,6,91.13,12.4,90.37,5
2059,197207.6826,762.42,1,4,332.07,26.29,6,36.56,14.63,85.04,2
2060,584954.1159,831.6,4,4,721.34,58.13,5,16.1,8.93,87.75,5
2061,123962.704,654.74,2,1,129.03,32.25,4,92.29,11.27,87.29,2
2062,201150.2466,550.0,2,2,705.9,44.28,7,46.35,13.79,92.19,3
2063,239811.194,812.92,2,3,212.02,55.64,7,2.86,7.83,98.55,5
2064,337003.2336,950.35,2,3,926.39,69.53,6,111.62,27.39,95.95,7
2065,284846.2384,1343.09,2,4,295.45,22.15,7,9.5,3.29,90.3,4
2066,265452.2969,550.0,3,2,739.97,80.69,5,83.67,20.2,98.29,5
2067,93305.58428,746.61,3,1,512.08,1.57,5,86.4,13.91,99.78,3
2068,450754.4439,1169.09,4,3,688.39,54.04,8,82.66,9.28,87.71,4
2069,128268.9952,550.0,2,2,222.52,48.93,6,56.84,25.34,99.44,4
2070,397277.2679,813.78,2,4,561.36,54.84,9,23.53,31.5,92.59,7
2071,95310.64643,1026.92,2,1,750.49,36.98,6,114.41,7.71,93.62,4
2072,409878.8723,1079.63,2,3,200.42,26.78,8,35.27,37.03,90.24,6
2073,533515.2737,1686.78,3,3,321.81,16.01,7,99.59,10.52,93.32,5
2074,122436.7116,550.0,2,3,263.71,7.25,8,51.74,2.29,88.33,3
2075,402293.4837,1010.63,3,3,512.88,44.63,4,9.1,12.2,88.57,6
2076,301088.7893,917.84,2,4,535.27,59.37,9,75.21,19.47,94.65,5
2077,262745.4824,793.69,2,3,446.42,34.47,10,47.08,5.14,94.54,7
2078,216188.775,550.0,2,2,638.84,7.88,7,69.88,12.82,99.9,4
2079,620761.0913,1417.85,2,5,138.31,41.78,9,57.76,23.05,99.9,9
2080,267076.1749,550.0,1,4,847.47,11.16,8,69.35,13.86,98.0,4
2081,372610.471,1138.61,2,3,685.78,25.45,5,13.71,22.43,84.67,7
2083,255798.0539,905.99,2,2,584.18,1.93,7,30.62,1.79,88.22,3
2084,600334.0605,2149.1,5,3,224.55,51.59,10,2.76,6.93,98.36,6
2085,244185.9054,757.7,2,2,314.53,20.76,10,56.33,7.18,99.47,4
2086,601100.0146,612.06,4,4,471.87,26.02,5,113.56,13.47,87.27,5
2087,282668.3447,566.8,1,4,148.47,21.49,9,52.86,48.85,88.19,4
2088,486352.0095,1192.83,2,4,105.48,22.01,9,19.73,6.23,98.4,5
2089,228188.9861,1111.01,2,3,99.59,3.98,5,21.0,1.43,97.9,6
2090,178338.1723,1382.35,2,2,611.37,59.53,5,104.07,0.34,99.9,2
2091,594488.8324,1379.79,4,3,375.08,33.8,9,44.94,2.88,99.9,7
2092,134130.7502,550.0,1,3,91.06,63.37,8,3.47,22.49,96.91,7
2093,200331.3534,1575.36,1,2,608.6,49.87,6,17.52,42.74,88.8,6
2094,212222.81,862.03,1,4,194.27,1.26,8,43.02,3.75,88.53,7
2095,191792.6936,1396.28,1,3,178.94,50.85,9,65.71,26.49,90.96,5
2096,320741.123,1116.92,2,3,522.11,29.75,6,15.31,44.16,92.34,6
2097,209318.0774,1291.88,1,2,898.43,25.63,3,4.18,22.9,89.63,3
2098,427600.4758,1010.83,3,3,223.68,12.11,9,53.01,29.05,99.66,6
2099,326028.4247,550.0,2,4,673.32,25.76,8,48.69,15.15,95.85,6
2100,411337.1456,1054.0,1,4,735.07,1.03,7,95.72,4.33,91.59,5
2101,205721.7488,1368.66,2,3,671.61,7.14,5,17.79,12.37,89.82,3
2102,111989.9103,1496.01,2,1,931.13,35.22,6,40.2,24.73,88.68,3
2103,251183.1563,1162.8,2,4,521.97,19.53,7,12.83,8.28,91.23,5
2104,247617.3432,637.66,1,4,427.73,30.98,7,47.63,45.46,96.19,3
2105,118005.4383,550.0,3,3,593.96,35.67,9,61.09,3.93,98.79,3
2106,237747.1793,1123.28,2,3,274.49,53.25,7,45.54,8.69,95.15,7
2107,459714.8161,1260.53,1,4,594.33,28.69,7,20.67,0.98,89.45,5
2108,441196.76,1234.68,3,4,339.68,38.87,9,48.42,18.73,97.23,6
2109,448315.3875,1325.96,3,3,876.35,13.03,10,55.88,8.51,94.91,8
2110,109940.888,965.05,2,1,45.6,52.21,9,23.57,12.42,92.19,5
2111,103851.1588,550.0,1,2,365.11,52.25,4,101.6,31.63,90.11,4
2112,436711.6125,1899.29,3,4,359.86,12.78,10,6.18,3.25,88.55,7
2113,511642.3973,1840.83,2,4,409.58,20.31,10,87.57,3.47,93.1,6
2114,172711.0743,964.35,1,1,1090.06,35.08,7,95.65,6.39,85.3,5
2115,120929.0389,857.01,1,2,532.4,43.97,4,74.25,21.83,82.72,3
2116,188917.0239,936.93,1,3,664.37,50.51,7,94.89,4.26,95.47,4
2117,129334.4378,659.64,1,3,443.04,38.87,4,52.16,8.7,84.6,4
2118,277255.8684,1427.16,3,3,158.07,14.57,10,50.85,9.89,91.81,9
2119,454624.7953,1102.68,1,5,108.35,37.13,9,22.67,15.44,92.11,6
2120,230932.7864,735.26,1,3,418.56,49.61,5,59.51,23.78,99.16,4
2121,289280.6071,990.49,1,4,7.88,31.15,5,30.04,5.1,90.19,5
2122,369374.0785,1010.29,3,3,172.3,32.07,6,26.92,12.07,99.9,6
2123,303540.4506,1084.89,1,4,118.5,35.82,5,42.04,26.92,99.9,4
2124,179209.2624,550.0,2,3,586.28,15.64,4,75.75,12.25,90.21,2
2125,285480.6974,550.0,3,3,214.99,30.25,5,93.89,1.79,99.9,6
2126,164942.1664,550.0,2,2,317.55,0.81,8,42.06,16.87,98.28,5
2127,411731.8548,1838.9,2,3,510.38,25.36,8,65.43,16.96,92.56,8
2128,306692.7456,935.51,1,3,394.75,20.23,5,17.33,20.15,92.49,4
2129,344119.292,1561.19,3,1,471.66,31.38,6,17.27,16.28,99.9,7
2130,348768.5642,1531.23,1,3,140.5,32.08,9,24.14,18.23,94.22,5
2131,129930.7731,550.0,2,2,827.99,37.23,8,53.68,14.52,92.54,6
2132,415827.6696,550.0,4,3,103.65,27.32,10,63.48,15.96,95.59,7
2133,518240.1413,1377.07,2,4,295.86,23.91,9,11.84,27.2,93.79,5
2134,146166.2415,1082.1,2,2,249.98,19.5,6,35.97,25.34,90.32,5
2135,284402.3429,853.32,1,2,274.07,50.16,8,121.78,6.33,93.9,7
2136,255223.1838,843.63,1,3,573.22,9.81,7,58.0,2.81,92.53,5
2137,159865.7763,1373.24,1,1,249.93,18.73,7,91.75,18.44,86.42,2
2138,467780.1173,1903.24,2,5,993.62,14.04,10,3.87,4.23,98.76,6
2139,135637.489,550.0,1,3,570.12,4.84,10,72.2,18.78,99.9,6
2140,304359.6145,550.0,1,3,20.54,44.59,6,27.32,38.01,92.54,4
2141,271609.5495,669.92,2,3,210.68,18.26,7,1.74,47.98,99.9,9
2142,637302.6847,1216.55,3,3,94.0,31.08,7,37.08,7.25,99.9,2
2143,265321.4022,1309.54,2,3,495.97,37.27,10,67.98,7.17,99.9,5
2144,124786.2402,988.32,1,3,773.65,41.29,7,89.12,15.0,99.37,3
2145,178832.3372,834.54,2,3,1030.56,12.35,5,18.63,40.37,95.94,4
2146,222404.4952,1053.33,3,2,377.9,4.18,8,71.5,18.22,89.41,6
2147,411131.67,1311.64,2,4,900.51,31.42,9,2.46,2.85,96.83,7
2149,435506.5116,1257.21,3,4,808.46,26.25,10,46.72,19.11,97.06,9
2150,722695.5967,1345.36,3,4,218.21,14.77,10,69.46,14.17,99.9,8
2151,311436.8045,666.22,4,4,1166.41,47.17,7,18.84,13.36,96.39,5
2152,268779.6379,819.25,1,4,433.41,28.49,8,9.19,12.34,90.43,6
2153,247756.8597,1042.51,2,2,411.7,72.23,9,49.91,26.02,94.07,5
2154,100919.2111,550.0,1,2,434.71,24.33,5,1.06,6.74,93.67,2
2155,267810.5038,550.0,4,3,197.22,14.03,10,9.56,26.63,99.9,5
2156,400585.8474,1236.22,1,3,343.81,35.03,7,34.73,2.4,98.36,8
2157,251908.1907,1396.49,1,3,1043.53,29.86,8,10.68,30.15,96.6,3
2158,208616.2079,1051.87,2,3,323.72,40.07,9,66.42,7.91,98.67,7
2159,249268.1619,827.25,1,3,361.58,2.52,7,32.58,15.91,95.96,6
2160,278722.1254,1425.25,2,4,591.26,18.81,9,1.74,1.35,99.42,7
2161,290609.6604,994.02,4,4,757.76,1.48,10,39.41,4.56,95.82,8
2162,466284.5385,686.31,2,4,391.81,7.56,9,30.63,10.78,93.92,4
2163,191733.7849,550.0,2,3,111.94,12.29,4,120.76,2.74,91.45,6
2164,176690.5179,550.0,1,4,326.79,44.7,8,40.8,27.43,94.21,3
2165,222065.2125,682.56,1,3,356.64,56.0,6,41.7,15.88,94.81,4
2167,395342.5076,1207.99,3,4,617.54,0.41,9,17.12,10.57,97.85,6
2168,167473.2486,550.0,2,4,573.81,32.7,8,82.24,48.37,99.9,7
2169,439067.9892,1579.61,4,2,700.44,39.09,6,15.87,9.46,98.55,7
2170,493358.2648,1787.89,4,4,800.38,21.09,10,50.93,10.82,95.8,8
2171,298444.3614,1427.51,1,3,295.74,35.98,6,78.2,13.86,94.38,5
2172,484933.0256,1300.82,3,3,233.65,46.48,9,2.06,38.5,99.05,5
2173,139344.0338,1623.34,1,2,154.85,33.47,7,83.11,0.22,87.8,6
2174,208302.3543,777.85,2,3,431.85,37.36,6,41.82,36.63,92.55,6
2175,165657.3604,800.7,1,2,165.21,59.26,6,16.69,2.93,94.49,3
2176,419842.9604,2270.33,1,3,866.26,18.49,10,7.83,6.06,91.06,8
2177,429059.6586,1532.61,2,3,611.52,41.13,6,75.26,27.41,92.04,5
2178,112603.21,699.19,1,2,301.7,16.4,5,111.09,37.0,84.72,2
2179,204872.0204,961.63,4,2,328.41,51.92,8,5.27,9.7,90.8,3
2181,113180.9897,763.62,1,2,307.43,25.33,4,49.32,34.84,93.57,1
2182,653150.7907,1372.58,2,4,516.07,2.82,9,20.34,24.55,99.25,6
2184,315110.2214,1318.78,2,3,230.0,16.96,6,47.21,25.24,99.01,3
2185,448149.3355,1436.09,3,4,587.68,29.05,8,5.69,8.44,90.56,7
2186,550091.5551,1242.17,2,4,584.2,17.32,7,41.68,14.22,94.65,6
2187,624102.7058,1160.99,3,4,436.24,38.53,6,6.27,2.08,99.9,6
2188,251042.806,550.0,1,4,214.55,31.67,8,17.8,6.54,95.53,4
2189,267719.6513,1187.7,1,2,307.7,48.71,8,21.86,32.13,90.72,1
2190,561175.1138,1447.91,2,3,1070.12,32.88,6,55.78,11.09,96.55,6
2191,196032.289,550.0,1,3,180.83,4.97,7,120.07,39.4,99.9,4
2192,149113.8024,731.56,1,3,1104.37,13.16,7,30.99,49.6,94.38,3
2193,98879.84154,1091.89,1,1,1184.02,32.95,6,25.63,36.43,99.9,6
2194,164664.3915,550.0,1,4,696.13,14.58,10,43.23,42.41,91.0,5
2195,170417.2644,812.41,1,3,357.7,21.58,7,35.37,8.66,90.22,3
2196,123038.9836,569.55,2,3,705.66,31.13,4,83.09,29.8,95.16,2
2197,176935.0647,1815.46,1,2,771.53,19.91,5,27.17,29.64,89.83,4
2198,142522.0527,764.69,3,2,600.05,45.4,6,5.45,23.63,92.76,4
2199,420809.5649,1188.36,2,4,922.31,14.75,8,55.61,6.36,99.9,9
2200,268744.0295,550.0,2,4,473.24,43.0,6,47.87,13.28,92.19,5
2201,287104.5116,550.0,3,3,659.46,12.74,8,67.2,7.45,96.14,7
2202,333708.0442,627.24,1,5,76.12,12.23,7,39.91,16.99,95.85,5
2203,254143.551,1040.24,3,3,518.55,37.57,6,59.55,18.79,89.08,3
2204,501300.8343,1551.69,4,4,962.41,37.62,8,33.29,6.53,94.18,7
2205,364871.5628,1764.72,3,3,1316.05,36.55,7,41.82,10.11,95.33,7
2206,466709.337,831.53,2,3,673.58,13.15,9,43.92,8.18,92.31,4
2207,196709.0234,815.38,2,2,640.17,19.55,4,83.49,0.16,91.97,4
2208,285646.6013,1202.39,3,2,470.15,72.09,5,59.02,12.77,96.57,3
2209,575720.6344,679.89,3,4,124.47,22.76,9,14.32,5.48,91.58,6
2210,168283.7713,1105.34,2,2,368.58,60.08,5,66.18,37.72,97.22,4
2211,136881.3897,550.0,2,3,140.94,24.9,8,31.11,24.4,95.55,5
2212,175313.6982,934.87,2,2,710.71,49.84,5,16.18,28.4,91.56,7
2213,158157.9756,1120.08,2,2,980.87,49.98,4,18.34,10.21,99.9,4
2214,115818.4461,981.93,1,2,606.82,44.51,7,59.57,30.89,98.1,4
2215,154520.8067,550.0,1,2,198.3,47.9,5,7.12,21.73,88.88,3
2216,315406.1737,797.2,4,2,650.63,9.84,7,27.11,3.5,95.79,6
2217,169035.3533,550.0,2,4,486.27,12.81,6,60.7,4.78,91.55,3
2218,498427.3212,1593.93,3,5,328.26,36.44,9,9.97,20.46,92.56,7
2219,345504.5387,1338.96,3,1,356.98,43.5,4,81.9,49.81,96.64,3
2220,527517.4762,1476.57,3,3,711.54,48.08,9,55.25,4.13,91.8,8
2221,231233.8333,1286.1,1,2,363.99,21.9,5,13.8,13.59,91.61,2
2223,446406.9359,915.33,3,4,404.85,7.19,7,30.86,49.13,88.4,5
2224,151697.7123,550.0,3,2,122.72,17.74,8,55.1,26.0,92.37,6
2225,266465.0939,1139.31,2,4,882.94,65.66,7,75.51,12.12,94.05,6
2226,129245.4714,1157.16,2,3,344.06,38.0,6,32.79,33.59,99.9,5
2227,516020.9028,1659.3,1,5,456.1,26.96,9,39.95,14.22,98.64,7
2228,343053.3563,1302.39,2,4,384.91,32.64,7,39.67,2.99,99.13,7
2229,100395.904,550.0,1,3,460.4,48.0,6,53.97,35.89,93.23,5
2230,417207.8893,550.0,5,1,565.61,0.54,8,19.29,5.05,99.9,7
2231,481282.1057,1033.37,3,3,448.17,18.95,5,79.24,5.93,95.12,4
2232,287015.2723,1674.51,2,2,394.53,49.99,6,11.87,3.28,94.83,6
2233,135914.235,1290.82,2,2,125.72,38.12,7,75.24,13.88,90.09,5
2234,128597.2572,848.39,1,3,42.21,58.47,7,80.19,43.58,95.5,2
2235,262534.9921,935.67,1,3,250.57,45.26,6,1.24,6.75,95.56,3
2236,192476.3192,1027.64,1,3,456.62,56.63,5,56.55,1.19,95.56,4
2237,125751.5402,601.06,2,3,749.01,18.73,5,40.68,19.01,89.07,2
2238,371325.8584,1250.06,2,2,536.38,17.66,5,99.15,18.13,89.97,4
2239,298222.3783,866.41,2,5,114.21,35.76,9,41.86,8.48,99.9,7
2240,691877.0097,1482.85,3,4,297.09,19.69,10,45.34,10.93,97.07,9
2241,159525.6989,1190.52,2,2,833.55,51.05,5,8.38,38.14,97.07,3
2242,163532.6969,782.04,2,2,463.51,52.54,6,24.74,32.58,99.9,4
2243,132997.0632,1002.88,1,2,1017.57,22.95,4,90.51,9.42,94.26,4
2244,397168.0803,760.77,1,4,57.28,15.77,9,61.77,4.59,99.9,7
2245,206029.5987,1004.05,3,2,412.04,16.66,6,14.03,1.58,99.9,4
2246,242474.8316,1054.14,2,2,308.78,44.33,8,46.52,22.4,98.67,5
2247,160605.5604,550.0,2,2,453.98,35.2,5,41.17,3.57,92.79,4
2248,408043.3866,1362.44,3,3,1264.2,14.43,7,92.36,36.86,94.79,8
2249,109758.7827,550.0,1,4,490.07,5.95,6,27.34,6.64,91.95,5
2250,283290.1531,713.17,2,3,133.48,53.55,5,79.27,41.13,97.9,5
2251,137212.5389,550.0,3,1,524.74,22.17,7,38.63,45.43,98.23,4
2252,448388.3903,1003.08,3,3,553.67,38.64,7,100.78,20.91,96.32,6
2253,270755.4029,917.29,1,2,369.9,31.68,9,71.93,12.41,93.45,6
2254,266026.8228,868.81,3,2,191.56,31.67,8,41.32,13.12,86.79,2
2255,310394.6298,633.49,3,3,27.15,25.92,6,121.9,22.2,95.12,5
2256,536029.0706,810.43,2,4,137.27,36.27,8,30.45,9.68,99.9,7
2257,168172.0172,550.0,1,3,126.98,57.93,5,55.17,5.42,87.98,3
2258,127143.9214,643.83,1,2,156.97,26.91,5,28.12,18.31,86.01,2
2259,265497.8918,550.0,1,1,636.64,48.26,4,60.29,11.35,94.18,6
2260,168716.8081,550.0,2,2,293.55,33.32,5,18.18,34.02,83.76,3
2261,325302.9332,1408.84,2,3,451.37,4.96,10,15.97,10.1,91.61,8
2262,387598.4927,1630.18,2,4,513.19,3.33,8,15.92,3.15,97.79,8
2263,96713.65354,1245.47,1,1,521.89,14.01,5,8.89,14.08,98.63,3
2264,299565.611,1240.92,2,3,154.29,60.77,10,92.89,34.28,95.58,6
2265,218338.9366,762.03,1,3,295.05,3.26,3,30.4,31.51,94.82,2
2266,404832.6191,1645.3,1,4,87.61,72.39,7,22.7,4.37,94.86,8
2267,205722.127,550.0,1,1,312.79,82.59,4,39.29,31.48,92.23,4
2268,313416.7277,1406.94,2,3,1166.61,46.11,8,41.97,31.71,89.92,5
2269,490495.3436,780.23,4,3,47.61,48.52,6,37.34,27.49,92.44,6
2270,110864.4095,682.33,3,2,135.8,15.61,8,2.79,9.66,96.32,5
2271,176664.6209,550.0,2,3,407.2,5.16,8,25.47,30.55,93.66,3
2272,183644.5634,991.61,2,3,630.77,26.79,7,3.28,28.1,96.33,3
2273,263236.7492,1255.62,2,3,147.68,1.34,9,78.37,14.22,93.64,6
2274,198667.8465,788.58,2,3,436.11,2.64,9,3.88,16.06,99.9,4
2275,742617.9442,1725.08,4,4,1058.41,4.47,8,24.07,7.61,91.31,9
2276,344345.3157,550.0,4,4,584.5,38.03,6,35.22,25.15,99.3,7
2277,297790.4311,901.11,2,4,914.75,17.68,10,76.07,12.77,99.9,7
2278,206005.8,1154.18,2,3,502.4,24.28,9,37.55,8.15,91.47,6
2279,168483.329,1384.97,1,2,699.9,51.49,9,70.86,21.75,97.7,7
2280,126781.413,579.44,1,2,511.53,43.53,8,46.21,8.27,90.16,4
2281,141305.0162,550.0,3,2,711.91,10.63,3,85.45,34.72,91.49,4
2282,118968.894,629.62,1,4,40.7,41.63,4,101.05,16.54,90.57,2
2284,206800.5647,1331.31,1,4,478.28,29.82,9,69.64,39.17,99.53,5
2285,283822.2283,1289.57,3,3,750.31,18.16,10,54.58,15.02,96.1,7
2286,289809.1616,1590.23,1,3,599.36,22.85,9,5.58,48.58,93.03,4
2287,271239.7578,1017.91,4,2,740.03,9.07,5,51.09,1.42,89.52,3
2288,284128.3875,550.0,4,3,807.34,22.01,5,102.42,2.18,94.56,4
2289,397836.7671,550.0,2,4,781.13,14.52,8,22.8,1.65,94.53,5
2290,164483.0394,768.26,2,2,326.59,46.28,6,35.25,14.54,95.0,2
2291,254413.1466,874.22,1,3,611.22,37.43,7,39.05,19.61,84.23,3
2292,451761.6713,1376.09,2,5,301.07,24.4,7,43.79,23.46,99.9,7
2293,372135.818,816.3,2,3,377.18,41.32,7,32.95,15.15,90.71,6
2294,251684.8424,1077.59,2,2,427.32,26.13,8,58.12,2.59,99.54,5
2295,188820.579,637.9,2,2,341.58,3.82,5,24.58,23.91,94.01,6
2296,168627.5022,550.0,4,2,392.24,29.4,8,34.61,9.04,99.9,4
2297,192402.0638,1055.93,1,3,629.66,2.53,8,86.55,25.5,99.9,3
2298,489752.3503,1170.91,2,3,368.51,22.73,5,3.38,16.55,95.91,7
2299,312273.7125,666.52,1,5,773.56,47.59,5,52.71,9.19,99.76,4
2300,189396.4227,1068.86,2,3,190.67,10.09,7,23.14,14.36,96.08,3
2301,626317.161,760.03,4,5,591.83,0.98,8,57.29,13.43,86.52,4
2302,114167.367,816.02,2,1,454.62,36.51,7,1.52,25.91,96.23,4
2303,194319.3127,1059.87,2,2,839.43,16.47,5,42.99,22.79,86.82,4
2304,592175.603,1535.36,3,4,331.35,19.7,9,41.53,14.79,97.79,7
2305,131658.3237,680.92,3,1,551.7,9.63,7,16.79,2.8,85.17,4
2306,237834.0921,550.0,4,2,782.82,43.09,7,42.4,30.73,96.2,3
2307,376348.1229,1540.65,3,2,637.56,20.01,8,30.64,7.93,94.05,8
2308,210535.6385,1089.42,1,3,231.1,38.1,7,23.52,13.56,98.39,2
2309,259757.602,1316.69,2,4,765.96,36.08,5,78.5,17.24,94.47,5
2310,189728.5889,662.87,1,3,193.62,61.7,7,94.33,36.19,96.87,5
2311,270654.4502,1791.91,2,3,552.15,44.82,9,72.22,18.3,98.96,7
2312,413029.4084,1463.97,2,4,244.47,18.82,8,48.42,13.95,92.28,3
2313,652006.0813,550.0,3,5,424.1,25.76,6,73.57,0.21,99.9,7
2314,188772.5549,995.06,1,3,131.62,20.97,7,21.68,14.02,93.63,4
2315,148845.0637,647.66,3,2,367.76,4.44,9,19.34,19.02,98.24,4
2316,156453.1818,550.0,1,2,525.01,22.64,6,16.43,32.07,88.78,2
2317,272577.9414,1244.03,2,3,711.89,32.26,8,43.9,11.44,91.67,6
2318,455562.132,1255.38,3,4,482.12,54.16,9,19.94,3.53,93.38,7
2319,205986.8246,550.0,2,3,425.85,30.44,7,36.69,7.08,97.07,6
2320,380750.5958,550.0,2,2,446.16,10.26,5,10.29,3.38,91.27,5
2321,251945.1802,1194.06,2,3,445.96,31.81,10,89.52,3.6,88.48,6
2322,191893.9135,1063.59,2,2,881.56,49.17,5,62.61,16.56,88.84,6
2323,561089.7191,1225.4,3,3,914.01,13.38,6,8.14,1.76,99.9,7
2324,284543.7516,1644.05,3,2,773.41,38.59,6,37.46,0.33,94.86,5
2325,401983.7276,1687.01,4,3,48.68,38.76,9,79.76,27.18,98.05,9
2326,283605.4848,1076.92,1,2,2.04,28.23,4,82.35,8.37,95.4,5
2327,303853.3608,1646.72,2,3,581.83,41.02,5,62.51,10.11,98.88,4
2328,333958.8451,1770.71,3,3,433.66,20.92,9,7.51,14.28,92.5,5
2329,530379.033,970.36,3,4,688.02,51.9,3,73.54,1.89,90.49,4
2330,704374.5511,1415.72,1,5,886.91,0.54,9,47.91,5.6,89.61,8
2331,504229.4659,1162.89,4,4,324.98,2.07,7,23.05,0.3,91.41,7
2332,547107.722,1964.22,4,3,587.32,29.28,7,4.3,7.01,88.0,9
2333,112202.2475,720.07,2,2,834.12,44.07,5,83.85,19.5,95.8,7
2334,309631.4746,1868.73,2,3,455.84,51.17,6,97.31,3.13,89.24,6
2335,226944.7235,2061.42,1,2,570.44,0.75,9,74.53,10.03,96.38,6
2336,198341.7797,916.71,1,3,579.87,28.83,4,27.64,8.22,83.99,3
2337,497737.6711,1568.19,2,3,92.9,34.4,7,95.79,19.86,91.8,7
2338,633005.2522,636.25,4,5,571.31,30.16,5,60.34,12.56,87.79,8
2339,476841.0151,1300.92,2,2,604.27,69.29,5,21.26,5.97,88.84,6
2340,340697.6327,1358.99,2,3,346.6,51.8,7,23.07,7.19,89.41,6
2341,184577.109,550.0,2,4,215.85,3.22,8,97.64,13.24,99.9,5
2342,531131.86,1627.88,3,2,715.12,42.88,9,62.93,11.74,99.05,7
2343,107330.1073,859.94,1,1,531.17,27.48,6,54.08,40.04,92.23,3
2345,176432.5786,550.0,1,4,445.88,56.46,6,48.98,40.3,95.47,4
2346,233473.433,1352.46,2,2,298.55,45.73,7,69.87,19.97,99.18,6
2347,486956.4901,1903.45,3,2,312.82,28.74,6,33.87,15.65,93.21,6
2348,437769.4065,550.0,3,4,510.33,20.0,10,13.31,27.0,99.9,6
2349,411081.4324,804.0,3,2,85.31,2.7,6,4.94,3.68,96.17,6
2350,336337.6459,1450.56,2,3,691.7,32.15,8,87.01,11.36,94.15,5
2351,340925.1564,1160.49,3,3,162.88,17.36,8,39.63,7.94,86.06,8
2352,139434.7349,1119.76,2,1,140.58,30.45,7,48.45,38.77,99.9,5
2353,145855.3631,550.0,3,3,626.23,9.3,4,49.72,26.54,94.21,1
2354,320724.4831,636.72,2,3,600.31,56.71,6,14.92,37.87,89.58,2
2355,218158.7308,1063.97,3,2,791.99,13.57,8,129.6,2.95,99.9,4
2356,152316.5163,1159.83,1,2,160.48,9.54,8,31.51,26.36,88.55,6
2357,120950.5722,550.0,2,3,684.24,8.52,2,24.54,6.81,98.1,3
2358,290957.0203,1033.09,2,2,127.95,2.94,4,16.02,0.04,83.58,3
2359,370224.1326,1556.04,4,3,129.86,23.05,8,29.92,10.8,96.14,7
2360,633611.6607,1457.84,5,2,467.27,2.95,8,5.81,9.22,99.9,10
2361,257261.2663,863.89,1,4,768.97,19.11,8,32.37,7.93,88.26,7
2362,249025.7814,1573.38,2,2,948.74,52.98,4,43.49,34.38,97.59,5
2363,422702.956,1634.15,3,2,345.16,22.1,7,24.2,29.34,95.23,7
2364,108832.5773,699.69,3,2,780.82,46.33,7,86.44,5.96,94.07,2
2365,344987.0509,1704.13,1,3,458.03,35.75,8,60.96,4.69,95.19,4
2366,315406.2612,728.9,4,2,522.87,35.02,6,86.95,25.22,90.98,4
2367,402906.3189,730.27,3,3,517.02,35.45,6,117.56,39.82,87.57,6
2368,390128.7501,1708.43,3,3,673.86,35.68,8,85.52,8.14,88.64,6
2369,280964.1246,1078.54,2,4,674.21,35.41,10,17.15,3.12,96.55,6
2371,377279.207,1372.23,2,3,512.42,33.14,8,3.61,28.02,93.35,9
2372,331012.6022,1253.88,1,4,381.02,28.24,5,15.66,18.13,91.55,2
2373,220321.5049,760.77,3,3,179.59,8.09,5,32.81,4.34,86.84,5
2374,176180.2675,550.0,3,2,239.61,35.65,5,4.34,21.98,98.85,6
2375,192100.1045,879.37,1,3,738.28,3.07,10,37.04,18.6,98.33,4
2376,145718.0224,550.0,1,4,859.66,53.61,6,12.94,32.04,94.7,1
2377,503860.9955,550.0,2,5,666.56,18.8,10,27.06,0.4,97.02,6
2378,119291.0091,1067.91,1,2,526.47,24.54,8,131.93,42.67,99.9,6
2379,174698.0105,550.0,3,2,658.16,49.06,4,9.54,14.25,91.23,6
2380,326008.5763,1165.21,1,3,504.28,13.42,8,34.69,26.67,94.97,7
2381,462583.2748,988.52,3,4,347.82,21.94,7,0.83,26.95,95.81,7
2382,364366.9774,1106.25,2,4,12.16,40.24,5,37.55,30.41,87.69,6
2383,98573.58358,1083.05,2,1,710.06,63.97,6,63.52,7.65,80.39,4
2384,100929.1341,550.0,1,2,187.32,39.29,10,33.51,12.31,89.05,6
2385,106683.0052,728.73,1,2,699.78,8.5,6,27.2,3.16,90.23,2
2386,274752.55,1161.97,4,1,777.01,43.2,5,0.09,10.22,91.53,5
2387,393785.1708,1329.39,2,4,14.21,18.95,5,54.14,33.12,97.14,5
2388,504855.9148,1705.16,2,3,322.12,35.25,9,1.83,6.41,93.48,5
2389,379378.2464,1228.67,2,3,255.69,20.08,8,137.5,18.17,91.63,3
2390,219685.3454,961.63,1,3,691.26,23.42,4,43.69,12.8,97.34,4
2391,246079.8052,1231.75,3,1,471.26,32.8,3,105.9,19.48,84.57,7
2392,204147.5704,843.66,3,3,421.13,26.26,9,77.15,37.4,93.71,4
2393,138546.8422,550.0,1,3,526.23,11.2,7,22.15,10.06,90.13,3
2394,427831.505,1011.88,3,5,343.21,66.43,6,37.02,23.36,94.08,4
2395,203231.4107,694.07,3,2,401.92,36.53,8,44.48,36.99,89.81,6
2396,142609.1818,550.0,1,4,914.8,46.21,6,22.75,49.52,96.71,4
2398,206938.7614,550.0,3,4,712.97,47.21,6,79.55,8.86,94.7,4
2399,173670.6252,550.0,2,3,174.0,21.85,6,104.79,33.35,98.81,7
2400,206409.2786,795.24,1,4,540.4,27.48,10,36.06,11.16,99.63,4
2401,403389.7835,1551.59,2,3,221.29,16.56,10,87.02,20.37,99.46,7
2402,139805.9189,550.0,2,1,579.7,17.15,6,47.01,11.84,87.58,5
2403,176455.1209,1001.99,1,2,330.1,46.19,9,51.02,35.5,92.81,5
2404,445814.9881,1688.52,2,1,626.23,23.41,4,60.56,24.68,99.9,5
2405,273717.0881,757.46,3,2,635.6,39.19,6,49.05,6.4,98.07,6
2406,200364.2045,660.33,1,4,482.39,53.07,9,3.26,29.66,99.9,5
2407,194173.556,1327.5,2,4,379.51,35.7,9,1.48,10.82,99.9,5
2408,368724.117,1719.91,1,3,524.54,35.11,6,6.89,10.26,92.33,6
2409,675749.7362,1726.85,2,3,823.07,14.61,5,84.65,4.86,90.95,5
2410,256123.2288,770.2,2,4,443.68,45.32,5,42.78,18.51,91.86,5
2411,221361.2166,550.0,2,2,949.48,2.48,5,49.95,33.72,92.58,5
2412,442287.2356,1183.17,1,4,508.0,36.09,10,77.92,6.84,97.6,6
2413,96440.51245,1228.04,1,1,356.58,55.3,4,88.19,14.73,86.9,3
2414,215180.9302,1096.85,2,3,486.18,52.0,3,113.55,13.98,88.63,2
2415,343331.3822,1327.58,4,4,206.74,34.7,9,41.98,23.68,92.52,6
2416,271846.2022,621.77,2,3,414.8,63.54,5,81.6,33.91,88.38,4
2417,365523.2664,1292.19,2,4,188.66,11.02,6,0.28,16.09,90.6,7
2418,273015.0238,1354.92,3,2,809.67,22.32,5,34.37,4.67,95.18,5
2419,155966.8368,675.65,1,2,335.64,54.64,8,46.06,18.42,96.69,2
2420,363172.6963,687.1,3,3,582.15,20.61,6,17.25,10.41,89.34,3
2421,283743.8872,708.12,1,4,427.97,41.58,8,34.8,6.29,99.9,8
2422,317798.9332,1231.59,2,4,918.28,19.61,10,79.42,14.76,94.1,5
2423,341005.1752,1631.08,2,2,670.06,14.35,9,18.32,7.86,99.9,7
2424,98540.95607,1107.54,1,1,645.26,10.61,5,82.1,14.18,89.27,1
2425,721302.6073,2221.13,2,4,369.58,5.59,10,40.07,4.85,99.9,7
2426,483241.2513,1529.31,3,3,762.56,32.5,6,51.03,11.26,99.9,4
2427,118104.4673,550.0,1,2,744.78,23.32,5,48.56,18.28,92.56,4
2428,409672.2311,801.11,4,4,245.59,15.0,9,93.89,27.18,86.05,8
2429,228390.5602,793.32,1,3,304.51,46.85,9,39.23,24.07,97.7,7
2430,185771.2398,1079.72,1,3,72.21,82.96,4,81.25,29.77,93.24,3
2431,146256.3008,631.07,1,1,639.68,37.98,5,45.25,19.03,91.87,2
2432,397874.7103,1533.97,4,4,521.74,30.03,10,74.67,23.38,94.29,6
2433,265426.7808,860.64,3,4,525.55,7.69,6,49.1,38.03,92.46,4
2434,207601.5597,904.42,1,3,334.34,30.02,5,59.97,20.21,86.83,6
2435,105902.3322,550.0,1,3,251.84,50.61,6,60.57,9.75,92.34,4
2436,190364.4617,550.0,4,4,345.02,37.23,7,52.51,31.66,93.75,3
2437,159804.1684,639.55,1,3,347.38,34.76,4,77.74,16.65,91.4,4
2438,280106.8147,1434.14,1,2,302.18,38.27,5,9.21,23.57,90.99,5
2439,354322.8696,1771.08,4,2,554.14,38.15,8,46.36,17.95,96.33,8
2440,317286.8387,876.47,1,3,506.68,43.73,4,73.26,5.1,85.25,3
2441,462670.0166,964.34,2,4,838.74,13.41,7,10.33,10.05,94.03,8
2442,294640.9241,1834.29,2,4,436.26,16.0,8,18.69,15.82,99.9,8
2443,687739.1966,1300.81,3,4,1173.01,3.26,9,121.61,23.36,90.91,6
2444,134264.7762,550.0,2,2,677.43,48.18,4,80.47,32.35,91.12,2
2445,250365.5653,789.29,3,1,21.86,40.62,5,125.7,47.92,93.86,6
2446,198442.2318,1242.05,3,1,515.67,52.13,8,81.49,12.72,90.69,6
2447,323014.2672,656.42,3,2,332.7,15.0,6,23.59,2.41,99.9,6
2448,410816.4987,1877.32,1,4,419.72,33.74,8,7.47,18.95,86.71,4
2449,125356.8514,550.0,3,2,713.06,65.56,4,51.39,10.6,97.76,4
2450,434618.9425,1558.03,2,2,572.2,3.78,7,29.37,29.67,99.9,6
2451,348646.5274,727.67,1,5,487.09,41.64,6,9.55,8.94,98.65,5
2452,223723.5155,680.49,2,2,568.21,24.67,10,71.73,0.43,89.1,5
2453,513018.4992,1551.81,2,3,171.86,23.05,8,10.07,11.65,90.13,2
2454,167211.8767,869.17,3,1,46.42,7.62,6,63.39,32.38,95.72,4
2455,122833.9709,739.23,2,3,583.95,38.27,7,46.92,31.78,93.8,5
2456,216027.484,950.3,2,3,668.11,5.14,4,103.62,15.61,97.38,3
2457,383782.12,772.35,2,3,1015.04,9.02,8,5.79,3.1,94.86,5
2458,107551.5454,550.0,3,3,762.56,41.02,7,104.51,43.62,88.6,1
2459,261593.4921,550.0,2,3,196.21,30.02,4,4.38,13.8,87.73,7
2460,204136.2372,842.88,3,3,448.5,4.54,5,127.47,18.28,91.26,3
2461,361173.5942,1115.03,3,3,662.48,34.01,6,10.23,6.12,99.9,4
2462,196234.218,1423.83,2,1,62.69,35.01,6,64.17,28.83,97.52,3
2463,164053.6481,824.59,2,3,120.83,24.56,7,87.15,9.38,87.69,4
2464,212750.9135,1492.61,2,3,544.93,25.74,7,57.18,21.06,94.44,4
2465,128708.696,1046.69,1,2,295.67,38.9,7,68.29,13.83,84.96,1
2466,203789.1138,550.0,2,3,274.94,36.12,6,45.06,0.59,97.96,3
2467,396939.7508,1363.97,3,2,504.83,54.68,9,4.1,17.74,95.69,7
2468,148126.1958,983.26,1,2,206.33,24.37,5,50.91,31.04,94.04,7
2469,235796.2815,632.84,1,4,676.1,35.64,8,19.53,20.04,92.7,4
2470,472529.7265,1403.77,2,3,129.39,24.71,6,3.47,4.21,87.01,2
2471,426660.6039,842.83,2,5,470.72,3.32,8,20.9,17.48,96.68,5
2472,244504.4305,1055.65,2,1,592.62,10.01,7,33.73,28.99,96.72,3
2473,383024.0157,1569.31,3,3,1037.97,14.37,5,84.33,6.04,99.02,4
2474,221652.5832,556.8,1,3,963.36,13.49,8,35.93,14.03,96.3,5
2475,712252.1894,1080.83,3,3,779.97,78.38,5,34.1,13.19,99.9,6
2476,190524.11,864.67,4,2,893.85,50.87,6,40.38,18.33,99.9,4
2477,324048.5151,774.9,1,4,609.13,26.26,7,45.2,47.08,95.92,7
2479,306771.0113,1351.0,2,4,40.8,60.26,7,44.75,8.75,97.39,8
2480,113820.1259,550.0,1,3,312.08,27.16,6,11.6,52.42,99.26,4
2481,162320.7656,999.91,1,3,544.9,33.14,5,121.28,25.28,94.85,4
2482,150205.808,930.22,1,2,347.87,30.8,6,35.68,43.49,98.36,3
2483,494415.0555,1561.56,2,4,525.49,31.4,6,22.18,20.35,98.69,4
2484,190662.9313,747.84,2,2,692.21,39.76,3,114.59,47.56,82.72,2
2485,244039.7009,964.44,1,4,773.84,35.86,4,69.07,6.45,87.64,5
2486,178009.8491,1052.32,1,2,590.87,28.25,6,71.14,2.73,87.37,4
2487,271855.1818,1568.42,1,2,658.36,2.82,9,102.5,17.15,98.17,7
2488,479621.8666,1303.74,3,4,119.26,6.59,10,10.86,5.02,88.59,5
2489,668295.4842,1835.01,2,3,842.08,33.75,7,40.01,36.46,95.01,5
2490,347770.319,753.72,3,3,164.54,21.25,9,41.83,7.48,87.58,8
2491,109291.8156,550.0,2,2,96.68,65.39,7,80.46,2.39,93.12,2
2492,720948.6752,2170.86,4,6,929.36,0.92,10,30.47,1.79,94.86,8
2493,263369.584,550.0,2,3,398.35,9.77,9,59.07,8.78,95.27,4
2494,102478.8996,550.0,3,2,885.44,20.75,8,9.04,26.83,93.05,7
2496,281735.2741,637.46,3,3,301.25,39.37,10,25.37,2.28,96.53,5
2497,348533.4625,1021.58,4,3,568.03,39.76,9,41.01,25.35,90.09,5
2498,112541.3418,573.23,3,2,111.84,60.39,7,60.67,30.56,99.9,4
2499,153165.0037,725.59,1,3,927.04,10.32,7,4.09,37.36,92.48,3
2500,254639.4274,1350.43,2,3,717.58,0.68,7,79.91,7.76,91.63,5
2501,104702.2639,550.0,2,2,225.57,46.01,5,83.14,13.07,96.21,2
2502,560800.3538,1201.17,2,4,533.44,25.32,8,102.24,22.76,92.05,6
2503,377964.1922,550.0,4,3,115.61,55.8,7,62.53,20.59,94.59,7
2504,115898.4252,1038.87,1,2,58.41,62.24,3,35.24,43.42,85.03,5
2505,371840.909,1554.09,3,4,120.13,23.59,7,25.24,5.5,93.81,8
2506,263783.8958,991.12,3,4,337.75,14.97,6,59.7,36.56,84.24,5
2508,401829.2799,707.14,3,4,424.38,0.62,8,7.86,1.78,93.56,5
2509,365013.7557,1672.14,1,3,249.43,35.72,8,17.9,23.98,95.06,4
2510,374368.3765,550.0,2,5,267.23,27.71,8,54.0,18.65,97.25,6
2511,109834.0198,834.66,1,2,422.04,31.59,7,86.36,12.31,99.9,6
2512,268381.7089,550.0,2,4,1160.63,10.75,9,16.87,25.09,96.82,5
2513,244009.9532,1178.57,3,2,366.6,56.68,8,96.47,17.77,91.28,5
2514,467746.1389,1207.69,2,4,782.23,56.71,8,51.99,0.17,98.26,4
2515,158795.2187,550.0,1,4,699.72,44.59,6,122.46,23.47,86.34,3
2516,336706.1569,1146.1,3,4,372.7,9.97,10,33.8,6.75,96.35,7
2517,152757.5791,550.0,1,3,293.15,22.66,7,94.31,42.5,92.68,6
2518,520564.0123,1478.31,3,3,384.55,28.23,9,74.89,8.07,88.83,7
2519,295526.5491,1658.09,2,2,1082.73,25.08,7,50.07,10.62,93.34,6
2520,423648.7103,1421.77,3,3,493.6,16.97,9,123.83,11.23,99.9,4
2522,94483.75069,550.0,2,2,307.65,7.86,6,77.08,10.05,97.98,5
2523,139945.8921,550.0,1,2,176.41,43.13,7,42.89,30.68,93.5,2
2524,464400.5953,1392.18,1,4,608.2,52.33,9,4.04,1.95,89.92,6
2525,646806.3598,1797.71,4,2,517.93,40.12,9,16.94,25.35,97.42,6
2526,305321.266,1199.97,1,3,736.36,49.02,8,64.19,0.76,99.12,5
2527,195540.0416,1950.12,1,1,779.68,53.97,9,25.09,11.14,92.74,6
2528,221980.481,584.56,1,4,675.47,49.66,5,54.63,0.27,93.26,6
2529,548708.0646,1313.05,2,5,789.87,30.11,10,49.79,8.0,99.53,7
2530,247500.2352,1504.65,4,1,699.89,54.47,9,52.02,11.65,99.0,6
2531,597377.9812,1447.61,4,4,986.6,57.51,7,111.62,8.25,92.04,4
2533,658930.854,2046.36,3,3,804.37,76.28,8,68.67,8.7,95.09,7
2534,201442.1326,999.91,2,3,664.88,19.29,8,40.81,0.47,99.9,6
2535,251297.1141,1417.6,2,2,368.56,40.21,6,29.63,1.1,96.22,4
2536,294658.1949,1356.4,2,4,261.49,74.07,7,45.93,35.28,93.77,7
2538,335873.3856,1219.17,3,4,635.43,3.8,8,74.06,15.09,94.42,6
2539,339088.6206,682.53,3,3,873.23,37.13,8,48.83,13.8,96.48,7
2540,256951.685,850.9,2,2,166.22,6.79,6,33.24,36.58,98.72,3
2541,222127.8787,1014.24,2,3,812.13,24.35,8,137.59,29.73,99.9,3
2542,208805.3098,1496.1,1,2,759.92,4.99,6,104.36,11.38,99.0,6
2543,160035.8175,1092.71,2,1,576.81,52.48,4,98.29,13.52,95.3,3
2544,111788.6598,739.26,1,2,373.41,20.04,3,83.29,19.8,91.72,2
2545,151561.3852,700.38,1,2,563.56,28.13,6,116.62,12.74,99.9,7
2546,201849.2072,1100.88,1,3,388.99,37.59,7,0.52,24.68,92.86,4
2547,262980.2794,720.92,3,2,713.3,47.08,6,110.21,17.24,88.9,5
2548,278877.4063,550.0,1,1,323.63,15.24,3,92.76,7.05,92.96,2
2549,150194.7528,790.88,3,2,751.02,18.97,10,34.99,28.69,99.9,6
2550,201083.057,920.33,1,4,1027.77,42.05,8,31.85,49.89,88.62,1
2551,394191.4072,1040.56,1,3,81.47,8.89,10,32.37,12.19,99.9,9
2552,127451.1909,599.91,2,1,554.94,67.95,7,46.38,15.9,98.01,6
2553,253476.2673,1648.37,3,2,46.28,34.6,8,21.08,2.79,84.22,5
2554,206009.2135,923.29,2,3,449.7,66.34,5,56.78,12.94,90.34,5
2555,261391.6292,550.0,1,2,680.1,56.39,4,37.3,51.01,90.54,2
2556,401205.3247,1418.41,2,3,883.36,35.01,5,35.32,20.71,91.19,1
2557,288465.6413,774.77,1,4,314.94,2.14,10,20.7,10.06,93.34,6
2558,242606.8395,1010.1,2,4,236.34,40.86,6,21.82,25.7,89.56,6
2559,745956.6345,1835.22,1,4,110.04,9.53,10,9.0,10.15,91.18,8
2560,283448.6809,1393.08,3,4,608.97,2.17,8,100.78,24.21,98.89,7
2561,541159.5156,550.0,2,5,116.38,18.99,8,84.7,0.15,87.68,3
2562,323049.1251,550.0,1,1,466.04,43.48,5,57.11,24.94,92.81,1
2563,180340.2414,550.0,2,1,960.96,46.99,3,81.66,32.42,92.64,3
2564,232294.7133,2013.34,2,2,634.88,26.82,7,101.36,37.07,90.25,3
2565,601020.8428,840.32,3,3,263.42,0.66,6,2.04,6.78,99.9,7
2566,102298.3893,550.0,1,1,655.02,40.78,5,4.37,6.6,92.35,4
2567,524952.7752,1290.48,1,4,436.65,10.65,10,30.57,9.48,96.67,7
2568,413974.069,550.0,4,4,818.08,1.83,7,109.91,25.82,98.78,8
2569,162605.8875,690.37,1,1,685.37,8.53,5,117.74,22.2,96.37,3
2570,326000.9774,1491.94,3,2,417.7,52.34,6,31.86,37.18,86.79,5
2571,181325.5549,550.0,2,4,2.21,35.82,7,49.04,35.06,99.9,3
2572,301884.9593,855.57,2,4,628.18,20.32,7,90.0,15.39,99.9,5
2573,336931.2384,550.0,2,5,620.77,3.96,6,71.96,7.71,99.9,5
2574,622546.9995,1314.28,5,4,959.01,20.57,9,24.91,33.99,98.67,9
2575,738479.0872,2080.79,3,3,670.35,5.92,10,41.65,52.51,99.14,8
2576,479896.9346,1292.24,5,4,456.37,34.81,9,15.27,2.56,93.15,8
2577,124139.6177,687.49,3,1,79.42,18.56,7,40.11,13.11,85.92,5
2579,302975.6561,975.2,3,3,505.11,16.78,7,7.75,23.13,92.96,6
2580,317480.6157,1008.86,3,2,155.25,18.86,6,29.42,24.26,97.94,5
2581,401135.7425,1050.07,2,4,351.05,66.52,9,12.23,22.58,96.92,8
2582,317209.8854,995.87,3,3,108.22,39.62,7,7.32,24.54,94.75,4
2583,299562.5482,715.39,1,3,398.03,59.49,8,57.11,51.46,99.9,3
2584,191999.5385,1004.32,3,2,493.74,50.91,7,72.78,25.3,91.29,3
2585,125222.8788,550.0,2,1,720.12,46.22,3,11.78,7.91,84.62,3
2586,736758.1445,1102.93,4,4,976.97,36.55,9,50.69,8.77,99.9,6
2588,528618.8707,1112.56,1,3,915.48,47.96,4,2.15,33.08,93.7,5
2589,645131.9324,2233.04,3,3,603.29,10.99,10,67.79,5.5,99.9,5
2590,244824.7969,1360.15,3,2,301.75,26.9,7,21.62,11.47,91.24,5
2591,204414.5727,862.32,4,1,224.59,0.17,6,13.28,38.71,94.91,3
2592,344047.9713,550.0,1,2,818.94,69.62,5,13.36,13.56,96.94,3
2593,180729.6457,714.11,1,3,461.22,63.03,4,115.88,12.01,85.92,2
2594,321821.2618,1186.8,4,5,800.46,49.64,10,91.88,6.16,93.95,4
2595,171144.9269,679.22,2,3,804.42,34.8,4,39.2,27.36,94.98,3
2596,304321.73,1325.42,1,3,461.52,33.44,8,22.76,22.0,95.63,3
2597,165482.0594,1648.57,1,1,731.02,13.05,7,19.15,15.39,92.84,7
2598,377492.2962,1225.84,2,2,362.58,13.08,9,54.46,21.8,91.71,6
2599,182376.0913,777.03,1,2,434.55,19.61,7,48.98,29.88,95.83,5
2600,574448.2788,1165.23,4,4,494.61,36.77,10,29.1,17.26,99.9,6
2601,429835.6126,1082.47,4,5,428.3,3.82,10,4.91,0.14,97.6,9
2602,351781.2559,736.85,5,1,767.81,21.38,7,62.36,16.72,93.05,4
2603,507713.0163,550.0,2,5,449.56,2.26,10,44.63,19.49,99.9,8
2604,445000.4992,889.12,4,3,682.57,20.27,7,12.41,19.68,92.18,7
2605,211071.0095,550.0,4,2,551.59,11.88,8,6.17,22.57,84.03,5
2606,226476.069,602.49,1,2,489.82,19.38,8,27.12,28.91,99.9,3
2607,572351.0022,1262.21,2,5,763.11,24.68,7,3.44,3.17,90.29,3
2608,400961.5153,1140.21,3,4,964.32,11.2,7,40.99,6.79,90.45,5
2609,212058.1,1536.77,1,3,1005.53,28.63,9,38.92,31.67,89.09,5
2610,309475.7389,550.0,3,4,922.02,56.39,6,16.53,4.51,85.38,4
2611,301226.0367,1007.39,3,2,454.78,5.77,8,14.3,3.85,97.89,3
2612,173003.994,650.11,2,3,289.51,54.51,6,59.94,10.25,91.52,5
2613,142731.7022,550.0,1,3,354.48,23.42,5,28.99,23.38,93.59,2
2614,757606.1064,927.68,3,5,542.23,38.64,8,60.05,15.72,95.36,5
2615,539724.7337,1285.87,3,4,510.23,38.81,8,4.55,23.0,95.45,4
2616,259072.1918,572.97,1,4,414.17,30.54,8,26.68,35.6,93.1,4
2617,272776.072,939.03,1,4,300.77,50.24,9,76.76,27.9,98.3,7
2618,293761.1775,1005.51,2,2,472.01,3.25,6,16.04,13.84,94.43,4
2619,105223.5852,550.0,2,2,62.64,63.69,4,63.64,27.59,82.41,2
2620,405318.1143,1200.48,1,4,626.2,25.45,10,51.72,6.59,90.58,9
2621,301583.5697,550.0,4,2,604.98,13.7,10,34.6,12.31,99.34,9
2622,373346.7227,1385.27,3,4,659.49,29.36,7,28.24,17.41,99.9,4
2623,182267.2939,1058.53,1,2,661.31,36.62,10,40.34,6.39,91.72,3
2624,257858.5181,1621.94,3,2,876.87,34.41,6,56.36,3.46,89.23,7
2625,361719.9913,814.22,2,3,956.76,4.04,10,8.55,7.13,99.79,6
2626,457562.5261,1761.42,2,5,1312.51,34.64,8,35.88,26.83,94.67,8
2627,461615.7067,806.9,4,3,364.67,47.38,7,21.13,17.57,92.67,7
2628,475149.7195,1004.72,3,5,263.69,18.06,6,25.98,4.14,89.61,8
2629,138602.8269,625.88,1,2,314.46,27.68,8,52.93,0.43,92.48,4
2630,347992.3326,1374.36,2,3,154.9,36.29,6,3.14,2.85,94.71,8
2631,334305.8683,998.35,1,2,633.07,6.78,6,57.18,32.4,89.86,6
2632,189457.1494,712.07,1,1,682.1,40.81,3,69.29,20.17,86.59,1
2633,416916.7072,1707.82,3,3,885.45,15.85,8,34.22,12.91,96.73,6
2634,651993.5077,1363.54,3,5,229.35,37.92,8,55.7,11.04,95.3,5
2635,254493.4606,1115.97,2,5,443.06,20.35,7,48.01,28.38,93.12,4
2636,223958.261,550.0,2,3,310.37,33.49,5,49.59,18.33,99.9,3
2637,115547.1564,550.0,2,2,90.87,26.54,5,26.72,10.95,99.26,5
2638,502542.4192,1312.76,4,3,814.86,5.97,8,43.85,4.17,99.9,7
2640,93244.66967,550.0,1,2,468.55,4.29,7,15.24,38.54,91.28,4
2641,267004.1506,655.08,2,3,1017.17,28.09,2,76.75,23.39,93.49,2
2642,312897.756,1172.45,2,3,618.91,36.21,7,54.43,10.66,96.68,6
2643,204012.1474,1045.17,1,3,634.2,39.27,7,21.77,9.17,85.74,3
2644,150480.8039,663.49,2,2,455.37,16.97,5,66.77,27.23,98.3,4
2645,260559.2202,1576.36,1,2,550.96,8.18,8,103.76,5.93,99.01,6
2646,342763.2987,1345.29,2,4,1189.16,46.43,10,64.55,24.45,95.33,7
2647,431395.731,849.96,2,3,504.5,46.83,8,13.43,23.31,95.97,5
2648,481639.5277,1291.47,2,4,66.02,20.22,6,57.63,25.53,88.07,3
2649,270706.3769,1199.7,3,3,535.35,26.76,6,47.53,7.41,87.63,5
2650,283593.8331,1485.68,3,4,621.68,30.01,10,62.91,12.79,97.32,6
2651,270524.0295,727.07,3,2,590.45,16.43,7,25.67,24.85,97.96,8
2652,465816.6986,1417.61,2,3,91.86,25.98,9,97.97,8.72,89.59,4
2653,331247.0143,1441.86,1,3,864.27,40.12,8,63.92,15.05,97.8,6
2654,114524.9105,550.0,1,2,26.76,20.67,6,64.53,33.09,98.16,2
2655,690817.5719,1507.66,5,4,6.65,43.4,9,0.84,5.73,95.07,7
2656,630994.2869,1654.51,3,3,607.02,45.26,7,33.34,30.95,93.86,5
2657,454868.9924,1426.81,2,2,573.88,56.06,8,0.84,6.24,99.48,5
2658,193712.9455,1103.23,2,2,158.94,32.79,6,46.14,14.39,94.99,5
2659,157786.9365,689.33,3,2,710.52,32.73,5,67.73,24.27,92.5,6
2660,504143.4412,1508.17,3,2,550.37,11.22,7,46.01,11.28,97.25,8
2661,150330.041,1137.38,1,2,353.43,66.78,4,95.65,28.37,92.32,1
2662,175804.0395,550.0,1,4,345.76,28.49,10,22.6,32.8,84.97,4
2663,261979.9442,918.9,1,3,403.11,48.74,5,68.8,26.56,82.09,4
2664,387022.6954,1015.9,3,4,512.55,70.59,7,31.45,10.22,89.55,7
2665,303131.7829,838.01,2,3,528.53,39.56,9,3.25,9.94,93.58,5
2666,331226.1443,1067.87,2,3,217.9,47.16,7,24.71,25.61,99.9,4
2667,214175.3206,1098.04,1,3,734.54,31.86,8,52.24,2.07,91.29,2
2668,116804.9555,550.0,2,4,0.84,3.85,7,49.99,40.14,88.13,3
2669,303351.4472,1146.65,2,4,819.96,63.77,6,17.55,25.19,85.4,7
2670,344017.9281,1287.98,2,3,519.49,27.01,8,5.64,3.9,99.9,4
2671,228408.6537,1190.73,1,2,538.72,29.41,6,0.57,12.51,99.85,7
2672,483124.0778,958.49,5,5,484.08,31.51,10,45.18,19.78,98.96,8
2675,415232.6716,877.32,3,4,784.49,4.2,7,21.77,11.34,94.28,5
2677,592114.7018,1158.05,5,5,173.55,34.8,8,36.28,10.6,93.53,7
2678,201588.9212,550.0,2,4,118.39,40.76,7,39.43,19.43,95.96,4
2679,285677.2102,696.62,1,3,675.25,40.39,5,3.5,17.66,97.48,4
2680,187676.757,734.27,3,2,162.63,59.12,4,16.96,20.45,96.05,3
2681,543530.4933,2117.97,3,3,595.72,32.06,6,64.1,7.86,95.78,5
2682,468255.0969,1750.73,2,3,682.49,26.27,9,48.23,4.87,93.35,6
2683,255525.2587,1074.67,2,3,779.04,20.57,8,49.21,0.23,90.12,4
2684,248188.2014,550.0,1,4,189.29,10.67,6,77.62,7.42,87.8,6
2685,332640.5204,981.69,3,2,519.5,27.1,9,94.85,6.18,98.63,8
2686,157550.5442,849.06,1,2,31.41,46.06,6,47.77,2.22,87.56,5
2687,497794.5131,1411.82,1,3,805.63,53.04,9,19.78,7.49,89.49,3
2688,196117.0289,588.25,2,3,253.35,4.08,7,56.31,9.54,90.48,4
2689,187035.2859,1233.61,1,3,871.0,28.97,7,60.94,40.73,94.55,3
2690,202973.6518,1173.33,1,2,528.74,9.73,6,22.25,3.03,89.81,4
2691,548095.1998,1189.28,2,4,189.52,21.64,9,49.63,5.55,97.73,6
2692,316639.2276,708.42,3,3,318.42,47.05,7,12.94,18.67,98.52,4
2693,203826.3253,646.73,1,3,213.15,34.81,7,19.34,38.04,88.3,6
2694,155927.1016,550.0,1,3,201.22,52.54,5,81.68,19.79,89.04,1
2695,215961.4266,550.0,2,4,485.29,26.61,9,12.96,14.54,87.12,6
2696,172292.0926,635.14,1,2,348.47,34.49,8,4.91,23.88,96.15,6
2697,246222.2364,911.59,1,2,289.95,15.46,5,69.3,2.57,85.69,3
2698,144090.8028,550.0,3,2,299.09,64.47,6,4.7,14.51,99.9,5
2699,299895.4757,1410.81,2,2,373.51,7.18,8,63.51,0.19,94.5,6
2700,270014.2551,909.16,4,4,707.07,44.32,7,40.09,25.92,83.2,4
2701,267429.0804,840.12,2,3,1152.0,2.29,8,8.19,25.36,99.87,4
2702,389326.1707,1484.56,2,2,393.27,8.45,7,76.69,12.25,93.59,4
2703,233132.906,1044.95,2,3,1041.04,44.45,10,17.26,14.58,98.07,7
2704,204444.2675,550.0,2,2,710.52,43.63,5,67.01,27.19,85.83,1
2705,421852.2768,1584.58,3,5,536.1,15.3,7,18.74,3.11,86.05,6
2706,96972.44843,550.0,1,3,365.58,0.61,5,53.64,27.4,97.92,4
2707,296401.8311,698.85,3,4,442.14,58.23,7,54.88,23.78,92.62,7
2708,220143.6872,1335.59,2,2,566.17,36.23,9,5.54,31.97,97.01,5
2709,674874.6858,1420.97,3,3,888.93,47.68,9,28.61,9.92,89.75,10
2710,239730.0695,1403.92,2,3,689.47,17.79,9,11.29,3.18,94.38,7
2711,190205.9094,822.88,3,1,99.71,57.6,8,20.16,12.25,90.68,5
2712,244632.1739,550.0,1,3,343.13,14.55,5,116.43,29.31,93.82,5
2713,249963.3173,870.2,1,3,287.22,37.28,6,104.82,25.96,92.34,7
2714,194669.4038,550.0,2,3,477.22,61.35,5,53.4,17.55,94.43,5
2715,256568.1022,1139.35,1,3,237.25,69.01,2,29.59,3.13,95.93,2
2716,256372.5145,902.24,2,4,350.81,43.67,7,42.79,12.37,92.75,5
2717,225568.9205,586.83,4,3,479.31,9.61,5,68.5,11.63,96.87,5
2718,208855.8316,1060.69,3,2,383.62,65.99,9,24.69,8.8,85.0,3
2719,523778.007,1443.95,4,5,855.02,48.82,10,83.55,34.74,85.34,7
2720,238164.0926,742.88,4,2,167.55,8.13,8,59.97,6.93,93.73,7
2721,309724.8098,1432.99,3,3,292.24,3.2,10,42.01,3.46,99.34,7
2722,343211.2567,695.85,3,3,1058.78,22.0,7,23.15,5.18,98.97,6
2723,181878.1121,803.66,1,3,483.69,37.51,9,8.61,30.32,94.43,8
2724,153088.6481,796.16,1,2,319.94,62.82,6,15.28,31.1,92.65,4
2725,323956.1211,1067.19,3,3,186.29,53.0,4,43.61,9.85,98.48,4
2726,306739.1784,1857.6,1,2,451.37,37.19,5,18.55,27.19,97.58,3
2727,146907.4989,837.14,1,2,591.95,37.98,5,27.55,33.47,94.23,3
2728,655655.4963,1410.69,3,4,798.17,30.22,9,101.07,36.15,93.5,7
2729,140764.7725,550.0,1,2,250.61,62.52,5,33.42,22.33,92.67,4
2730,306219.2514,769.33,2,2,294.5,58.99,6,26.16,29.32,96.28,5
2731,364331.1886,1633.79,3,3,507.09,9.67,8,49.99,6.88,99.9,8
2732,330874.5842,707.95,4,2,1040.66,10.21,10,15.09,43.84,99.9,6
2733,165098.0202,1577.81,1,2,618.09,1.42,8,68.83,1.4,94.1,4
2734,314074.2013,984.21,3,3,120.1,49.07,6,81.28,33.98,90.17,3
2736,212646.0281,1241.82,1,3,352.69,23.26,6,104.92,8.72,95.16,8
2737,334113.5332,550.0,2,3,339.7,5.16,8,3.79,9.4,92.72,8
2738,314011.1561,1574.12,1,3,342.59,11.23,9,29.54,10.12,99.9,9
2739,178507.514,1373.52,1,2,243.99,40.27,7,37.42,16.62,90.89,5
2740,633745.5071,1992.7,4,4,761.17,40.6,8,30.25,15.69,93.29,9
2741,173949.9365,1332.33,1,2,712.34,30.33,5,18.47,3.48,95.2,3
2742,252241.3202,550.0,3,2,1114.88,28.43,4,36.54,20.45,96.13,3
2743,119789.4769,550.0,1,4,47.13,52.34,6,6.51,3.06,87.83,3
2744,358206.1419,1230.8,3,2,808.78,31.3,4,44.78,13.14,89.02,4
2745,415698.1237,869.91,1,4,99.09,7.45,9,60.35,28.28,98.79,3
2746,354727.908,1471.13,2,4,516.65,27.6,10,26.46,6.22,89.99,6
2747,174607.7591,550.0,3,3,402.61,63.25,5,119.05,37.86,93.91,4
2748,328886.6243,1522.4,2,3,247.56,13.5,9,26.49,20.21,98.15,7
2749,170641.265,1578.36,2,2,25.03,68.22,6,66.93,0.38,88.98,7
2750,358135.5706,1150.13,3,2,112.35,5.1,4,56.49,9.46,99.9,3
2751,386431.0385,805.83,3,4,102.44,32.2,9,0.5,19.11,96.6,7
2752,386724.8723,1084.97,4,2,730.03,58.38,6,61.15,26.1,94.97,6
2754,117803.0106,579.94,1,3,218.13,34.63,7,13.91,19.74,94.2,2
2755,255488.3252,1313.46,2,3,437.19,29.65,9,26.6,3.18,90.04,6
2756,680753.3382,1652.65,3,3,876.22,55.78,8,80.3,1.24,80.61,6
2757,194777.6616,550.0,2,3,422.57,31.04,8,70.56,17.48,92.86,5
2759,348528.6559,816.72,1,4,713.46,18.06,7,26.89,9.37,90.24,7
2760,305869.2898,2027.73,2,4,468.29,0.98,7,46.27,30.58,90.72,5
2761,397238.4498,1653.32,2,3,294.97,52.73,8,61.87,22.17,90.55,5
2762,532866.3387,930.27,3,6,662.21,24.97,8,37.75,19.37,99.9,7
2763,376634.7659,550.0,2,4,445.65,22.81,7,42.79,8.33,95.27,3
2764,174330.6463,1236.71,1,2,1065.99,57.0,6,81.64,17.56,91.71,7
2765,257123.6481,550.0,2,1,1047.11,44.9,5,11.89,30.43,96.61,1
2766,106891.317,937.62,1,2,860.75,41.36,7,68.24,27.95,96.29,3
2767,460878.5145,826.87,3,4,578.59,1.75,7,16.14,31.39,96.75,5
2768,222574.6101,550.0,2,4,671.15,48.57,9,72.3,9.48,92.49,3
2769,163205.7631,839.39,1,3,426.97,25.97,6,67.81,28.17,94.49,4
2770,138736.0991,1182.5,1,2,456.78,35.23,5,39.73,31.3,95.51,1
2771,726744.0329,1878.22,5,5,697.57,4.85,10,62.37,9.44,94.03,8
2772,654180.6485,1460.44,3,4,169.38,35.64,10,61.51,2.86,89.93,9
2773,229519.262,1509.02,1,5,197.52,15.76,8,5.73,9.82,96.17,2
2774,196839.3153,583.36,1,3,594.34,24.75,5,17.71,24.1,92.64,2
2775,99325.70034,796.75,2,1,490.35,61.69,5,49.0,2.66,88.45,4
2776,449874.4741,1381.99,3,4,401.84,58.52,5,18.78,19.93,88.59,7
2777,450706.0897,1035.3,4,4,501.63,49.55,8,25.39,21.03,91.68,4
2778,429260.2981,1260.05,4,3,833.29,30.0,7,50.32,35.26,90.47,5
2779,176736.1332,676.7,1,3,794.02,28.51,5,14.22,23.98,97.37,7
2780,351914.018,1520.43,3,4,659.84,37.87,6,19.06,18.03,99.9,7
2781,184345.9638,955.54,1,3,499.79,30.07,5,10.83,12.74,88.35,4
2782,260356.7383,1139.91,1,2,256.02,20.86,7,106.9,29.96,93.6,5
2783,228686.6121,1176.33,3,1,574.0,6.05,6,12.52,13.88,87.44,6
2784,266952.8137,550.0,1,5,643.85,9.24,5,61.05,2.72,95.47,6
2785,234979.2686,1581.77,2,3,847.84,22.96,9,38.8,19.05,96.94,7
2786,365678.5358,770.63,3,4,646.07,29.63,8,21.15,19.75,92.74,7
2787,106958.5657,668.91,2,2,701.99,30.27,6,43.74,31.11,99.9,3
2788,448702.2285,1010.79,3,2,387.45,23.3,10,84.68,16.65,94.29,6
2789,178847.5692,905.66,1,2,1061.04,29.67,7,70.01,16.1,99.9,5
2790,312188.8318,550.0,3,3,27.0,2.59,6,11.67,2.95,99.9,6
2791,325744.8575,550.0,3,3,416.56,10.68,10,66.36,15.04,91.44,6
2792,131037.3002,550.0,1,3,113.08,18.03,7,72.38,28.31,93.63,4
2793,124464.1959,755.67,1,2,591.11,77.3,6,90.9,39.26,90.72,3
2794,301953.5935,1411.35,1,3,536.63,46.86,9,46.74,39.78,97.16,2
2795,116963.4581,550.0,2,2,399.1,17.64,7,56.52,17.41,99.9,4
2796,482163.9382,2130.18,3,4,24.65,49.58,10,11.66,3.59,89.17,9
2797,436761.9441,1038.38,1,4,772.65,9.44,9,1.75,27.76,87.43,9
2798,340097.7088,821.19,2,4,461.33,59.45,7,25.26,21.59,99.16,5
2799,304631.685,696.5,3,2,681.04,32.57,5,32.07,9.61,88.69,5
2800,342368.1851,843.07,1,4,479.18,16.36,4,6.4,2.38,92.7,5
2801,90122.38554,550.0,1,3,193.11,42.44,7,47.25,25.01,99.9,3
2802,143643.5966,550.0,1,2,527.51,15.49,7,60.51,2.96,94.29,2
2803,274124.9918,1403.53,4,2,1128.16,36.97,9,11.09,18.07,92.95,6
2804,264959.3866,1053.69,1,2,313.56,19.43,4,45.34,24.81,85.75,2
2805,311390.3588,1201.92,1,3,546.82,30.9,6,63.92,14.42,94.75,5
2806,126350.2557,550.0,1,2,540.45,21.68,4,66.46,42.24,89.74,2
2807,615051.4825,1735.95,4,3,1103.33,7.99,8,69.93,19.99,91.61,5
2808,107538.0376,671.51,1,2,325.08,31.88,5,15.21,13.73,95.14,1
2809,246115.9006,1431.88,2,3,377.05,32.23,9,24.06,19.5,99.45,7
2810,570597.1907,1325.57,3,3,793.98,2.07,9,51.99,24.83,99.9,7
2811,699531.7831,1547.53,2,3,455.17,24.62,8,15.39,10.86,96.96,8
2812,419123.8418,1025.38,2,5,624.94,19.95,7,26.39,3.32,99.52,8
2813,338005.573,1083.43,4,4,514.85,36.18,6,20.74,12.59,91.29,6
2814,189418.2463,810.55,1,3,480.0,64.28,5,19.0,3.55,89.87,3
2815,229985.76,1010.28,2,4,158.03,54.34,9,105.2,11.48,97.41,7
2816,374107.3985,1883.16,3,2,84.5,10.83,6,48.97,4.14,98.74,7
2817,218988.0487,550.0,3,2,899.21,4.96,5,7.26,11.16,95.25,4
2818,205578.4196,550.0,2,4,508.69,6.92,7,11.45,6.85,94.06,2
2819,102367.7436,550.0,1,3,677.67,40.06,7,1.59,2.06,94.5,3
2820,155192.2549,550.0,1,2,224.19,7.13,7,58.18,23.58,99.9,3
2821,222700.0343,898.42,3,2,753.79,30.12,5,56.46,14.5,93.59,5
2822,94893.72949,550.0,2,2,375.04,3.77,4,93.77,38.86,99.9,1
2823,346701.7911,550.0,3,4,1101.59,8.8,9,45.26,1.29,98.7,5
2824,317686.7158,1552.76,3,3,781.32,36.57,7,6.2,4.56,89.28,7
2825,348826.7801,1254.64,4,2,483.97,10.07,7,22.78,16.21,94.79,9
2826,106447.0001,728.28,1,2,502.84,61.14,7,36.32,24.5,83.88,2
2827,217832.0938,643.37,2,3,1345.94,11.71,9,53.61,2.94,95.24,4
2828,488872.2089,1383.97,1,4,392.49,25.34,10,39.92,8.43,94.59,9
2829,144184.616,1046.72,1,1,365.58,7.37,7,14.15,14.2,97.97,4
2830,262443.4691,1246.79,3,2,691.6,11.05,10,55.47,20.67,88.28,6
2831,281655.736,550.0,3,4,1103.13,33.7,5,39.97,1.25,94.73,3
2832,343937.572,813.95,1,4,923.03,52.5,8,18.46,5.62,95.14,5
2833,448231.5409,1588.03,2,3,124.47,5.1,10,32.94,10.23,99.9,7
2834,138631.8265,550.0,1,3,523.87,39.89,4,42.89,34.1,89.73,2
2835,179974.6589,550.0,1,2,362.85,22.98,4,86.2,22.53,92.35,2
2836,739816.9259,2097.51,4,3,882.41,18.33,9,7.47,24.52,99.9,8
2837,306129.5946,1312.27,4,2,683.85,28.05,6,86.38,3.18,95.61,5
2838,106891.5287,811.98,2,1,322.37,57.14,3,96.55,43.08,88.89,3
2839,120748.6048,1099.81,1,1,460.05,74.47,3,75.03,36.64,84.68,2
2840,617207.559,1001.8,2,4,904.57,23.34,8,58.05,4.44,92.17,6
2841,127865.655,1066.43,1,3,578.71,48.55,7,57.38,16.85,86.07,2
2842,450177.8117,1624.02,2,3,347.64,9.1,8,67.38,15.4,90.63,5
2843,198941.9264,550.0,3,3,599.79,21.65,8,25.0,10.93,96.88,9
2844,161114.81,575.15,1,3,119.17,11.85,8,79.76,30.05,90.08,4
2846,385895.941,1484.12,1,4,575.78,54.78,4,51.19,5.03,97.42,4
2847,123495.4622,598.21,1,4,433.83,49.93,7,10.66,8.89,93.02,7
2848,150876.3169,723.76,1,3,503.45,20.68,8,35.17,2.55,85.87,3
2849,404300.6422,1479.88,1,4,732.06,27.75,9,48.64,2.82,90.55,7
2850,373249.1694,1352.22,3,4,180.84,0.63,10,91.29,15.8,99.7,7
2851,273769.0828,1473.2,4,3,323.36,31.79,9,54.82,25.87,84.95,8
2852,428899.4386,1756.7,1,4,620.18,19.94,10,17.55,33.2,90.68,6
2853,206403.4237,871.35,2,3,251.26,24.27,8,18.33,21.29,87.48,4
2854,189604.2308,550.0,2,2,84.42,18.1,6,106.41,13.94,95.77,4
2855,341148.4504,833.44,2,3,80.76,51.76,5,47.19,6.16,99.9,7
2856,403001.0933,1496.53,1,5,249.92,17.41,7,12.95,28.46,87.78,6
2857,280797.6486,594.02,2,3,673.19,31.53,5,71.99,6.3,93.7,4
2858,253793.309,786.83,1,5,459.72,33.12,7,65.18,8.71,99.33,5
2859,465002.1668,2191.53,2,4,721.93,41.0,4,28.38,4.0,87.49,7
2860,200841.3064,772.84,3,2,229.62,25.83,8,28.95,3.95,95.98,5
2861,475262.5456,550.0,3,5,759.08,30.7,8,21.15,11.49,98.11,7
2862,407852.18,1489.29,3,3,489.36,21.6,7,40.28,6.9,99.9,7
2863,394669.1087,1418.84,1,3,310.79,29.19,6,46.61,11.34,99.9,5
2864,144202.7392,554.35,1,3,198.32,31.51,7,80.3,8.17,85.1,4
2865,265923.2631,550.0,3,4,529.51,19.67,7,41.96,18.37,94.63,6
2866,432917.1193,1198.23,2,4,570.11,31.39,6,36.2,13.0,85.63,6
2867,446784.2967,1591.04,3,3,437.0,33.29,9,59.34,4.36,88.13,7
2868,225552.1553,550.0,1,2,324.23,49.83,4,70.19,15.66,96.02,2
2869,267710.7195,839.71,3,3,269.22,41.28,7,67.7,19.54,93.58,3
2870,328246.596,1546.52,2,3,1163.94,39.93,9,50.75,4.53,92.57,6
2871,463631.9513,1275.86,1,4,509.48,32.84,8,27.2,11.97,99.52,8
2872,446973.9053,1885.58,3,2,11.95,2.94,10,10.71,23.91,88.08,9
2873,461624.9916,1227.87,4,5,687.69,4.82,10,67.44,12.36,98.39,9
2874,215967.2741,769.45,3,2,89.63,30.9,3,44.19,18.28,99.09,6
2875,443389.278,1236.55,2,3,305.73,41.27,9,87.29,5.26,96.03,8
2876,346110.3843,550.0,3,4,933.51,49.59,10,31.22,29.38,97.54,7
2877,482633.7756,1517.06,4,3,358.89,54.34,7,34.09,4.52,99.9,9
2878,290268.5031,1608.32,2,3,1111.4,32.16,9,32.37,14.37,93.45,5
2879,243713.4611,1584.32,1,3,757.21,5.91,10,86.52,6.41,94.79,5
2880,212593.3699,978.82,1,3,703.47,33.69,7,51.73,32.63,86.1,5
2881,485272.1414,1909.91,2,5,624.88,23.62,7,57.97,20.02,98.82,10
2882,152559.657,550.0,2,4,673.05,67.54,5,41.63,27.28,95.11,3
2883,236450.6019,748.14,2,3,969.1,1.62,6,58.3,16.81,94.48,5
2884,417529.2981,1382.19,3,4,1072.57,28.28,7,124.68,9.48,93.63,7
2885,307601.6817,970.38,3,3,240.92,24.6,7,87.23,16.58,91.83,7
2886,301554.775,746.96,3,2,335.93,26.65,3,17.1,5.4,87.14,3
2887,137956.9998,1006.91,2,1,850.51,44.09,7,29.67,22.23,97.67,5
2888,190469.5938,550.0,1,1,204.36,19.66,2,106.36,39.3,93.27,1
2889,124554.5337,559.33,1,3,621.67,10.67,7,56.91,7.56,93.24,3
2890,197945.8787,550.0,2,5,86.53,4.72,8,39.72,13.23,89.07,3
2891,122427.5754,617.7,3,1,207.87,43.92,4,67.16,22.0,89.72,4
2893,559270.6017,927.23,3,5,675.93,16.65,8,31.76,6.73,95.29,8
2894,204548.7601,1191.08,2,1,988.35,65.89,5,38.99,26.4,91.77,4
2895,484526.5342,1682.91,2,4,362.53,8.53,9,99.33,8.77,90.74,4
2896,403181.998,859.22,3,4,933.22,32.85,7,28.73,0.68,98.04,7
2897,207302.7121,550.0,1,3,201.94,54.91,8,89.17,1.68,87.81,4
2898,562084.7515,915.54,3,4,641.04,13.59,7,3.98,13.75,88.11,6
2899,277499.6342,1401.47,2,3,762.11,23.41,7,80.21,12.3,98.99,3
2900,257617.8489,896.2,1,2,944.12,49.62,5,96.11,8.45,99.9,4
2901,361972.9183,1044.36,1,4,604.53,44.41,7,37.46,9.71,91.29,4
2902,215596.0861,555.88,2,3,655.24,19.56,9,53.66,2.37,91.44,6
2903,409661.7901,1427.49,2,4,655.98,8.02,10,43.87,11.41,96.88,8
2904,182751.0539,1245.26,2,1,116.53,51.9,7,69.73,1.5,91.22,5
2905,435836.4462,839.29,1,5,787.77,20.54,9,69.04,36.28,92.94,6
2906,164642.1452,1126.81,2,2,572.81,8.75,5,116.33,1.9,88.63,2
2907,232326.4253,550.0,2,3,331.95,29.97,6,60.27,16.33,88.98,4
2908,135470.4414,550.0,1,3,172.4,18.49,8,38.54,9.04,96.97,3
2909,384736.5234,1411.68,3,4,607.98,0.74,9,39.58,28.64,88.41,6
2910,418375.5412,1463.53,2,3,810.13,31.02,4,55.85,10.79,88.99,9
2911,257115.8606,798.52,2,2,402.75,39.07,6,77.18,2.67,88.7,4
2913,135155.6964,628.62,1,2,149.27,39.59,8,43.09,12.47,87.0,2
2914,269638.2659,550.0,2,4,626.52,18.89,9,62.49,17.54,90.36,3
2915,272814.9877,550.0,2,2,259.82,52.52,5,124.21,51.27,92.94,1
2916,312772.7632,2073.56,2,4,658.55,42.09,5,2.51,11.71,93.44,4
2917,197180.0,1109.85,2,2,265.66,21.7,7,46.62,8.9,94.68,7
2918,406174.3374,1703.4,2,2,9.33,63.64,10,29.32,14.54,91.14,4
2919,464838.8622,1087.46,1,5,700.07,44.97,9,85.13,8.04,96.55,7
2920,121473.7397,587.41,1,2,526.89,34.83,7,25.71,1.7,85.73,7
2921,488321.9791,1941.44,2,4,28.23,39.35,7,3.18,6.73,98.42,3
2922,363773.783,985.05,2,3,724.3,59.09,6,40.17,16.39,95.04,6
2923,234106.633,1408.17,1,2,104.69,51.51,7,11.51,0.21,99.67,7
2924,144597.1668,550.0,1,4,287.23,7.63,7,69.53,6.34,85.79,4
2925,298752.8523,1062.4,3,3,613.88,49.0,5,38.73,9.35,99.9,6
2926,136278.2019,1127.11,1,2,409.98,22.18,6,19.86,48.02,93.33,3
2927,161470.8323,550.0,2,3,520.05,36.28,4,57.42,26.9,95.08,3
2928,465801.9712,645.31,4,4,554.56,39.0,9,26.36,5.85,90.34,7
2929,207975.2291,558.0,1,4,337.52,48.05,6,27.03,12.17,91.75,6
2930,495983.2214,767.25,1,5,25.4,21.67,8,56.11,18.14,94.33,4
2931,150525.8601,975.64,1,4,203.37,21.57,8,92.24,20.41,97.63,4
2932,245731.7371,1188.92,4,1,835.27,23.92,3,71.35,22.24,89.93,4
2933,332929.6403,932.28,1,4,432.85,42.17,4,125.96,7.04,90.84,7
2934,489802.9489,1039.35,2,3,650.54,8.56,7,10.92,4.75,86.62,3
2936,460767.3315,1303.39,1,4,11.32,32.55,8,46.47,21.42,97.04,7
2937,383769.6262,1765.4,2,3,253.74,40.56,7,49.43,17.42,99.9,7
2938,205791.8109,781.03,2,2,311.18,31.48,8,124.24,6.38,88.7,6
2939,633126.1762,1575.45,2,3,418.74,20.99,6,15.33,13.63,87.91,7
2940,539096.1489,1551.28,3,4,443.14,47.68,9,3.39,6.16,94.93,7
2941,260609.8094,1161.75,1,4,927.64,16.95,10,101.8,8.48,89.06,5
2942,583594.3052,550.0,4,3,656.65,20.3,7,54.93,18.14,95.13,6
2943,354263.9805,661.87,3,4,752.58,44.14,5,26.02,17.95,98.94,5
2944,131566.7884,1495.69,3,1,406.98,19.53,8,21.81,8.32,83.2,3
2945,261807.1939,1954.21,1,2,25.96,54.84,5,32.93,1.07,88.23,6
2946,210775.7641,1413.7,2,3,148.98,18.53,6,106.46,2.74,99.8,4
2948,223006.9687,778.31,3,2,291.42,21.93,6,130.6,40.16,92.88,3
2949,281771.1895,1534.65,1,3,1016.86,31.14,8,41.16,9.93,96.3,7
2950,314442.0345,1538.81,5,2,624.72,17.4,8,42.38,13.5,96.73,7
2951,413218.8644,850.67,3,3,356.65,43.89,8,68.68,0.37,94.9,6
2952,304735.3154,1197.9,3,3,617.49,41.0,3,93.99,31.18,92.84,7
2953,234171.1958,550.0,3,3,692.51,46.01,8,31.68,18.58,96.22,6
2954,297271.0176,862.47,2,4,443.15,39.0,5,46.08,22.67,89.95,8
2955,292651.1657,587.88,4,3,421.5,47.85,5,65.7,8.49,90.19,5
2956,260961.0197,982.34,1,2,94.79,17.67,7,16.18,9.03,96.13,4
2957,243698.2698,930.25,2,4,755.24,51.56,10,46.67,2.46,96.43,9
2958,397648.5235,1442.57,2,2,305.96,24.7,6,8.56,16.9,88.1,6
2959,371438.5382,550.0,2,4,262.5,66.56,6,13.19,22.56,96.38,4
2960,377092.29,550.0,2,5,190.27,59.38,10,32.31,1.09,97.83,5
2962,280494.9248,1195.22,2,4,914.73,43.56,6,12.18,24.26,93.12,5
2963,629971.2026,1545.13,4,4,163.93,55.25,9,24.35,25.07,98.78,10
2964,419226.7295,1126.88,2,3,815.71,13.18,7,66.91,41.22,99.9,6
2965,294473.2071,1701.13,1,4,802.55,46.04,7,19.85,20.53,99.9,7
2966,169757.4294,1090.98,1,4,299.44,66.22,7,16.03,2.61,95.28,1
2967,748786.0898,1134.63,3,4,658.33,8.53,10,32.34,6.18,89.62,8
2968,384306.2272,1856.44,2,2,309.01,29.04,6,23.68,18.85,95.96,5
2969,209444.539,1018.85,2,3,340.4,27.25,6,74.12,28.91,89.68,4
2971,501365.3676,944.48,4,3,360.88,37.29,6,6.06,6.72,99.9,8
2972,136578.7197,988.14,1,2,377.72,32.52,7,41.47,27.49,92.82,4
2973,301419.9178,873.55,1,3,481.13,60.73,5,10.23,12.46,96.94,5
2974,182090.5999,591.9,2,3,790.45,50.95,6,99.3,38.11,99.37,7
2975,315149.8746,846.32,1,3,411.26,50.98,5,16.75,0.44,93.25,4
2976,191370.9394,997.36,1,3,1315.33,24.39,9,6.16,15.9,87.17,6
2977,307138.8735,1005.4,3,2,382.25,2.75,5,90.73,3.22,86.84,4
2978,240045.8232,1276.99,1,4,460.49,17.49,8,32.18,2.96,98.23,5
2979,175701.0941,1128.16,2,2,931.8,26.82,8,14.14,15.49,96.98,5
2980,297070.034,856.67,4,3,669.49,34.59,6,104.25,9.06,97.56,3
2981,473247.4614,588.25,3,5,654.63,47.94,8,48.41,9.02,88.71,5
2982,293998.622,1063.0,3,4,224.74,57.09,5,68.02,6.99,88.11,6
2983,144546.0256,550.0,2,3,773.12,29.87,9,43.71,34.19,92.26,5
2984,165582.9574,550.0,2,1,177.15,66.35,6,43.84,9.31,86.44,1
2985,215617.7792,707.78,1,3,892.92,51.71,8,73.75,34.67,92.82,4
2987,518804.1995,1218.77,3,3,60.66,26.54,8,32.93,3.14,99.9,3
2988,257273.9223,924.7,1,4,918.36,34.02,8,82.47,1.9,88.95,3
2989,326446.5612,550.0,2,3,452.68,15.59,5,4.33,26.27,86.83,3
2990,340481.7284,1198.32,4,4,718.68,19.87,7,41.05,23.14,99.58,8
2991,150126.3934,1002.82,1,3,1139.61,10.88,9,71.4,19.99,96.57,4
2992,245724.4255,1047.13,3,4,553.82,31.57,6,39.57,11.99,87.92,4
2993,340979.9018,661.11,3,4,400.51,44.34,8,13.16,13.2,92.13,4
2994,155146.8993,639.37,1,4,524.67,35.1,8,79.57,5.41,90.67,1
2995,186837.4162,935.59,1,2,503.71,9.22,5,53.96,30.0,90.2,1
2996,257575.6003,823.51,3,3,860.47,25.85,6,55.39,49.65,99.9,5
2997,259052.416,1068.51,3,1,342.5,25.81,7,43.24,30.31,98.36,5
2998,172082.2746,1253.45,2,3,670.26,21.08,7,108.57,17.58,96.23,5
3000,224959.1089,793.64,1,3,183.3,2.97,7,96.62,15.42,84.6,2
3001,264350.6073,1367.23,1,4,430.85,51.66,6,10.51,11.21,82.48,6
3002,282835.0753,1791.41,1,5,584.62,45.68,7,80.21,11.7,93.87,5
3003,485823.7032,1214.26,2,3,608.01,13.04,7,29.49,2.39,87.96,5
3004,447821.6703,1637.2,1,3,332.56,14.58,7,60.88,4.85,92.75,3
3005,449192.4444,1055.31,2,5,203.97,53.58,10,86.51,12.19,89.73,3
3006,650465.8666,1215.43,2,5,114.55,25.14,9,33.75,12.0,92.57,5
3007,396881.8974,1535.89,3,1,41.47,32.61,7,6.54,0.29,94.7,6
3008,145942.1369,1044.43,1,3,177.81,15.89,7,35.66,15.53,97.68,2
3009,336669.2537,1105.63,1,3,248.03,6.11,7,30.33,41.4,93.37,6
3010,195897.2397,1437.31,2,1,568.03,42.56,5,111.91,2.45,94.06,3
3011,334203.7175,945.19,1,4,266.94,7.87,7,32.67,15.37,97.37,5
3012,238694.5995,1079.7,3,3,593.7,32.65,6,101.92,18.69,91.16,2
3013,574881.728,1680.2,1,4,1082.68,4.08,9,4.19,15.27,89.69,8
3014,303786.0932,1651.12,1,2,636.95,34.46,6,25.21,0.96,91.49,8
3015,282926.7594,1524.87,1,3,490.03,52.56,6,79.78,9.63,95.24,6
3016,182212.9644,550.0,2,3,21.78,53.89,5,36.83,26.37,86.5,4
3017,207001.6902,735.91,1,3,8.39,17.49,3,41.07,34.62,93.71,3
3018,161039.2134,956.98,2,2,120.84,40.09,4,10.64,27.17,88.99,3
3019,379684.6826,868.88,3,3,361.31,54.28,7,129.78,13.05,99.9,6
3020,368824.7083,720.33,2,4,550.78,25.88,8,26.14,0.83,95.38,4
3021,190599.4267,550.0,2,4,314.08,30.55,6,49.77,8.92,99.62,2
3022,514357.4585,1528.82,4,3,377.02,21.15,10,19.88,23.76,92.05,7
3023,121606.9623,550.0,2,3,700.38,5.54,5,86.36,10.84,99.81,2
3024,134547.8645,550.0,2,3,335.59,52.64,4,4.61,4.15,88.68,3
3025,400789.3699,1016.92,2,3,255.18,26.51,5,15.09,12.43,96.81,4
3026,320741.1933,550.0,3,4,330.87,26.96,6,20.97,20.08,98.45,4
3027,344911.5591,1090.36,3,4,178.33,10.7,9,15.44,11.13,92.35,3
3028,155639.2817,550.0,1,4,447.05,34.96,6,2.39,4.72,83.56,1
3029,424385.0666,1834.27,1,4,442.13,5.16,7,26.65,8.93,96.45,5
3030,665295.7983,1594.72,3,4,571.57,11.42,10,50.8,19.57,98.07,10
3031,209563.6654,550.0,3,3,1145.41,26.94,5,68.61,32.3,95.49,4
3032,229748.6649,596.09,1,2,54.12,2.88,8,15.32,33.59,98.08,3
3033,470823.9488,1375.85,1,4,586.85,25.38,8,60.77,2.98,92.71,5
3034,106135.1287,904.54,1,1,8.18,5.45,8,38.78,47.52,90.29,4
3036,270220.6987,626.54,3,3,1182.22,55.37,6,66.76,41.51,88.6,8
3037,451640.8314,1616.97,3,4,418.23,19.05,6,79.66,1.12,97.52,4
3038,386734.8426,1302.08,3,3,520.44,32.03,8,19.48,18.01,89.41,8
3039,618137.5992,1662.42,3,4,890.84,51.46,9,32.28,8.06,99.9,6
3040,697158.4458,1739.49,3,2,637.75,52.17,8,51.77,3.82,99.9,7
3041,509492.6003,1212.97,2,4,663.54,8.45,8,26.2,20.71,95.62,8
3042,170832.8612,1774.77,2,1,544.22,7.13,5,85.25,33.74,92.02,2
3043,497692.5176,2137.72,2,3,274.36,11.07,8,0.39,10.32,88.29,5
3044,620383.6814,1233.62,4,4,318.84,9.99,9,7.77,4.66,82.77,8
3045,334205.9996,779.4,1,5,416.12,40.4,6,81.69,21.52,86.53,3
3046,295144.8944,550.0,2,4,241.56,24.63,5,75.28,16.22,95.57,5
3047,435899.0208,1486.55,1,4,781.75,25.92,8,87.25,5.74,95.18,6
3048,289915.2581,662.53,2,2,26.01,46.56,8,8.74,19.9,99.9,7
3049,436066.8884,1305.92,1,5,427.58,21.84,8,55.74,6.17,94.18,7
3050,135803.542,550.0,1,3,386.65,30.29,6,72.37,7.23,89.08,2
3051,208564.8321,550.0,2,3,28.14,56.27,6,32.37,27.74,95.6,5
3052,356729.1921,897.36,2,4,178.94,32.59,7,44.53,9.15,96.04,7
3053,286713.1975,1505.34,3,2,584.56,47.24,8,44.81,10.4,93.79,4
3054,220347.0714,1008.98,2,2,541.78,42.45,8,109.27,14.07,94.58,3
3055,278318.661,1226.9,2,4,124.54,46.35,9,64.92,5.67,91.71,7
3056,126778.5049,1398.37,2,2,865.6,28.5,6,30.62,11.06,89.5,3
3057,367447.8639,1383.05,2,2,554.52,50.06,10,11.15,4.94,90.29,7
3058,162099.2676,550.0,2,3,1039.36,0.52,8,8.14,7.87,96.92,6
3059,264833.5258,550.0,1,3,428.63,10.81,5,47.99,11.49,89.9,3
3060,527307.9088,550.0,2,5,1021.67,23.11,6,19.74,31.25,90.16,5
3061,298930.5856,837.79,4,2,745.25,31.19,4,57.67,27.11,91.7,5
3062,116627.4035,919.69,1,2,875.66,6.51,9,42.13,31.65,97.64,5
3063,197307.6923,1294.09,1,3,381.25,76.0,6,12.47,8.76,91.38,1
3064,183672.6861,1027.03,2,3,50.57,19.8,4,21.5,31.48,99.9,8
3065,148633.5207,550.0,2,3,529.47,30.9,5,24.53,41.6,92.69,2
3066,124209.0541,985.39,1,2,633.55,0.16,6,41.71,13.21,99.71,4
3067,272607.5873,1226.32,1,5,837.38,64.08,8,15.01,17.53,87.97,4
3068,427431.2759,1218.44,2,3,600.08,19.22,7,52.46,36.65,96.75,7
3069,211001.9668,799.86,1,2,405.79,12.91,9,79.72,5.26,99.9,3
3070,396913.3339,1639.62,2,2,3.19,8.8,7,30.37,20.95,97.57,4
3072,572532.8115,1569.6,1,3,162.21,7.71,9,11.62,27.94,91.87,3
3073,120926.3367,1035.83,2,1,1.71,29.27,5,34.67,20.19,93.4,1
3074,376196.276,1190.2,2,3,670.03,29.32,6,59.45,5.15,87.59,7
3075,214548.5399,1405.06,2,2,558.62,56.05,5,103.47,33.41,91.94,6
3076,191821.5281,790.34,1,1,196.86,7.03,8,42.96,0.54,94.26,5
3077,480128.732,1252.22,1,3,138.55,11.34,10,25.29,13.2,99.9,7
3078,300740.9772,1168.86,2,2,288.52,37.34,6,15.84,19.61,95.18,7
3079,121001.2676,550.0,1,4,126.93,76.62,10,52.22,19.77,99.9,7
3080,336980.0256,746.94,2,3,501.69,11.87,9,32.91,27.34,90.89,6
3081,161195.7912,722.71,1,3,701.84,8.39,8,59.63,18.78,97.56,4
3082,350619.7241,1596.19,1,4,735.47,0.16,10,22.51,10.8,96.98,5
3083,227750.252,857.34,3,2,139.8,37.9,5,66.65,4.34,87.7,4
3084,176915.476,817.86,1,3,303.63,38.3,6,38.8,34.85,88.44,4
3085,293775.3439,1128.8,1,3,319.12,25.33,4,72.41,52.07,93.3,4
3086,378806.9221,550.0,1,1,871.99,46.46,3,60.87,36.57,99.9,4
3087,111084.7262,889.9,1,2,523.92,51.48,4,134.96,32.93,91.66,3
3088,182808.4471,615.46,1,3,609.89,49.67,7,87.61,31.83,93.5,4
3089,213896.1784,550.0,3,2,174.87,34.25,8,52.45,5.62,94.87,9
3090,242450.3356,550.0,1,2,492.35,37.58,7,5.63,12.53,87.53,2
3091,478614.6645,2229.45,3,4,889.08,50.44,10,53.9,6.3,99.9,8
3092,241383.5785,550.0,1,4,697.67,13.41,8,44.56,12.76,98.1,4
3093,538065.9273,1009.7,2,3,770.03,32.11,7,62.35,17.08,92.1,8
3094,426242.3791,1314.1,3,4,1209.42,31.21,6,16.76,12.12,88.17,4
3095,460052.4777,662.93,4,3,989.58,3.64,8,17.44,28.81,96.54,7
3096,296187.9885,1307.78,3,3,755.8,5.95,10,1.72,14.04,93.84,9
3097,204027.4388,1051.16,1,4,98.68,30.04,9,76.48,36.41,89.29,7
3098,214915.6692,1571.91,1,2,151.85,17.47,5,80.12,8.04,93.43,5
3099,459906.7584,1786.01,3,4,29.69,45.67,10,25.17,22.74,98.06,8
3100,186836.4341,550.0,2,3,321.57,51.56,8,110.66,24.62,96.84,3
3101,510530.1082,1125.23,3,4,276.16,38.18,8,82.42,16.28,95.88,5
3102,298185.2356,550.0,3,4,282.17,37.25,7,78.8,12.19,95.99,3
3103,404306.4957,944.74,2,4,21.02,62.6,7,115.25,18.31,84.5,7
3104,174009.5459,550.0,1,1,454.37,44.22,6,61.16,19.99,95.49,1
3105,667307.0133,1167.52,2,4,414.24,38.18,5,30.2,36.04,99.68,7
3106,528857.2625,1581.99,2,4,971.33,12.2,7,73.96,11.8,99.9,8
3107,89280.52796,807.17,1,2,302.42,51.91,2,27.11,30.62,93.56,2
3108,337853.9979,911.18,2,3,938.78,55.34,8,4.54,34.5,95.44,5
3109,309195.0259,1706.41,2,4,695.72,33.02,8,33.9,20.86,97.16,7
3110,236776.6567,640.47,3,2,828.6,8.79,6,37.9,9.5,91.77,8
3111,326257.5547,560.07,1,5,428.93,25.01,7,53.63,19.48,99.9,3
3112,224104.3,1004.24,2,3,1070.43,42.02,8,13.21,5.14,95.5,4
3113,222835.941,713.43,2,2,646.91,22.11,10,88.57,34.26,96.11,6
3114,143641.9416,721.86,1,2,935.64,19.29,9,47.27,15.18,91.86,8
3115,326155.2744,1477.74,1,5,110.94,52.85,8,46.9,2.29,89.91,6
3116,113473.0186,574.11,2,3,513.85,38.11,9,73.78,27.57,86.02,5
3117,428612.4647,1472.52,4,2,416.25,44.74,6,80.42,26.52,91.75,7
3118,434388.6594,851.92,1,3,558.47,12.62,5,38.99,9.45,93.55,2
3119,565338.9769,1207.93,1,4,449.39,3.65,8,54.12,16.04,94.95,4
3120,247757.2793,1208.48,2,3,463.28,2.83,6,35.89,22.09,97.61,2
3121,340659.8218,1190.85,2,2,1137.73,30.75,7,111.7,22.38,90.98,6
3122,199372.794,1295.39,1,2,1022.91,64.48,5,131.98,40.61,99.9,2
3123,229461.1495,1335.09,1,2,804.37,46.42,7,137.43,44.11,99.9,7
3124,502951.2248,1238.53,3,3,427.79,42.94,7,90.67,7.42,99.9,5
3125,158634.0109,1494.94,1,2,47.64,41.5,5,92.86,1.89,94.35,3
3126,364356.9769,1297.08,1,5,761.2,58.74,8,13.67,37.69,89.6,5
3127,283525.542,613.39,1,4,1089.55,16.23,6,49.28,37.04,99.46,5
3128,324138.1524,550.0,1,1,797.71,37.65,7,32.96,32.42,92.23,3
3129,277814.9994,550.0,1,4,293.84,43.91,7,18.44,19.33,80.38,3
3130,671953.585,1967.39,3,2,297.81,23.46,6,23.54,4.72,99.9,8
3131,136487.5391,784.7,2,2,656.53,6.11,2,116.5,13.1,94.07,1
3132,233534.837,1332.25,3,3,312.96,26.55,9,78.36,39.34,84.17,6
3133,494961.776,980.7,3,5,971.62,22.44,8,11.42,13.4,87.36,5
3134,405204.0367,1558.28,2,4,1044.53,8.58,10,27.23,4.62,87.25,7
3135,233860.5597,1065.51,3,3,782.28,0.77,4,66.49,7.26,90.83,5
3136,538568.7553,2054.95,2,3,734.76,55.79,8,64.74,3.06,93.78,10
3137,124213.8928,833.98,1,1,761.83,0.46,4,109.77,17.71,99.9,5
3138,478288.8097,1333.09,3,2,646.26,36.05,6,43.47,5.81,92.72,8
3139,235908.2389,1162.7,1,3,749.35,30.6,4,44.31,36.35,99.71,5
3140,140612.4978,652.83,2,2,850.9,65.34,5,49.54,0.35,99.9,3
3141,308473.0053,2115.68,2,3,982.06,37.08,6,70.14,40.41,90.43,7
3142,361257.3895,834.25,2,4,103.32,30.12,6,50.16,23.91,89.28,7
3143,269408.846,1447.99,3,3,601.19,3.76,9,60.23,14.15,95.59,4
3145,252869.9017,550.0,2,3,57.57,38.43,6,26.62,20.9,94.42,3
3146,702377.449,1748.79,4,5,332.43,42.26,10,39.31,23.17,98.48,9
3147,102361.1318,632.25,1,2,575.53,15.28,5,14.13,17.2,90.94,1
3148,129802.1433,550.0,1,1,571.2,14.35,8,56.73,37.18,95.55,6
3149,161533.5785,754.31,1,4,778.7,43.88,4,24.07,34.64,91.21,5
3150,455850.4011,2249.93,3,4,171.26,46.21,8,16.29,7.52,96.55,8
3151,606809.1906,1789.18,5,3,1146.37,23.52,6,104.26,20.6,96.63,6
3153,226005.4513,1472.7,2,2,254.82,69.62,10,27.75,35.22,97.5,6
3154,307377.3826,1068.87,2,3,1202.95,15.14,6,26.39,21.71,93.85,5
3155,149223.0861,550.0,2,4,1124.4,40.11,6,19.73,13.54,89.28,5
3156,547127.7194,940.83,3,4,537.0,28.29,7,90.2,32.42,92.31,4
3157,494738.6014,1242.76,3,5,351.61,70.57,7,36.03,26.88,87.91,5
3158,364932.4281,711.07,2,3,809.8,44.44,4,13.09,35.83,94.07,2
3159,504221.8113,1379.86,2,3,599.2,5.79,9,66.8,14.53,95.13,6
3160,108928.2486,550.0,1,3,302.6,4.04,4,68.49,13.35,91.08,2
3161,240366.07,550.0,1,1,617.59,14.23,5,57.06,15.83,91.4,5
3162,131578.2299,550.0,1,2,435.16,12.56,6,95.78,6.46,89.68,5
3163,412388.0148,1052.51,2,3,374.26,36.22,7,76.88,30.58,86.59,5
3164,247180.2754,650.07,2,3,2.2,57.1,6,70.17,32.18,93.66,4
3165,489941.7627,1588.95,1,3,587.24,62.59,3,42.69,10.2,85.52,4
3166,451813.1003,1540.47,1,4,905.76,20.62,10,46.68,20.68,99.9,10
3167,340195.1566,1463.68,1,3,953.69,14.2,8,25.46,13.29,88.65,7
3168,734718.2092,1625.08,3,5,623.39,11.46,9,7.99,22.92,91.71,6
3169,342316.4267,1425.85,1,4,819.64,9.59,9,65.96,26.44,90.99,6
3170,397769.4092,550.0,3,4,535.11,28.57,10,21.35,4.71,89.77,6
3171,204468.4431,550.0,1,5,925.64,49.56,10,14.98,1.73,97.0,8
3172,483033.3232,1681.9,2,4,455.82,40.26,8,36.77,20.5,95.97,8
3173,329273.5299,550.0,1,3,378.06,6.33,6,40.35,41.07,88.21,1
3174,113768.0565,645.83,1,3,541.42,28.47,7,18.74,42.53,94.03,4
3175,324141.5167,1754.53,1,4,273.92,19.18,8,33.38,20.8,94.7,7
3176,616869.4342,1541.12,3,5,342.48,34.69,10,52.64,34.17,94.41,6
3177,408102.7685,1400.76,1,3,535.98,7.13,7,19.01,8.13,95.93,4
3178,680561.3817,1837.05,3,4,449.08,24.54,7,39.93,14.15,98.66,8
3179,257701.0525,1579.89,3,3,646.67,26.46,7,41.33,24.81,99.9,5
3180,262084.584,818.79,1,5,897.01,7.0,10,67.91,29.5,99.9,9
3181,402828.9072,1134.91,2,4,395.58,66.85,6,136.14,9.65,97.29,5
3183,284982.2862,1349.32,1,2,846.47,27.37,8,38.11,22.02,99.9,7
3185,161126.4561,550.0,3,2,787.11,48.3,6,26.32,23.66,90.3,5
3186,376348.9809,1103.76,3,2,562.92,50.24,4,9.8,3.27,95.14,5
3187,328445.3249,879.48,3,4,663.46,27.8,9,10.4,6.69,99.9,5
3188,445046.2937,1045.03,3,3,208.95,21.41,9,20.93,3.4,99.9,6
3189,158526.3876,1384.41,2,2,805.9,36.27,9,106.78,2.11,96.74,5
3190,364861.8592,711.62,2,5,584.84,15.09,10,17.46,2.49,96.13,4
3191,195416.5331,940.02,2,2,595.3,17.77,5,16.67,9.26,99.9,2
3192,404481.797,1337.46,2,3,564.81,3.33,9,48.93,11.61,99.41,10
3193,382061.9295,1524.6,3,3,692.77,22.52,10,7.79,5.09,89.33,8
3194,115615.3203,785.06,1,1,165.5,51.01,6,46.28,18.88,87.1,5
3195,450947.2108,550.0,3,4,400.1,6.52,10,27.84,2.72,97.01,4
3196,208361.4597,660.2,3,3,581.34,9.16,6,16.71,13.61,89.35,4
3197,116678.9211,577.84,1,2,173.64,57.77,7,12.64,3.54,98.07,4
3198,379489.2465,1331.4,1,4,554.89,8.65,6,81.42,1.28,98.69,7
3199,559609.2095,1214.53,3,2,1114.58,37.46,8,76.84,16.63,99.36,8
3200,86250.21775,550.0,1,4,254.62,18.87,6,13.64,11.44,98.12,2
3201,545431.7818,1523.24,2,4,25.07,26.5,9,36.05,2.13,99.43,9
3202,418251.3239,1077.67,3,3,603.2,60.19,8,19.94,1.17,96.39,4
3203,452654.1891,1709.18,3,4,650.0,17.32,10,11.68,6.24,99.9,10
3204,238860.0183,1545.84,1,2,118.04,49.36,3,70.08,32.22,97.09,4
3205,396806.8532,1443.58,2,3,281.3,15.55,9,62.09,0.36,98.32,3
3206,231996.9865,701.95,1,3,121.98,31.0,6,82.14,31.8,97.4,4
3207,226058.3649,1202.03,2,1,484.91,30.4,5,65.54,10.34,86.59,2
3208,192489.5084,1237.2,1,2,264.01,58.78,7,25.63,2.32,90.04,4
3209,298685.3339,885.92,2,3,528.28,38.86,7,35.15,25.29,90.66,6
3210,122939.5759,550.0,1,2,227.27,42.87,6,65.87,26.98,81.66,4
3211,415963.3615,574.1,2,3,464.9,28.43,3,47.5,7.9,84.86,1
3212,394713.9116,965.69,3,4,657.99,55.69,8,83.45,13.75,98.09,5
3213,316008.5649,1162.05,1,3,342.03,39.65,5,17.54,11.56,89.28,4
3214,179935.4661,899.97,1,2,688.21,3.59,6,46.27,11.76,93.66,5
3215,136573.2213,550.0,2,2,707.67,31.62,7,44.07,7.93,95.83,7
3216,177085.4663,1435.99,3,1,1155.44,19.03,7,66.16,2.86,96.8,6
3217,267017.7293,1037.16,2,3,418.67,76.57,5,67.21,14.09,92.05,2
3218,448776.4174,1672.22,4,4,527.91,60.17,9,47.92,11.15,98.19,5
3219,396697.5594,550.0,3,3,291.25,3.82,10,21.19,2.59,99.9,6
3220,293345.2468,696.83,1,3,445.12,32.0,7,19.38,40.73,89.96,6
3221,395615.6045,1032.15,3,3,645.53,64.88,2,9.14,36.42,89.81,6
3222,201297.8057,992.01,1,3,491.68,34.03,6,77.53,18.6,94.58,5
3223,456164.2115,590.26,2,4,327.18,2.54,8,23.48,16.7,97.15,4
3224,215120.723,550.0,3,2,604.13,9.3,6,18.49,21.06,92.7,5
3225,255783.5227,611.44,2,3,610.95,52.23,6,84.08,12.89,97.02,7
3226,149578.8484,883.95,1,3,206.97,59.13,5,37.4,32.45,94.59,3
3227,129516.0104,1002.54,2,1,352.38,38.16,6,70.78,14.73,90.61,3
3228,347294.6279,1148.9,2,2,323.78,26.85,6,15.06,0.76,97.51,5
3229,241637.9918,1431.8,1,4,487.22,56.36,7,38.63,12.03,94.78,5
3230,356639.1253,691.05,1,5,1185.71,39.52,7,21.72,14.61,87.69,5
3231,651713.0347,550.0,3,5,576.66,10.27,9,61.5,4.78,95.9,6
3232,147924.8775,550.0,1,4,639.38,13.24,6,43.64,30.22,91.29,1
3233,192947.1811,711.33,2,4,60.84,33.17,2,38.95,21.66,87.4,2
3234,219438.7073,1294.79,1,4,622.3,44.34,10,1.96,0.18,93.82,4
3235,281207.9236,1037.71,1,4,395.12,26.89,8,8.52,34.18,95.86,4
3236,161223.6344,550.0,1,2,241.35,49.3,5,15.19,19.95,94.4,2
3237,128107.9482,558.97,1,2,180.3,17.34,7,29.19,24.26,93.19,3
3238,311510.6121,773.75,2,5,890.83,12.94,9,0.01,3.21,95.37,5
3239,126206.8993,550.0,2,2,669.64,23.69,3,29.22,11.53,81.09,4
3240,315298.5475,1245.13,4,3,169.52,57.22,10,61.1,24.2,95.94,5
3241,192757.0135,906.34,3,1,344.42,33.35,6,80.36,19.6,99.06,8
3242,655324.1759,1356.47,2,4,748.5,32.25,8,17.03,1.45,93.67,6
3243,225946.9245,550.0,1,1,517.99,75.14,5,122.36,38.89,96.73,3
3244,392429.0313,1755.48,1,3,140.31,32.19,7,9.17,35.93,91.36,5
3245,306086.6897,637.7,2,3,456.05,16.67,5,1.98,26.33,89.76,4
3246,380060.4449,723.46,2,3,593.17,53.44,10,2.82,26.92,99.9,7
3247,545986.41,897.54,4,5,1032.54,7.54,9,38.12,12.48,92.93,7
3248,439592.108,1828.53,3,3,495.75,34.54,8,37.31,2.44,88.35,4
3249,117175.1588,550.0,3,2,857.44,4.75,8,21.55,23.4,99.9,5
3250,330678.6526,665.08,2,3,342.61,24.14,7,66.85,6.16,93.21,4
3251,313286.8009,1831.8,2,2,480.02,15.22,5,57.58,12.7,87.94,3
3252,388212.5949,1227.32,2,3,332.52,33.78,8,33.16,9.72,97.71,6
3253,146078.6874,550.0,2,3,877.74,46.0,5,21.27,17.13,87.25,1
3254,186967.2311,572.31,4,2,467.86,3.74,7,109.38,13.07,94.04,4
3255,177051.9426,657.23,2,2,782.02,17.02,4,94.0,27.36,96.85,1
3256,404176.0086,1035.96,2,5,517.48,25.97,9,43.08,25.14,96.43,5
3257,209556.1828,853.42,1,2,584.06,34.33,6,9.51,5.22,95.36,3
3258,269777.4651,550.0,1,5,1040.32,45.06,9,50.46,29.38,98.93,7
3259,713441.2579,1761.86,3,3,139.96,4.39,10,27.3,3.74,90.15,8
3260,419852.876,1758.29,2,2,244.15,22.51,5,35.71,24.88,96.75,7
3261,319119.9513,550.0,3,4,1016.87,47.79,6,97.65,25.45,93.95,2
3262,319925.1832,1156.68,3,2,138.9,45.17,5,39.59,27.21,87.26,5
3264,144028.1652,550.0,1,3,320.93,41.06,7,11.23,8.81,94.79,2
3265,439796.0716,1004.32,1,4,760.44,42.14,5,16.48,2.72,88.95,3
3266,439467.0557,1176.06,1,4,509.53,40.06,8,3.51,16.47,97.78,5
3267,305503.2712,1027.31,2,2,477.06,8.24,9,50.79,12.5,92.45,5
3268,250763.0469,1090.17,2,2,308.17,9.42,7,82.51,21.9,99.03,6
3269,182601.1792,550.0,3,3,637.83,26.0,10,15.36,10.04,99.9,4
3270,183399.3991,887.74,2,4,695.28,26.29,6,44.13,14.76,92.32,4
3271,293923.001,1322.13,1,4,438.24,39.86,7,6.34,19.99,99.9,7
3272,245033.0932,693.51,1,3,122.93,35.38,5,112.63,11.79,88.96,2
3273,158116.3485,579.11,2,3,503.17,25.53,5,112.41,9.67,82.98,4
3274,403545.9514,651.47,2,4,514.8,71.64,9,4.57,5.9,97.11,4
3275,317260.1668,1092.14,4,4,344.8,25.94,7,45.81,25.77,86.74,6
3276,224554.9565,678.8,2,3,246.18,32.37,8,1.25,12.96,97.36,6
3277,199811.224,550.0,2,3,416.13,60.9,8,10.23,30.24,85.71,7
3278,344662.7065,643.1,2,5,1068.25,28.53,8,108.74,15.72,94.39,3
3279,417647.5648,1147.62,1,4,657.62,3.02,9,60.9,16.88,97.23,6
3280,324596.3112,597.29,2,4,146.63,35.37,9,12.39,11.42,92.86,6
3281,203306.4263,1434.32,1,3,561.62,20.2,7,32.5,1.36,90.18,2
3282,353948.1172,1528.58,2,3,531.36,29.4,9,58.07,3.81,93.39,5
3283,125901.3577,550.0,1,4,794.9,42.49,8,15.41,7.2,87.89,3
3284,222777.0701,659.51,1,1,774.48,49.07,7,77.2,15.54,95.38,4
3285,299748.049,1292.68,3,3,543.48,32.08,7,2.25,7.33,85.69,6
3286,480231.0677,1996.41,2,4,470.03,3.51,8,44.21,27.26,99.9,10
3287,597680.795,839.82,3,5,700.17,3.51,5,58.65,34.84,87.49,5
3288,405334.8917,1228.64,2,3,634.83,31.0,9,8.56,34.14,98.26,8
3289,262097.6178,970.23,2,1,151.53,24.83,3,16.5,5.09,88.94,5
3290,370421.234,759.22,2,2,507.23,0.14,7,33.25,26.94,99.9,5
3291,303217.004,702.41,4,3,819.36,48.76,9,29.51,16.33,99.9,6
3292,373180.0435,1009.88,4,3,1151.39,53.47,6,2.43,10.29,94.88,7
3293,145967.6379,1065.79,1,2,380.22,43.31,3,8.46,49.5,87.95,3
3294,150830.2384,550.0,2,2,492.41,8.63,7,96.15,24.97,93.85,2
3295,692732.5812,1615.39,3,4,457.9,49.62,5,33.53,12.25,90.09,4
3296,275386.7579,840.53,1,4,710.01,14.97,8,107.16,25.62,90.85,5
3297,336680.312,1319.82,3,3,492.75,21.5,10,37.36,18.76,99.9,8
3298,230016.2448,712.03,3,3,133.02,18.75,7,101.05,22.69,90.48,6
3299,110454.7642,550.0,2,2,96.25,48.45,9,81.32,29.88,92.3,6
3300,376167.3388,1214.64,2,3,280.53,14.21,7,21.63,2.96,97.54,10
3301,346494.6724,550.0,1,5,222.26,64.69,7,49.18,17.88,92.13,1
3302,228863.4452,1412.23,5,2,827.51,35.62,9,55.21,52.57,87.69,3
3303,165108.6084,653.45,3,2,446.32,36.3,6,37.8,11.53,93.91,4
3304,658461.7223,1745.5,3,4,140.84,23.53,10,33.1,12.77,97.36,8
3305,228871.9721,929.41,2,3,669.98,6.89,9,48.78,7.93,98.24,5
3306,159467.8898,604.7,1,3,358.48,23.05,5,92.22,11.37,95.25,4
3307,129359.9835,550.0,2,3,694.9,32.07,7,73.63,23.53,94.56,4
3308,239657.1267,550.0,3,5,550.62,58.75,8,9.94,26.9,91.61,2
3309,166175.7552,550.0,4,2,566.81,17.82,5,54.37,6.93,84.49,4
3310,137600.1985,559.57,1,3,774.16,23.98,8,111.82,53.25,94.33,5
3311,423572.605,1542.55,1,4,278.23,18.91,8,41.62,3.32,94.86,5
3312,177463.4998,577.32,1,3,300.27,29.07,6,48.38,35.42,94.63,2
3313,342150.0252,1666.6,3,3,601.89,19.93,7,84.8,10.68,93.24,5
3315,201340.6777,790.7,4,2,498.91,38.64,4,86.05,41.41,93.65,5
3316,372771.7711,550.0,2,1,477.04,43.63,6,20.13,48.17,97.59,2
3317,198055.0008,782.19,1,3,488.57,77.61,6,68.26,9.85,88.85,5
3318,254110.0525,747.48,3,3,398.93,20.39,9,15.5,12.4,88.15,4
3319,253804.8412,713.07,1,1,845.74,5.94,6,11.88,15.63,92.62,3
3320,544722.7857,1396.01,3,5,554.38,67.25,8,57.78,8.35,95.91,7
3321,275038.5107,641.65,2,3,651.03,23.31,6,115.45,23.51,83.46,2
3322,117296.0179,550.0,1,3,559.41,42.67,10,54.97,16.2,89.69,2
3323,378654.5405,1361.24,2,2,822.86,32.17,8,54.73,5.36,95.77,6
3324,354961.7707,2170.18,1,2,223.46,4.33,8,50.89,3.51,89.62,5
3325,514905.4143,1041.99,3,4,345.04,30.18,5,55.61,16.72,93.72,5
3326,419292.4776,1635.13,2,3,285.85,19.8,7,8.43,16.55,87.4,7
3327,277702.0739,2121.6,2,3,416.2,62.78,7,47.98,22.78,90.52,6
3328,363057.9952,857.66,3,4,403.3,26.87,8,97.92,24.34,90.43,4
3329,454508.5205,1663.62,4,3,381.97,47.81,7,118.65,28.11,91.33,8
3330,194963.479,550.0,1,3,795.81,39.14,6,22.71,13.16,87.84,1
3331,456311.9426,1751.95,2,3,662.06,22.74,9,7.4,0.11,91.6,8
3332,210373.8428,1114.6,1,4,407.16,13.56,6,38.44,5.49,92.83,4
3333,441797.6611,1144.82,3,3,273.57,27.22,9,70.92,8.66,97.42,5
3334,200344.6846,1304.58,4,1,818.42,63.59,4,13.53,15.72,88.03,6
3335,402903.701,1530.65,1,3,279.94,28.18,9,0.76,11.45,89.54,3
3336,98929.34482,1236.85,2,2,294.35,24.57,8,42.37,17.37,94.93,4
3337,365600.5205,1487.6,3,2,660.53,17.89,7,39.4,14.97,99.9,8
3338,127115.2583,610.07,1,4,908.56,1.46,6,27.59,4.58,91.76,4
3339,395737.0034,1679.48,2,2,257.07,65.43,7,27.07,5.64,89.85,5
3340,373653.4927,959.09,4,3,476.4,36.75,6,51.7,53.55,87.38,6
3341,553218.0459,1555.16,3,3,294.43,44.82,5,44.85,29.79,85.46,4
3342,276244.1398,570.62,3,3,215.78,46.15,7,39.43,36.54,94.45,6
3344,361506.0277,550.0,3,4,897.81,23.43,7,11.96,18.39,94.32,5
3345,105014.6275,568.77,2,4,183.39,12.68,6,74.48,9.11,84.56,2
3346,357064.8566,923.29,3,1,735.72,23.68,9,2.06,19.28,97.14,6
3347,272324.5752,1408.19,1,2,559.88,17.19,6,35.65,5.99,87.61,4
3348,397948.0494,1488.9,2,4,734.17,49.2,8,21.5,9.96,91.53,7
3349,292748.9219,942.19,2,3,406.44,40.42,9,41.4,45.32,98.32,8
3350,200388.3774,1046.96,1,3,547.47,7.39,8,1.68,7.51,95.53,5
3351,382106.8186,1003.86,1,5,507.85,29.61,7,9.36,10.88,95.67,3
3352,469867.4543,1459.42,1,4,54.79,24.23,9,33.86,1.37,92.33,5
3353,302981.5026,1039.85,2,4,240.42,7.39,9,49.33,13.26,93.16,4
3354,150955.8344,774.79,1,2,367.35,27.19,8,25.05,16.03,92.24,5
3355,241602.6037,1191.94,1,3,343.99,43.74,7,37.49,25.66,99.9,5
3356,530254.5409,1229.28,2,5,113.92,63.14,8,41.59,28.62,92.03,6
3357,601712.3569,1359.74,3,4,515.75,22.8,10,45.27,14.49,92.3,5
3358,302507.2463,1417.36,2,2,391.11,30.53,6,39.82,9.05,95.8,5
3359,431617.4945,1391.97,1,3,677.48,14.8,9,18.37,21.95,99.68,9
3360,411235.6714,2186.44,3,2,626.15,47.12,7,46.46,5.55,99.08,9
3362,487725.8608,1679.32,2,3,407.86,48.44,8,98.62,24.43,97.15,9
3363,354911.9709,634.61,2,5,286.52,44.41,7,8.78,24.48,84.27,4
3364,176480.6397,644.91,1,1,157.42,4.74,5,38.89,26.5,96.5,1
3365,279788.7275,1124.58,2,3,98.5,38.28,9,95.29,12.42,89.55,7
3366,438846.4077,733.82,3,3,440.05,32.07,6,104.19,0.89,84.79,5
3367,201890.2908,550.0,2,3,673.1,32.34,7,36.74,40.38,96.19,2
3368,119443.0763,1329.87,1,2,87.85,23.7,6,47.96,29.66,99.9,6
3369,411627.6809,1003.5,2,3,382.44,62.58,8,30.42,9.59,93.56,6
3370,148416.2628,1285.27,1,3,464.33,6.6,6,94.56,3.53,93.27,4
3371,256564.7699,550.0,1,1,163.52,60.43,6,44.04,20.31,81.41,3
3372,362926.5998,1128.99,2,2,1206.43,54.51,6,53.32,1.18,93.7,6
3373,107426.5406,550.0,1,3,192.55,38.99,4,4.14,14.66,89.59,3
3374,306626.4858,974.69,2,4,1009.17,47.28,7,13.49,5.82,95.35,8
3375,403733.5564,1115.12,2,4,356.96,22.86,6,34.46,46.51,89.86,4
3376,285629.8997,1391.84,3,3,388.21,58.39,7,3.62,37.51,99.9,5
3377,469757.2951,559.96,3,3,298.95,54.76,7,14.72,13.59,97.11,8
3378,286895.6791,774.1,2,4,280.19,35.74,7,36.78,13.44,91.09,7
3379,295611.038,774.56,3,3,1003.29,44.58,8,0.32,16.49,89.55,8
3380,676723.7491,1310.08,5,5,742.73,60.45,9,137.11,31.9,87.17,7
3381,320403.0603,915.16,3,2,190.94,42.14,7,55.82,47.98,93.39,4
3382,520671.8883,1587.13,1,3,947.19,32.86,8,3.49,0.56,98.97,8
3384,472970.352,1057.86,3,3,889.21,10.35,10,78.31,14.71,90.93,7
3385,366361.8071,1515.07,2,3,949.39,57.27,6,64.97,6.0,96.8,5
3386,147534.5009,696.73,2,2,798.97,31.93,5,16.08,22.51,89.62,4
3387,438969.2377,758.96,1,3,241.79,11.55,7,71.17,15.55,90.36,6
3388,156162.9293,1039.41,1,2,763.38,44.08,5,49.98,3.11,89.84,4
3389,381219.9857,1638.91,1,4,831.23,9.47,8,69.93,17.6,99.9,4
3390,134397.8758,550.0,2,3,293.04,52.24,7,42.48,31.38,91.01,4
3391,272198.2958,1434.98,1,3,535.8,26.86,7,39.91,23.04,91.12,4
3392,339091.8612,1156.34,2,2,750.87,52.07,6,91.68,32.15,99.9,3
3393,358166.2244,1027.22,3,3,166.11,17.4,6,101.68,17.23,94.02,4
3394,511810.7553,1024.76,3,2,362.38,48.71,8,10.27,17.86,99.9,10
3395,244050.2982,862.58,2,3,548.0,53.0,9,23.81,12.83,99.34,6
3396,101637.682,1296.57,1,2,200.16,14.42,9,98.3,42.02,96.18,4
3397,332363.7699,1472.5,1,3,738.15,36.89,6,22.44,40.14,85.91,7
3398,131922.3499,550.0,2,3,104.81,63.77,6,19.7,5.69,93.49,3
3399,223236.2557,550.0,3,4,254.76,16.84,6,4.98,28.15,99.9,6
3400,238598.1583,950.91,1,2,16.56,9.5,3,34.37,27.47,94.65,3
3401,430310.8257,896.81,3,4,501.62,50.41,8,36.43,25.7,83.91,4
3402,97427.25678,550.0,1,3,802.22,34.69,4,12.35,11.81,97.82,3
3403,376579.2078,953.51,2,2,344.14,43.08,7,65.38,14.43,90.13,4
3404,274713.7644,1122.76,1,1,325.05,51.18,5,39.52,47.07,95.21,1
3405,484590.9808,1175.07,3,4,175.45,26.41,9,44.08,11.09,95.87,5
3406,332189.1019,1179.79,2,3,701.7,33.95,9,66.06,1.61,99.73,8
3407,343291.7696,1496.13,3,4,533.45,7.99,6,13.48,18.91,94.21,7
3408,324845.1451,550.0,2,3,333.86,43.69,6,60.0,2.22,99.9,3
3409,211134.6658,698.31,2,2,98.81,44.86,6,73.66,26.45,99.65,3
3410,261312.3182,704.82,1,3,492.72,3.62,6,4.59,31.73,92.79,4
3411,298393.5383,1389.32,2,4,418.03,22.56,10,43.46,5.71,98.55,5
3412,332446.69,852.64,2,5,428.46,24.87,10,15.62,4.32,98.23,5
3413,158687.2579,550.0,3,2,95.2,18.75,7,29.56,15.8,85.79,4
3414,353589.8626,808.5,2,3,130.41,30.98,7,63.87,19.49,92.23,8
3415,292366.4056,1469.8,3,2,516.4,29.53,9,25.07,23.8,99.9,9
3416,366259.8287,1196.2,1,4,136.35,31.07,10,15.11,11.92,99.9,8
3417,269536.7121,550.0,4,4,369.96,47.57,4,16.13,8.51,92.91,2
3418,154249.565,652.25,1,3,683.35,36.47,7,17.09,39.98,86.21,4
3419,516799.3191,1866.75,4,3,298.67,16.52,8,17.97,2.07,92.63,9
3420,172521.4329,642.36,1,3,505.06,23.25,8,9.28,11.26,96.05,3
3421,323691.9893,1594.27,3,2,616.64,35.59,8,55.03,24.36,87.72,6
3422,282404.5476,1156.97,2,4,479.93,18.81,7,95.71,27.87,90.25,3
3423,586725.5921,1237.01,4,3,395.55,33.33,10,43.39,1.83,87.04,8
3424,567107.0582,1154.13,2,4,599.28,40.54,7,5.65,0.27,91.65,4
3425,393907.9357,550.0,3,5,266.97,23.76,7,78.48,11.32,85.79,5
3426,709042.0325,1843.76,2,3,378.68,23.49,8,42.5,6.34,91.78,8
3427,297734.5705,1608.93,3,4,276.48,33.73,6,30.1,16.05,96.76,5
3428,311117.3515,550.0,2,4,1075.76,11.65,10,30.91,5.49,96.61,6
3429,163287.2633,1125.46,1,3,1066.76,70.03,6,16.53,20.3,90.88,5
3430,223318.1875,1415.41,1,2,366.14,30.38,5,66.11,1.09,90.79,1
3431,523767.7046,1489.93,3,4,862.07,24.76,9,17.03,4.43,99.9,8
3432,285671.5703,918.67,1,4,128.41,27.92,8,5.19,3.58,96.77,6
3433,179351.7761,550.0,3,3,217.22,0.4,5,12.56,0.68,93.2,5
3434,524675.272,986.95,2,4,630.8,29.99,6,20.19,10.0,93.7,5
3435,308965.5601,1898.58,2,2,666.38,63.09,9,3.51,17.52,93.81,5
3436,288967.6594,550.0,1,3,186.01,10.85,7,26.84,5.33,97.8,6
3438,472522.4074,1664.02,3,2,447.75,10.45,7,20.57,16.33,99.9,4
3439,220471.3335,1295.72,2,2,226.25,24.92,8,38.45,5.93,89.09,5
3440,163088.29,550.0,3,2,889.16,24.57,7,11.62,3.4,99.9,4
3441,212120.0921,550.0,3,4,447.98,53.27,9,29.22,28.28,89.1,7
3442,449851.6157,839.18,3,3,39.77,38.71,10,64.93,24.34,97.07,6
3443,329232.3675,1002.7,1,4,1018.61,3.87,9,39.66,3.63,97.44,6
3444,253725.7095,550.0,1,1,319.11,51.94,3,60.45,28.41,85.77,1
3445,129485.9721,752.01,1,4,660.36,43.6,9,18.97,1.83,95.47,5
3446,409291.9788,550.0,3,3,556.16,13.0,8,61.36,1.59,88.51,9
3447,294636.4247,1101.3,2,2,224.69,12.71,6,26.64,28.46,92.66,3
3448,459853.5182,1287.48,3,3,517.81,28.34,6,80.89,22.77,95.98,7
3449,175174.4727,601.5,2,2,422.68,57.05,5,11.18,38.12,87.12,1
3450,254573.7199,945.15,1,1,91.03,7.76,7,31.22,28.58,99.02,8
3451,368925.2699,794.9,2,3,412.11,36.09,8,63.66,22.13,99.9,8
3452,402197.8271,1282.32,2,4,752.49,30.3,8,40.62,9.55,93.85,6
3453,98837.63349,550.0,2,2,622.5,24.53,7,18.87,6.01,90.75,4
3454,366239.7416,1798.59,1,3,435.48,27.94,9,10.45,19.22,94.94,3
3455,183150.1299,571.26,1,2,800.59,27.25,6,41.18,10.58,98.17,1
3456,312782.8059,850.91,2,4,517.28,18.04,7,0.2,4.32,89.73,5
3457,216188.2021,550.0,2,3,629.44,16.53,9,16.33,7.07,92.87,6
3458,239682.4448,1182.12,1,2,224.42,45.22,6,62.85,15.29,91.14,3
3459,278031.9432,933.56,2,2,825.34,27.18,3,114.33,34.12,93.2,1
3460,303706.2523,641.56,2,4,227.82,39.7,9,4.72,29.81,98.2,4
3461,144095.3205,999.43,1,2,431.74,43.76,4,38.93,28.67,99.9,5
3462,250056.3135,601.34,2,3,918.91,57.11,7,66.24,30.2,91.39,7
3463,405354.2239,1591.98,3,3,624.6,10.27,7,44.55,1.69,99.9,4
3464,668152.1142,1061.61,3,4,117.16,14.98,7,70.58,3.44,99.6,7
3465,264828.2519,776.78,1,3,377.1,41.51,6,129.89,26.25,86.15,4
3466,110505.7101,654.07,2,3,1022.08,8.29,8,7.47,17.13,93.64,4
3467,124956.8317,597.77,4,2,236.83,5.14,7,23.25,13.65,86.75,4
3469,173457.2007,550.0,5,3,305.14,26.69,7,54.92,0.38,95.67,7
3470,344358.9229,550.0,3,3,104.1,34.49,5,31.48,1.2,98.7,6
3471,422939.493,1224.48,2,3,675.1,18.18,7,34.3,24.85,87.14,6
3472,261467.4176,1063.25,2,2,506.73,52.55,7,37.42,4.97,97.83,6
3473,175877.6048,550.0,3,2,456.75,42.73,7,89.64,32.98,92.81,2
3474,348788.7039,1245.36,1,4,727.46,48.94,8,33.55,19.67,99.9,4
3475,429335.8056,684.72,1,4,783.95,49.92,7,14.47,14.25,88.53,5
3476,680895.799,991.7,3,4,910.49,24.8,8,27.35,22.33,97.4,4
3477,339150.2321,1001.18,3,4,568.49,12.01,8,65.49,17.42,88.88,6
3478,293738.7038,1389.66,2,4,616.35,17.23,9,18.98,11.68,99.9,7
3479,374302.8931,839.76,1,4,138.49,47.83,9,6.82,8.14,91.74,7
3481,223038.8672,1028.47,1,2,481.75,4.78,9,27.26,11.69,93.88,5
3482,557414.8766,1619.25,4,3,487.47,35.75,9,32.41,14.57,91.39,7
3483,268929.6573,965.59,4,2,721.2,47.1,9,9.17,20.61,86.92,4
3485,248472.5921,902.42,1,5,59.04,28.28,9,15.21,23.94,95.48,10
3486,222754.4147,901.84,1,3,280.13,43.2,6,55.74,20.29,89.06,6
3487,461501.3745,1153.56,3,4,382.87,53.58,6,42.73,7.91,94.58,5
3488,173388.9812,758.47,1,3,245.91,0.37,8,41.65,13.94,87.99,2
3489,136448.261,550.0,2,2,192.64,32.15,2,18.61,16.69,93.31,4
3490,382919.7319,1041.4,3,3,54.97,80.06,8,67.24,36.56,99.9,3
3491,376807.9552,1163.32,3,3,366.04,12.24,6,36.19,3.71,99.9,4
3492,232410.9649,550.0,2,4,211.66,29.98,7,67.58,33.97,99.9,6
3493,362063.8721,1304.4,3,5,721.92,31.0,9,13.6,10.5,91.37,6
3494,197471.5405,550.0,1,1,482.24,38.52,5,90.56,42.77,94.11,4
3495,504313.189,1597.54,3,3,690.35,37.72,10,19.33,12.2,88.55,7
3496,88580.3812,1205.99,1,1,507.84,9.83,7,29.47,6.05,92.38,4
3497,478765.379,1029.78,2,4,344.32,5.79,8,59.03,8.89,89.6,7
3498,649144.8176,2173.66,4,3,713.77,12.95,7,73.17,13.58,99.9,10
3499,248291.5764,978.14,2,4,909.83,14.87,2,24.74,7.71,99.9,5
3500,257520.3555,1757.2,2,2,279.56,37.26,9,11.34,14.39,83.28,8
3501,274839.1916,1334.34,2,3,505.94,25.1,7,62.52,27.84,97.45,6
3502,281220.2829,797.88,3,2,718.12,72.84,5,74.97,16.2,86.42,3
3504,387011.2144,1262.8,2,2,501.86,9.49,8,30.81,3.55,94.82,3
3505,270701.2685,605.52,1,5,229.88,8.63,8,48.1,22.5,99.9,2
3506,162069.5658,1246.55,1,2,777.32,31.13,6,26.72,31.59,98.19,7
3507,151368.1563,798.96,2,1,618.83,31.33,4,30.34,26.49,91.07,4
3508,189416.9866,1001.09,3,2,170.91,50.77,6,65.95,22.74,98.03,5
3509,199969.075,1501.09,3,2,103.56,63.79,8,57.21,9.92,92.79,3
3510,362917.3377,1676.03,2,5,663.92,35.43,8,76.0,20.49,93.3,7
3511,164139.0562,1006.78,1,2,585.0,9.14,3,1.5,11.13,85.72,2
3512,186234.3612,1215.85,1,3,608.76,27.22,7,93.0,28.06,91.84,6
3513,121380.2128,550.0,2,3,558.05,33.01,4,80.32,16.16,94.4,3
3514,125451.6749,550.0,2,1,220.06,25.25,3,49.54,28.11,99.9,3
3515,345892.9122,1138.59,3,3,699.57,32.34,5,39.02,19.99,98.06,5
3516,567889.104,1293.66,3,3,358.37,0.03,8,12.7,7.88,92.72,7
3517,440072.279,1538.84,2,3,554.16,52.81,10,23.11,11.64,87.95,7
3518,151985.0457,1296.88,3,1,1051.09,18.2,7,19.99,16.93,99.9,6
3519,261273.8014,1505.35,1,4,343.48,32.63,6,30.14,14.29,88.78,4
3520,192421.813,620.94,1,4,214.94,37.96,7,19.15,2.67,95.23,7
3521,299649.7369,1001.99,3,2,14.7,16.42,6,1.51,14.1,93.17,6
3522,202869.0385,550.0,1,2,357.1,8.42,3,66.02,32.4,93.43,2
3523,200578.5387,1252.72,1,2,129.72,32.21,6,45.15,5.18,93.47,5
3524,297723.341,571.47,3,4,850.65,30.14,8,23.54,23.56,84.7,3
3525,415189.7194,550.0,3,5,531.24,51.66,9,54.05,22.17,94.94,5
3526,348184.7151,786.24,2,4,652.32,3.07,8,13.76,0.27,99.9,5
3527,329593.4904,1732.87,2,3,397.48,58.97,8,5.7,18.48,89.32,5
3528,183263.5271,550.0,2,2,546.45,27.57,5,45.95,17.76,99.1,3
3529,413490.4371,1368.0,3,5,398.5,5.35,6,35.91,7.37,89.11,6
3530,306977.1266,835.35,2,3,482.54,24.87,7,14.98,12.57,99.9,4
3531,180330.4983,712.06,2,3,216.75,49.75,4,20.37,15.73,96.83,2
3532,205482.8076,550.0,1,3,93.57,59.07,6,1.22,13.89,90.79,4
3533,208902.9946,550.0,1,4,315.49,15.63,10,50.46,20.44,92.32,7
3534,203731.6781,550.0,2,2,306.83,4.42,6,81.51,25.18,98.5,4
3535,202492.5214,1604.68,1,3,336.98,37.45,7,88.13,13.4,94.47,6
3536,365160.8737,1705.01,2,2,514.98,19.13,4,59.96,22.22,87.01,6
3537,446113.4462,889.74,2,4,674.86,23.49,8,22.54,5.04,90.27,5
3538,504189.9766,1175.77,5,3,223.27,14.9,9,66.36,12.12,94.8,8
3539,342576.4266,1058.22,1,3,354.82,30.52,7,64.54,24.74,99.9,5
3540,195818.9389,550.0,3,2,644.38,1.16,8,11.32,8.1,99.9,3
3541,423341.9493,627.24,4,3,1104.18,12.29,6,52.29,25.13,99.9,5
3542,255087.7075,561.16,1,5,497.27,35.22,10,1.21,34.8,88.3,6
3543,336400.2977,1064.72,3,4,444.14,54.88,7,9.04,37.17,99.9,5
3544,146723.0108,843.57,1,2,540.72,47.61,6,66.24,32.61,90.69,6
3545,382471.2411,1181.63,1,4,512.76,59.36,5,42.98,0.06,91.87,4
3546,284888.1118,1136.32,1,4,379.05,46.79,10,26.16,9.91,99.5,4
3547,398233.5466,1466.29,3,3,797.39,49.4,10,87.32,2.61,99.9,6
3548,170808.2439,550.0,1,3,288.76,56.21,7,101.52,33.14,84.66,4
3549,432760.687,1392.66,1,3,1007.89,6.67,5,60.49,29.8,91.32,4
3550,269144.7304,948.18,3,2,122.42,27.35,6,8.22,37.12,95.61,7
3551,469350.6521,1539.71,5,4,582.13,50.09,8,1.2,28.41,99.9,8
3552,133991.8721,1021.28,2,1,31.4,14.06,6,97.46,16.94,99.9,4
3553,407186.8924,1519.25,1,3,502.67,45.85,7,75.78,12.03,95.02,6
3554,196840.4434,1069.43,3,2,624.27,7.39,8,54.85,2.94,97.53,3
3555,106573.5554,958.52,2,1,856.39,36.15,4,16.04,16.98,87.6,3
3556,104494.0941,550.0,1,3,260.5,68.89,6,83.45,14.89,88.44,2
3557,265171.2807,1197.67,1,4,392.26,33.34,7,8.31,20.22,99.56,7
3558,102686.4687,709.95,1,2,40.08,14.54,5,5.45,27.59,88.65,2
3559,348780.2029,1465.72,1,3,310.21,18.56,7,9.88,15.79,99.13,9
3560,245781.3098,1279.97,1,4,222.69,39.89,8,10.44,6.85,91.81,6
3562,374053.7945,1098.27,3,2,1168.45,2.53,6,71.17,2.44,92.33,6
3563,403526.8027,1183.73,4,2,458.72,44.62,6,67.29,4.28,94.9,8
3564,243453.1123,1480.66,2,3,641.79,51.98,6,28.27,11.0,99.9,5
3565,311145.2758,1083.25,3,4,134.26,17.57,10,13.14,0.87,88.76,6
3566,454143.3559,1686.26,3,3,631.84,24.09,7,18.49,4.16,89.98,5
3567,489551.5899,1980.79,3,3,880.1,20.51,8,5.58,7.72,99.9,9
3568,178729.4383,645.62,1,3,451.04,21.4,7,42.16,52.21,98.46,5
3569,231074.2306,550.0,2,1,463.41,23.73,8,13.78,0.49,99.9,3
3570,347052.8596,550.0,2,5,360.74,23.23,6,64.0,14.44,99.9,3
3571,348619.8053,1681.69,2,3,615.04,7.9,8,29.35,5.82,91.88,9
3572,235370.7429,1662.26,1,2,397.11,39.39,8,83.02,29.95,96.45,6
3573,219950.3383,1270.45,2,2,622.96,46.96,7,84.87,29.86,94.6,7
3574,339933.3714,838.11,4,2,599.05,5.5,10,83.72,2.03,93.94,7
3575,135333.7626,975.57,1,2,197.27,44.83,6,79.16,4.66,95.97,4
3576,138576.4811,774.59,1,3,762.41,45.25,7,69.16,16.31,92.04,4
3577,239473.8559,550.0,1,1,418.94,71.58,3,11.38,25.58,92.24,1
3578,345373.5712,550.0,2,5,951.96,13.52,10,69.83,15.6,92.67,9
3579,521954.8921,581.94,3,4,518.23,31.61,9,34.84,17.26,99.62,7
3580,436153.2994,1035.55,2,6,187.9,74.41,10,57.28,15.3,93.69,4
3581,368075.5991,863.23,4,4,467.94,30.03,9,20.07,6.84,99.9,7
3582,261047.3999,550.0,2,4,782.01,28.96,6,61.33,13.88,99.9,5
3583,257495.1117,760.79,1,3,311.73,19.17,7,2.98,20.13,99.9,4
3584,119563.1348,924.97,2,2,987.22,61.68,4,60.26,19.49,94.79,4
3585,127009.0827,550.0,3,1,403.9,16.07,7,71.52,27.16,99.9,6
3586,679963.9132,1736.87,3,4,422.22,41.8,10,17.09,25.81,94.28,7
3587,269865.6223,1220.89,2,4,285.83,33.93,5,9.94,13.59,93.85,3
3588,517884.4598,1693.55,3,3,924.87,11.62,7,36.12,22.02,89.24,6
3589,253190.5315,1121.1,2,4,437.81,43.68,8,22.44,9.42,99.9,6
3590,260655.36,1046.69,2,3,157.52,16.44,10,60.58,13.98,92.06,7
3591,384186.1217,1740.6,3,5,980.41,15.37,9,59.65,2.02,93.33,8
3592,408496.2329,1275.35,3,4,718.87,2.33,7,47.5,15.18,92.26,6
3593,244766.5398,1574.03,1,3,799.67,37.89,6,65.68,26.45,99.9,7
3594,109353.449,760.31,1,2,458.1,38.12,6,44.96,41.36,95.92,2
3595,316375.6638,713.02,1,3,873.93,35.1,4,4.17,3.76,95.13,5
3596,596790.302,1636.47,4,3,307.5,46.34,7,59.31,7.49,95.8,4
3597,652902.385,895.52,4,4,424.22,38.5,9,50.65,3.98,95.16,7
3598,132898.4481,550.0,2,3,875.53,19.08,5,48.38,0.51,91.91,4
3599,254754.2361,1116.26,3,2,661.39,67.66,3,15.67,32.82,95.02,4
3600,350600.5119,753.82,1,4,432.32,45.17,6,27.5,12.77,97.5,6
3601,455430.4253,1357.84,1,3,784.37,47.18,7,4.97,19.04,96.29,8
3603,237289.5945,1343.88,3,3,1154.36,5.55,10,41.82,17.39,99.9,8
3604,491887.0762,1811.08,2,5,856.26,57.76,10,19.48,18.66,97.4,7
3605,310568.5287,794.37,3,3,398.39,15.58,6,40.27,26.83,98.66,5
3606,201989.3311,1255.65,2,2,711.58,50.2,6,46.23,19.13,98.97,6
3608,668529.4837,1135.69,3,4,676.14,13.03,10,5.58,2.63,95.35,10
3609,410850.8706,1999.12,2,2,460.22,65.74,5,11.6,28.31,96.0,4
3610,244151.4962,976.06,2,2,692.25,10.8,6,8.45,13.46,99.9,3
3611,98879.35132,550.0,1,2,264.21,41.57,6,65.96,29.51,99.9,3
3612,363115.9217,1495.54,3,4,102.09,12.7,10,67.64,7.68,97.47,7
3613,173320.6069,626.39,1,4,304.24,28.35,8,41.71,13.39,98.33,5
3614,463176.9846,1610.19,3,3,1107.22,46.55,8,61.03,15.19,91.51,4
3615,271593.7546,964.6,2,3,473.7,41.38,6,99.94,6.86,92.08,7
3617,218691.7563,591.51,2,3,149.91,19.79,7,54.06,47.14,97.41,3
3619,165832.1784,550.0,1,4,603.4,56.31,5,2.46,7.27,95.36,3
3620,467961.8684,565.46,2,5,207.62,30.3,8,96.94,2.29,99.9,8
3621,351117.6189,1113.09,1,3,857.27,6.19,8,30.43,9.0,91.8,6
3622,208666.9791,550.0,1,4,433.47,17.92,7,94.64,44.69,88.11,4
3623,279679.0263,1214.95,2,2,140.66,32.71,6,114.49,20.69,88.7,3
3624,413003.9979,1378.36,3,2,980.86,33.12,8,16.68,30.58,97.9,4
3625,238708.4293,748.96,1,3,488.79,18.0,6,71.87,10.13,88.03,6
3626,420255.3959,613.33,3,4,970.35,21.63,8,106.31,6.59,94.72,9
3627,287178.9815,1213.2,5,3,107.47,20.09,10,102.07,5.07,99.9,7
3628,583770.1028,1794.21,4,4,849.84,25.36,10,36.14,5.69,95.15,7
3629,190496.3225,1031.39,2,3,985.75,14.48,8,62.16,2.9,96.26,3
3630,419228.1018,736.06,2,4,643.32,38.98,9,99.69,1.62,94.83,6
3631,151346.0076,550.0,1,2,389.08,18.27,5,42.52,22.34,99.9,4
3632,152547.8006,672.46,2,2,292.67,42.51,4,138.06,23.04,85.39,3
3634,346404.9159,1309.44,4,3,898.41,8.15,7,116.31,31.67,89.49,5
3635,148899.3633,677.16,1,2,375.04,43.17,6,34.83,19.23,91.78,5
3636,259050.8582,886.37,1,4,398.52,34.23,9,1.34,1.5,99.9,6
3637,271802.8822,1811.78,1,4,491.15,3.73,8,56.01,6.37,96.72,6
3638,333916.3553,1153.29,3,3,738.17,17.63,10,63.47,4.24,90.12,3
3639,345571.5265,777.23,1,3,355.11,18.41,6,49.64,0.74,99.9,5
3640,519792.0075,1135.54,3,2,357.32,23.57,10,3.23,10.2,95.04,7
3641,389898.0003,917.99,1,4,151.87,80.23,4,12.68,21.99,96.63,5
3642,301123.5065,1295.36,1,2,46.4,44.02,4,106.99,16.08,96.13,5
3643,316635.7496,641.65,2,5,166.7,24.65,7,86.73,11.9,90.81,2
3644,250923.2967,991.63,2,3,449.5,66.92,10,53.67,11.62,85.1,5
3645,169416.882,678.06,3,2,383.89,38.64,4,27.09,3.41,87.95,5
3646,271626.442,1381.83,2,3,768.86,6.93,8,38.1,2.17,96.32,8
3647,249197.4365,1230.22,2,4,91.7,4.6,7,48.75,18.29,95.95,7
3648,397944.8863,1625.51,2,4,523.63,22.55,8,51.93,21.55,91.87,9
3649,113695.6907,692.41,1,3,1059.23,42.64,4,13.62,24.49,95.06,4
3650,600264.5963,2020.96,3,4,231.48,38.15,8,65.23,12.01,93.76,7
3651,281753.5547,1457.4,2,4,632.63,6.85,7,45.37,26.11,98.26,5
3652,85000.0,1161.07,1,1,534.56,19.26,6,50.38,20.06,93.11,6
3653,340564.4614,550.0,4,3,223.2,63.46,7,11.13,6.11,99.9,6
3654,114473.6565,788.63,1,1,432.95,37.95,7,93.9,20.91,96.55,3
3655,160967.1899,550.0,1,2,716.98,10.94,6,81.96,17.69,87.27,4
3656,421588.8578,663.23,3,3,133.15,0.32,8,9.44,19.92,98.82,6
3657,290193.7822,1413.97,1,3,613.62,12.75,5,1.67,32.52,98.08,6
3658,698889.7303,1069.97,3,5,281.48,14.14,10,15.74,8.6,91.46,8
3659,254403.7403,864.82,1,3,429.09,44.84,3,59.61,14.3,90.06,4
3660,262278.879,1212.91,1,4,726.85,48.2,7,55.73,3.88,99.45,6
3661,233257.5243,1418.77,1,3,114.07,41.07,8,46.15,16.7,88.53,7
3662,255530.6013,1964.4,1,2,929.31,46.62,5,84.11,4.72,88.14,5
3663,234702.934,1033.18,2,3,938.16,35.33,6,50.1,27.39,99.9,5
3664,157152.5847,550.0,2,2,733.44,77.31,6,54.34,33.38,99.13,5
3665,228606.7365,1440.26,3,1,565.5,22.41,9,30.43,14.68,93.58,5
3666,277242.4891,828.63,4,3,459.08,35.9,9,58.92,36.29,90.56,7
3667,115585.1555,550.0,1,2,593.84,4.14,5,64.78,36.63,86.18,5
3668,383724.1186,1166.38,3,3,832.25,45.36,10,41.2,2.96,91.24,3
3669,221443.7773,997.54,1,2,289.46,11.11,5,88.56,41.92,90.98,1
3670,157001.7057,550.0,1,3,488.87,45.5,3,111.9,27.78,99.64,3
3671,426827.1371,1491.29,2,2,357.3,34.76,7,99.75,37.53,99.9,7
3672,179621.2942,550.0,1,2,259.13,25.03,8,83.26,11.71,99.9,2
3673,260091.1449,1201.61,3,1,914.77,37.18,5,87.97,14.17,95.97,5
3674,370439.3523,1501.25,2,3,80.27,45.34,6,47.35,18.87,89.56,3
3675,207749.5349,550.0,4,3,670.25,15.53,7,93.8,1.6,99.9,4
3676,141848.9918,629.97,1,3,102.9,59.2,6,113.3,13.36,98.05,2
3677,610665.3734,1488.74,3,3,497.92,13.92,8,63.85,25.21,89.66,6
3678,288525.3515,1174.24,2,3,144.94,35.97,10,10.94,2.49,99.9,9
3679,308828.2779,550.0,1,1,289.02,32.45,4,67.49,43.93,85.43,1
3680,179240.4585,550.0,2,3,174.9,43.05,5,11.91,27.68,98.91,8
3681,239641.2752,553.63,2,2,417.33,12.56,5,58.29,18.55,94.26,1
3682,213261.663,550.0,1,1,332.63,41.13,3,25.43,15.4,99.9,1
3683,406167.87,897.39,3,3,866.78,67.91,5,29.1,9.05,94.3,4
3684,478728.7203,972.33,2,3,516.19,39.7,6,9.35,25.0,90.66,7
3685,274343.871,550.0,2,4,609.95,28.31,6,21.72,14.53,98.91,2
3686,307135.0187,1928.68,2,3,301.85,22.35,8,57.05,19.88,99.9,7
3687,254303.635,752.71,3,2,825.31,44.37,4,8.94,19.79,89.35,3
3688,163579.3966,561.54,4,2,573.31,56.63,7,125.84,33.07,97.38,6
3689,171977.7174,1012.69,1,3,455.09,4.18,4,28.24,2.51,88.52,3
3690,453381.6964,1649.83,2,3,709.08,27.17,10,5.21,9.93,99.74,5
3691,301378.5948,1115.75,2,2,381.71,39.5,5,40.24,8.35,91.07,5
3692,250327.6615,931.61,2,3,571.55,62.45,8,18.16,41.47,93.75,5
3693,238916.7137,550.0,2,5,595.84,33.9,10,13.87,23.75,94.54,6
3694,250913.9224,1628.7,1,4,1050.53,22.52,5,63.67,22.81,99.9,3
3695,401616.0384,1324.19,2,4,912.02,16.72,9,77.4,2.66,97.41,6
3696,242020.756,984.45,2,2,674.07,26.24,9,55.07,7.91,96.3,4
3697,109516.2163,620.11,1,2,192.09,24.03,6,92.6,29.23,96.27,1
3698,507865.0294,1318.75,5,3,1087.95,10.35,8,80.64,23.86,93.67,4
3699,166006.2892,869.37,1,4,998.29,61.37,7,79.2,42.54,95.03,4
3700,294283.1239,1095.18,2,3,97.17,15.18,9,16.52,11.71,98.12,9
3701,297256.5871,1047.06,1,3,621.55,23.45,6,61.2,35.56,99.9,5
3702,169471.5239,1069.49,1,3,757.58,37.84,4,46.86,5.73,80.9,6
3703,168729.8001,1027.55,2,1,498.04,20.68,3,87.26,29.83,89.89,1
3704,340383.2043,1446.91,4,2,259.84,16.16,6,40.89,2.57,92.82,6
3705,216085.2785,1028.21,3,2,513.63,28.05,7,29.88,38.12,96.3,2
3706,144709.6254,761.99,3,1,302.17,15.11,7,11.7,41.65,91.73,4
3707,551473.0718,1486.4,3,3,814.49,15.71,9,67.42,30.48,97.5,3
3708,343637.7017,904.28,2,3,193.62,68.72,9,40.06,0.97,93.38,6
3709,351210.4303,885.44,1,4,259.07,46.62,9,81.36,40.54,87.58,7
3710,313430.0109,1620.64,3,2,402.32,59.56,6,58.94,10.71,98.64,5
3711,190459.3301,550.0,3,1,754.56,3.18,6,15.95,25.03,92.36,2
3712,398329.3149,1119.09,1,3,525.71,5.43,10,56.01,24.92,95.73,6
3713,206891.4973,764.69,2,2,437.33,35.88,9,19.86,15.04,96.24,6
3715,192649.9063,550.0,3,3,138.12,45.04,7,85.35,3.67,94.29,5
3716,254961.9937,1090.39,1,3,798.1,59.36,8,79.59,31.73,95.2,4
3717,296999.248,667.3,2,3,671.66,29.01,3,118.18,9.62,95.57,2
3718,393769.5176,1728.37,4,2,892.69,38.83,5,1.28,1.26,86.4,2
3719,251081.8918,550.0,3,4,55.88,43.24,8,9.11,21.18,99.9,6
3720,327067.025,550.0,2,4,310.51,30.53,7,22.45,29.34,96.59,4
3721,480393.3519,767.32,1,4,959.68,18.66,8,33.42,14.04,99.9,6
3722,484182.6847,1448.76,3,2,420.23,27.39,7,30.51,12.67,88.88,8
3723,735196.0247,2263.12,3,4,696.47,32.5,10,43.52,16.54,95.26,8
3724,448083.1316,1140.1,2,3,520.12,38.79,10,74.82,17.84,85.8,8
3726,450940.4019,845.18,3,3,451.68,30.0,7,36.84,17.98,95.11,7
3727,279061.4155,1433.13,2,3,273.31,42.44,6,49.66,36.27,86.05,4
3728,319396.2929,974.62,1,3,96.39,0.56,10,14.19,15.75,96.06,8
3729,251522.4401,1351.97,3,2,581.74,31.68,8,61.59,16.56,94.41,5
3730,374267.3556,1782.12,2,2,399.94,41.62,9,81.16,21.9,93.12,6
3731,592878.0164,1539.17,3,4,447.32,58.9,6,21.72,9.73,91.36,8
3732,314212.8878,1707.24,3,2,1155.6,70.95,5,33.05,15.48,94.21,6
3733,486068.0823,1534.67,2,6,466.55,28.15,9,32.77,11.68,89.08,6
3734,453237.3277,1376.39,3,3,36.68,9.16,8,88.25,22.47,92.34,7
3735,152463.6497,550.0,2,4,161.86,12.7,5,93.85,25.32,89.18,4
3736,157692.2378,914.83,1,2,381.4,23.56,8,51.27,13.35,99.13,4
3737,541277.4834,1042.39,2,4,644.06,20.25,8,32.15,17.42,89.8,6
3738,614452.2313,601.52,3,4,17.2,39.14,7,4.83,27.6,91.02,6
3739,218544.7836,550.0,1,3,30.37,47.77,6,45.94,36.89,95.67,6
3740,423416.6083,805.96,2,3,844.53,47.19,7,3.85,30.4,98.24,6
3741,320483.7395,992.95,3,3,867.92,42.08,6,76.79,8.92,97.96,1
3743,288145.2699,550.0,3,2,317.83,55.2,3,78.53,22.58,87.73,4
3744,224961.5539,1310.8,2,2,311.28,36.98,6,69.72,14.24,91.01,4
3745,451392.1117,1303.24,2,3,989.25,25.71,9,30.85,17.25,96.24,5
3746,354213.0866,663.52,2,5,479.65,21.07,7,29.31,2.79,96.12,5
3747,244610.7551,1105.77,2,2,64.51,50.8,6,0.51,22.49,99.9,1
3748,219383.0633,693.41,1,4,618.25,45.84,6,21.48,25.06,98.99,6
3749,296943.6869,550.0,3,4,396.22,51.98,8,44.52,24.35,91.26,7
3750,323022.2186,1068.77,2,3,414.37,47.68,8,46.43,6.45,93.35,8
3751,395372.1412,1744.56,2,2,437.49,12.26,6,28.55,27.69,96.1,5
3752,249085.6337,550.0,2,2,125.4,31.75,7,59.81,26.48,88.72,4
3753,306098.3293,663.07,3,4,484.75,2.37,6,11.6,21.14,92.75,4
3754,417593.3801,781.98,2,4,419.94,43.28,5,62.47,19.1,94.82,3
3755,488567.3674,748.89,2,5,604.86,48.13,6,96.5,45.95,98.02,5
3756,265278.7319,1320.1,2,3,581.23,25.26,6,34.15,1.81,99.54,6
3758,239890.6814,550.0,2,3,9.28,2.23,9,99.46,19.89,99.9,4
3759,353108.2819,1104.28,3,4,247.27,8.22,5,65.69,21.36,92.75,5
3760,406620.216,1383.14,3,2,291.71,17.3,7,31.02,7.22,92.83,5
3761,219968.9935,550.0,2,5,959.25,7.5,6,64.62,20.72,99.41,7
3762,312287.0828,1479.17,1,3,756.72,4.23,10,31.6,4.64,95.2,4
3763,402910.4606,1564.04,4,3,583.64,33.79,6,54.03,17.94,91.82,7
3764,245490.2744,627.81,1,2,966.52,42.58,7,32.38,33.06,93.44,4
3765,417654.312,1050.87,1,4,293.12,29.56,7,68.9,22.03,97.52,4
3766,325747.0083,1059.66,4,2,669.51,37.39,9,8.86,3.03,97.6,5
3767,297105.0299,1735.68,2,2,463.03,39.44,5,32.12,6.71,89.14,5
3768,259240.2072,1639.69,1,4,432.74,37.29,7,56.46,43.37,93.84,5
3769,152376.5716,701.73,2,3,722.35,51.91,6,39.1,24.89,99.9,4
3770,335479.1449,1149.79,2,3,294.11,31.28,5,91.85,15.98,92.17,6
3771,327234.4101,1077.72,3,3,161.23,2.3,10,57.15,13.99,94.38,9
3772,268339.2621,659.38,4,3,1021.37,7.48,6,8.77,37.24,92.56,6
3774,350823.0371,824.68,2,4,443.81,21.28,9,50.93,7.16,85.32,5
3775,482617.6292,853.76,3,4,533.83,5.13,8,49.13,11.34,96.91,4
3776,562266.5537,1527.91,3,3,377.86,28.86,9,6.37,4.28,99.9,7
3777,339524.9233,1421.46,4,3,87.38,14.46,7,61.86,33.12,96.1,6
3778,216824.1826,550.0,2,3,239.71,19.61,5,4.96,2.93,99.9,5
3779,323911.7643,550.0,3,3,230.72,38.85,4,14.7,12.5,90.94,3
3780,308120.0689,681.71,2,4,182.99,28.4,5,32.25,19.73,88.56,3
3781,497905.6963,969.5,4,3,1020.08,6.17,9,24.19,11.43,97.67,7
3782,189564.2486,1055.06,2,3,890.91,68.04,6,29.97,26.56,91.61,4
3783,378628.5385,1111.38,2,2,882.33,38.89,9,99.46,12.38,99.9,9
3784,96863.68367,691.66,2,2,41.14,22.34,6,46.06,8.27,89.72,3
3785,319871.6826,1366.61,3,2,457.34,14.45,7,73.92,12.84,91.76,6
3786,353954.5232,920.56,2,2,828.17,46.83,7,12.82,20.4,99.05,5
3787,242810.4204,820.47,2,2,678.76,36.6,9,24.39,32.53,95.92,8
3788,579828.7902,1197.95,1,4,424.29,2.54,8,39.78,0.78,88.94,5
3789,337584.6674,1343.92,3,2,395.96,70.11,7,78.95,24.21,87.94,5
3790,130244.3485,550.0,1,3,583.93,21.92,7,13.82,38.31,93.73,4
3791,278669.5552,1207.53,3,3,375.11,52.36,6,79.98,14.35,92.24,8
3792,229083.7701,1180.8,2,3,84.78,31.35,6,56.74,51.77,94.2,4
3793,185993.6128,692.3,1,3,475.8,7.83,7,73.18,9.76,82.46,6
3794,299025.9899,550.0,2,1,359.12,22.54,2,115.36,40.01,89.71,1
3795,594199.6817,1565.14,2,4,888.22,32.79,6,45.14,10.23,90.69,8
3796,216799.6083,907.53,2,3,748.6,3.35,6,25.9,14.94,97.19,3
3797,475695.0762,743.68,2,4,316.28,11.74,8,33.61,31.15,94.9,6
3798,214425.1465,1302.39,1,3,565.9,45.1,7,95.09,18.93,96.95,5
3799,280770.2438,774.44,2,3,947.55,66.5,8,48.69,0.44,97.63,4
3800,637118.2194,1334.67,5,3,270.81,25.39,10,18.14,15.24,99.75,8
3801,108440.3348,961.1,1,2,296.34,31.93,7,72.6,34.04,96.4,4
3802,150576.3355,733.36,2,2,737.95,7.4,7,53.53,14.62,94.76,5
3803,143531.0914,550.0,4,2,421.86,19.4,6,30.23,8.29,94.38,5
3804,277856.4616,1532.21,2,1,472.29,21.53,6,15.31,21.49,94.88,4
3805,363575.0038,797.3,3,3,797.95,42.4,8,15.14,13.61,92.87,6
3806,468264.3781,1035.15,2,6,826.13,48.99,10,20.21,12.98,93.55,8
3807,184107.5474,550.0,5,2,466.66,9.67,6,25.94,19.59,87.66,2
3808,591379.3687,1434.95,5,3,1010.57,44.04,8,7.42,6.53,90.69,7
3809,129891.1783,550.0,1,4,457.3,45.4,9,8.61,0.83,97.52,4
3810,283376.6543,977.03,1,4,32.81,55.6,9,77.01,21.83,99.9,6
3811,114505.5941,833.92,1,2,444.51,5.89,8,91.77,15.45,99.41,4
3812,223105.4141,1697.87,1,3,722.04,11.27,9,69.99,13.27,94.83,8
3813,393730.3412,910.77,3,2,412.71,6.48,8,13.11,8.79,94.99,4
3814,217171.6912,1269.84,1,3,509.97,25.79,4,80.95,0.02,96.21,6
3815,713551.7912,1541.98,2,5,737.18,35.23,10,7.84,1.9,89.41,9
3816,241250.9306,1209.53,2,3,279.59,32.14,7,4.06,1.76,92.16,4
3817,531136.7027,1889.24,2,4,1009.89,28.61,9,7.06,13.88,99.9,7
3818,184652.8351,693.18,1,2,132.85,67.25,7,67.33,34.12,99.9,4
3819,247876.0339,726.52,3,3,750.84,30.56,10,30.6,20.01,99.9,8
3820,185347.049,1291.71,1,3,197.32,44.88,5,60.68,25.03,85.38,6
3821,296296.8546,1350.74,3,1,349.71,11.22,7,65.13,38.48,99.9,5
3822,133859.3801,559.1,1,1,529.5,30.82,5,57.1,6.33,87.14,1
3823,293386.9158,1608.72,2,4,375.62,29.47,8,60.0,33.66,86.35,5
3824,185377.3079,631.39,1,4,692.86,9.73,6,83.85,22.67,88.35,6
3825,218757.1645,1140.39,1,3,143.04,16.33,6,70.95,4.32,91.62,1
3826,159738.251,550.0,2,3,846.59,39.09,7,105.21,16.57,96.5,3
3827,100954.0932,550.0,3,1,641.79,62.0,4,72.1,7.59,88.96,4
3828,350743.6955,1413.16,2,3,554.43,9.33,7,31.43,2.65,89.75,6
3829,611065.099,2099.87,3,3,185.09,50.72,8,34.44,4.59,95.17,3
3830,96016.41834,550.0,2,3,355.38,28.12,4,104.93,33.43,91.17,3
3831,101236.1876,830.58,2,1,902.26,4.65,8,7.52,13.22,98.9,4
3832,280959.6153,1450.45,3,2,624.96,16.79,4,100.82,36.98,96.25,2
3833,469224.3919,1269.91,2,4,799.79,17.36,7,6.68,19.32,90.07,4
3834,156312.4717,550.0,2,3,683.55,34.79,4,67.31,18.35,92.99,1
3835,284932.3879,993.08,3,3,664.6,38.4,7,39.67,26.1,96.63,6
3836,214596.5987,1204.99,1,2,870.73,4.26,10,35.86,2.71,99.86,6
3837,108935.8619,988.76,2,3,1313.59,20.57,5,81.04,29.03,99.9,6
3838,607294.1805,1914.64,1,4,215.49,41.18,9,43.47,17.02,98.08,8
3839,334882.4909,762.18,2,4,774.24,7.18,6,19.36,8.24,91.16,6
3840,426579.6287,641.69,2,5,771.15,8.62,9,70.01,8.31,98.12,4
3841,120656.4199,550.0,1,2,289.13,63.59,5,18.13,29.97,85.3,3
3843,297133.7751,1671.11,2,3,848.09,11.66,8,9.5,13.71,99.69,3
3844,538787.2447,1663.19,5,1,676.05,35.23,8,44.79,2.56,98.73,7
3845,254900.1712,730.3,3,4,1162.25,24.96,6,8.95,5.83,92.75,6
3846,182105.3596,1025.57,3,1,81.44,35.25,8,8.32,12.64,92.93,7
3847,226301.7403,806.1,1,3,104.78,26.98,6,116.25,17.84,95.21,4
3848,218545.0964,550.0,3,3,446.33,4.31,5,36.66,38.23,99.44,4
3849,268163.8259,718.38,2,3,675.71,3.78,9,58.3,9.15,97.98,4
3850,388066.3842,947.97,2,4,430.49,30.08,7,4.52,9.06,97.57,3
3851,422554.5828,1229.6,3,4,669.56,48.59,7,70.98,10.22,99.9,7
3852,476623.2329,1609.6,2,3,963.22,31.99,7,45.52,30.62,94.76,4
3853,381018.2398,732.48,3,4,12.05,38.95,9,26.54,42.27,92.25,7
3854,354656.3014,1701.51,3,2,397.45,40.1,7,105.46,3.36,89.33,4
3855,212369.7208,1228.22,1,2,460.19,46.21,7,35.3,8.46,87.78,6
3857,113935.0884,714.24,2,2,12.89,44.84,5,85.2,24.39,99.1,1
3858,340862.5578,1434.89,2,3,514.35,38.89,8,85.29,37.6,98.13,5
3859,217034.6345,757.1,1,1,427.77,48.71,4,86.65,21.27,91.54,4
3860,229785.0799,1269.8,3,2,226.61,55.91,7,65.34,17.95,90.82,3
3861,578259.3649,1553.28,4,2,767.25,18.2,6,24.25,0.44,99.09,7
3862,216351.837,630.03,4,3,404.23,69.15,7,62.44,9.68,96.79,6
3863,484487.3022,1888.4,3,4,506.26,36.52,10,92.12,9.51,89.69,8
3864,163847.6551,550.0,1,3,171.47,48.97,6,83.77,34.55,92.42,4
3865,196172.7438,798.62,1,3,427.58,21.84,7,15.09,15.81,99.9,5
3866,198478.5025,607.86,1,1,577.09,39.02,6,4.35,20.57,97.11,4
3867,286430.9385,550.0,3,4,68.91,9.67,6,56.59,13.13,93.63,6
3868,336339.7509,1446.43,1,3,315.55,64.45,5,37.17,5.81,85.68,5
3869,201706.6066,1109.35,1,2,763.77,21.42,7,0.79,6.07,99.22,8
3870,197046.1664,550.0,1,2,62.29,23.8,7,77.89,17.86,99.9,2
3871,416588.5502,1844.34,3,3,670.38,21.32,7,54.25,7.37,96.79,5
3872,192170.6232,550.0,1,1,716.74,17.56,3,71.11,21.42,84.46,2
3873,304893.1125,866.0,1,3,535.74,18.55,6,25.59,23.97,86.54,5
3874,318960.2502,1001.01,1,4,261.73,6.43,8,98.73,19.07,99.9,8
3875,218798.9246,550.0,3,3,307.22,51.18,6,34.43,7.01,91.89,2
3876,167169.7473,550.0,1,2,33.24,25.19,4,51.55,20.19,95.07,3
3877,220535.3979,1111.09,2,4,302.8,10.52,7,11.45,3.94,96.46,4
3878,471933.5698,2228.78,2,2,8.42,19.35,7,9.74,2.83,95.29,7
3879,395455.9143,1454.5,3,4,393.24,33.38,5,59.86,5.17,89.97,5
3880,122880.1573,550.0,1,3,687.41,30.2,5,29.25,29.36,90.49,2
3881,347081.426,550.0,2,3,89.87,11.97,7,76.34,6.22,94.56,6
3882,121815.294,550.0,1,3,842.98,40.93,7,9.39,10.87,93.58,2
3883,441340.6356,1457.83,3,4,202.86,11.67,10,16.68,0.72,98.59,6
3884,147751.6192,707.6,2,3,823.29,32.6,6,25.55,15.02,92.96,2
3885,173014.2408,1146.31,2,2,564.3,55.74,3,50.97,18.88,88.85,1
3886,349328.3292,729.32,2,3,808.84,50.3,9,20.49,1.46,88.8,4
3887,214448.7043,909.24,1,2,432.83,44.97,5,29.12,11.26,96.61,6
3888,590169.0022,1405.91,1,4,588.23,6.77,10,17.42,4.54,97.53,9
3889,309973.0901,1030.27,1,3,723.0,62.82,6,15.76,8.84,88.26,3
3890,106055.4741,1325.44,1,2,103.62,38.13,4,54.77,20.97,96.27,3
3891,129666.8694,979.48,1,3,224.8,23.15,9,42.91,20.29,93.25,5
3892,192523.1451,550.0,1,3,647.11,36.58,7,53.14,6.99,97.86,2
3894,286151.1759,550.0,1,4,107.06,2.22,7,24.42,0.45,93.75,6
3895,102811.3906,1173.75,1,2,517.21,39.3,7,55.1,27.23,94.07,3
3896,186732.3028,554.97,1,4,749.92,8.98,8,54.91,24.61,91.56,4
3897,288365.1523,1426.26,2,4,405.28,2.24,9,37.18,4.32,87.82,4
3898,487047.1794,1123.12,3,4,204.76,22.51,8,51.0,16.84,96.06,6
3899,311596.6105,1106.34,2,5,1082.61,25.33,8,1.17,15.24,91.39,8
3900,301781.1467,801.85,3,3,621.36,47.83,7,56.13,16.32,93.34,8
3901,435573.3916,1946.01,2,2,988.21,13.96,6,56.97,8.29,92.3,7
3902,102050.3585,550.0,1,3,435.35,3.77,4,93.9,32.26,91.96,6
3903,142639.1425,908.42,1,3,14.54,48.12,7,51.58,27.84,92.13,4
3904,214878.8232,796.96,2,1,338.71,35.29,7,50.9,2.72,88.22,2
3905,277124.1579,1102.88,1,4,1004.95,35.8,10,56.78,49.5,99.9,8
3906,279107.4169,1066.26,2,4,839.44,52.4,10,4.55,13.37,99.9,7
3907,267270.4751,1206.92,1,3,375.51,55.98,6,74.22,30.96,95.25,5
3908,178033.013,1500.21,1,4,743.08,78.98,2,23.18,6.1,83.82,2
3909,317672.2156,1530.81,4,4,872.41,6.5,8,11.35,25.56,91.31,9
3910,183923.0472,1161.81,2,3,532.59,12.5,8,47.28,11.41,96.06,6
3911,236584.1873,964.97,2,3,392.99,33.85,7,9.51,8.0,98.53,5
3912,368115.7688,959.56,5,3,464.31,22.58,8,51.58,3.65,90.54,5
3913,124342.7351,644.51,2,1,21.86,7.0,5,4.62,30.3,91.74,3
3914,436583.3912,763.08,5,4,259.31,53.7,8,19.38,6.97,87.76,5
3915,298156.0984,1492.49,4,3,178.38,9.8,9,64.26,16.16,92.6,10
3916,269688.4728,1273.14,1,3,1115.4,3.1,9,12.27,22.07,93.45,2
3917,177184.5331,900.88,1,3,603.9,38.38,4,133.5,30.8,93.17,3
3918,416279.762,1184.28,3,5,320.38,41.76,8,23.74,17.37,90.41,8
3919,119043.1142,1328.73,1,2,753.97,19.06,4,72.13,19.23,83.77,2
3920,211407.4124,550.0,3,3,928.82,44.06,8,17.84,21.05,93.91,4
3921,266749.8707,829.55,2,4,467.36,55.87,9,67.09,7.71,99.9,5
3922,316027.3456,905.48,2,4,435.61,26.15,8,16.32,20.94,99.9,6
3923,144490.858,1063.24,1,3,651.54,58.61,7,9.72,3.24,93.09,5
3924,595309.7115,597.95,2,6,684.18,29.81,10,47.87,2.91,94.26,9
3925,230983.1464,550.0,2,4,617.07,57.36,8,61.35,21.62,95.78,4
3926,146561.8749,741.88,2,2,410.81,64.32,4,26.18,17.91,82.96,1
3927,187483.5506,550.0,3,3,769.96,46.43,6,20.05,12.85,86.24,4
3928,179729.0412,550.0,4,2,738.71,28.49,6,14.02,0.67,93.73,3
3929,244045.5199,738.18,1,3,515.33,59.06,5,77.13,1.68,92.55,7
3930,417763.8683,901.44,1,5,764.24,8.35,7,37.68,4.83,92.71,4
3931,303812.3481,550.0,3,2,133.69,30.57,6,51.7,26.0,89.26,7
3932,173399.3359,1045.86,1,3,97.21,18.79,9,34.43,5.28,94.31,5
3934,343577.4217,1206.11,1,3,433.88,40.39,8,35.12,8.83,94.14,4
3935,241661.6322,550.0,1,4,348.12,4.11,8,27.41,1.35,99.9,10
3936,189464.8595,806.32,2,3,213.07,15.42,8,23.42,29.33,99.9,4
3937,165824.5859,550.0,1,2,840.49,31.95,5,5.3,2.74,95.15,3
3938,374159.8778,2004.49,2,3,907.72,8.34,9,32.23,11.62,92.35,10
3939,469204.7181,1169.45,4,3,864.53,10.08,8,5.02,8.58,98.68,1
3941,167051.6335,693.49,1,3,558.93,52.08,4,21.29,22.61,92.49,4
3942,278686.3938,1158.98,1,3,126.54,23.96,10,84.29,20.01,99.9,7
3943,430935.5967,1083.57,4,3,457.59,54.52,5,76.53,42.93,93.53,7
3944,245612.8604,1290.57,2,4,115.93,17.67,6,90.44,34.52,85.74,5
3945,177194.0105,1052.01,1,4,667.58,16.93,5,22.58,19.87,99.9,3
3946,448028.7047,631.66,2,5,956.19,39.19,7,54.69,22.84,99.9,10
3947,276656.5065,1995.41,2,4,43.38,73.03,8,63.94,15.15,88.33,7
3948,104284.4088,1199.58,1,1,352.55,66.7,7,126.89,7.97,90.84,1
3949,99924.2893,884.98,2,2,618.22,50.67,3,32.41,26.17,97.05,2
3950,621039.3751,1134.03,4,3,984.12,12.9,10,26.84,9.89,88.72,6
3951,606667.6084,1346.52,3,4,495.15,48.47,8,15.14,3.85,92.79,5
3952,181675.5726,885.62,1,3,246.89,5.33,9,32.29,28.99,94.46,4
3953,342611.5057,860.91,3,3,548.63,12.15,8,36.41,12.06,98.44,5
3954,362288.7938,988.77,3,2,791.05,24.97,6,58.57,12.53,94.13,4
3955,732065.1985,2219.73,1,4,916.15,15.2,9,59.67,9.7,97.59,6
3956,370017.5252,1527.93,4,3,547.11,35.09,9,110.45,18.53,93.03,9
3957,205784.669,1330.24,3,1,573.49,37.93,7,64.0,10.25,99.9,5
3958,338592.5273,1181.68,2,2,157.44,28.71,7,7.59,23.65,97.42,7
3959,380038.2127,1617.38,4,2,796.9,6.38,8,50.27,20.1,96.46,8
3960,445058.7417,1366.81,3,4,659.3,34.34,10,48.41,7.74,93.95,8
3961,539832.9873,1666.59,4,1,899.5,23.97,9,38.74,8.91,99.9,8
3962,358917.8559,1043.69,3,2,807.17,24.66,9,39.57,39.77,90.36,5
3963,422578.4358,1956.56,4,3,439.89,28.24,9,41.45,25.14,90.96,8
3964,437480.4485,990.25,2,4,974.18,22.18,6,2.22,24.93,90.51,6
3965,113299.4671,550.0,2,3,385.89,40.63,3,35.9,35.47,92.55,1
3966,221231.2416,550.0,2,4,319.62,7.15,7,13.66,27.62,94.87,5
3967,258261.7063,1266.2,2,2,504.35,7.87,6,35.1,1.06,93.01,4
3968,177240.2426,675.85,1,3,499.92,42.85,6,35.84,29.74,98.59,4
3969,154243.4509,1065.93,2,2,585.78,43.39,8,34.34,5.34,99.81,5
3970,359000.7922,1658.33,2,3,176.79,48.87,7,5.72,2.83,89.49,5
3971,176999.8564,565.41,1,4,17.27,36.49,5,0.27,17.53,91.39,3
3972,527403.0778,1421.49,3,4,1145.54,5.94,10,62.74,3.17,92.67,6
3973,262486.264,550.0,2,2,105.42,68.27,7,7.29,17.34,95.93,4
3974,174489.4337,1166.68,2,3,754.17,46.65,4,65.09,33.9,95.58,5
3975,625748.35,1228.89,2,4,811.54,2.67,10,64.24,1.72,99.9,8
3976,444712.8941,1346.98,1,2,132.56,9.14,5,54.84,1.96,93.01,3
3977,221468.3481,1501.64,2,3,357.38,3.03,6,26.09,3.62,86.19,5
3978,557539.1088,1262.34,1,5,211.07,55.69,5,10.49,11.98,99.9,6
3979,314431.4141,550.0,1,2,701.03,18.47,2,29.59,30.86,96.84,2
3980,358034.3549,1166.46,2,3,520.05,68.26,6,47.6,10.85,95.17,7
3981,454502.9972,922.04,1,4,252.12,20.59,10,60.1,1.09,92.54,6
3982,257093.7751,1258.17,2,4,402.12,0.88,9,40.89,10.45,99.9,3
3983,202655.5799,585.17,2,4,264.42,15.32,7,6.4,33.02,88.05,6
3984,139960.6686,829.94,1,2,759.17,27.17,7,25.36,4.59,98.26,6
3985,186999.0163,1211.47,2,3,184.46,42.06,5,50.05,14.12,89.81,3
3986,520032.12,918.6,4,4,29.52,19.74,8,5.46,5.15,97.86,7
3987,278569.6882,1048.72,2,3,734.51,44.31,6,27.38,30.34,95.32,5
3988,218624.3683,550.0,3,3,223.9,30.03,7,34.92,12.52,91.52,5
3989,392258.1538,1622.71,2,3,251.59,44.47,7,48.27,7.95,91.04,5
3990,314516.4965,1626.18,1,2,91.59,4.27,10,43.31,16.57,99.9,7
3991,250071.3973,884.98,3,3,1100.91,16.42,5,31.02,3.0,93.78,3
3992,243166.5359,709.19,4,2,73.71,37.96,4,42.64,26.61,93.76,3
3993,596493.3763,1523.73,4,3,503.4,1.99,6,4.18,16.7,93.71,8
3994,574520.8943,1953.8,2,3,734.01,21.96,8,51.75,2.53,98.46,6
3995,389062.31,733.04,3,4,145.4,42.67,8,4.15,14.29,99.9,6
3996,146346.0614,550.0,1,1,560.02,38.62,6,108.95,1.18,99.78,3
3997,411696.635,1622.43,2,1,454.07,7.31,7,22.81,7.76,95.78,6
3998,642582.8348,948.98,3,4,689.82,27.86,5,29.14,14.91,81.71,5
3999,157016.0229,707.44,2,3,1199.93,60.29,2,0.83,23.94,88.06,3
4000,133338.4679,672.57,1,4,128.28,22.59,9,76.08,32.85,89.02,2
4001,275140.2195,853.27,1,3,313.58,16.78,6,77.79,7.52,99.9,2
4002,181312.0461,1025.62,2,1,169.54,23.35,4,103.43,9.67,96.55,3
4003,256768.3487,1326.33,2,2,925.08,70.28,7,65.93,35.28,95.8,6
4004,411587.6099,1689.08,2,2,777.17,32.95,5,39.78,22.36,93.31,5
4005,153535.3657,690.05,1,1,446.66,51.78,6,71.1,26.58,92.91,3
4006,247871.7929,550.0,2,3,136.51,49.92,4,1.5,26.72,94.0,7
4007,253177.1581,802.49,3,4,538.41,1.81,10,56.03,12.01,99.9,7
4008,370271.3157,550.0,1,1,640.79,33.22,3,48.34,2.98,90.48,1
4009,167155.3782,681.06,3,1,618.21,13.18,6,6.5,39.18,94.38,5
4010,252942.5077,550.0,4,2,46.72,32.06,6,39.2,18.45,95.45,5
4011,244662.9562,1840.34,3,1,426.25,47.4,8,79.06,13.49,96.53,5
4012,279896.2587,1038.3,2,4,1066.03,75.45,7,133.01,6.54,96.24,4
4013,584575.3763,1216.41,4,5,1059.28,13.58,8,19.19,31.52,99.76,8
4014,543138.2959,929.42,4,4,579.92,31.51,9,100.87,9.36,97.89,9
4015,237929.7921,550.0,1,3,666.22,20.35,4,50.4,38.59,90.05,6
4016,372012.1632,550.0,3,4,418.32,45.07,5,29.34,32.21,91.47,5
4017,646683.8933,1586.68,3,4,85.87,0.37,8,65.97,4.49,92.07,7
4018,251560.2403,1251.3,2,3,375.35,40.33,7,5.51,15.21,96.2,5
4019,266670.5158,804.09,3,4,149.62,61.74,8,93.6,23.34,93.91,6
4020,258582.6683,971.55,1,3,603.51,5.99,8,35.1,8.33,93.92,7
4021,413716.1285,1492.21,3,3,943.07,11.54,4,37.8,48.02,91.39,3
4022,146398.0981,550.0,2,2,281.58,35.38,5,37.33,39.9,98.15,4
4023,188495.1353,1251.57,2,2,860.35,38.4,9,46.6,12.76,90.13,5
4024,98005.92278,583.67,1,3,287.68,31.95,6,52.72,10.59,87.44,3
4025,263584.8855,1625.02,1,5,195.41,44.81,6,49.96,5.86,88.85,1
4026,372258.5187,1093.65,3,3,428.73,50.52,8,14.1,11.85,90.65,9
4027,402845.5918,1923.1,4,2,294.11,12.89,9,116.99,11.21,86.33,5
4028,301642.0436,718.07,2,5,138.05,43.1,10,70.62,4.7,90.5,6
4029,319907.6503,550.0,1,4,578.04,34.49,4,1.75,16.18,96.06,4
4030,370472.503,863.05,1,4,645.3,60.88,7,104.92,14.98,98.36,5
4031,351121.5052,818.83,1,4,845.29,44.12,4,8.02,40.61,99.9,3
4032,335231.6833,1779.61,1,3,928.87,39.14,6,107.07,46.13,97.68,6
4033,293299.7552,925.18,3,3,648.46,27.4,8,26.17,7.9,91.37,4
4035,210645.6183,550.0,1,4,672.37,44.25,9,32.3,11.91,96.5,2
4036,267584.1455,1045.55,4,2,1211.93,22.97,10,79.71,10.99,89.09,9
4037,183177.725,759.17,2,3,303.47,23.92,7,61.69,15.39,89.51,1
4038,117006.0878,883.65,2,2,181.05,69.75,6,53.21,15.06,95.49,1
4039,192555.8989,550.0,2,4,824.43,9.24,8,43.91,15.25,99.9,8
4040,297541.9988,1230.02,2,3,243.32,8.16,7,17.5,35.5,94.77,6
4041,228370.9642,1364.11,2,2,362.63,55.23,5,16.12,33.71,92.57,4
4042,143269.7371,617.43,1,1,683.11,39.0,2,49.1,38.29,91.42,2
4043,467528.3796,2162.74,4,4,686.13,58.59,10,3.75,5.31,94.29,6
4044,308561.9271,609.69,1,5,177.26,31.34,9,17.99,10.84,92.29,4
4045,374997.0191,994.94,2,3,507.81,35.25,10,104.41,35.99,92.61,6
4046,282289.0209,1183.2,2,4,662.46,36.73,9,42.68,0.19,95.6,8
4047,202878.4811,550.0,2,1,529.29,54.31,3,51.85,16.28,86.78,1
4048,608409.4563,1259.23,4,5,741.42,12.62,8,1.9,4.64,97.29,6
4050,166647.5865,550.0,1,3,272.3,27.42,4,7.61,9.93,92.87,4
4051,110779.6411,550.0,1,3,364.47,28.31,5,91.72,14.36,91.44,4
4052,191567.1324,550.0,1,4,200.61,22.44,3,105.69,5.32,86.92,2
4053,158471.7514,1084.17,1,2,719.87,33.1,7,85.57,9.76,91.63,1
4054,129689.9637,561.66,1,2,569.17,16.98,4,53.49,24.15,86.58,2
4055,436602.8189,1440.35,3,3,326.94,37.32,7,54.7,22.3,98.79,6
4056,174333.5708,550.0,1,2,273.57,16.48,6,29.86,39.34,89.53,3
4057,375267.7952,1024.69,1,4,386.54,17.87,10,2.49,2.2,92.8,9
4058,212778.75,550.0,1,2,518.19,52.16,5,29.55,4.55,91.26,1
4059,331174.7702,1124.32,3,4,1259.3,20.76,9,3.3,0.11,96.07,6
4060,231689.9809,727.05,4,4,183.98,8.71,7,0.43,27.23,99.9,5
4061,231570.9801,818.58,2,1,58.83,35.31,7,49.41,20.22,86.87,4
4062,104669.2729,550.0,1,3,465.91,20.34,7,11.63,31.04,99.9,3
4063,374415.8652,1635.34,4,3,640.43,32.5,10,23.25,7.25,99.69,6
4064,279229.2929,836.14,1,4,60.02,21.46,9,54.85,20.34,99.9,5
4065,285859.5581,1128.41,3,2,830.4,39.67,6,97.17,13.98,98.23,3
4066,361201.223,1159.75,3,3,718.75,10.65,8,48.89,1.14,97.28,5
4068,240991.5035,845.78,2,2,579.32,17.02,8,68.41,33.88,91.95,5
4069,414159.8518,1011.95,2,3,132.27,34.32,3,20.11,19.3,97.66,6
4070,311410.7473,1152.37,2,4,1063.58,65.44,10,55.33,14.56,92.53,5
4071,153266.9508,1349.78,2,1,326.74,51.0,6,49.6,43.34,89.95,3
4072,436686.29,1689.2,3,3,740.25,14.54,10,49.5,4.98,93.31,10
4073,492873.3022,1535.8,3,3,622.19,16.65,9,2.27,24.12,94.93,8
4075,294272.5689,1601.42,1,4,873.92,71.18,5,23.6,44.59,94.61,6
4077,407353.718,1494.74,2,3,364.06,3.71,7,96.74,41.28,99.9,3
4078,481706.3547,1823.82,2,3,309.59,32.58,8,37.13,22.86,99.9,9
4079,410553.001,846.35,2,4,834.39,24.23,8,7.68,12.2,91.2,4
4080,383349.313,1252.11,4,3,778.61,16.8,8,20.76,37.13,95.04,6
4081,569354.2613,1771.39,3,3,839.52,46.83,9,35.27,21.34,90.17,6
4082,155541.194,550.0,2,4,75.84,18.01,8,86.92,10.32,96.12,3
4083,214337.2408,693.88,3,3,778.81,24.98,3,99.27,28.25,93.82,4
4084,446075.8762,943.89,3,3,463.69,23.92,9,25.75,11.25,89.09,7
4085,223367.7467,550.0,2,2,355.3,45.22,7,97.58,35.89,91.68,2
4086,507210.8837,1313.96,3,5,781.31,28.45,10,56.16,2.65,98.42,4
4087,200630.6172,598.13,3,3,642.53,24.14,7,107.84,17.94,93.13,5
4088,412065.7793,870.7,3,4,836.51,15.37,9,9.7,12.46,96.04,9
4089,527035.421,710.11,4,3,76.79,55.99,6,19.9,13.48,88.58,6
4090,611446.3581,1432.31,3,4,457.25,13.05,10,0.16,24.35,96.61,6
4091,416635.855,1128.26,3,3,827.47,29.71,7,89.18,3.97,94.02,6
4092,266182.0228,1170.32,3,3,640.78,25.91,6,70.8,2.45,89.29,4
4093,166715.2509,799.57,1,2,460.93,40.2,9,46.71,29.26,94.76,5
4094,191467.3252,550.0,2,4,802.1,17.39,8,74.58,21.37,82.0,3
4095,106660.6252,657.43,2,2,886.83,65.15,5,9.26,23.52,98.04,5
4096,153992.6998,550.0,2,3,599.17,19.77,7,8.88,6.23,99.39,3
4097,249751.8563,1236.0,4,3,384.98,23.15,10,24.69,52.88,97.74,7
4098,387250.9039,1248.45,2,4,485.22,51.4,9,8.95,21.64,93.66,7
4099,144701.5746,638.03,1,3,795.57,33.65,8,43.74,31.42,94.1,3
4100,438926.1957,1086.21,1,4,761.18,25.23,10,28.88,19.41,97.64,6
4101,336364.0082,890.77,3,4,651.7,28.89,9,5.99,5.94,99.9,5
4102,444412.2556,707.34,3,3,571.86,14.33,8,34.98,8.32,97.18,9
4103,402303.617,2206.64,2,3,732.08,18.53,9,28.64,11.66,99.35,10
4104,232398.5723,550.0,2,4,65.08,42.04,6,116.05,20.0,86.07,1
4105,103129.133,550.0,2,3,402.36,52.7,5,70.94,3.11,90.32,1
4106,215208.6958,550.0,3,3,484.68,36.3,9,33.27,30.04,99.9,5
4107,201689.7868,1060.93,2,3,360.62,50.43,9,0.85,4.06,99.32,6
4109,379183.5131,617.91,3,3,1047.74,7.02,5,56.75,1.39,91.41,5
4110,193155.3973,1224.95,3,2,847.58,2.17,8,21.96,1.81,95.48,3
4111,200754.4642,550.0,2,2,543.23,18.71,4,96.14,19.52,92.18,1
4112,524187.1143,878.71,3,5,1061.87,38.27,9,9.59,11.06,89.78,8
4113,273450.5838,1464.65,2,4,243.16,31.63,8,43.22,8.04,90.85,4
4114,354867.3422,1471.77,1,2,738.03,27.97,5,9.43,5.05,99.9,5
4115,223631.1761,1077.07,2,4,704.37,55.86,5,118.62,34.3,91.73,5
4116,334874.4242,1033.26,3,2,466.89,21.06,5,45.72,9.6,89.41,5
4117,540583.1263,864.47,5,4,395.39,23.07,8,57.56,33.35,97.08,6
4118,291232.6503,1750.04,2,3,362.73,22.58,7,62.1,32.02,93.01,5
4119,327888.4721,550.0,2,4,50.69,14.85,9,13.49,19.44,97.68,8
4120,283571.5975,1724.22,2,4,488.82,41.67,10,57.64,15.3,93.76,7
4121,411243.601,1231.08,3,5,869.92,61.57,9,0.73,33.69,93.78,6
4122,215523.7457,674.53,2,4,281.42,1.4,9,24.47,20.7,98.52,6
4123,119066.8326,813.84,1,1,1005.25,42.11,4,121.45,3.14,91.49,3
4124,135379.6073,550.0,1,3,426.75,3.62,7,50.79,17.62,94.55,3
4125,509360.4471,1657.28,1,3,186.92,47.8,6,26.77,7.9,85.85,6
4126,218535.876,818.16,2,2,652.94,16.28,8,12.9,20.93,95.68,6
4127,127943.04,550.0,2,2,797.7,19.93,2,121.03,31.76,96.73,3
4128,155965.7046,1062.47,2,1,78.23,8.68,4,67.35,3.44,97.1,2
4129,205574.7663,775.12,2,2,456.11,39.3,4,16.86,0.89,91.51,4
4130,197377.5948,819.71,3,2,598.22,1.17,9,18.64,14.44,97.04,6
4131,313547.4323,1435.79,2,2,122.81,33.29,5,98.86,49.04,94.04,5
4132,280525.7092,955.04,1,4,832.77,33.79,10,57.45,3.51,90.13,8
4133,159538.5303,1014.33,2,2,340.75,42.34,5,15.66,35.01,89.29,4
4134,118533.4498,595.93,1,2,337.24,53.86,3,64.66,12.68,90.4,2
4135,245220.0589,848.11,1,5,778.94,14.73,8,37.27,37.02,90.29,2
4136,218601.7834,895.85,1,4,935.71,21.76,7,88.11,3.31,92.86,6
4137,186989.4931,947.5,1,3,737.57,18.24,6,0.39,17.98,97.66,6
4138,300158.0896,1644.94,3,4,1206.59,42.01,5,41.64,24.32,91.61,7
4139,545669.8696,1504.98,4,2,681.11,55.41,7,70.59,6.77,87.94,7
4140,271635.8595,823.98,4,3,1300.08,28.98,7,18.82,23.71,99.9,5
4141,115582.8138,550.0,3,2,155.03,49.64,6,40.49,0.43,99.12,3
4142,163298.013,611.78,3,2,779.85,9.41,5,39.83,13.24,95.3,3
4143,314209.3173,1521.66,1,4,364.8,31.69,4,42.24,30.23,90.42,2
4144,113695.3777,852.57,2,2,97.21,33.37,4,34.81,50.35,97.07,1
4145,210733.5129,1099.16,1,3,1041.06,30.78,7,22.09,6.23,99.31,4
4146,142093.7534,598.47,3,2,971.78,55.41,4,19.39,28.55,95.88,1
4147,197659.0477,550.0,1,2,811.5,31.91,6,47.62,34.77,93.8,3
4148,714639.506,1293.97,3,5,756.53,9.43,4,56.31,2.58,92.03,5
4149,431148.7435,1637.19,1,4,618.26,4.91,10,15.44,5.46,99.41,7
4150,185795.1425,1507.02,2,1,976.97,37.08,8,3.15,5.19,84.35,7
4151,185486.3727,843.94,3,2,687.64,0.18,9,69.9,14.57,96.94,3
4153,234719.5722,550.0,1,2,413.16,22.04,3,79.69,27.44,99.23,3
4154,293364.156,550.0,2,3,344.01,17.7,10,24.64,12.65,95.27,5
4155,377705.7939,1077.55,2,4,81.33,8.21,7,7.57,27.18,92.21,7
4156,380264.2489,900.27,4,5,199.73,20.22,8,48.95,4.32,92.82,9
4158,265184.1466,1384.6,2,2,246.71,51.13,3,68.81,3.72,88.67,3
4159,150907.6334,810.68,1,2,620.52,7.27,4,11.71,20.82,86.66,1
4160,180417.0395,550.0,3,2,809.64,33.09,6,40.11,44.1,99.9,5
4161,156485.1911,550.0,2,3,977.74,37.72,6,77.72,22.3,95.06,2
4162,227867.0347,1029.81,2,2,24.46,27.11,5,85.69,15.79,96.63,5
4163,190550.1523,657.69,1,4,9.84,18.7,8,67.67,6.7,97.21,1
4164,315696.835,1015.91,3,2,158.02,53.96,6,47.25,13.39,94.24,5
4165,287895.6731,1217.26,4,4,135.46,30.82,6,32.35,6.2,97.01,3
4166,240714.5768,1437.55,1,2,249.77,35.51,7,84.98,14.21,84.28,5
4167,648983.5545,1633.22,3,3,737.41,50.28,8,4.36,1.82,94.02,8
4168,502261.871,1801.97,2,3,816.78,28.16,7,42.65,8.29,90.67,5
4169,273247.2535,1036.2,3,4,200.87,76.02,5,35.33,7.79,95.39,4
4170,288870.6199,953.36,3,2,692.27,17.44,8,68.46,2.89,93.25,5
4171,621710.0892,1583.22,3,5,600.23,14.12,10,19.29,0.89,99.9,5
4172,395658.2952,759.25,2,4,814.23,61.26,5,37.33,32.03,99.9,5
4173,161850.87,550.0,3,2,431.24,20.6,5,44.4,16.91,91.98,4
4174,278642.1448,677.71,2,3,169.54,64.36,5,4.04,36.43,95.65,3
4175,99936.5567,563.33,1,3,268.21,6.64,9,35.55,7.76,96.47,5
4176,360527.6946,1464.41,1,3,557.48,34.62,5,2.19,17.64,87.77,4
4177,563818.5624,829.1,4,3,846.18,17.1,6,44.48,16.35,99.9,6
4178,120515.0697,928.34,2,2,560.91,51.95,6,93.4,21.25,83.87,4
4179,111387.8426,550.0,2,2,406.06,28.88,5,54.2,20.71,96.16,4
4180,520589.6866,1590.37,4,2,935.42,41.33,7,6.28,7.16,94.59,5
4181,298360.0431,1132.92,2,4,262.85,33.43,10,38.15,14.79,99.66,8
4182,165950.2086,1202.15,2,1,1127.32,49.62,6,59.25,17.17,96.15,6
4183,434904.4448,1267.34,2,4,487.7,13.3,7,44.7,4.33,92.73,7
4184,180247.7314,1614.37,1,2,483.68,70.17,6,49.51,16.46,99.9,5
4185,403830.6891,1001.84,3,2,332.49,9.02,9,57.8,7.33,95.6,6
4186,352245.6365,1352.6,2,3,589.73,12.81,7,30.15,24.81,93.06,5
4187,111900.5148,1236.63,2,3,172.51,56.61,9,54.74,23.83,94.2,1
4188,504108.4969,1049.18,3,4,707.58,28.7,8,35.17,13.22,95.43,7
4189,453458.35,1412.25,2,1,777.83,24.89,6,15.21,2.22,92.94,9
4190,217355.5061,1371.91,2,2,906.34,3.62,5,5.79,1.85,86.98,3
4191,452777.9337,1715.76,3,5,75.55,57.25,9,5.49,20.61,87.15,8
4192,148202.4455,550.0,1,2,713.41,41.03,9,12.94,11.16,95.58,2
4193,105508.9037,732.31,2,1,617.27,37.07,7,97.95,4.47,98.74,4
4194,458228.8181,1711.71,1,3,1013.39,41.84,8,64.35,10.14,89.0,4
4195,299089.7759,1052.21,2,3,644.02,36.63,8,60.33,13.81,92.85,4
4197,296219.1147,1358.27,2,3,279.96,24.99,9,74.8,33.43,86.09,6
4198,363679.9014,822.89,3,2,559.66,44.97,5,111.8,23.55,95.37,6
4199,302024.3159,1262.48,3,4,243.41,70.45,10,28.05,35.69,92.22,5
4200,257522.3403,1722.27,1,3,182.64,10.11,10,64.29,19.77,96.03,5
4201,184235.5417,1028.46,1,3,369.83,51.39,5,104.99,24.35,99.9,6
4203,405985.2649,1803.59,5,2,136.85,8.95,8,4.28,10.05,90.99,8
4204,319668.9235,1177.49,1,3,863.48,46.36,5,15.19,5.39,89.91,4
4205,95483.31074,550.0,2,3,227.03,18.48,8,61.32,1.34,90.08,4
4206,188004.8544,1024.61,2,2,1089.41,11.38,6,40.42,25.56,94.72,6
4208,166427.1753,917.3,1,3,588.81,5.74,6,19.86,11.6,93.71,4
4209,354011.8775,1225.4,3,3,740.54,30.86,8,9.14,12.36,97.07,5
4210,156383.6703,550.0,2,3,438.7,0.47,7,30.85,29.77,99.9,4
4211,229456.1673,586.53,1,3,880.07,2.47,6,81.83,16.9,99.9,3
4212,339157.6545,1679.53,2,3,203.13,14.86,9,13.2,12.43,97.33,8
4213,166416.1392,1384.34,2,1,514.0,56.25,4,57.42,2.02,87.3,3
4214,186897.8253,1065.62,1,4,420.97,23.96,5,43.04,7.86,98.35,5
4215,398962.6882,829.74,2,4,740.29,7.17,10,10.99,34.49,95.51,5
4216,184023.9313,1005.49,2,2,330.77,36.35,10,13.63,16.66,96.17,5
4217,227283.5277,898.34,2,3,795.01,10.89,5,3.35,8.39,98.47,5
4218,214792.7871,550.0,4,2,185.8,18.59,9,75.0,23.3,94.46,3
4219,150732.3466,1358.21,1,1,521.29,51.7,3,34.04,14.06,99.61,6
4220,210136.9152,1550.51,2,1,148.42,12.28,6,3.63,0.38,95.53,5
4221,279721.3529,1601.24,1,3,763.98,45.98,7,36.58,13.81,99.9,5
4222,224349.0624,1258.66,1,3,1174.25,62.53,6,71.41,46.7,87.52,2
4223,112111.933,550.0,2,3,329.86,66.59,5,70.71,24.27,91.93,3
4225,507694.0321,1875.77,1,4,300.89,31.67,7,39.17,1.02,97.53,6
4226,344786.63,550.0,1,2,1082.84,16.95,8,57.15,30.86,94.33,2
4227,288276.8444,1863.33,1,3,857.09,4.57,9,3.76,5.98,88.68,8
4228,207393.2342,1558.71,1,1,700.13,35.34,9,18.05,1.07,95.37,3
4229,167602.6345,775.79,1,3,74.17,13.6,6,73.88,5.34,82.24,6
4230,142179.8808,550.0,1,2,1021.63,17.49,5,51.14,14.06,88.45,1
4231,333808.6597,1337.64,4,5,232.02,45.72,10,2.46,5.55,99.9,8
4232,387762.1979,938.79,2,3,1207.74,21.43,6,23.95,20.49,98.0,3
4233,646526.0787,1924.5,5,3,427.88,5.92,9,0.32,31.24,98.73,9
4234,154184.2007,761.29,1,3,880.52,15.3,4,35.64,48.06,84.85,3
4235,310057.0766,1188.75,2,4,463.68,29.64,4,121.67,30.45,93.7,4
4236,317634.0889,1136.5,1,4,257.18,40.28,7,61.91,32.5,89.74,5
4237,87553.43304,921.39,1,2,140.16,49.43,6,70.67,39.13,87.02,4
4238,525363.0919,1117.59,3,5,616.08,34.48,9,80.22,21.81,99.9,7
4239,274644.6068,1341.66,2,3,369.36,42.78,8,14.17,11.28,99.9,5
4240,620090.1414,1993.82,4,3,945.57,15.01,10,19.61,20.04,90.25,7
4241,532855.9444,814.83,3,4,619.33,30.71,8,13.53,12.19,91.23,5
4242,434302.9891,860.5,5,3,358.51,43.81,6,24.19,16.15,81.04,7
4243,214815.5527,895.96,2,3,705.96,2.17,6,55.01,3.77,95.34,7
4244,183678.3238,550.0,3,3,517.85,57.03,5,29.76,7.06,90.42,5
4245,672571.3857,2032.13,3,5,1233.56,61.39,10,23.32,5.39,99.39,8
4246,158142.7112,550.0,2,2,33.57,36.28,5,85.2,15.28,89.68,3
4247,371205.3039,1359.56,2,3,269.28,19.82,8,95.4,4.78,89.82,6
4248,397727.5906,988.67,4,4,790.26,29.59,9,96.99,19.07,94.5,6
4249,397236.8931,1368.21,2,3,64.97,49.94,7,42.88,6.13,90.8,5
4250,234433.7794,725.74,1,3,710.46,23.4,7,42.88,3.28,95.48,5
4251,270841.8469,550.0,2,2,193.2,49.17,4,59.9,8.55,97.0,4
4252,324387.7875,1004.49,3,3,656.32,49.4,6,35.4,25.98,91.36,3
4253,194915.0189,1030.3,2,3,248.55,28.43,5,50.32,1.85,98.05,1
4254,268997.6092,769.22,2,3,253.26,16.83,4,75.27,18.98,86.2,3
4255,339258.4368,1849.9,4,2,620.4,13.23,7,34.48,42.9,92.43,9
4256,208085.2943,1434.69,1,3,566.34,54.15,6,13.7,19.45,87.99,4
4257,409150.0566,1050.81,2,3,864.6,47.92,10,0.17,19.29,89.6,5
4258,291471.0943,1078.38,3,1,188.26,22.28,3,22.3,9.51,92.7,5
4259,391146.0655,729.48,3,4,1005.7,72.4,8,62.93,29.48,95.66,5
4260,704512.7722,1939.46,4,4,845.15,13.31,8,28.38,36.21,91.81,5
4261,133676.534,862.01,2,2,249.1,0.3,9,33.68,4.06,87.54,6
4262,282253.0256,2240.87,1,1,410.31,40.39,6,109.39,26.25,84.87,6
4263,580954.2869,1120.47,3,4,98.32,25.07,6,7.89,6.38,94.42,6
4264,198672.4582,550.0,4,3,172.48,22.98,8,44.76,42.02,90.45,3
4265,155158.3258,690.99,1,2,769.52,63.18,7,22.53,25.81,88.04,1
4266,220315.6302,550.0,2,3,561.33,38.25,5,21.65,25.98,92.83,2
4267,240660.9713,1491.62,1,3,697.87,35.19,4,2.86,2.28,96.1,5
4268,242998.1077,954.69,2,1,686.22,43.88,3,38.87,15.23,80.39,1
4270,506924.7007,1358.29,2,3,825.28,30.44,3,26.15,0.97,88.27,4
4271,379636.3001,1622.22,3,4,116.78,55.16,9,24.19,21.92,99.31,9
4272,407982.6534,1062.68,1,4,748.12,4.62,10,50.69,16.21,95.09,6
4273,270576.0484,550.0,1,4,82.5,2.01,9,25.79,21.11,94.0,7
4274,153869.4399,918.52,1,1,914.78,19.65,4,67.74,30.11,94.24,3
4275,476443.3303,1692.33,4,2,812.38,55.26,9,20.98,4.59,97.43,6
4276,202422.2535,570.34,2,2,436.75,51.91,4,48.41,22.34,95.22,5
4277,380217.0535,965.56,3,4,967.68,61.25,8,21.58,3.76,90.51,5
4278,251127.5689,1092.84,3,3,972.76,25.6,6,42.65,28.11,90.72,4
4279,258536.9667,550.0,3,3,598.72,4.43,9,6.9,35.99,84.48,7
4280,259413.6359,550.0,3,4,240.37,44.36,5,0.76,30.79,87.81,2
4281,368140.5532,1131.08,3,2,127.93,27.75,9,92.66,6.26,88.79,4
4282,218446.7975,838.91,2,1,365.87,38.95,5,55.46,1.36,97.37,5
4283,227843.7879,953.78,2,2,360.56,26.11,5,8.04,28.72,91.76,3
4284,117948.9736,876.96,2,2,340.06,31.79,4,44.25,12.47,86.3,4
4285,267840.791,1139.69,2,3,503.87,49.83,8,81.33,20.79,87.84,3
4286,232474.8527,1382.16,2,3,918.85,13.57,6,0.2,22.35,85.05,6
4287,413664.9046,1376.55,2,3,338.93,56.19,5,42.76,15.96,87.29,6
4288,213944.3293,1281.0,1,2,12.43,18.25,6,18.85,11.84,94.81,3
4289,412716.6364,1113.87,4,5,454.43,36.02,6,77.3,0.82,94.65,4
4290,288038.3703,1196.5,3,3,181.86,34.28,9,10.36,8.77,94.36,10
4291,511448.6747,728.22,4,5,676.73,33.2,10,117.85,24.92,99.9,7
4292,173493.5874,1241.41,1,3,960.46,71.69,6,57.74,27.81,85.02,8
4293,246889.3273,812.79,3,4,548.93,2.81,6,19.15,6.9,99.9,5
4294,291613.4365,1115.77,2,3,706.24,21.84,6,86.79,36.92,94.87,3
4295,202608.9636,1334.82,1,3,153.25,45.04,5,88.77,10.18,92.53,3
4296,256978.3221,680.49,1,3,500.52,35.27,5,0.32,5.76,93.16,3
4297,371188.7216,1379.3,3,3,290.12,3.39,8,9.22,4.97,89.9,6
4298,294577.2724,1482.32,3,2,596.92,34.22,5,87.19,33.43,95.66,7
4299,217705.6329,550.0,1,3,187.18,31.03,3,5.15,20.36,99.9,5
4300,177518.1051,973.81,1,3,615.27,25.84,3,95.66,16.67,86.14,5
4301,498591.0251,787.09,4,3,828.23,12.78,10,1.65,6.05,99.9,5
4302,256574.4397,957.99,3,4,432.24,67.78,9,42.01,4.5,87.48,8
4303,111636.4294,951.87,1,2,414.15,32.25,7,29.56,17.71,87.14,5
4304,337227.3439,1273.93,3,4,765.68,47.48,7,7.22,10.56,99.9,5
4305,189578.0677,624.05,2,2,782.08,47.79,7,83.21,15.85,92.29,8
4306,247749.1269,1062.03,3,4,248.15,35.38,7,28.6,33.31,95.82,6
4307,338560.184,1205.61,2,4,642.57,62.46,10,52.11,23.97,90.69,8
4308,340917.3854,550.0,1,2,288.62,51.03,4,111.13,9.2,94.8,1
4309,259519.9201,1765.71,2,3,67.89,9.51,9,71.44,1.48,89.06,6
4310,241794.3257,1115.74,2,2,363.84,26.52,9,52.99,39.91,92.9,6
4311,160522.178,550.0,2,3,755.12,24.7,6,70.46,13.89,95.6,4
4312,108336.1425,860.71,1,1,546.49,45.9,5,14.68,41.04,92.08,3
4313,499988.5718,1185.62,3,4,464.79,1.92,7,45.66,6.46,99.9,9
4314,182456.2896,550.0,1,4,434.72,25.87,10,14.09,6.6,95.8,1
4315,286553.1414,550.0,4,5,679.11,9.27,10,35.55,29.66,94.17,5
4316,253706.2029,550.0,1,1,88.46,39.1,3,37.71,37.43,85.48,3
4317,404654.1572,550.0,4,3,779.04,43.96,5,9.09,9.03,93.57,6
4318,176492.6957,550.0,1,2,172.25,25.83,6,18.11,10.22,95.01,5
4319,488432.0305,1746.4,5,3,839.8,45.14,9,15.69,12.68,99.9,7
4320,388416.6197,1382.66,3,2,301.07,44.48,7,9.63,11.21,99.9,7
4321,195394.9212,1018.91,2,4,154.35,60.65,4,95.59,35.1,96.77,3
4322,176889.2232,550.0,2,3,214.69,26.01,7,58.66,23.64,95.57,1
4323,145605.9049,550.0,1,2,249.49,14.51,10,39.08,27.23,95.34,5
4324,132388.1021,779.1,1,2,627.22,31.39,3,107.99,41.19,99.9,3
4325,535154.4711,1070.45,3,3,1023.25,19.79,7,55.78,5.05,94.06,4
4326,166410.2939,550.0,1,3,452.06,29.42,7,71.77,26.88,97.86,5
4327,234150.2392,550.0,2,3,243.95,38.1,5,53.54,5.89,92.47,3
4328,188284.0518,550.0,1,2,746.69,44.67,3,70.77,19.7,89.93,2
4329,275840.3174,935.51,2,3,308.27,43.09,6,67.99,45.69,95.75,6
4330,248310.5492,734.98,1,3,349.9,3.66,5,59.1,48.91,95.18,4
4331,146397.9284,603.44,1,3,669.58,32.85,8,27.16,21.44,99.9,6
4332,119164.7362,550.0,1,3,688.51,82.77,2,48.39,6.08,91.59,3
4333,212345.6267,550.0,3,2,492.09,9.62,9,86.06,21.59,95.32,5
4335,330746.0957,1681.2,2,3,265.16,30.33,9,29.81,30.38,89.04,5
4336,448257.7508,769.59,2,3,1003.05,28.25,9,46.89,3.72,97.2,8
4337,356569.8677,1395.58,4,2,299.59,38.98,4,29.73,30.69,92.64,6
4338,165266.5131,561.26,1,2,1131.07,34.14,5,103.38,21.56,96.64,2
4339,262885.2504,926.39,2,2,285.3,28.9,8,32.13,22.3,92.51,4
4340,172946.3162,1259.57,2,2,703.53,27.75,6,27.51,6.05,96.27,6
4341,469389.2362,1865.22,3,3,253.31,3.29,10,28.62,5.95,99.9,8
4342,310474.7768,1818.45,2,3,785.4,25.93,6,60.21,38.22,86.66,7
4343,419687.7832,1823.78,3,3,536.54,26.43,6,65.8,18.41,92.69,5
4344,287733.2059,597.48,3,3,727.3,4.55,8,57.38,27.19,92.13,7
4345,263709.1885,550.0,5,3,388.91,29.48,5,113.37,19.92,91.76,6
4346,487805.8679,585.68,4,4,1039.26,19.57,9,108.79,15.36,97.15,7
4347,429324.1729,639.35,3,4,855.37,48.65,7,55.47,32.34,99.9,5
4348,248247.8271,1261.43,3,1,326.72,52.91,7,33.88,9.32,99.9,5
4349,307165.0681,1477.19,3,3,260.68,28.36,8,125.64,13.22,95.0,5
4350,151390.0694,972.21,1,3,769.51,8.14,7,47.5,10.11,96.21,1
4351,93105.94989,871.09,1,2,351.15,2.13,8,5.13,21.37,94.67,5
4352,384302.9634,1647.88,1,3,605.78,39.02,6,81.17,0.09,96.84,4
4354,221518.9252,1103.66,1,2,463.26,56.37,5,32.24,27.74,92.17,2
4355,176903.5143,780.68,1,4,2.8,38.73,8,11.78,42.23,94.34,4
4356,285174.082,843.91,3,4,782.47,34.3,8,68.35,9.36,97.72,6
4357,286517.6173,550.0,1,2,718.57,78.04,4,118.78,18.31,86.62,1
4358,347975.5257,550.0,1,5,161.74,7.84,8,44.17,17.99,97.31,2
4359,176184.984,1520.84,1,2,69.47,32.04,6,47.77,28.71,91.21,3
4360,179713.0449,550.0,1,3,335.2,16.1,3,111.49,49.25,93.08,1
4361,367815.5967,1830.41,2,2,502.29,58.67,6,49.02,30.05,90.75,6
4362,111532.0583,906.08,1,1,702.68,32.39,6,49.67,33.43,93.47,3
4363,251183.878,732.75,1,4,58.16,14.7,6,71.71,21.54,88.74,4
4364,227345.9975,1068.57,2,3,310.47,17.17,8,32.5,15.93,94.22,7
4365,439405.5189,1260.48,1,4,642.56,40.44,5,13.29,7.23,88.1,4
4366,214391.3055,1283.06,2,3,108.24,51.64,8,50.41,5.6,91.4,5
4367,286044.0372,1143.53,4,2,524.9,42.78,6,45.91,5.3,90.93,7
4368,260667.3151,1366.75,2,2,508.03,43.02,8,106.8,12.3,95.99,5
4369,209297.3314,641.81,2,3,26.55,12.78,8,45.49,19.24,90.43,4
4370,472890.0803,1791.87,4,3,412.07,25.56,9,56.05,52.5,95.79,9
4371,136933.4009,758.38,1,2,265.87,29.55,6,45.44,32.5,94.61,4
4372,521908.9706,1795.97,1,4,678.31,38.08,9,81.08,37.74,99.9,7
4373,383541.8907,550.0,4,4,575.71,23.91,8,7.52,10.24,86.52,5
4374,457222.6993,938.87,3,4,333.4,24.16,9,60.42,19.14,85.86,3
4375,242513.5862,1415.95,3,2,902.29,33.17,6,122.91,5.86,91.41,3
4376,220567.8738,1056.4,3,2,474.16,44.32,5,97.05,27.43,93.99,6
4377,167293.5054,550.0,2,1,684.06,31.58,5,23.43,26.05,88.41,1
4378,349615.9149,550.0,3,3,63.29,32.82,8,60.01,5.14,92.12,5
4379,94117.79348,550.0,1,2,852.75,0.64,8,24.88,31.9,92.53,3
4380,154724.0955,550.0,2,3,448.08,20.53,3,47.05,14.87,96.44,3
4381,219969.8851,1080.68,2,2,872.12,41.76,4,5.22,15.77,89.54,4
4382,105967.4529,811.64,2,1,66.66,23.0,5,9.43,27.28,83.97,4
4383,283060.7469,1210.5,1,3,1246.73,34.55,8,69.62,23.63,90.42,3
4384,578051.277,1302.97,3,4,786.75,47.03,10,56.11,39.79,93.63,8
4385,165611.8879,587.12,2,2,786.47,24.81,4,41.03,25.54,92.74,3
4386,240209.1375,550.0,2,3,203.4,39.48,7,60.06,30.05,99.9,5
4387,182683.8867,1363.61,2,3,530.86,11.04,5,47.99,23.55,88.48,2
4388,362768.9649,911.63,3,3,333.46,15.53,10,15.66,15.63,99.9,7
4390,206292.4974,550.0,1,3,516.57,29.44,5,89.07,23.37,95.53,4
4391,116809.1831,550.0,2,2,125.81,40.41,4,75.29,38.35,82.58,2
4392,251531.1664,550.0,2,3,182.65,35.88,9,56.2,19.66,83.22,5
4393,146453.1937,550.0,1,2,508.93,56.96,6,54.31,13.85,99.9,4
4394,362365.8074,1460.59,2,4,736.07,35.94,6,29.68,20.99,81.23,5
4395,114655.3387,682.66,1,4,549.44,26.78,7,115.33,52.16,95.91,3
4396,172888.1978,550.0,1,3,274.41,4.6,7,25.09,26.43,95.17,6
4397,136195.1048,550.0,2,3,315.86,36.12,5,80.47,8.06,95.96,5
4398,383798.3606,1089.88,2,3,609.84,29.62,7,53.27,0.91,97.11,5
4399,299742.1106,1363.32,2,3,935.92,23.48,8,8.41,9.45,99.9,6
4400,513316.0016,1677.82,2,3,510.87,27.46,10,42.24,13.27,98.55,7
4401,289139.7318,822.85,2,3,522.2,10.27,8,27.43,19.42,96.58,6
4402,269419.3537,799.4,2,3,458.46,0.65,6,81.22,23.08,92.83,3
4403,312442.0943,1163.29,1,3,378.05,37.06,9,15.82,12.68,99.9,8
4405,313652.0388,1229.94,2,2,355.61,27.38,10,72.59,22.76,99.9,8
4406,683500.7185,1808.9,3,3,172.86,43.4,8,62.76,14.09,93.15,7
4407,274638.1222,1154.08,2,3,177.44,4.93,5,79.25,6.45,99.9,6
4408,266190.2215,1038.6,3,2,773.0,45.01,5,40.42,31.22,86.02,4
4409,239850.3375,589.27,2,4,261.54,13.26,8,4.68,12.52,99.13,7
4410,244475.5565,550.0,1,1,616.53,33.6,3,37.35,12.51,92.19,2
4411,396534.8625,1345.99,2,3,210.99,19.19,7,67.57,22.94,90.31,7
4412,368663.1909,1142.79,2,3,96.34,31.04,8,119.28,50.74,93.5,7
4413,362651.1463,1407.32,5,4,468.12,61.82,10,8.08,17.28,98.55,9
4414,149865.9541,831.59,1,3,678.73,13.45,7,5.67,5.51,99.5,8
4415,142999.6151,550.0,1,3,419.54,57.21,3,67.94,21.2,97.79,5
4416,311283.1048,1220.09,4,3,892.81,4.93,9,10.92,14.74,90.46,8
4417,297860.9724,1976.27,1,2,484.51,45.27,8,5.04,0.92,95.04,6
4418,705372.4253,1614.62,3,3,450.9,44.33,6,51.83,18.55,92.28,5
4419,364494.1333,845.58,2,4,741.27,36.34,9,68.76,19.64,94.1,5
4420,470714.7115,893.55,2,4,4.85,21.86,7,48.38,19.29,95.31,1
4421,310573.1299,833.3,1,4,415.2,37.09,6,57.47,11.2,94.76,4
4422,332437.6919,992.53,3,3,505.11,67.92,6,56.51,12.5,94.64,4
4423,313705.9364,1327.56,3,3,723.69,72.13,8,38.93,1.7,93.51,5
4424,118738.0677,703.01,1,2,590.18,25.89,6,84.44,19.2,96.23,4
4425,114903.9616,550.0,2,2,130.27,2.44,7,54.68,26.91,87.55,3
4426,287456.6726,813.44,4,2,924.66,24.72,6,41.72,39.95,93.7,6
4427,335845.5073,550.0,1,2,412.51,45.4,5,111.21,22.47,89.96,3
4428,439672.1542,1117.95,2,3,605.64,11.89,9,12.49,4.12,99.9,6
4429,183107.5642,730.03,2,2,631.71,71.7,7,57.13,26.99,91.6,5
4430,501338.3363,1696.32,1,5,528.83,35.16,10,21.82,21.29,97.16,9
4431,178030.8073,1007.38,1,3,654.26,13.5,7,49.01,20.5,91.54,5
4432,446895.5184,949.45,5,3,540.27,10.59,9,1.02,13.61,91.92,5
4433,89910.43313,591.18,3,1,432.3,14.47,8,22.72,21.14,99.9,3
4434,190679.4116,1572.67,3,1,176.02,3.27,6,123.41,35.23,95.63,5
4436,588398.7508,886.05,3,4,37.09,47.75,7,47.0,6.49,92.88,5
4437,165472.5762,962.42,1,3,318.97,22.09,7,18.1,11.18,99.25,7
4438,239397.9238,1734.13,1,3,483.13,38.08,9,48.66,16.4,95.05,2
4439,418226.226,550.0,1,5,41.14,67.74,6,98.44,41.4,99.0,6
4440,259723.8412,550.0,1,1,883.35,60.5,5,98.99,52.38,87.37,1
4441,645447.0741,1522.38,3,2,155.02,34.47,5,88.49,2.48,96.65,7
4442,262216.334,1198.31,2,2,747.07,41.41,8,96.25,29.13,92.78,6
4443,95067.28153,550.0,1,1,57.27,17.7,6,36.95,12.82,92.44,3
4444,177071.275,550.0,1,1,885.02,62.82,5,84.19,41.49,97.04,2
4445,208326.869,1277.39,1,3,350.4,66.94,9,26.85,4.53,99.9,5
4446,246126.2233,767.17,2,3,398.64,34.73,6,21.4,6.3,97.08,6
4447,430033.2976,1695.41,4,2,892.47,15.13,8,40.56,5.76,99.9,9
4448,206841.4109,550.0,2,4,260.87,32.95,6,0.11,8.0,92.97,3
4449,131050.8324,550.0,2,3,754.57,12.47,9,48.38,23.74,96.6,4
4450,127225.9931,601.72,1,4,651.21,47.53,8,133.43,9.04,89.64,7
4451,301692.7603,1288.75,3,4,768.81,17.19,10,64.51,6.83,92.93,8
4452,394821.0768,1199.42,3,4,752.48,63.52,7,111.68,0.39,91.47,10
4453,306732.7233,1618.08,1,2,694.75,14.36,7,63.0,10.78,99.9,4
4454,215665.2148,1278.89,1,3,754.9,33.99,6,61.85,0.73,86.26,6
4455,178537.8948,608.77,1,4,127.34,35.08,7,121.15,18.79,99.64,2
4456,561136.6102,1287.6,2,4,730.59,37.77,7,23.06,17.31,89.98,6
4457,253203.9042,554.8,4,2,640.68,41.62,7,35.01,0.59,86.36,2
4458,252533.7874,550.0,2,1,184.95,42.87,5,79.8,26.56,88.51,3
4459,229928.759,550.0,2,4,814.66,17.2,5,132.41,11.99,91.31,3
4460,180416.2472,1018.92,1,1,1069.2,60.88,4,78.78,39.49,96.42,4
4461,124403.889,1038.58,1,2,280.62,45.26,2,10.67,36.82,96.08,3
4462,325140.5748,1297.26,1,5,524.32,21.06,6,47.93,1.34,95.0,4
4463,100335.4517,550.0,3,2,854.8,47.34,5,14.06,0.1,94.07,5
4464,416898.1012,1415.76,2,4,880.55,7.43,9,117.42,15.96,96.15,5
4465,260661.6555,1454.19,2,4,599.84,51.1,7,101.47,7.77,95.25,3
4466,301411.1411,811.2,3,3,396.22,49.6,6,39.27,29.12,94.42,5
4467,100174.4082,1029.9,2,1,1071.09,34.01,5,27.01,25.25,89.98,4
4468,260289.4025,1168.53,2,2,723.13,46.7,6,59.15,16.33,99.9,2
4469,170926.4381,1246.47,2,2,877.54,28.34,5,6.63,3.02,94.13,4
4470,550696.1107,1414.69,3,2,828.03,35.25,4,40.62,2.14,94.52,5
4471,134910.6406,682.2,1,3,916.07,7.85,6,29.74,15.17,86.76,2
4472,282190.943,690.82,2,5,983.03,50.05,10,25.08,1.17,96.46,6
4473,197516.8211,858.42,1,3,520.16,51.26,6,89.94,16.26,95.9,6
4474,254588.0358,1581.07,3,3,885.17,25.67,10,33.39,7.31,96.54,6
4475,714083.0738,1532.97,2,4,807.16,65.69,8,28.3,9.39,96.73,5
4476,269500.4758,550.0,3,4,720.95,35.34,10,45.91,10.92,99.9,8
4477,166627.0444,550.0,1,2,109.9,31.68,3,99.72,11.05,99.55,1
4478,662675.9344,1591.14,3,4,853.09,40.4,10,1.58,12.52,99.9,7
4479,145622.0632,558.05,1,3,723.46,4.77,4,38.62,17.18,93.07,1
4480,217815.5226,1068.13,3,2,588.7,33.42,8,5.59,27.87,90.14,8
4481,101049.8755,1160.18,1,2,397.18,31.83,5,68.72,49.47,93.25,4
4482,363769.477,1341.95,2,5,563.23,20.14,10,3.43,10.24,98.17,7
4483,371066.234,1264.65,2,3,810.31,34.81,3,36.49,5.54,89.65,6
4484,470229.3206,1620.46,4,3,709.5,12.67,7,53.19,7.02,99.9,9
4485,155752.5599,550.0,2,2,302.87,46.87,4,42.09,34.3,95.89,2
4486,313710.4687,688.68,2,4,708.18,40.08,9,24.33,38.13,99.9,7
4487,201087.8037,1003.05,2,3,823.62,4.05,9,46.51,0.21,98.88,6
4488,188525.5716,986.38,1,2,72.66,49.75,9,58.57,27.96,97.75,5
4489,148678.0634,871.97,1,3,585.06,43.3,8,65.52,14.88,91.65,4
4490,142984.178,550.0,2,3,164.88,38.5,5,109.05,25.7,95.18,1
4491,208095.515,752.32,2,2,260.31,58.86,4,16.69,11.85,93.61,4
4492,274890.2237,1094.63,1,3,1085.71,54.08,4,52.65,14.2,92.44,4
4493,168745.4268,979.38,1,2,311.11,21.42,6,26.79,11.65,96.84,3
4494,194271.1537,808.87,2,2,4.56,57.33,7,35.23,31.87,99.9,6
4495,213942.7096,550.0,1,4,91.33,30.39,7,38.93,1.26,85.09,3
4496,95433.65204,550.0,1,4,615.37,53.65,8,57.29,47.7,92.17,6
4497,273232.6509,776.93,1,1,472.79,4.44,4,34.78,17.72,99.9,6
4498,129968.5095,943.64,1,2,464.64,0.66,7,11.5,27.34,95.9,3
4499,255381.687,1254.08,1,3,552.58,16.5,7,54.59,29.88,89.44,5
4500,329824.8013,1114.74,1,3,392.83,22.19,5,24.38,1.21,92.41,5
4501,476500.8692,1177.78,1,4,246.38,27.96,6,32.57,16.32,90.85,6
4502,294615.7695,1153.94,1,3,623.5,41.97,5,52.03,18.11,96.75,4
4503,184883.8949,925.5,2,2,821.07,2.5,7,25.04,17.66,88.6,3
4504,162537.203,909.84,1,3,207.15,73.54,5,91.54,24.16,94.42,4
4505,155913.4548,942.18,1,3,721.79,10.89,8,36.56,3.86,94.98,4
4506,241697.619,980.17,2,4,609.2,34.9,5,85.98,19.5,85.14,8
4507,111897.733,550.0,1,2,712.54,5.47,6,18.44,10.86,95.68,3
4508,333650.2829,691.22,2,3,45.06,26.23,9,73.12,8.23,86.7,2
4509,351885.5657,908.79,4,4,624.47,45.99,9,1.73,25.46,87.3,4
4510,196579.568,550.0,2,4,424.6,38.5,9,15.98,21.79,99.9,5
4511,323248.1091,1327.13,2,6,907.65,21.57,10,32.06,10.09,99.68,7
4512,290680.7164,1333.37,2,1,521.58,61.39,8,47.0,4.34,92.91,7
4513,276838.4577,1763.24,1,3,784.76,52.44,8,47.46,8.37,96.14,7
4514,169398.5841,550.0,3,4,105.28,41.35,8,54.3,25.43,89.63,4
4515,180489.4816,732.98,2,3,646.2,24.02,3,67.49,32.34,91.8,1
4516,346383.1279,898.6,2,4,487.97,36.58,8,48.95,5.53,99.46,7
4517,197878.8468,806.19,1,1,988.98,43.81,5,31.01,22.54,99.9,3
4518,143760.0597,751.34,3,2,855.09,26.32,8,55.86,49.43,98.3,4
4519,374408.3745,1910.13,2,2,697.08,27.27,8,23.66,1.99,90.7,6
4520,336955.922,1198.87,2,3,386.34,18.69,7,94.37,17.13,95.84,6
4521,236852.6988,1611.13,2,3,289.96,33.11,4,40.11,14.03,86.54,4
4522,370523.9781,1065.64,2,3,398.25,21.77,7,43.63,3.27,90.97,3
4523,233356.7843,550.0,1,4,427.33,30.85,6,13.95,21.98,95.55,1
4524,356459.8989,1188.88,1,3,364.55,49.22,6,27.53,41.75,86.14,2
4525,345118.1716,550.0,4,2,789.52,27.87,6,59.89,28.69,99.9,3
4527,198274.6968,550.0,2,3,851.92,54.42,8,2.22,19.67,94.39,3
4528,193380.8159,889.66,3,2,122.05,17.91,6,37.31,29.56,99.79,3
4529,685483.3011,2206.31,2,3,564.76,15.72,8,20.14,20.09,93.69,8
4530,354230.9295,1020.94,1,3,414.41,43.21,6,45.08,32.34,99.9,5
4531,150575.7395,1117.44,1,3,654.84,31.69,7,84.53,28.75,92.97,2
4532,203691.3864,740.51,1,2,406.72,25.98,5,73.79,8.44,94.6,4
4533,451762.9087,1796.97,3,2,453.0,6.03,8,67.05,17.59,88.73,5
4534,466005.3147,1382.61,2,4,174.11,54.63,6,38.99,0.36,98.84,9
4535,287000.6819,623.38,3,2,633.51,23.81,8,85.21,21.39,89.29,5
4537,386890.8628,755.25,5,2,450.26,34.74,7,0.12,33.8,90.38,2
4538,317391.1596,1274.45,2,3,313.79,3.74,8,13.34,47.55,90.3,7
4539,216437.7761,1010.25,3,3,587.34,0.27,9,23.44,15.24,86.92,4
4540,506658.1601,1356.12,1,3,573.66,31.77,8,4.38,11.09,89.42,5
4541,436641.5751,1084.07,4,3,1219.52,5.06,10,21.1,13.46,99.9,6
4542,298703.9825,865.23,2,3,519.56,21.44,9,45.04,7.5,89.93,5
4543,269063.9548,579.71,4,1,319.87,42.23,7,30.25,29.75,88.05,4
4544,215501.7223,1213.01,2,4,451.41,33.95,8,102.68,7.17,99.9,6
4545,224462.6259,550.0,1,3,404.19,45.38,3,49.09,15.7,92.05,4
4546,197713.3609,959.11,2,2,105.58,29.51,6,54.42,41.94,94.94,2
4547,214925.2506,955.53,2,4,551.57,40.47,8,129.1,15.78,99.9,5
4548,296121.6951,1289.15,1,3,381.0,13.69,8,50.84,37.08,89.59,3
4549,576844.7542,1465.01,1,4,779.62,37.95,7,82.81,41.14,90.37,5
4550,263985.8704,550.0,1,1,134.22,5.91,4,15.1,45.95,99.9,1
4551,304756.3378,1085.09,1,3,232.62,36.79,5,14.58,7.84,92.66,1
4552,189832.326,1357.24,3,2,487.59,40.03,7,112.57,12.65,90.64,2
4553,202350.4343,894.61,1,3,191.89,40.59,8,27.97,3.02,91.29,5
4554,279742.0998,781.61,4,3,879.97,33.61,8,58.94,25.57,97.68,5
4555,365250.9789,923.93,2,3,1085.37,11.62,8,16.68,12.24,87.43,5
4556,178681.0914,706.65,1,2,346.58,54.6,3,36.93,21.73,92.57,2
4557,315163.4511,550.0,4,3,357.44,3.34,9,49.7,19.18,94.73,4
4558,337640.8887,550.0,2,4,1018.14,17.88,7,7.94,13.92,96.73,7
4559,338380.9694,1307.18,3,3,149.03,41.85,6,17.04,29.95,97.78,5
4560,238884.6266,627.78,1,3,219.09,5.84,8,12.27,18.14,94.47,5
4561,263931.7455,758.47,1,3,233.15,45.77,5,1.05,29.78,89.96,3
4562,248163.8659,550.0,3,3,684.38,7.08,3,6.45,22.31,93.99,3
4563,404050.905,1320.61,2,4,483.65,34.88,10,111.94,35.85,99.51,7
4564,109352.9138,550.0,4,1,621.84,52.63,6,89.9,6.02,90.35,6
4565,277572.963,770.0,3,3,270.97,18.02,6,72.95,8.05,88.0,4
4566,106959.66,724.56,2,2,657.44,25.11,6,83.92,16.81,95.44,3
4567,389877.9007,1247.08,3,5,570.02,22.63,9,31.55,9.34,95.26,5
4568,354930.9638,1838.25,3,2,1009.36,26.82,6,4.07,6.61,83.16,7
4569,115802.4219,550.0,4,1,307.61,10.8,6,93.42,23.02,95.98,2
4570,98485.69882,564.91,2,2,394.99,45.97,5,100.32,14.04,98.37,1
4571,540260.287,1457.94,2,2,30.7,60.65,5,49.68,20.53,93.47,6
4572,442637.1756,1873.84,4,3,723.11,56.02,8,24.27,28.09,96.75,7
4573,302551.636,1255.1,2,3,24.77,33.92,7,59.09,17.8,94.89,5
4574,324159.0214,673.6,1,3,716.87,45.2,4,41.93,21.32,92.12,3
4575,143602.3822,550.0,1,4,189.21,36.8,5,24.34,8.64,86.38,4
4576,223068.5627,1686.0,1,3,674.65,27.07,10,6.95,20.84,83.63,8
4577,262492.94,550.0,2,4,614.44,19.23,6,58.42,22.13,96.36,1
4578,260509.4674,1027.78,3,4,633.18,50.39,7,13.77,25.42,88.62,8
4579,271793.6411,1377.31,3,3,505.29,3.31,7,36.77,3.27,96.75,6
4580,259399.4509,557.97,2,3,214.17,13.79,6,112.75,7.06,92.91,6
4581,468140.4991,1074.82,2,3,915.9,43.43,6,23.2,1.09,99.9,5
4582,291864.0579,1371.17,1,2,539.34,33.51,6,71.63,2.95,95.12,5
4583,380776.593,861.76,2,4,33.53,56.54,6,33.31,42.45,93.15,5
4584,214713.2961,1503.95,2,3,652.72,64.63,2,82.0,22.69,85.68,3
4585,225548.965,905.01,2,3,937.71,42.12,5,81.71,3.38,99.75,5
4586,99853.44799,926.68,1,1,358.07,12.14,3,9.61,12.01,93.28,4
4587,373527.7319,1065.39,2,3,160.6,55.28,8,86.56,36.68,99.9,5
4588,410194.7332,1395.04,2,3,770.71,2.21,8,50.88,4.39,95.33,7
4589,415681.7376,1348.39,4,4,529.29,45.88,4,53.64,17.06,95.14,3
4590,315691.7607,1095.87,2,4,86.61,63.3,6,140.86,5.08,94.71,4
4591,176290.8751,580.3,3,2,59.3,4.45,8,64.01,6.16,91.3,6
4592,579376.8411,1662.55,3,3,929.42,36.44,9,25.53,8.35,96.24,9
4593,426874.8922,1295.75,4,1,246.93,25.85,7,57.03,36.37,99.9,7
4594,95474.22338,726.76,1,2,919.43,28.83,6,98.47,32.61,91.83,3
4595,570208.7807,984.08,5,2,731.79,37.81,6,70.55,3.22,88.74,6
4596,405574.4351,1858.88,2,1,126.44,54.62,6,5.3,13.29,88.1,4
4597,416945.0408,1678.52,1,3,525.2,34.36,10,11.78,0.51,94.62,7
4598,219864.9676,1070.9,2,2,683.25,38.34,4,76.04,4.25,93.18,2
4599,261685.8617,879.07,2,4,239.51,15.38,10,51.26,26.82,90.09,6
4600,381506.6625,1027.66,3,4,523.99,11.9,9,37.96,52.37,92.7,8
4601,351533.8074,1218.48,2,2,428.84,35.24,8,22.73,3.05,99.9,6
4602,387918.9435,550.0,2,4,1.3,43.15,4,37.28,12.36,89.37,7
4603,322811.1839,550.0,2,1,342.1,26.33,5,72.02,29.65,96.61,1
4604,133195.6287,550.0,2,3,185.79,29.97,8,138.4,47.85,92.38,5
4605,299295.496,1285.02,2,4,507.52,5.25,3,14.79,34.39,83.43,5
4606,462143.3224,1648.03,3,4,574.84,49.74,9,89.62,6.45,99.9,5
4607,240893.2553,845.65,3,3,534.13,12.44,8,77.76,19.15,88.94,7
4608,251833.8761,1173.04,2,3,874.51,1.41,6,71.7,30.62,88.87,7
4609,315108.9475,550.0,3,4,56.44,11.19,10,28.94,1.58,91.98,9
4610,182011.2419,1129.54,1,4,571.13,3.09,8,38.96,0.72,97.92,4
4611,402016.5032,1452.3,2,3,446.97,57.55,6,77.95,16.42,89.84,5
4612,385041.5546,957.8,1,4,531.17,6.13,8,104.45,0.4,99.27,5
4613,313837.4258,760.98,3,3,811.64,19.6,6,35.61,4.08,98.43,6
4614,251505.5591,1092.77,1,3,447.63,35.32,5,48.44,25.16,91.3,6
4615,409191.0991,1099.78,3,3,386.22,14.22,10,1.07,31.81,98.94,7
4616,126313.9809,665.49,1,2,98.19,49.37,7,79.69,18.46,99.9,3
4617,357928.3393,1288.96,2,3,273.31,13.53,10,100.91,23.56,99.9,5
4618,224321.015,917.84,1,3,958.22,41.45,7,13.76,18.57,99.9,2
4619,149019.5725,714.95,2,2,437.41,17.09,6,26.98,4.86,94.73,1
4620,553654.66,1306.01,2,4,351.62,27.31,6,18.59,14.59,93.56,5
4621,382816.8382,1542.26,1,3,991.18,45.74,7,36.64,31.53,89.82,5
4622,418497.7631,1241.63,3,2,332.68,55.69,5,63.7,10.24,90.76,5
4623,171317.9705,550.0,1,3,652.12,17.89,7,85.32,42.83,85.78,5
4625,215912.1479,1110.26,2,2,54.81,36.68,5,27.26,3.35,99.9,4
4626,534702.9622,1065.79,2,4,477.23,23.03,7,3.46,10.25,99.9,8
4627,417029.354,1141.4,2,3,1145.94,4.85,7,74.46,21.93,90.42,6
4628,233957.5616,856.95,2,3,382.5,25.33,9,26.41,29.51,93.75,8
4629,327234.425,763.97,3,3,39.86,10.03,6,6.04,14.95,99.25,5
4630,333298.017,2168.2,3,3,436.55,38.99,10,20.77,11.87,88.54,6
4631,339282.0108,550.0,4,5,415.03,48.5,7,63.83,5.97,98.82,7
4632,562999.5872,1714.11,2,5,155.15,20.35,9,4.5,18.4,97.37,7
4633,431051.9091,1307.6,3,3,718.87,23.52,8,73.47,1.89,91.21,6
4634,255378.1812,1288.26,4,3,168.4,13.93,6,18.25,3.88,94.77,5
4635,419966.6879,623.86,3,3,133.06,17.15,6,24.32,12.96,89.79,8
4636,323164.5796,1871.4,3,2,1056.66,30.08,6,44.64,0.39,92.26,4
4637,314236.1486,820.01,3,4,317.93,52.33,8,46.57,35.11,87.26,3
4638,195135.8534,1046.79,2,3,342.15,43.06,7,3.39,5.36,96.52,4
4639,217285.9195,550.0,3,3,1018.34,52.34,3,107.13,20.01,86.13,4
4640,365893.4119,909.46,2,3,355.83,47.66,7,29.92,40.83,87.72,1
4641,505841.4163,1605.13,4,3,218.65,31.79,8,71.25,28.81,92.98,7
4642,209952.1873,820.43,4,2,573.52,6.66,8,29.49,11.73,93.67,7
4643,331645.9971,555.11,4,4,620.0,25.52,5,25.87,14.47,97.48,3
4644,524566.7559,1491.39,2,4,554.25,15.06,8,51.55,19.55,99.9,8
4645,347973.3019,1076.54,3,2,835.25,36.0,9,80.9,20.35,97.73,7
4646,221693.1649,709.6,2,4,620.74,48.03,6,135.99,35.75,95.62,6
4647,363091.1189,1155.32,3,4,773.04,61.11,10,98.26,23.92,99.9,8
4648,244951.2147,652.27,2,3,631.93,30.51,9,53.99,10.93,99.9,4
4649,192413.1469,558.96,4,2,235.51,60.72,8,93.16,22.11,98.49,5
4650,590190.2551,773.57,2,5,366.43,7.52,10,33.66,24.91,99.9,7
4651,159265.5551,1070.92,1,3,319.64,17.59,7,12.8,8.75,96.27,5
4652,219732.3079,829.94,3,2,1120.61,66.7,5,40.09,5.33,97.8,5
4653,424931.799,893.69,2,4,98.22,1.71,7,34.64,24.67,96.21,7
4654,254894.2626,966.69,1,4,583.37,33.42,6,19.26,16.82,97.61,5
4655,334952.6535,1342.51,2,4,418.09,39.6,5,89.1,29.53,89.85,3
4656,320519.9801,975.39,2,3,398.81,28.83,6,57.76,2.56,86.58,3
4657,350686.3764,1251.08,3,3,282.53,74.56,4,29.14,18.03,95.17,6
4658,295860.5658,1515.32,2,3,624.82,34.98,10,38.55,29.93,81.18,4
4659,649298.622,1316.59,2,4,163.96,20.24,9,15.55,1.67,93.89,8
4660,345709.3186,1512.19,3,2,922.08,8.59,9,0.65,1.55,87.46,6
4661,92601.95258,785.99,1,3,1001.37,45.85,5,37.87,5.88,84.44,1
4662,356303.0078,1449.57,2,2,218.06,52.99,7,16.22,11.04,89.94,8
4663,230285.191,1314.72,1,4,424.09,69.8,8,12.22,20.94,99.9,5
4664,194009.7516,1461.93,1,3,637.14,18.28,4,58.68,31.49,84.14,2
4665,362670.4233,1256.39,3,4,592.6,24.11,7,49.84,23.73,97.9,6
4666,533177.8282,1346.49,2,3,458.14,23.97,10,23.66,12.38,93.63,6
4667,110478.7079,550.0,2,2,509.05,15.73,4,65.38,46.02,94.83,4
4668,632980.112,1438.33,1,4,442.11,54.95,9,3.76,0.15,91.8,7
4669,268212.9448,550.0,3,5,551.36,48.43,7,91.32,16.36,90.16,5
4670,338296.8778,1864.9,3,3,468.03,28.07,10,46.56,22.83,92.5,2
4671,280460.0013,786.88,2,3,585.04,10.02,7,29.73,24.81,97.57,7
4672,530535.336,1517.93,2,3,446.08,25.24,7,9.86,13.14,97.69,5
4673,278794.3901,1136.23,2,4,634.95,54.97,6,19.17,6.92,95.79,6
4674,158109.1568,908.6,2,3,553.36,31.84,7,59.84,16.4,96.07,4
4675,538335.1467,1227.38,3,3,516.62,18.63,9,13.71,19.05,91.81,5
4676,610064.7447,1965.15,4,3,860.28,33.12,7,5.7,8.05,98.68,4
4677,494626.2819,1394.47,4,3,143.41,45.53,7,15.34,1.5,96.11,5
4678,557984.5278,1325.14,1,4,176.86,51.31,7,5.75,2.39,86.76,7
4679,560479.0962,1596.29,2,3,1016.59,36.79,6,74.34,9.32,99.9,7
4680,307637.3231,1414.96,4,2,279.23,12.03,5,100.19,3.08,98.53,8
4681,368884.3212,1655.84,2,4,308.0,48.71,7,18.33,44.35,98.73,7
4682,304127.0367,1838.44,1,3,366.11,78.07,10,27.79,12.95,98.67,5
4683,243042.0806,658.32,1,3,306.39,35.95,7,55.64,22.35,99.9,6
4684,376806.9077,961.97,2,3,301.57,8.25,8,26.12,12.76,95.89,4
4685,469787.4253,1015.62,1,5,1127.22,73.91,7,70.79,21.1,99.9,7
4686,311210.3652,1111.9,2,2,641.02,13.68,5,10.92,0.12,95.18,8
4687,234473.6827,1475.33,2,2,486.98,42.45,6,88.55,35.53,93.76,6
4688,93040.74187,1506.92,1,1,657.32,22.06,3,8.3,15.7,84.63,1
4689,263076.735,669.41,2,3,314.18,25.21,5,56.62,2.08,83.98,5
4690,181925.901,1515.29,1,1,720.04,25.99,6,20.59,12.47,93.68,6
4691,107197.9481,550.0,1,1,862.81,14.7,6,57.79,14.11,95.36,5
4692,659535.8009,1486.33,5,2,425.2,44.52,9,40.15,11.44,90.62,9
4693,323227.9855,882.68,1,3,351.27,23.34,5,104.31,15.5,96.97,5
4695,727579.8901,1406.63,3,4,719.49,37.15,7,75.46,7.79,99.9,8
4696,381488.4294,1630.8,1,4,351.78,5.46,10,27.43,9.14,90.71,6
4697,275558.7316,550.0,4,3,26.09,18.53,7,4.82,31.67,99.9,3
4698,465411.917,2295.73,1,3,153.98,16.34,9,53.56,41.12,97.27,6
4699,440762.3342,1519.89,3,3,848.64,20.01,7,58.39,16.04,93.53,5
4700,447754.7187,1729.89,4,5,190.17,12.56,10,63.05,1.84,99.9,8
4701,251234.4296,954.82,2,5,588.5,40.48,10,54.02,14.63,93.39,8
4702,96879.55619,550.0,3,2,576.47,16.83,4,117.39,16.42,97.44,1
4703,98622.30842,550.0,1,2,1089.85,50.56,2,84.97,3.25,88.74,2
4704,215155.1638,1795.33,1,2,644.33,55.56,7,79.78,33.87,92.93,5
4705,382171.5594,550.0,2,5,575.87,34.45,7,8.19,5.6,96.08,6
4706,337620.1849,1032.22,1,4,48.87,3.49,8,75.69,25.44,93.82,4
4707,288933.766,1256.23,2,5,9.5,59.45,9,33.06,6.6,91.82,8
4708,330861.4805,550.0,3,3,388.17,29.39,6,0.67,18.07,87.05,5
4709,449684.8712,1569.79,3,2,533.2,41.49,8,8.61,6.62,98.44,8
4710,236439.5814,1429.04,1,4,73.71,29.92,8,12.25,27.45,90.72,7
4711,104947.8917,786.95,1,3,938.74,14.92,8,74.98,27.2,95.86,6
4712,155735.0323,891.35,2,2,13.67,47.95,9,96.4,23.18,92.97,6
4714,232443.1219,550.0,1,5,551.48,20.52,6,46.07,22.28,95.35,1
4715,385007.861,1746.58,2,2,857.46,26.04,5,21.2,10.77,87.46,8
4716,327068.3617,1674.78,2,3,126.6,67.71,5,35.09,23.0,88.65,6
4718,252967.1785,938.83,3,3,382.79,65.14,7,42.26,20.26,94.75,3
4719,501007.4446,1625.37,3,3,639.07,49.12,6,63.72,16.29,83.92,7
4720,225891.6674,1261.69,2,3,440.8,11.54,8,7.6,8.31,98.66,7
4721,364915.3492,1328.73,4,3,780.46,29.1,8,54.25,31.38,98.69,8
4722,388822.7101,550.0,3,3,111.45,33.57,6,1.93,8.14,88.1,4
4723,160359.5372,757.98,1,3,76.09,17.33,4,41.07,0.54,98.61,4
4724,210121.9913,756.78,2,4,1119.42,60.31,7,12.68,10.76,99.9,5
4725,127574.0886,732.92,2,2,53.89,39.45,5,63.45,17.92,99.22,4
4726,182677.8882,931.09,1,3,710.41,0.12,7,42.88,1.76,99.9,5
4727,400707.8397,1487.34,3,3,531.51,11.06,4,46.9,26.79,90.65,3
4728,326625.5843,974.67,1,4,396.72,37.66,10,3.81,40.37,93.59,4
4729,232593.1716,1145.22,1,3,94.04,60.4,7,15.36,16.73,98.41,3
4730,175056.4765,1208.75,1,1,574.9,48.69,6,5.27,19.73,97.65,4
4731,343336.0697,1632.39,1,3,302.13,56.08,5,48.25,6.6,92.76,5
4732,162292.7792,833.03,2,2,687.81,14.16,8,59.25,7.22,86.84,4
4733,164522.24,550.0,2,3,812.41,24.25,3,13.02,20.94,97.22,4
4734,407825.9763,949.38,2,4,908.91,13.59,10,2.19,27.09,99.9,2
4735,197612.8364,836.49,1,3,576.88,20.09,7,20.58,8.37,82.63,3
4736,239893.8764,845.84,2,3,590.94,40.94,9,40.86,4.84,96.38,6
4737,242504.056,550.0,4,4,173.63,28.86,5,46.4,18.66,82.06,5
4738,237318.6527,945.51,2,4,585.59,4.92,10,28.81,12.59,91.57,7
4739,442888.6542,1451.42,3,2,414.73,50.98,6,7.24,14.36,87.79,3
4740,344078.7362,858.81,3,3,567.14,29.75,6,25.04,28.27,93.51,6
4741,442225.0674,1371.0,2,3,397.63,13.65,7,26.75,16.49,92.33,6
4742,151369.7369,727.95,2,3,358.09,14.56,7,60.61,47.94,92.23,5
4743,264253.4463,964.89,3,1,514.23,49.67,6,35.09,36.67,99.84,6
4744,112204.4099,581.23,1,3,763.99,17.23,9,59.57,29.59,93.95,1
4745,377464.8036,1964.38,3,3,729.91,43.64,10,72.74,14.16,99.9,7
4746,149314.6665,550.0,3,3,649.63,2.33,7,104.11,43.68,97.47,5
4747,468030.9994,1414.68,2,6,331.15,8.62,9,124.81,12.54,99.9,7
4748,536376.4065,1360.17,3,3,237.51,18.24,8,73.41,7.49,92.08,7
4749,110050.8784,550.0,2,4,572.73,38.91,6,79.91,29.17,99.9,2
4750,402029.5958,694.21,3,3,688.34,27.12,10,100.3,14.72,99.49,6
4751,334716.2929,1128.87,2,4,446.52,39.81,7,9.6,12.12,93.43,2
4752,158162.5983,993.92,2,2,215.54,21.52,5,14.32,21.83,97.64,3
4753,269316.6177,620.25,3,3,387.32,5.02,8,9.51,20.1,92.78,4
4754,329770.112,1558.39,2,2,451.96,45.11,5,18.19,6.47,93.6,3
4755,265397.8247,1399.62,2,3,327.22,37.13,8,51.08,10.89,99.08,3
4756,458499.8035,881.16,4,4,492.47,21.01,10,65.12,29.89,98.68,8
4757,609953.1005,1299.92,3,3,344.43,4.53,10,46.94,8.29,99.9,8
4758,461667.4612,1041.61,4,5,452.98,38.52,8,33.98,2.68,89.56,6
4759,196232.7393,550.0,5,2,653.86,40.98,5,46.3,18.35,83.6,2
4760,381405.3245,933.03,2,3,755.42,20.38,8,12.87,9.0,90.85,1
4761,212914.6987,550.0,3,4,731.51,6.5,8,74.26,11.1,95.27,7
4762,229358.8883,641.2,1,3,630.4,27.42,7,71.38,0.09,97.46,6
4763,131801.5547,1153.1,2,1,369.2,17.98,4,116.4,26.08,82.91,6
4764,230289.9546,1539.74,1,4,595.27,20.27,5,64.99,32.9,96.25,4
4765,339288.0054,550.0,3,4,467.19,40.19,7,55.13,1.0,85.04,2
4766,544311.6782,1659.9,4,4,839.69,32.54,10,30.98,3.71,89.2,8
4767,498424.3949,1353.38,3,3,3.59,20.85,9,50.78,8.75,99.26,6
4768,198567.0514,615.7,3,2,522.94,12.51,9,18.66,22.49,99.9,4
4769,370207.3866,1543.39,3,3,520.44,13.03,10,20.86,8.52,97.81,7
4770,158445.3716,550.0,2,3,332.98,68.79,6,51.46,22.46,96.61,4
4771,515634.3517,1049.9,3,4,310.73,63.55,7,48.24,16.32,91.19,6
4772,551832.3252,1089.99,3,5,502.54,33.99,6,11.19,24.4,99.9,10
4773,361156.3934,1382.24,2,2,42.32,25.82,7,3.68,23.02,93.94,8
4774,88969.66014,661.47,2,2,583.96,2.68,8,13.6,13.29,90.67,3
4775,95470.82672,1367.54,1,2,885.22,11.23,6,62.54,3.12,89.34,3
4776,218414.7041,1303.03,1,2,758.94,23.55,9,66.82,5.21,91.44,3
4777,391558.7268,2273.6,4,3,780.72,30.92,10,13.08,6.84,91.77,5
4778,168431.4026,550.0,2,3,805.51,42.01,8,92.68,36.52,93.92,4
4779,406498.23,836.34,2,5,737.65,21.47,9,54.44,10.24,93.65,8
4780,316356.8508,1188.25,1,4,652.33,2.69,8,24.32,29.03,87.7,3
4781,574331.2741,1194.72,4,3,946.89,31.38,7,49.07,8.36,93.42,8
4783,476215.8951,995.2,3,3,815.1,21.2,10,36.0,14.4,94.9,7
4784,363716.895,1445.21,3,4,107.18,58.13,10,2.75,16.01,86.09,6
4785,286409.3475,561.83,3,3,722.94,24.49,6,28.72,35.85,99.9,3
4787,395024.0609,1277.81,3,3,677.44,53.05,9,36.75,3.54,99.9,8
4788,322453.786,813.53,2,5,870.53,40.22,7,75.91,4.37,97.58,6
4789,191659.7138,942.63,1,3,166.58,32.47,9,28.16,7.47,90.82,5
4790,317519.7226,970.6,3,3,282.17,28.08,8,35.82,7.19,95.66,5
4791,433995.0296,862.04,2,4,23.67,7.96,7,89.78,14.97,95.04,6
4792,114055.9299,795.56,1,2,18.23,29.24,9,45.73,15.95,95.2,5
4793,621514.0038,647.08,3,5,5.52,34.31,8,18.66,32.71,98.96,6
4794,475681.4227,1373.44,3,5,394.22,39.45,10,25.92,22.01,84.97,8
4795,625194.5566,761.55,2,5,184.15,0.14,9,15.85,2.04,93.78,4
4796,564601.8115,1346.8,4,4,1243.9,52.18,6,68.64,8.26,94.13,7
4797,218627.8816,931.9,3,3,758.73,14.69,6,63.44,24.37,90.94,2
4798,300301.079,1674.24,2,3,425.64,29.0,8,58.29,24.63,92.56,5
4799,616482.7778,1999.62,1,4,793.89,7.78,10,106.8,7.76,99.1,7
4800,338867.9445,737.53,2,3,738.21,43.53,6,25.63,17.91,96.71,6
4801,340863.3536,996.24,1,3,117.07,27.0,6,38.86,13.49,85.4,1
4802,469792.0289,1477.56,3,3,354.77,54.42,10,5.48,14.8,98.99,10
4803,160304.1753,748.56,1,4,861.18,46.92,9,52.77,35.37,93.94,5
4804,175759.5376,694.38,2,2,691.32,4.9,6,70.92,30.89,93.07,6
4805,139838.0712,622.83,1,3,135.44,63.91,6,86.7,23.43,93.01,2
4806,219846.6577,690.57,2,3,714.01,35.1,7,22.49,19.19,95.07,3
4807,611335.534,1594.79,3,3,423.56,36.53,7,44.55,4.78,96.85,7
4808,187995.7479,550.0,1,1,241.85,41.95,8,47.1,15.7,96.35,2
4809,404071.5205,1487.0,1,4,806.68,31.53,9,35.92,3.82,94.64,6
4810,196785.7624,550.0,2,4,489.95,43.86,7,50.51,4.81,96.23,5
4812,225913.5844,825.1,4,2,1158.99,64.25,7,36.68,24.23,96.93,7
4813,117918.5277,550.0,2,3,91.61,4.3,9,34.32,20.35,99.9,5
4814,329247.9503,1485.34,4,3,383.98,67.23,8,70.23,0.04,95.14,6
4815,147335.3796,596.2,2,3,441.08,2.24,8,64.7,27.12,95.39,7
4816,324846.9354,716.61,3,5,995.09,6.22,8,18.49,16.95,99.9,5
4817,495124.7829,1059.29,3,2,616.14,17.83,4,12.61,6.14,92.79,4
4818,616912.2781,1772.17,2,3,479.68,21.26,7,72.16,4.99,87.52,6
4819,222852.3977,550.0,1,1,190.53,67.53,5,96.79,17.15,95.93,2
4820,234147.3865,550.0,2,2,544.57,20.38,6,30.74,24.17,94.31,1
4821,628152.6935,1350.5,4,5,901.31,22.13,10,32.56,25.07,97.51,9
4822,155727.5636,550.0,2,2,554.0,4.07,6,3.69,3.12,92.4,7
4823,321898.8296,1124.78,2,3,301.6,6.05,8,6.84,3.23,98.24,7
4824,103727.154,878.21,2,1,727.94,4.42,8,5.44,2.83,93.36,6
4825,250851.7502,1289.64,3,1,119.59,14.19,6,19.5,28.15,92.26,3
4826,353743.8786,550.0,3,4,473.01,15.86,7,9.74,5.39,93.84,3
4827,406264.4939,952.63,3,4,417.99,26.62,7,6.15,2.2,92.29,4
4828,625244.5246,959.52,4,3,579.14,43.99,10,19.73,6.79,94.27,5
4829,221653.0451,1127.42,1,3,635.11,44.71,5,118.42,20.85,98.81,7
4830,173253.2882,768.6,1,2,852.11,41.28,6,12.44,10.69,98.92,5
4831,680967.5893,1364.29,2,4,288.29,35.01,10,31.27,6.03,91.78,9
4832,332962.2617,1242.35,3,3,496.93,60.9,8,38.75,2.64,86.42,4
4833,182354.8625,550.0,3,4,637.95,32.73,7,75.47,4.78,88.35,4
4834,265244.4909,1092.04,2,2,898.47,36.76,9,12.11,14.94,99.43,6
4835,365728.1034,1212.0,3,2,152.59,63.58,7,54.24,35.39,89.25,5
4836,200372.4571,550.0,1,1,479.64,56.61,6,40.38,20.65,90.28,4
4837,120767.8679,746.8,1,2,303.38,8.25,7,109.22,31.74,93.23,4
4838,144233.9454,550.0,3,2,201.87,33.86,7,52.78,15.17,99.9,5
4839,182395.2099,1417.34,2,2,374.73,37.63,3,61.04,13.47,84.4,4
4840,232294.47,1017.19,2,2,300.08,18.21,6,46.61,3.9,89.36,5
4841,279416.6081,776.67,3,4,152.43,68.04,7,101.03,41.73,91.15,4
4842,108413.2684,550.0,1,2,579.54,36.55,4,67.91,27.26,90.61,4
4843,338282.5032,1284.46,1,2,647.91,0.03,8,31.14,27.51,93.09,5
4844,154387.13,1445.66,2,1,553.91,45.45,6,23.82,32.65,96.94,6
4845,264831.5196,705.09,1,2,50.75,43.91,7,9.54,19.27,93.73,6
4846,222960.7761,657.08,2,4,52.16,35.64,6,56.93,32.81,98.85,4
4847,294006.8647,550.0,2,3,367.26,44.88,7,38.43,21.17,95.44,6
4848,484760.7987,1297.6,3,4,634.47,29.19,10,29.92,19.28,95.51,7
4849,231996.3563,1410.37,2,2,380.29,34.45,7,48.3,9.75,91.03,7
4850,404649.8598,1952.95,2,2,539.04,18.03,6,71.58,48.75,99.9,7
4851,643258.8816,1119.83,3,3,122.95,46.48,7,41.72,0.79,89.64,9
4852,549795.928,1760.77,2,2,459.59,46.97,7,83.89,31.07,95.95,6
4853,474283.5348,1613.99,3,4,655.87,18.35,8,76.51,7.46,99.9,10
4854,222090.7098,550.0,2,5,264.77,6.6,10,34.79,23.71,99.9,5
4855,416873.8237,1453.47,3,2,797.63,14.66,4,62.96,0.76,92.67,7
4856,611952.6394,1152.86,4,4,897.1,38.81,7,2.24,0.0,99.9,6
4857,284453.0662,1228.73,2,5,479.01,26.91,7,35.96,23.57,90.8,5
4858,151942.4139,550.0,2,4,186.83,2.73,7,14.45,30.85,87.81,2
4859,562834.5465,1662.03,2,3,450.05,37.76,8,14.68,18.11,90.32,6
4860,103906.7701,550.0,1,3,576.33,29.73,6,69.28,32.32,92.56,3
4861,322341.8634,1272.81,3,3,869.23,33.62,9,8.48,26.87,92.28,5
4862,106924.3224,550.0,2,2,843.15,19.1,4,1.9,26.79,94.16,4
4863,297866.4092,897.6,2,4,567.27,57.64,6,30.06,18.81,87.93,3
4864,233290.3505,550.0,3,3,947.97,11.06,6,32.93,6.57,88.19,5
4865,216433.4357,782.82,1,4,741.57,18.11,7,74.09,18.7,92.02,6
4866,367594.2369,1447.9,3,3,353.04,26.63,8,2.97,23.98,89.82,7
4867,435016.3557,915.19,3,3,426.52,62.33,6,33.73,7.33,97.68,5
4868,175066.0783,692.27,3,2,262.8,6.96,8,93.11,5.14,86.05,3
4869,419301.784,1134.09,4,4,313.09,48.32,9,80.35,19.63,93.26,5
4870,182897.1964,937.32,1,3,237.97,5.04,7,70.27,16.59,95.35,3
4871,353696.1047,1092.67,2,4,963.26,21.94,10,61.41,15.54,88.35,9
4872,104158.8928,690.05,1,3,538.02,35.7,6,17.84,5.59,89.42,4
4874,461560.2178,1578.04,2,4,162.12,22.54,8,53.82,3.23,96.75,6
4875,253671.3641,794.16,4,3,213.83,32.69,8,108.68,21.95,99.9,5
4876,139237.1177,605.01,1,3,474.55,43.92,5,92.74,19.35,97.08,3
4877,235139.5085,971.19,1,4,891.88,53.22,8,13.85,28.5,87.03,6
4879,179790.1416,550.0,3,2,839.33,51.3,7,54.43,34.23,99.17,3
4880,207425.5683,759.11,2,2,505.49,20.29,8,93.98,4.35,96.97,8
4881,445004.1482,1663.86,1,3,648.92,60.44,6,57.58,29.26,93.23,5
4882,195395.1853,1058.54,2,2,28.08,1.56,8,0.27,10.84,99.35,5
4883,97658.68326,570.95,1,2,430.1,51.1,6,36.46,33.36,99.31,5
4884,155032.8752,550.0,1,2,10.19,39.52,8,49.79,27.48,94.67,5
4885,182972.2245,901.94,1,3,1023.35,10.8,9,33.02,26.46,96.55,5
4886,127273.3566,554.26,2,2,660.58,55.84,2,72.52,29.59,94.56,3
4887,161429.4012,852.09,1,3,254.81,50.24,5,38.82,21.31,89.17,3
4888,368420.3303,1392.8,1,3,483.84,33.74,7,94.44,35.72,99.9,5
4889,269827.6245,1661.48,3,3,646.2,19.3,9,57.83,6.86,91.56,3
4890,354524.7111,1152.85,3,3,56.09,40.22,5,66.99,15.07,91.85,5
4891,167279.1021,1152.7,3,2,725.39,49.57,6,57.15,35.82,95.51,5
4892,235305.3358,550.0,2,1,632.28,17.09,4,39.21,8.45,96.45,3
4893,458217.5708,797.2,2,4,548.33,2.99,8,31.22,19.53,91.46,7
4894,242334.6467,550.0,4,4,483.13,53.63,8,1.57,1.58,98.25,8
4895,325581.8346,993.55,2,4,449.7,49.19,8,22.9,13.54,97.35,5
4897,130851.447,550.0,1,3,653.54,10.2,5,21.27,2.56,98.15,3
4898,378016.2366,1761.01,2,2,453.55,37.47,7,19.79,31.34,96.28,6
4899,151889.2561,1185.79,2,2,299.17,7.32,7,37.32,14.17,99.9,3
4900,215742.7482,550.0,1,5,210.44,41.76,9,69.84,7.09,95.69,4
4901,338433.3133,1016.22,3,3,495.89,57.61,6,90.83,26.96,89.03,5
4904,349472.4024,1934.49,2,3,227.09,66.53,6,35.68,8.88,89.48,6
4905,443878.1302,1388.44,1,4,606.26,5.27,7,48.47,5.62,81.13,6
4906,221530.8266,1014.76,1,1,594.49,32.66,9,26.06,21.16,89.17,4
4907,399822.7895,731.37,3,5,356.93,32.57,6,30.85,20.15,88.54,4
4908,196293.8327,911.36,2,3,916.49,41.82,6,40.53,26.32,96.68,6
4909,164571.114,550.0,1,3,1125.5,16.1,7,61.05,29.19,92.54,5
4910,169536.3962,550.0,2,3,656.92,56.88,7,62.6,39.67,85.59,4
4911,368139.5903,956.73,3,4,726.06,7.56,10,25.82,11.36,94.44,6
4912,181831.7142,583.5,1,2,821.47,67.66,4,90.24,33.41,92.46,3
4913,165322.2964,1299.01,1,3,539.86,26.34,6,74.15,41.07,94.82,2
4914,397818.3873,1112.53,3,4,646.41,68.92,7,46.19,4.67,91.94,5
4915,461983.6949,1629.07,2,3,363.24,22.94,10,18.97,32.5,93.32,6
4916,609318.9799,1269.88,2,4,398.28,37.55,9,21.65,4.05,90.08,7
4917,497007.6325,766.24,4,5,80.41,59.51,8,66.22,20.85,90.71,7
4918,191718.172,651.05,1,4,421.03,62.73,7,38.07,33.26,91.7,3
4919,258512.2302,652.12,3,3,558.57,13.08,7,21.08,16.96,92.63,4
4920,105041.6445,920.23,1,2,628.62,56.68,6,13.11,27.16,92.05,6
4921,255614.8992,566.62,1,4,779.42,20.56,6,39.46,10.08,97.29,5
4922,151913.9993,1488.04,3,1,707.73,22.05,7,111.86,15.9,97.59,4
4923,168251.1936,550.0,2,1,205.89,22.5,5,51.13,18.35,92.24,1
4924,144160.3422,846.7,3,1,519.02,13.62,7,10.97,39.44,99.9,4
4925,295165.8876,1773.82,1,3,1098.59,35.99,7,13.8,19.23,93.02,4
4926,219875.8803,574.93,1,2,487.75,37.67,6,113.69,12.02,88.18,2
4927,213676.0506,777.79,2,3,165.77,38.98,4,21.42,2.71,95.59,5
4928,273118.2426,1286.95,1,3,391.19,60.72,4,83.38,8.62,87.52,6
4929,216518.4468,1507.57,3,3,171.64,27.28,8,74.21,1.79,87.27,6
4930,138310.3571,873.35,1,2,422.64,51.86,4,54.69,28.58,99.9,2
4931,166673.7965,925.34,1,2,789.6,42.58,7,24.8,15.1,95.45,5
4932,493629.1326,1743.48,2,3,530.95,15.05,10,5.49,16.15,99.06,7
4933,262366.2693,1048.11,3,3,345.78,13.03,6,26.79,6.58,92.34,4
4934,182179.1184,1244.05,1,3,474.75,23.75,6,50.35,10.24,90.92,4
4935,137651.9782,835.59,1,1,364.12,13.86,7,30.44,32.87,95.52,5
4936,490134.4687,1195.37,1,3,520.99,17.63,9,84.16,27.86,99.9,6
4937,174243.2503,550.0,2,2,480.48,19.06,7,13.68,30.46,91.15,4
4938,93883.51932,550.0,1,3,605.29,10.07,3,31.63,19.86,93.55,4
4939,474191.9659,1275.93,3,3,480.66,5.58,8,44.22,3.7,99.68,7
4940,312074.1011,586.41,2,3,538.83,50.89,7,9.11,27.44,91.02,4
4941,353630.6431,921.51,3,3,276.07,17.41,7,9.81,19.96,92.36,6
4942,205838.1961,1298.07,1,2,780.42,42.94,8,85.77,38.36,93.36,6
4943,177443.8225,636.83,2,3,195.19,1.6,8,21.26,25.34,94.62,6
4944,271197.4971,609.92,2,1,314.15,1.63,3,68.06,23.45,93.01,2
4945,190078.5479,675.76,1,3,618.96,18.34,6,25.41,23.73,93.46,4
4946,248308.2316,1151.07,2,4,496.72,41.12,8,26.01,8.42,89.57,6
4947,287899.8958,1582.74,1,3,357.83,2.33,9,53.84,18.27,94.0,8
4948,122559.9246,986.24,1,2,267.45,25.64,7,20.48,46.58,88.86,3
4949,291315.2277,721.96,4,2,745.87,46.48,6,67.08,3.96,92.85,5
4950,118991.8266,748.2,1,2,662.73,50.88,6,44.64,34.45,90.49,5
4951,463283.0445,1056.76,3,4,231.74,53.28,7,50.78,12.66,97.87,5
4952,118652.161,954.8,1,1,637.42,5.65,7,60.92,17.89,99.21,5
4953,207669.4441,965.55,3,3,497.96,9.24,8,35.47,22.46,99.43,4
4954,259129.7683,1841.53,1,3,880.97,6.79,9,51.95,0.59,86.39,7
4955,526756.9959,1145.69,2,4,838.22,37.55,8,85.09,20.07,89.15,10
4956,109108.3763,550.0,1,3,548.94,22.88,6,3.21,4.92,92.44,6
4957,331872.4272,776.1,3,4,621.49,19.34,9,2.02,19.35,87.03,5
4958,622140.9135,1343.68,3,4,875.41,41.84,5,6.12,36.2,85.17,4
4959,212264.3216,692.45,2,3,733.19,6.93,7,13.57,6.11,99.9,2
4960,105428.4652,550.0,1,3,149.27,37.61,7,62.67,48.44,90.93,4
4961,552399.0431,969.98,3,4,172.29,20.63,8,57.68,0.36,94.85,7
4962,169620.8021,963.94,2,1,468.17,24.81,8,49.8,11.99,90.25,5
4963,374546.7069,1433.79,3,4,760.96,31.27,7,9.39,51.55,82.45,7
4964,296815.2986,571.99,3,4,1014.71,41.72,6,6.24,6.36,92.97,4
4965,571770.6133,1559.54,4,3,556.99,41.23,8,76.91,16.29,93.74,7
4966,101198.7549,723.38,2,3,960.5,46.25,4,95.04,29.49,82.34,5
4967,202946.7719,550.0,2,1,174.71,35.96,3,107.04,52.99,91.99,1
4968,229002.2247,876.31,3,3,600.38,30.62,7,0.85,19.86,88.77,7
4969,724198.9065,1526.27,4,5,670.2,43.73,9,37.84,21.98,95.42,6
4970,300847.7556,827.92,1,3,10.11,27.52,7,102.34,31.17,98.46,5
4971,302869.711,1720.35,2,3,572.07,5.05,8,61.43,28.29,96.75,6
4972,380646.3154,1175.56,4,1,701.66,25.38,8,38.57,4.99,86.0,7
4973,499059.3625,1228.57,3,3,347.97,38.93,4,94.68,15.2,95.23,7
4974,184261.1924,755.85,2,2,470.39,50.19,3,4.15,38.3,94.38,3
4975,154546.2588,792.58,2,2,669.85,42.24,6,9.86,17.6,88.17,5
4976,191607.2181,550.0,1,3,678.54,11.66,6,74.67,21.57,95.06,1
4977,244632.8005,1091.18,1,2,607.0,43.88,6,105.06,28.52,98.7,5
4978,362007.6996,691.76,2,4,772.17,0.9,7,52.8,34.03,83.77,4
4979,336213.541,938.82,1,2,484.13,25.48,6,73.06,7.16,87.58,3
4980,146672.15,550.0,2,3,685.3,56.18,5,42.2,5.59,91.39,5
4981,624004.5467,1333.3,3,3,564.93,40.56,10,23.59,8.38,90.76,8
4982,391358.4336,1453.4,3,4,184.76,15.44,7,9.37,30.21,96.46,5
4983,361328.3334,1569.85,3,2,559.7,34.59,10,39.4,12.65,94.43,5
4984,207331.9679,823.7,2,3,736.53,31.76,5,47.53,21.48,84.84,3
4985,312456.8833,709.99,2,4,990.54,34.29,6,8.96,21.73,98.13,5
4986,114219.9196,1168.01,2,1,335.34,80.41,8,37.92,28.58,93.0,5
4987,584060.7653,1375.64,3,3,700.64,64.46,7,72.34,28.17,95.76,7
4988,197164.2005,550.0,1,4,650.29,66.22,7,8.38,15.05,95.84,3
4989,345593.8591,1319.52,1,4,259.5,38.04,5,112.52,4.43,88.62,6
4990,570090.1058,1676.09,3,2,205.94,36.22,10,43.21,5.19,92.69,6
4991,240135.3011,1069.19,2,3,397.15,1.27,8,26.75,20.25,94.8,6
4992,303919.7476,1247.77,2,3,132.9,27.37,9,11.2,27.03,89.12,6
4993,284596.5952,1219.82,4,4,534.57,21.92,8,77.86,32.93,89.46,7
4994,353135.7331,1296.17,2,3,737.3,28.4,7,26.85,26.64,99.9,4
4995,210429.3823,1113.68,2,3,911.15,7.55,10,74.51,16.44,87.11,8
4996,360765.3965,1484.71,3,3,717.94,31.7,7,15.61,25.33,92.7,4
4997,150183.814,550.0,4,2,448.54,46.8,7,97.74,18.25,95.62,6
4998,104559.5556,550.0,1,2,631.84,71.08,6,119.62,44.1,96.17,2
4999,183050.1678,676.56,3,1,552.24,30.05,5,12.6,18.77,91.51,5
5000,285942.035,1064.7,3,1,853.17,35.88,5,12.7,21.35,94.9,4
5001,302120.3404,1087.43,3,4,356.66,40.43,8,24.22,23.74,96.28,5
5002,324337.8834,1486.63,3,4,1054.01,21.19,4,29.77,4.57,91.73,5
5003,245663.2987,1082.21,2,4,655.73,76.49,8,23.42,10.55,87.15,9
5004,335982.5127,1177.16,1,2,893.63,29.65,4,21.51,13.34,95.22,5
5005,200772.9864,779.75,2,2,65.34,59.82,5,28.84,7.62,95.61,4
5007,133886.6698,740.88,1,1,463.34,17.79,5,13.34,33.31,85.77,3
5008,155586.0947,1472.34,1,2,656.13,15.62,6,40.51,7.89,93.22,4
5009,239449.537,1293.03,1,3,1045.77,48.02,6,20.85,30.95,90.46,5
5010,373373.1474,1375.35,3,3,259.2,57.93,8,87.94,15.39,96.27,5
5011,492336.0882,2237.66,1,3,723.54,18.76,8,46.68,0.87,84.33,3
5012,372977.0263,1946.47,3,2,451.62,31.92,6,16.2,19.2,92.41,7
5013,166197.9713,903.25,2,3,5.69,22.78,7,63.11,5.03,91.1,4
5014,373096.9624,1164.5,1,3,528.95,23.02,9,73.74,12.42,93.3,5
5015,192709.4402,550.0,1,4,133.63,61.86,8,19.72,0.5,88.42,6
5016,287378.1335,912.66,3,4,888.72,13.39,8,50.58,18.85,97.31,7
5017,268660.3877,550.0,1,3,191.07,44.56,5,88.9,5.28,91.59,2
5018,313336.8343,550.0,3,2,867.97,9.4,8,49.19,23.82,90.08,5
5021,211818.7781,550.0,3,3,675.95,33.55,10,81.02,44.36,95.3,7
5022,444323.1819,2196.04,3,4,534.15,31.09,6,11.8,20.76,95.04,6
5023,357602.1174,1404.58,2,3,508.44,6.07,7,15.2,9.68,91.28,6
5024,610644.4847,1404.65,4,4,826.77,49.69,7,28.46,8.03,94.75,6
5025,172170.5016,1152.07,1,2,335.95,6.0,5,14.4,20.6,80.85,4
5027,293707.9213,1063.86,1,4,92.99,20.16,7,68.96,23.92,91.27,5
5028,98718.31518,550.0,2,3,779.69,13.96,5,92.09,28.87,91.77,4
5029,284255.1623,1046.87,1,3,296.7,16.2,5,40.57,25.08,83.23,4
5030,162547.0472,550.0,1,2,55.33,11.54,7,48.84,40.58,96.66,4
5031,470218.5031,1244.67,2,3,932.4,52.85,8,38.72,26.23,99.9,6
5032,552185.9948,2018.97,3,3,565.31,49.35,7,25.93,20.71,90.83,5
5033,453356.7745,1167.36,1,5,342.4,16.17,10,89.03,3.54,90.8,9
5034,387483.377,1709.55,1,3,564.85,6.4,8,29.54,1.63,94.55,6
5035,191113.1065,670.27,2,2,774.41,46.63,5,41.05,15.59,93.72,3
5036,209866.2322,1030.2,1,2,820.95,40.06,6,39.24,18.71,92.13,3
5037,388050.4923,1578.91,3,5,733.34,32.98,10,8.52,0.65,92.02,7
5038,201157.2822,1145.91,3,3,561.14,23.37,6,89.58,34.89,94.33,8
5039,243254.6491,968.63,1,3,955.04,16.35,7,43.74,12.92,98.05,5
5040,294669.8888,855.78,4,3,259.1,27.56,10,37.31,0.36,95.34,8
5041,191694.2262,941.5,1,3,530.29,45.58,7,26.1,14.93,97.66,6
5042,323646.6032,939.78,1,4,568.73,45.63,7,57.15,13.31,87.06,3
5043,269943.1539,550.0,2,3,838.18,24.59,6,37.01,35.16,93.77,4
5044,304463.4501,1772.98,2,3,839.43,38.5,8,57.86,7.52,94.55,4
5045,187448.5882,875.26,2,2,557.67,16.5,7,65.41,4.36,96.5,3
5046,278518.2929,1358.53,1,3,832.65,27.9,8,44.67,18.47,85.46,6
5047,152437.4363,979.69,1,2,674.18,6.07,8,31.97,17.08,86.31,4
5048,283536.741,550.0,3,3,912.6,19.93,4,38.3,11.17,88.45,4
5050,371056.8776,550.0,4,4,243.47,65.17,7,68.12,18.77,97.9,6
5051,453849.3753,976.05,1,5,481.87,37.47,5,11.15,17.37,89.02,5
5052,755262.7602,1766.78,4,3,495.96,53.11,9,14.44,30.07,97.63,4
5053,266839.6782,1179.48,3,3,452.14,14.4,7,39.99,10.63,96.69,6
5054,468762.634,1633.13,2,4,570.66,22.3,7,21.2,8.72,92.19,10
5055,163683.9944,625.65,2,2,685.97,40.4,9,27.11,25.94,96.55,6
5056,110357.4044,917.22,1,2,824.55,43.24,3,9.91,20.32,95.64,4
5057,392054.2836,815.17,1,4,365.5,9.41,8,31.6,0.17,99.69,5
5058,291908.329,712.37,2,4,26.09,32.68,10,79.36,2.3,99.9,6
5059,316276.3761,1016.68,3,3,1288.22,29.23,5,58.44,11.7,88.88,5
5060,439655.1702,1361.81,3,3,583.9,47.28,8,136.94,17.22,98.1,6
5061,372032.2221,860.83,1,6,804.15,10.8,8,57.63,19.92,89.72,5
5062,403775.1233,1010.97,2,4,591.17,46.24,6,4.23,19.53,99.9,7
5063,322452.2104,1723.34,1,3,859.91,4.17,8,8.56,4.39,97.9,4
5064,749067.4694,1254.35,3,6,414.2,11.58,9,50.09,4.72,93.49,8
5065,241973.132,840.88,1,3,221.11,56.24,5,44.96,5.59,91.74,6
5066,459692.6221,1466.08,3,4,314.2,13.91,9,53.19,16.75,97.0,6
5067,412601.1709,1549.26,1,4,209.02,45.18,10,10.61,9.52,94.28,6
5068,208988.7246,550.0,2,4,602.56,66.29,8,14.28,32.1,89.1,4
5069,510710.9186,792.14,2,4,659.69,0.03,7,2.49,5.31,99.9,7
5070,99926.50041,650.59,3,1,889.26,44.25,6,5.2,0.86,93.89,3
5071,235371.6686,834.61,2,3,320.57,24.61,6,85.34,30.41,86.85,2
5072,276257.7839,1179.53,3,3,242.2,30.89,8,105.03,18.42,94.89,3
5073,332145.3784,1343.93,1,4,235.42,41.03,5,84.48,32.86,96.14,3
5074,135238.8633,967.5,2,1,619.84,56.21,9,32.92,30.64,89.77,4
5075,374614.6022,1025.0,1,3,126.63,37.7,8,77.85,21.36,91.88,4
5076,585482.7727,1431.56,4,4,277.35,54.02,8,13.18,9.5,92.16,6
5077,170246.3256,1408.21,1,2,449.96,46.21,2,19.26,14.24,92.75,3
5078,246476.0065,1526.32,3,3,260.44,33.18,9,65.07,23.78,98.86,6
5080,682259.8491,715.39,3,5,808.25,28.35,7,26.83,32.18,93.37,10
5081,192110.0073,1251.83,2,2,279.62,36.03,7,2.59,27.09,99.9,7
5082,121579.7368,612.23,2,2,276.9,1.66,6,98.88,35.46,94.46,2
5083,560155.638,1463.04,4,3,33.64,34.74,5,31.27,11.23,97.07,7
5084,471721.7656,670.91,4,3,582.2,52.86,6,48.79,11.78,93.76,4
5085,231746.2944,1132.62,1,4,1216.87,41.11,6,104.55,34.0,96.14,6
5086,558724.6168,1973.89,4,5,371.56,24.1,10,45.64,5.05,92.08,9
5087,122909.3313,550.0,1,2,272.42,8.17,9,24.19,22.25,99.9,8
5088,294474.7962,1516.18,3,3,419.58,56.96,9,18.35,8.34,94.51,6
5089,475364.3529,1936.87,1,4,416.36,24.69,10,78.88,7.01,96.58,6
5090,730786.3043,1743.94,4,3,383.02,40.36,6,96.3,11.18,93.29,6
5091,170795.5101,550.0,3,4,822.35,72.38,7,60.51,8.73,94.15,1
5092,292423.6433,670.93,2,4,1133.11,24.92,9,0.98,18.1,96.2,6
5093,435340.0265,1209.54,4,4,773.02,12.29,9,28.92,16.46,86.93,6
5095,191719.6633,550.0,1,3,655.46,52.51,4,18.21,42.24,96.62,4
5096,333119.4581,1312.07,2,3,1016.73,43.54,10,5.67,38.46,98.34,6
5097,107153.8993,550.0,4,1,714.65,32.36,4,14.14,17.34,95.25,5
5098,248492.4663,908.64,2,4,756.56,46.34,9,23.39,43.38,91.77,8
5099,155707.1319,550.0,2,3,421.49,25.07,6,67.29,20.29,92.0,6
5100,282254.4151,963.92,1,5,101.38,58.49,5,35.3,21.7,83.14,3
5101,192587.2338,632.83,2,3,470.06,8.66,10,37.01,34.82,89.3,6
5103,382323.3238,1110.0,2,3,920.57,10.05,6,35.18,5.96,93.25,7
5104,488847.3307,1049.45,2,4,1036.44,59.32,7,63.59,5.22,98.08,7
5105,225900.6467,1653.37,1,3,887.74,15.4,10,79.82,17.81,99.9,7
5106,164491.9501,576.65,3,3,296.65,26.53,4,60.78,29.33,87.81,2
5107,276095.139,1176.45,2,4,637.57,30.14,6,64.66,27.46,95.18,4
5108,174828.6599,681.75,1,4,671.24,41.98,5,2.59,22.86,95.41,5
5109,146353.5765,560.16,1,4,414.34,13.85,3,20.8,24.21,94.9,4
5110,340131.4768,1017.71,2,3,552.38,2.9,9,10.25,18.54,91.25,8
5111,413645.5803,1693.45,2,4,114.03,46.83,6,56.88,1.49,93.25,5
5112,306825.0784,858.39,2,3,395.03,40.71,10,98.43,41.67,90.84,3
5113,423815.248,1573.68,3,2,603.98,37.57,8,25.43,1.03,92.26,5
5114,522258.1523,1135.51,3,4,1130.04,34.76,7,28.21,3.36,97.28,6
5115,409646.4482,1335.51,3,2,600.96,62.9,6,6.44,8.84,90.8,5
5116,316529.5757,1249.65,1,3,296.48,41.82,6,56.74,1.96,99.9,4
5117,410038.7161,1056.57,2,2,567.28,47.38,6,13.04,21.25,95.19,6
5118,435240.8127,939.55,3,3,193.94,1.7,9,2.83,30.97,93.92,9
5119,155684.9643,550.0,3,2,760.75,42.44,3,26.35,32.58,95.71,2
5120,288153.2503,550.0,5,5,318.62,68.03,6,65.19,27.93,87.57,4
5121,153736.6301,550.0,2,3,635.25,42.7,4,13.14,7.63,96.49,2
5122,136659.4539,550.0,1,3,15.38,70.51,5,110.45,28.26,85.81,2
5123,181623.4481,1104.41,2,3,848.77,25.92,7,86.15,15.15,91.28,5
5124,268468.2677,939.7,2,4,719.79,52.0,5,74.79,9.32,93.68,3
5125,197193.796,1230.48,1,3,16.45,14.51,5,19.58,20.06,95.0,5
5126,129581.9276,550.0,1,2,383.09,21.53,4,60.41,10.2,96.3,3
5127,449645.9079,1692.07,1,5,1222.86,14.24,10,58.4,10.8,91.85,5
5129,129329.3717,860.32,1,3,363.89,4.0,7,65.03,23.03,96.33,3
5130,131753.1986,639.73,3,1,678.62,24.76,7,0.88,3.75,90.82,2
5131,205562.6791,747.49,1,3,1166.44,26.54,8,21.61,13.38,95.46,5
5132,190134.3678,816.9,1,3,397.89,19.75,4,65.77,27.21,91.61,4
5133,268895.1762,1793.47,1,2,373.72,28.07,7,54.74,11.32,93.52,7
5134,155829.2866,621.08,3,2,418.29,42.04,5,61.33,32.44,96.56,5
5135,366513.0724,1205.34,2,5,457.54,20.78,10,62.31,38.36,99.32,10
5136,544527.3548,1074.21,3,3,693.25,20.03,8,4.8,17.57,87.17,4
5137,702986.559,1561.0,4,5,643.29,16.36,9,83.69,13.48,96.67,6
5138,256992.6982,1134.26,1,2,622.58,28.28,4,84.48,31.81,90.87,5
5139,122464.2327,550.0,1,3,698.45,39.15,6,11.49,19.14,93.33,3
5140,255230.9738,724.62,3,3,864.6,57.98,6,34.53,14.92,94.17,7
5141,137475.7105,550.0,2,2,878.77,40.44,5,62.72,42.09,89.56,1
5142,499542.613,1703.66,2,4,453.99,33.86,10,41.23,12.36,99.34,8
5143,575483.7131,1608.87,4,4,686.46,23.12,9,119.66,5.85,96.3,7
5144,191094.1163,1032.15,2,3,485.19,5.58,6,10.89,41.37,93.58,4
5145,251114.3834,1487.28,1,3,160.18,15.28,7,64.99,9.46,95.94,6
5146,202442.6815,550.0,1,4,139.13,35.28,6,10.17,21.09,93.81,3
5148,265806.8971,1264.32,2,3,643.59,37.79,9,66.05,14.82,90.25,4
5149,315021.7668,1083.33,2,3,448.53,9.09,7,43.66,0.97,91.06,5
5150,212650.92,1058.49,3,2,472.04,46.06,7,10.57,8.11,97.45,4
5151,100313.3241,653.9,2,2,154.81,40.31,4,76.2,30.63,95.77,4
5152,334343.3332,1118.55,2,4,416.48,20.32,9,69.87,24.46,98.71,6
5153,146268.2679,550.0,3,2,447.96,29.21,5,48.11,15.24,98.08,2
5154,257070.3771,1050.59,1,4,523.89,53.12,8,6.58,29.15,99.26,6
5155,333602.0722,1389.37,2,3,648.75,84.35,8,83.67,14.19,91.07,9
5156,375354.3711,669.93,5,4,426.17,31.86,10,65.06,0.55,87.94,5
5157,155828.5298,550.0,2,3,315.66,25.45,4,63.97,4.44,98.42,1
5158,211073.3862,1133.6,2,3,396.68,46.01,5,63.23,25.22,93.79,3
5159,327189.4572,1225.45,2,3,163.7,38.08,9,41.6,8.96,89.77,5
5160,132976.4748,962.64,1,2,204.86,52.53,8,25.58,23.94,99.9,1
5161,531264.9596,1393.7,2,4,289.19,51.18,9,58.77,0.4,97.49,7
5162,113274.4777,944.74,2,1,322.81,18.89,9,108.85,9.33,96.12,3
5164,379773.238,844.67,1,4,579.57,45.6,9,11.31,1.86,94.61,8
5165,473601.4141,1608.94,1,5,378.38,9.82,10,18.1,15.37,89.19,6
5166,587055.1488,1930.03,2,4,800.71,19.86,6,29.03,7.48,95.55,5
5167,203642.5544,1129.85,1,4,558.24,4.93,8,33.4,45.49,99.07,6
5168,138517.8481,550.0,2,3,867.99,45.08,7,79.37,14.72,92.22,5
5169,281632.4605,1124.58,2,3,97.71,41.92,6,14.04,17.58,90.11,5
5170,210741.0948,550.0,3,5,1158.94,43.36,8,59.34,20.2,94.72,5
5171,327285.1714,858.13,3,2,574.61,13.72,7,107.99,24.01,99.9,4
5172,626404.882,1701.92,4,4,700.3,27.23,9,32.86,9.13,98.33,6
5173,413696.176,1258.89,2,3,756.43,37.47,8,10.92,2.42,99.9,5
5174,347138.2077,1410.59,3,4,972.62,51.57,8,81.17,24.54,99.9,5
5175,539177.061,1666.43,3,4,702.82,36.29,5,6.75,3.74,82.82,7
5177,345705.3279,1004.33,2,4,383.41,29.1,8,73.32,21.65,99.9,6
5178,129436.3972,854.32,1,3,87.62,18.81,5,122.77,27.28,92.06,2
5179,243947.2442,1051.64,3,2,572.91,23.99,10,43.72,3.84,99.27,9
5180,127824.311,910.35,1,3,384.49,48.77,6,61.38,18.79,91.85,7
5181,172462.7609,550.0,2,4,184.33,32.83,7,35.27,38.8,97.31,3
5182,258264.0576,1324.79,3,2,445.99,56.28,8,36.69,39.55,89.09,6
5183,215313.2562,1394.28,1,4,170.79,59.91,8,50.15,11.89,84.71,5
5184,165425.0982,793.35,1,1,765.13,34.88,7,59.11,18.17,96.45,6
5185,482017.4676,947.18,4,5,543.65,20.65,10,51.93,31.7,95.52,5
5186,334478.0946,1505.89,5,1,1089.14,7.73,8,48.31,0.56,96.24,5
5187,664778.3726,1333.31,3,5,378.03,54.59,6,40.84,5.6,87.99,6
5189,280135.5817,1085.52,1,4,83.35,61.43,7,53.18,27.8,90.82,4
5190,218772.4229,1362.68,2,3,820.32,17.28,6,0.45,18.37,99.9,4
5191,211649.1352,1152.58,1,3,103.59,8.14,7,47.04,26.22,98.84,6
5192,179443.4472,1418.88,2,2,257.58,39.49,5,74.98,11.32,92.73,5
5193,218450.2049,1855.66,2,2,627.71,57.65,8,61.98,21.63,98.65,4
5194,242699.634,736.63,3,3,809.09,55.02,4,60.08,22.31,96.1,3
5195,458718.1038,1386.95,1,4,387.79,40.65,9,61.66,24.59,95.41,5
5196,167303.231,752.77,1,1,150.37,51.78,3,66.07,48.29,93.49,3
5197,369157.1951,1423.6,3,3,269.11,35.1,10,52.0,15.42,96.44,8
5198,354020.6613,1313.22,4,3,975.73,18.87,8,57.42,27.31,87.46,6
5199,202571.4329,1286.47,2,2,341.25,42.57,5,43.89,9.41,95.35,5
5200,588288.5704,1097.15,4,4,295.28,29.97,10,13.81,25.77,99.9,10
5201,552899.6883,1554.53,2,3,1146.39,36.25,7,60.29,15.05,99.54,7
5202,399496.7421,835.62,3,4,949.84,41.66,10,17.84,18.85,88.3,5
5203,109258.2332,874.34,1,1,631.09,60.21,6,1.85,11.86,87.07,5
5204,297613.6479,827.88,1,2,291.24,26.68,3,64.88,28.56,89.76,3
5205,179323.0848,855.93,3,1,946.67,34.96,5,42.11,41.26,97.47,4
5206,359337.9394,1540.63,2,4,139.27,7.57,9,47.18,11.74,94.81,7
5207,453152.4975,1445.76,1,3,82.09,3.88,9,2.05,21.73,94.81,6
5208,252608.5174,891.53,2,3,452.0,41.16,7,44.1,12.99,89.85,5
5209,250129.0723,733.8,4,3,274.49,37.07,8,45.93,15.06,92.54,4
5210,130205.0595,550.0,1,4,338.81,42.26,4,98.64,24.7,99.45,2
5211,297276.8036,911.67,3,4,76.77,43.04,10,77.64,18.97,94.23,6
5212,298803.5502,1339.88,1,4,443.41,36.41,10,77.29,16.39,93.7,7
5213,441280.179,1175.28,1,4,557.65,16.35,7,39.81,39.11,96.11,7
5214,116731.4427,844.14,2,2,905.87,40.72,6,12.62,19.86,93.85,5
5215,558155.1768,1464.01,1,5,577.43,34.11,9,63.39,26.68,91.57,5
5216,339707.7197,2024.4,3,2,689.65,24.58,5,8.31,19.91,88.65,6
5217,287671.3808,1169.91,1,5,608.68,9.1,10,54.9,1.3,89.71,4
5218,125908.1015,550.0,3,2,766.08,28.19,5,103.67,34.18,89.49,7
5219,254274.2608,1415.04,2,4,644.83,59.21,6,92.49,19.87,95.99,8
5220,248789.3322,550.0,3,2,112.47,41.8,8,65.5,15.97,93.52,5
5221,340846.2192,803.24,3,3,396.68,61.57,6,28.35,40.36,95.33,4
5222,531427.475,2022.66,2,5,187.89,41.81,9,25.16,10.47,92.21,8
5223,556251.2911,1538.12,2,3,905.75,54.86,8,9.84,10.64,96.98,6
5224,301303.5642,787.47,4,4,616.03,4.72,7,18.29,18.33,93.0,6
5225,105192.0811,1084.8,1,2,991.96,35.06,6,9.49,22.72,88.64,3
5226,230578.9288,1243.58,2,3,389.21,30.16,5,49.28,4.27,87.04,3
5227,474816.6255,1743.58,3,3,249.13,27.6,10,18.96,12.34,97.9,7
5228,104021.6679,1063.29,1,2,571.23,30.13,5,61.52,11.37,97.04,3
5229,351567.7913,853.43,1,5,198.15,48.98,6,16.84,5.8,89.53,4
5230,237627.2881,1774.66,2,3,552.28,26.7,8,61.73,7.93,98.65,5
5231,339200.9901,1388.79,4,2,710.95,63.34,5,36.91,25.14,97.28,4
5232,267071.2183,1151.39,4,3,1200.29,32.37,7,98.41,26.0,92.31,6
5233,226823.6222,1493.21,1,2,555.63,47.07,3,53.07,12.94,87.48,5
5234,364822.5975,1595.83,2,4,651.27,18.39,8,39.87,13.4,90.64,6
5235,278944.2198,920.05,3,3,981.58,0.13,9,61.09,8.48,89.78,5
5236,361331.6827,1809.95,2,3,863.25,18.64,9,52.65,15.26,91.05,6
5237,339540.6449,1257.89,1,4,596.72,26.28,7,39.53,7.93,97.64,4
5238,500877.557,1022.41,5,3,504.11,46.27,9,39.65,2.84,93.11,4
5239,414809.4504,1147.25,3,2,276.55,66.28,8,20.52,13.5,91.07,8
5240,294966.6083,1202.35,2,3,311.3,39.48,8,58.34,4.12,88.17,7
5241,394354.3472,912.43,2,4,675.78,5.82,10,87.95,20.4,96.93,6
5242,140569.2476,550.0,3,4,13.71,23.83,5,21.24,28.39,91.08,4
5243,119596.1584,550.0,1,4,517.45,40.17,8,62.33,22.09,93.49,4
5244,209281.8858,795.02,3,2,505.39,39.19,7,8.31,14.3,96.51,4
5245,252802.4056,1214.95,3,4,343.64,12.32,10,39.58,10.74,99.9,7
5246,237711.8506,749.78,1,3,502.64,20.61,6,71.09,38.74,83.99,3
5247,431632.9844,1771.64,1,2,355.7,44.15,9,3.15,4.71,99.18,8
5248,122075.175,883.97,1,2,27.73,7.66,7,56.24,25.46,88.03,2
5249,106645.3587,934.57,3,1,346.34,79.29,8,45.2,2.14,84.45,4
5250,312146.1179,933.34,2,2,590.33,20.44,10,9.81,1.25,89.69,6
5251,283758.8869,954.7,1,3,452.58,46.55,3,90.49,18.64,89.44,5
5252,100868.9766,550.0,2,2,1101.84,8.17,7,20.42,9.71,97.61,5
5253,258308.4169,860.54,2,3,525.04,23.29,6,123.1,21.53,96.77,5
5254,166518.0819,852.32,2,2,351.18,21.4,8,73.64,34.43,98.81,8
5255,406831.7743,1581.07,2,3,278.44,18.84,8,12.89,12.37,89.06,5
5256,332036.4027,853.04,1,1,203.06,31.06,4,110.9,15.72,93.72,3
5257,399274.9224,1144.51,3,3,244.81,40.05,8,51.88,10.34,89.78,7
5258,467899.4965,1218.66,2,3,471.09,11.66,7,33.56,5.66,89.23,7
5261,260376.9672,1309.32,1,3,99.36,16.29,8,33.73,27.36,98.46,6
5262,264995.9968,1768.98,1,2,599.24,38.64,6,50.39,20.5,90.62,4
5263,205391.0143,828.57,1,3,56.21,12.18,9,16.03,4.13,94.45,6
5264,249996.7756,728.24,3,3,616.13,41.13,4,12.34,16.42,86.29,4
5265,308251.633,789.27,3,3,779.57,58.5,10,27.45,7.97,95.13,9
5266,165834.1971,875.41,1,4,387.68,45.34,6,64.21,40.46,87.91,2
5267,425611.6652,1464.33,3,3,772.16,46.01,10,94.81,9.89,92.43,6
5268,503922.7306,1025.74,3,2,15.99,16.47,6,18.84,17.25,91.46,7
5269,104435.5011,590.41,2,1,340.12,9.41,9,45.72,14.72,98.86,6
5270,394371.9124,1668.25,3,5,758.91,29.89,8,39.69,8.05,99.9,9
5271,329826.5374,714.02,1,3,561.66,21.2,9,29.9,17.14,99.9,4
5272,182718.5298,1946.34,1,1,521.38,22.93,6,4.85,11.11,92.92,5
5273,140842.3883,550.0,1,3,1341.99,1.51,5,49.34,18.49,99.9,3
5274,283570.2735,1006.86,2,2,62.78,46.62,7,58.7,5.46,99.9,4
5275,580161.3982,2166.0,2,3,861.6,53.96,10,3.33,26.72,96.53,8
5276,638951.9941,1003.91,5,4,489.13,22.46,9,15.56,13.42,97.53,6
5277,390214.7275,550.0,2,4,385.88,1.78,10,49.61,4.01,92.75,7
5278,335858.8406,1330.52,2,3,902.12,29.26,8,15.98,12.12,99.9,5
5279,487625.5253,1105.46,3,4,92.44,6.7,8,132.62,18.65,99.9,9
5280,160019.0332,721.17,1,4,209.36,73.48,5,11.6,11.94,96.98,4
5281,122433.8106,550.0,2,2,967.79,45.96,3,87.55,51.05,90.6,5
5282,317826.7291,563.77,2,5,369.64,33.53,5,20.25,29.93,91.5,4
5283,205930.3129,550.0,1,1,447.6,36.97,4,101.9,9.7,97.67,4
5284,237511.6102,1408.2,2,3,423.3,29.15,8,82.0,26.7,87.06,7
5285,485724.5886,1537.28,3,3,258.36,44.21,4,71.96,12.53,87.74,3
5287,160474.9654,550.0,3,3,527.12,22.66,6,14.44,47.86,96.2,4
5289,353073.7393,1289.99,2,3,1167.82,65.22,8,19.13,11.6,92.77,8
5290,161024.8989,811.12,1,4,545.38,6.38,5,2.97,25.99,95.74,4
5291,213153.8592,1161.44,1,2,467.44,23.12,7,58.85,18.02,97.49,4
5292,201435.0774,591.93,3,3,38.03,14.57,7,14.15,17.09,89.16,3
5293,158572.374,877.78,2,2,953.4,44.48,7,41.11,26.65,99.31,3
5294,399845.0949,935.11,2,3,365.78,47.13,5,18.18,25.12,92.63,4
5295,353173.3423,1331.78,1,3,90.87,25.41,6,89.33,22.1,92.04,4
5296,312594.3837,667.13,4,2,504.07,37.99,9,2.52,1.56,96.89,4
5297,294572.4649,550.0,1,4,440.12,6.82,6,30.35,40.53,93.92,9
5298,313865.4735,607.23,3,4,468.05,52.82,7,21.4,5.78,93.91,3
5299,314737.1867,550.0,3,4,392.51,8.96,10,27.08,21.61,88.64,8
5300,354469.5273,979.19,1,6,408.48,32.24,7,5.52,7.09,99.9,4
5302,240955.9111,1158.48,1,3,324.2,44.39,5,5.75,17.65,91.5,3
5303,164336.9609,1044.51,1,1,32.83,82.63,3,48.29,37.33,94.67,3
5304,364078.4836,550.0,2,4,560.7,9.69,8,62.68,18.1,88.68,5
5305,278513.7448,550.0,1,4,313.24,37.74,5,46.04,28.38,91.3,7
5306,703023.0198,1253.25,3,4,765.5,25.12,10,8.98,4.83,97.44,4
5307,475596.2442,833.65,3,4,146.03,5.6,7,6.15,2.56,89.48,7
5308,319023.7068,550.0,4,4,177.98,52.63,9,52.73,15.3,88.72,4
5309,249253.7187,550.0,4,4,397.33,72.06,7,122.02,26.94,85.89,3
5310,334194.8309,1310.12,3,3,465.6,23.36,10,62.85,4.72,95.02,6
5311,388979.5251,1286.97,2,3,536.78,38.73,9,21.45,11.17,95.0,5
5312,182404.964,1658.43,2,1,460.71,18.86,4,36.67,7.41,99.47,4
5313,103278.1342,1504.11,1,2,175.54,20.0,7,35.8,36.01,96.69,1
5314,662215.8511,1335.3,3,4,635.28,13.8,9,28.55,17.74,91.82,9
5315,262803.5963,906.8,2,4,157.3,58.86,4,62.14,23.32,89.33,2
5316,571349.124,553.7,4,5,665.91,1.15,8,17.47,17.55,94.91,5
5317,211992.4724,1164.7,2,1,444.84,35.25,5,41.21,39.52,99.37,5
5318,331485.0916,550.0,4,5,747.14,26.02,10,39.25,24.72,90.29,6
5319,267725.9216,1140.4,3,2,880.79,39.11,5,98.33,6.69,89.08,7
5320,105457.0652,550.0,1,4,173.56,36.25,6,36.51,4.25,80.29,3
5321,123104.0484,734.59,1,3,978.95,5.72,5,11.29,14.3,92.22,5
5322,333078.545,1525.94,5,4,1018.13,28.06,10,5.64,2.76,99.09,9
5323,295342.0273,1523.17,2,4,1003.37,57.21,8,90.32,11.07,98.38,6
5324,250712.5108,608.27,1,4,316.64,6.57,7,40.38,29.22,89.88,4
5325,235613.132,550.0,1,4,849.95,18.98,6,82.6,39.29,99.9,2
5326,172557.2552,1115.34,2,3,321.06,32.43,5,21.62,7.48,88.62,4
5327,335869.6815,1737.13,1,4,506.46,18.63,6,66.21,10.4,99.0,4
5328,172264.1938,976.39,2,2,292.84,66.65,6,20.97,40.99,99.9,6
5329,492566.1352,1009.33,1,4,368.76,3.24,8,61.64,10.19,97.51,6
5330,278577.1969,1696.31,3,3,419.32,48.69,7,27.18,29.97,97.49,8
5331,408698.952,1640.35,1,3,16.32,46.36,6,44.42,21.28,82.33,5
5332,251924.3703,1645.47,2,1,911.68,22.7,10,87.0,16.97,99.9,7
5333,409837.8844,550.0,3,4,378.27,28.68,7,90.78,9.55,90.82,4
5334,114373.1507,673.84,1,3,349.34,22.54,7,20.48,4.86,90.17,5
5335,148922.7213,550.0,2,2,275.54,19.31,5,21.81,17.05,91.15,3
5336,412440.005,1617.38,1,2,499.12,77.41,3,17.79,8.47,91.88,4
5337,430258.7998,1868.71,2,3,974.79,34.01,6,109.51,18.73,96.61,6
5338,351747.2649,1505.2,3,3,272.18,28.07,8,33.34,6.42,95.75,8
5339,388144.7625,1439.93,1,4,1028.95,16.1,10,69.09,15.88,87.17,6
5340,360383.6609,550.0,4,2,145.93,10.7,7,8.47,9.24,92.42,6
5341,235906.2019,917.46,1,3,67.71,40.24,6,25.57,42.12,86.85,3
5342,185540.2315,754.61,2,2,170.87,8.62,8,6.81,7.3,90.18,5
5343,237038.4748,733.29,3,2,141.91,32.07,8,0.89,34.86,89.35,5
5344,345985.2698,1092.07,2,2,476.54,28.09,7,10.36,16.12,88.95,4
5345,138488.8491,561.45,1,3,268.08,45.99,7,89.56,24.4,95.19,3
5346,114033.9786,594.66,1,2,605.78,56.4,7,92.24,4.3,84.09,5
5347,153829.4032,731.64,1,3,830.59,18.57,8,24.27,27.73,99.9,4
5348,289920.2097,839.98,3,3,770.73,24.32,9,54.16,8.64,99.2,8
5349,313625.2758,1487.78,1,3,241.84,19.82,9,7.82,11.6,99.9,6
5350,392856.0367,760.96,3,3,416.3,28.32,5,29.15,0.7,94.33,5
5351,264591.9065,1053.27,1,3,692.48,53.09,9,50.66,26.82,90.26,5
5352,286863.768,550.0,3,5,338.63,14.47,7,16.18,4.39,98.58,4
5353,365937.7664,1286.44,2,3,78.37,0.97,7,115.1,34.61,93.14,5
5354,205876.162,1632.19,1,4,514.36,50.26,8,34.43,19.81,95.97,6
5355,134865.951,550.0,3,3,932.59,51.75,7,67.23,3.67,88.77,3
5356,190448.0922,550.0,1,5,493.72,27.39,7,50.55,26.47,96.11,7
5357,148770.5336,550.0,1,4,88.3,29.27,10,11.33,36.13,97.17,4
5358,538782.9954,780.03,4,4,751.38,29.6,8,40.33,20.37,86.3,5
5359,315701.3441,1158.81,1,5,367.32,55.44,8,89.44,1.83,97.35,5
5360,451632.5014,1709.82,2,3,1019.27,10.72,10,9.94,20.07,97.52,7
5361,507185.9231,1307.56,2,4,539.92,53.27,9,3.67,0.44,99.9,6
5362,311079.6871,2181.96,2,2,819.81,9.9,8,13.11,14.64,96.44,7
5363,138889.0292,956.85,1,2,517.38,8.61,6,75.24,6.85,97.72,8
5365,208835.2267,1334.33,2,1,575.33,36.37,6,54.07,10.29,94.3,5
5366,273206.7468,614.25,2,3,195.47,46.95,4,65.94,20.53,94.69,4
5367,225040.9524,783.91,1,2,1092.25,77.48,2,66.68,8.39,85.08,2
5368,379439.6595,1297.12,1,4,186.98,46.14,8,55.41,1.1,96.32,5
5369,314192.9593,812.22,2,4,179.27,41.32,10,62.67,23.26,96.65,5
5370,214522.3518,550.0,1,4,406.55,29.14,8,70.34,25.46,93.58,5
5371,292148.551,1103.52,2,2,68.24,22.98,5,19.94,4.28,93.05,6
5372,326302.3183,1181.66,1,3,72.85,31.91,5,42.25,17.37,93.34,6
5373,216757.3556,1404.98,2,2,354.11,12.46,8,24.09,34.76,89.95,5
5374,334089.7381,550.0,5,4,525.05,34.48,7,45.5,21.08,91.35,6
5375,147745.9663,550.0,1,3,263.14,61.5,8,117.09,26.43,91.21,6
5376,353258.6088,1053.98,4,4,196.0,8.77,10,12.67,7.64,96.92,8
5377,248336.565,550.0,2,3,536.78,23.87,6,23.97,32.78,99.06,3
5378,356183.7097,1653.71,2,2,293.07,23.44,8,62.96,39.91,87.56,7
5380,484666.6491,1300.49,1,4,123.55,14.12,8,42.66,6.89,91.42,6
5381,483718.5452,905.37,2,3,844.07,25.67,10,26.71,16.05,99.9,5
5382,209445.4725,1024.93,2,4,371.46,58.15,10,43.17,20.22,91.8,6
5383,662104.8113,1348.09,2,5,826.76,6.09,7,15.98,21.92,91.93,7
5384,301654.4355,550.0,3,6,55.58,21.21,10,58.88,0.63,93.81,4
5385,359740.2841,1963.55,3,3,733.72,48.31,8,11.72,6.11,91.67,6
5386,340496.3677,1667.3,2,5,592.47,16.43,10,30.15,16.34,93.4,10
5388,311578.357,1288.28,4,4,461.43,22.43,10,57.2,1.53,97.56,8
5389,248824.7521,1929.26,1,2,972.95,11.12,9,72.24,10.01,97.07,6
5390,127136.8774,672.15,1,3,570.18,50.53,7,9.54,23.8,94.41,6
5391,335756.0143,1164.13,3,1,327.22,47.36,6,6.06,18.66,90.67,3
5392,254840.1404,1022.56,2,3,588.03,42.6,10,66.28,38.63,96.55,7
5393,485288.7307,1356.81,3,4,472.25,1.61,7,46.49,11.41,96.46,6
5394,411915.1851,550.0,5,4,461.67,18.7,9,46.12,9.75,96.69,8
5395,455322.6958,550.0,3,5,687.77,48.87,8,64.67,4.74,96.07,6
5396,134853.855,550.0,2,2,836.67,66.24,8,51.63,35.17,95.3,7
5397,578788.0282,1403.29,3,5,399.15,16.39,8,11.23,2.58,99.34,9
5398,123582.7738,1917.9,1,2,339.31,35.89,8,87.0,36.98,91.2,4
5399,467226.488,1246.98,4,3,710.19,20.91,8,39.32,13.98,95.99,7
5400,168112.9189,1060.34,1,2,256.31,52.23,6,55.53,11.38,86.27,4
5401,158341.8859,1066.74,1,3,438.49,26.64,7,51.99,24.37,87.38,2
5402,235196.8733,908.8,3,3,917.38,34.59,7,41.25,17.36,95.62,8
5403,267057.6411,781.49,2,3,539.35,5.11,6,45.32,22.52,96.38,5
5404,195380.3873,550.0,1,3,201.96,40.06,5,44.27,14.3,95.1,3
5405,177035.7517,1078.68,1,3,318.63,46.54,6,46.9,14.24,91.13,4
5406,205354.9456,1037.16,2,2,413.45,53.0,5,5.64,19.04,91.74,3
5407,295280.7222,905.51,2,3,161.12,18.08,7,32.65,32.18,98.5,4
5408,196806.3385,634.46,2,4,794.6,6.34,4,104.53,2.06,84.09,2
5409,120021.2617,550.0,1,4,641.16,41.81,9,93.13,45.79,98.0,4
5410,300234.4103,990.47,4,3,742.61,10.73,9,20.94,1.66,87.77,7
5411,305688.4008,1121.99,2,3,488.69,20.04,7,24.35,20.27,91.06,5
5412,508459.2489,1349.61,2,4,565.76,44.57,5,23.47,10.41,93.12,6
5413,136601.3608,647.33,2,1,540.53,41.62,7,109.19,11.28,99.9,4
5414,126288.3214,612.75,1,4,361.9,21.8,5,88.59,10.54,91.56,2
5415,228320.9626,765.54,3,3,65.01,39.42,8,44.85,32.29,88.74,5
5416,159151.9278,550.0,1,4,398.65,40.49,7,90.84,0.66,92.23,4
5417,481818.1188,613.54,4,4,15.13,43.29,9,1.94,16.07,94.64,7
5418,492276.2695,1628.49,3,3,615.83,19.42,7,25.34,26.16,94.05,7
5419,268454.0863,915.44,2,3,251.03,17.28,7,23.57,18.69,94.19,3
5420,288045.5479,1099.53,1,3,218.94,6.51,8,62.5,0.22,93.26,3
5421,223898.8248,607.97,1,3,1038.68,5.38,7,15.06,1.98,95.96,6
5422,131853.8666,550.0,1,2,304.95,22.78,5,51.86,13.7,97.18,4
5423,317898.9263,918.94,3,3,234.47,25.49,7,33.14,28.87,94.23,6
5424,577973.6383,1684.91,2,5,678.12,18.72,10,44.6,9.12,99.9,9
5425,143398.796,550.0,3,2,912.03,39.76,5,96.86,20.21,97.94,7
5426,506110.3169,1507.02,2,5,639.12,25.15,10,72.03,31.14,93.72,6
5427,248945.8748,835.7,2,3,165.64,9.56,2,57.16,31.11,92.54,1
5428,731287.7622,2275.85,3,4,421.72,64.88,5,12.03,23.25,93.82,5
5429,300770.4502,1599.41,2,3,1047.22,7.56,7,86.6,15.78,87.05,4
5430,101200.0991,858.03,1,1,633.21,25.54,6,82.14,45.22,97.67,8
5431,239373.3608,1083.87,3,2,156.66,25.99,9,27.67,17.99,95.43,7
5432,277825.5958,772.24,2,4,821.65,17.17,9,39.16,27.38,93.11,5
5433,193808.0636,782.26,2,2,743.27,47.18,6,82.07,9.38,86.64,2
5434,335335.0951,1380.39,5,3,221.35,58.47,10,36.41,14.62,82.93,9
5435,313470.0031,826.67,1,4,670.5,12.81,9,25.97,15.34,95.31,6
5436,648805.0138,1898.45,4,3,820.16,29.46,7,31.71,21.2,95.09,8
5437,542237.5536,1224.89,2,3,363.34,22.74,8,16.55,13.26,94.68,8
5438,246206.4743,550.0,3,3,94.14,39.33,9,96.84,30.45,99.9,8
5439,106525.0623,550.0,1,3,466.41,10.11,7,23.36,33.09,91.45,4
5440,477165.3027,1042.11,2,4,23.68,25.92,10,27.33,3.85,95.94,5
5441,322596.4145,1774.02,1,3,559.58,44.85,8,64.57,1.07,92.95,4
5442,543564.0333,1118.63,3,3,438.45,38.71,10,16.9,7.88,99.9,5
5443,349485.8596,1255.51,3,2,601.96,19.88,7,16.71,21.83,96.67,9
5444,298185.6107,1013.74,2,5,385.22,31.02,7,38.96,15.08,98.53,1
5445,157616.4141,603.16,1,3,282.5,9.15,6,2.55,7.0,99.06,2
5446,333490.8425,1032.92,1,5,1004.53,1.1,8,15.11,4.06,99.9,2
5447,383041.2467,729.07,4,3,507.42,42.75,8,25.85,5.29,99.9,4
5448,234225.3508,984.01,2,2,671.11,24.57,9,1.37,4.94,95.48,3
5449,289352.8122,976.6,2,5,483.23,12.97,10,21.69,19.11,98.94,5
5450,290802.8624,782.9,2,3,34.53,20.92,6,28.31,53.31,90.15,1
5451,280418.7304,1417.48,2,2,617.68,49.7,5,52.3,3.84,89.81,3
5452,631525.8582,1787.52,4,3,446.99,39.2,9,75.0,11.41,90.5,7
5453,523016.3934,1400.63,3,5,518.03,11.54,10,33.4,9.87,99.9,7
5454,182140.9594,696.07,3,2,363.82,41.4,4,2.3,6.44,95.98,2
5455,207916.0652,735.48,1,3,812.71,14.21,6,33.81,6.29,92.69,4
5456,243722.0049,876.67,1,4,117.86,12.17,5,4.85,11.85,95.28,6
5457,237219.5632,1941.73,1,2,243.56,23.16,6,22.93,26.37,98.23,4
5458,331588.7744,733.99,2,4,615.95,54.73,8,102.57,10.72,94.58,6
5459,176426.4574,709.62,2,4,100.66,27.96,6,7.95,7.71,95.36,3
5460,198737.0467,774.15,1,3,294.12,51.73,6,7.59,5.71,89.75,1
5461,102435.3805,550.0,2,3,37.87,33.88,8,109.39,11.37,90.38,4
5462,360491.2038,550.0,2,4,795.43,10.86,10,17.56,25.11,98.12,6
5463,226768.2603,913.16,2,2,371.9,73.02,6,35.25,10.13,93.01,3
5464,136165.008,550.0,1,1,398.21,18.23,6,4.3,0.98,99.2,4
5465,339842.077,550.0,3,5,75.42,22.53,10,56.14,34.72,93.29,5
5466,668770.8501,1860.6,4,4,554.25,45.16,8,41.9,11.43,96.2,10
5467,380252.3536,1190.82,2,3,559.94,35.55,10,100.02,4.92,96.87,8
5468,533047.0772,1647.17,2,2,543.04,1.55,6,16.23,0.32,88.27,6
5469,353152.4661,1486.19,3,3,22.33,8.27,6,42.09,16.26,96.12,4
5470,166591.1252,673.11,3,2,812.29,67.46,6,41.15,34.15,97.71,4
5471,170927.4512,550.0,2,3,104.91,5.1,5,84.89,18.79,95.85,5
5472,112697.6057,550.0,3,2,61.99,19.9,4,49.1,44.28,93.29,1
5473,358663.64,1777.14,1,3,848.92,40.2,10,9.19,16.43,96.89,6
5474,341973.8568,1315.31,3,2,572.74,40.48,7,20.1,13.71,93.49,6
5475,367913.2083,1553.97,4,3,367.84,28.59,8,0.51,4.39,96.84,6
5477,242757.0393,550.0,1,4,762.92,29.73,6,63.84,1.71,99.24,6
5478,272823.1207,550.0,3,4,237.74,51.63,10,20.72,3.18,95.76,5
5479,699204.7702,1192.9,4,5,62.76,36.18,10,70.33,13.26,95.52,7
5480,306823.9859,1122.01,4,3,412.55,53.08,10,57.25,6.62,94.69,7
5481,241942.875,623.77,2,3,329.5,36.93,7,41.02,33.07,93.18,4
5482,298680.9437,1042.03,1,3,445.34,1.43,10,22.71,34.04,93.68,5
5483,394748.4104,1101.32,2,3,627.87,30.98,6,13.68,23.01,92.08,5
5484,144117.9962,965.86,1,1,642.49,14.35,3,60.96,8.82,89.31,4
5485,254220.8671,712.47,2,3,505.03,39.42,8,68.85,20.97,96.19,7
5487,329381.0779,1001.56,1,2,263.57,30.18,5,22.73,30.35,99.9,5
5488,355808.5467,1405.73,2,4,701.77,13.97,9,60.75,12.89,96.19,8
5489,252517.6259,595.59,3,3,467.09,36.63,7,59.28,0.5,92.46,6
5490,244580.9873,550.0,3,3,1080.29,28.46,6,59.29,19.83,91.14,5
5491,317119.174,1058.03,2,3,372.22,37.01,9,13.74,28.76,97.81,6
5492,161999.2888,684.35,1,3,352.73,19.22,7,67.62,8.87,95.42,4
5493,227814.0832,1232.61,2,3,473.43,44.28,4,18.37,17.33,93.21,4
5494,274730.4351,947.06,2,3,675.68,48.67,8,28.78,13.04,98.1,6
5495,518283.6632,765.43,3,5,807.09,16.74,6,6.24,11.36,90.14,5
5496,291636.1534,550.0,1,2,566.09,74.91,4,22.48,8.67,97.82,1
5497,312782.5083,878.64,2,2,550.25,52.47,9,68.5,20.07,91.73,6
5498,431435.5791,1584.13,1,4,191.36,41.2,9,90.55,2.17,95.41,6
5499,332227.9805,550.0,2,4,838.26,22.58,7,82.33,17.25,99.1,3
5500,333607.6898,556.0,2,4,850.34,15.39,8,18.51,26.62,88.87,5
5501,423687.8174,988.14,4,4,399.18,56.38,7,94.75,17.26,93.68,6
5502,238872.9863,550.0,3,4,18.9,12.95,6,95.32,34.3,93.61,5
5503,204115.2013,879.8,1,2,429.24,44.64,7,62.15,11.38,99.9,5
5504,362597.7191,901.0,3,3,35.04,21.19,10,4.84,19.49,89.47,5
5505,223986.7535,550.0,2,2,423.66,22.71,5,19.76,13.53,99.9,9
5506,313587.7653,1629.25,4,2,598.66,33.97,9,34.31,20.91,99.9,7
5507,146209.3815,841.26,1,3,3.23,26.9,10,99.51,24.79,86.71,4
5508,147100.1732,550.0,1,3,826.02,37.92,5,96.83,8.08,96.82,4
5509,284876.22,550.0,1,5,786.86,23.5,7,80.22,11.67,99.83,4
5510,323896.9028,858.35,1,4,116.84,47.3,7,15.32,20.47,83.79,4
5511,161135.2004,550.0,2,3,510.17,42.66,5,20.18,23.83,88.36,5
5512,107844.5295,1279.88,1,2,363.78,21.61,6,28.12,8.13,88.68,2
5513,553529.407,1558.41,4,2,318.07,8.92,10,41.39,14.66,99.9,6
5514,361161.0422,857.93,2,4,141.12,0.33,6,1.92,6.41,99.9,7
5515,117301.2525,836.51,1,3,42.75,72.74,6,56.19,36.82,89.97,3
5516,272035.8033,1380.6,3,2,339.5,45.66,6,123.56,4.82,82.85,6
5517,419409.281,1304.8,2,3,607.91,2.91,5,64.85,25.51,93.55,5
5518,163368.2428,987.04,1,3,504.71,20.03,3,2.97,25.88,98.37,2
5519,115439.3901,550.0,2,2,450.64,37.57,9,50.07,4.96,94.08,5
5520,351705.5407,1084.84,2,3,644.13,43.47,6,23.27,11.83,94.36,6
5522,242858.6649,660.69,2,3,735.01,42.55,10,82.2,12.11,89.22,7
5523,339013.2837,1159.38,3,4,366.84,44.69,8,36.82,6.4,99.44,6
5524,325171.012,1385.96,3,3,47.23,16.35,7,16.12,25.32,93.98,6
5525,539870.7988,1249.28,2,4,803.57,29.45,10,19.1,5.46,97.86,5
5526,225509.6491,550.0,2,3,113.65,35.26,6,7.66,14.02,88.03,5
5527,533735.283,1132.88,3,3,686.08,1.66,10,72.09,31.97,83.1,8
5528,498851.7088,890.09,3,4,269.05,62.7,10,54.09,8.36,95.33,7
5529,175921.5956,1372.17,1,1,873.65,25.83,4,35.49,9.06,96.34,4
5530,219833.9251,550.0,1,2,598.67,11.77,6,80.89,20.46,91.13,5
5531,322009.8981,1528.82,3,3,624.83,1.12,7,26.67,0.14,89.93,7
5532,329881.689,1227.08,1,3,257.05,30.55,3,26.32,2.67,93.1,7
5533,263088.4075,733.56,1,1,510.23,38.18,6,45.71,21.94,86.38,2
5534,178277.2988,783.68,2,2,540.28,22.14,5,28.55,6.84,89.6,2
5535,152308.4204,874.53,1,3,381.24,40.79,6,82.95,22.35,96.08,4
5536,210296.1478,1460.2,1,2,606.25,57.54,6,56.09,26.73,88.29,3
5537,192633.9577,1647.35,1,2,432.94,30.26,5,35.04,15.92,90.33,4
5538,277441.6937,1065.81,2,2,497.32,38.53,7,64.97,16.98,99.9,4
5539,667923.2014,1390.12,3,6,563.31,24.52,9,20.39,3.17,86.53,6
5540,387343.3414,1050.8,3,3,639.11,22.15,8,77.06,42.99,99.21,6
5541,284318.2353,1659.19,2,3,719.3,13.26,9,11.22,32.25,96.59,7
5542,349899.8075,1070.66,3,4,253.99,19.08,9,42.25,38.3,90.01,6
5543,380952.6277,1271.07,4,4,1200.19,2.22,10,64.13,2.2,98.1,5
5544,184673.4119,550.0,3,3,557.79,62.83,6,60.27,39.71,91.16,3
5545,268485.508,1198.58,4,3,1100.73,40.7,7,37.5,9.9,87.97,7
5546,462394.7906,1658.26,2,4,682.33,16.96,7,25.51,4.4,99.76,8
5547,126155.5558,592.62,1,3,584.6,30.37,4,70.66,8.48,99.9,4
5548,341137.3523,717.49,4,3,487.61,21.91,5,132.58,1.29,92.9,5
5549,208211.2095,550.0,2,3,265.21,5.78,6,37.09,14.77,95.82,6
5551,243095.2922,819.87,3,3,516.74,19.64,6,83.44,32.16,88.35,3
5552,113517.1348,702.7,1,2,575.39,49.19,6,67.05,16.64,88.14,4
5553,171058.31,628.51,4,2,500.23,11.88,6,15.82,47.04,89.15,5
5554,350775.5173,1729.0,4,4,976.73,45.88,5,11.96,6.0,99.9,9
5555,168159.7604,802.52,1,4,631.97,24.02,10,17.9,44.87,99.9,3
5556,215193.788,796.53,1,4,591.0,59.31,7,33.72,39.29,99.9,7
5557,312373.5076,550.0,2,3,901.68,45.68,8,20.04,25.71,98.81,4
5558,368225.0555,767.05,4,2,101.45,33.59,9,80.14,25.5,90.79,7
5559,319462.0467,550.0,2,4,177.28,18.5,8,69.51,21.65,89.35,4
5560,250745.5197,1215.17,2,2,691.02,31.94,8,113.05,18.91,92.7,5
5562,242583.861,550.0,1,2,271.0,5.8,3,140.89,16.02,89.82,2
5563,423958.8646,935.24,3,2,351.22,44.61,6,54.06,6.49,99.9,8
5564,438473.4817,1032.01,2,4,402.07,16.69,9,24.28,0.04,95.91,4
5565,410505.7881,1037.77,2,4,22.57,60.16,5,14.34,18.15,94.08,5
5566,235364.9007,575.16,2,3,829.79,42.17,6,61.99,22.33,94.51,4
5567,147211.5983,550.0,1,3,2.0,30.77,6,79.16,40.47,95.87,3
5568,242997.8024,550.0,3,4,696.95,43.1,8,58.71,19.56,88.64,5
5569,166443.2347,550.0,2,3,594.82,25.54,5,71.5,37.09,94.24,6
5570,214948.975,550.0,1,1,472.17,2.96,6,18.29,16.01,93.16,2
5571,117833.0743,550.0,1,2,395.98,73.85,5,133.07,10.53,98.44,3
5572,299926.3906,569.54,2,3,347.87,39.59,3,29.78,12.98,99.9,2
5573,131576.8368,550.0,2,2,363.3,13.84,6,18.33,21.52,87.84,5
5574,255864.0649,1373.91,1,3,1342.37,56.55,9,58.65,8.01,96.93,5
5575,450725.5037,1543.25,5,3,454.73,32.21,10,5.76,3.27,88.71,9
5577,365333.5173,981.82,2,4,690.83,66.23,7,36.44,15.22,91.0,2
5578,247780.4737,776.64,3,3,574.18,23.16,6,47.78,17.25,89.03,7
5579,297285.8169,1281.8,3,3,858.82,50.4,7,85.11,2.22,90.12,8
5580,267223.3677,1648.24,2,3,109.9,6.9,8,72.56,3.8,93.95,10
5581,287941.7178,1153.8,4,4,708.58,28.6,9,14.71,17.16,92.55,5
5582,108352.0404,1077.31,1,3,341.77,36.39,8,43.83,37.29,93.08,2
5583,293761.9376,888.27,1,3,101.71,58.76,4,140.28,17.44,89.66,5
5584,272141.8741,2276.81,2,3,407.48,44.92,7,1.3,13.22,99.9,6
5585,95078.5366,550.0,2,3,297.04,20.47,9,60.46,9.02,91.46,4
5587,205364.9148,682.7,2,2,255.42,20.91,8,111.7,17.84,97.95,4
5588,126134.1796,550.0,2,2,946.35,30.7,7,0.16,33.0,99.9,6
5589,212091.3363,1441.51,2,2,560.35,2.19,8,58.22,25.69,99.9,3
5590,481586.8265,1363.77,2,4,1012.71,4.34,6,34.33,12.04,94.17,4
5591,181103.5026,1347.17,1,4,376.98,20.52,6,30.51,24.99,88.96,3
5592,262237.5917,823.84,4,2,900.04,46.56,6,42.5,3.12,94.86,6
5593,109741.0849,963.22,1,1,477.84,43.83,5,76.36,13.49,96.65,6
5594,474375.6673,550.0,3,4,553.98,11.48,7,20.74,17.93,94.01,8
5595,541235.5038,1269.76,4,3,1009.57,57.27,7,42.51,4.98,96.55,5
5596,252796.5789,614.7,1,4,693.29,11.43,9,25.55,35.14,99.9,6
5597,366993.5218,916.98,3,3,304.61,41.97,8,10.82,18.31,96.88,8
5599,141284.894,720.01,1,2,745.72,19.26,5,68.45,50.06,89.14,4
5600,328391.6367,936.49,2,2,379.33,56.26,7,46.35,22.26,99.9,7
5601,140480.1178,550.0,3,1,336.71,65.43,6,2.48,11.07,81.06,3
5602,298794.561,678.77,2,5,559.45,37.69,7,18.94,15.71,95.94,3
5603,223834.2497,550.0,2,4,97.11,0.22,7,44.48,15.23,88.59,7
5604,150163.8716,574.52,3,2,414.02,55.0,4,41.84,29.57,90.24,2
5605,148537.9023,550.0,1,3,83.41,36.73,4,87.14,4.38,86.1,1
5606,363786.1727,1601.53,1,4,705.82,37.84,7,3.16,5.56,99.9,4
5607,132104.0494,907.51,1,3,875.99,24.46,7,56.63,11.87,96.98,5
5608,605073.6116,1029.28,4,4,823.45,15.57,9,53.3,5.63,96.52,9
5609,151940.0427,1072.97,1,2,352.41,31.76,8,7.62,11.45,93.24,5
5610,333735.1911,885.62,2,4,680.56,4.08,7,8.96,16.15,94.25,4
5611,175648.9446,1168.67,2,2,750.11,2.21,6,56.8,7.21,95.52,7
5612,476261.3868,1454.36,3,2,643.19,6.68,10,42.47,10.29,97.35,5
5613,289564.8079,879.71,3,2,555.21,43.92,10,15.95,10.97,91.96,6
5614,206050.2198,550.0,2,3,24.75,39.23,7,90.37,21.11,90.03,6
5615,291226.6805,746.71,2,3,1044.52,7.06,8,14.67,4.41,95.44,8
5616,317966.9791,965.41,3,4,570.31,19.82,10,125.47,30.33,91.72,3
5617,355201.9424,722.72,1,5,727.14,67.67,8,47.27,15.28,88.47,3
5618,331024.3962,877.75,3,2,933.82,20.51,9,61.71,15.41,95.12,5
5619,226866.3935,1830.94,2,1,446.63,2.24,9,0.5,9.03,97.0,6
5620,418899.9362,868.5,3,4,93.81,51.03,8,52.24,25.13,91.61,6
5621,163072.4876,682.34,2,3,232.87,40.19,9,71.93,34.12,89.72,3
5622,370495.3218,1375.84,3,2,419.82,26.18,10,47.96,3.15,88.15,5
5623,355415.1088,653.62,3,4,525.86,31.24,6,64.06,36.02,94.19,7
5624,121280.246,550.0,2,3,115.41,16.39,5,8.52,28.71,90.12,1
5625,210467.5593,1208.45,1,3,672.11,16.9,6,47.78,1.55,94.06,6
5626,527805.1623,1459.29,2,4,419.43,28.59,7,26.19,12.6,93.07,6
5627,358954.4705,1211.73,2,3,516.89,21.83,9,38.15,25.04,90.16,6
5628,278006.7584,798.01,3,2,537.99,39.76,8,44.62,16.81,92.65,4
5629,126372.039,882.35,3,2,663.78,38.72,6,90.68,16.03,91.56,3
5630,351857.5163,1721.9,2,4,219.41,15.82,9,69.83,5.92,84.7,8
5631,276852.617,1345.45,1,3,690.81,44.58,7,80.99,3.44,91.85,7
5632,456675.9896,1187.94,1,5,648.2,2.47,9,23.57,4.17,97.08,4
5633,161330.406,550.0,1,3,108.1,72.88,5,105.65,10.26,85.66,2
5634,147760.8634,550.0,1,2,977.1,75.51,6,5.05,11.81,94.83,2
5635,134893.7547,854.43,2,2,751.82,13.6,5,84.0,34.48,97.45,9
5636,171908.0275,613.5,1,3,657.78,31.39,9,64.14,3.31,99.9,6
5637,346664.0448,550.0,2,4,747.99,14.98,9,81.19,24.77,93.21,3
5638,399718.2074,1510.98,4,2,440.43,24.34,9,20.07,25.71,86.48,6
5639,372219.1404,1133.59,3,2,522.6,38.98,5,7.97,5.94,93.59,5
5640,151921.942,1294.53,3,1,675.07,49.3,4,52.53,25.0,99.9,3
5641,245099.9209,991.57,1,4,568.42,20.61,9,61.74,31.63,98.12,6
5642,249026.8006,1297.69,3,2,398.22,37.61,9,22.43,7.16,94.54,4
5643,309066.6847,1024.25,1,4,423.29,27.95,5,21.27,18.08,92.11,2
5644,299616.9397,581.12,2,3,19.27,55.87,8,43.88,6.51,85.39,6
5645,452624.6154,1212.22,1,4,479.64,12.2,7,48.11,17.37,89.19,6
5646,192613.5071,550.0,2,2,349.55,39.72,5,107.8,21.23,92.7,6
5647,540879.1441,1832.72,1,3,402.74,38.12,10,65.27,4.73,97.51,6
5648,407297.9846,1871.96,2,3,210.36,30.99,10,20.9,16.52,95.93,6
5649,221955.555,550.0,2,3,210.65,53.64,6,58.79,36.66,87.7,4
5650,396163.9063,761.54,1,4,232.87,52.71,4,53.11,28.2,94.87,5
5651,273234.9181,879.41,2,3,105.34,19.63,7,61.42,5.37,87.83,5
5652,257438.9156,1159.68,2,3,695.59,29.83,6,7.37,6.68,99.13,7
5653,302956.7209,809.51,1,3,766.82,35.65,7,9.54,7.56,96.1,7
5654,203871.3077,606.65,3,3,22.75,70.74,7,13.53,17.01,99.9,6
5655,166306.0265,1200.2,2,2,486.72,1.67,6,66.8,0.78,91.67,3
5656,291851.8906,1386.69,1,4,754.54,36.86,5,37.65,2.96,90.24,5
5658,597936.86,2240.4,4,2,725.03,56.42,8,46.22,13.61,90.35,6
5659,233394.502,777.06,1,4,581.88,25.54,4,49.67,7.86,91.97,1
5660,180264.3626,550.0,1,2,40.9,37.83,7,71.38,29.67,91.63,4
5661,305326.2732,723.81,2,5,240.35,39.84,10,58.92,14.58,95.86,5
5662,122746.0041,550.0,1,3,323.4,18.0,4,28.15,20.61,99.9,2
5664,257203.9345,1551.35,1,4,814.38,15.43,9,58.2,10.13,96.66,4
5665,154994.5258,685.34,1,2,929.85,35.17,6,29.55,44.02,97.41,2
5666,399436.5842,934.62,3,4,474.59,20.06,10,71.16,10.88,92.46,5
5667,679097.4556,2010.62,3,4,483.35,5.37,9,37.36,2.15,94.15,10
5668,138761.6006,550.0,1,3,167.25,34.45,4,60.67,41.96,88.6,2
5669,531828.5757,898.96,3,5,448.71,40.34,8,12.92,13.22,99.9,7
5670,407330.3591,921.63,2,3,524.67,43.72,8,5.11,28.41,92.78,5
5671,163869.4855,550.0,2,4,539.29,7.46,7,65.07,15.13,87.5,4
5672,374775.5437,1087.62,4,3,715.63,21.8,9,57.12,13.68,99.9,8
5673,137599.9971,550.0,1,4,786.11,52.07,8,13.61,14.76,86.81,3
5674,579785.4694,1575.75,1,4,399.43,58.72,8,17.91,15.66,90.62,6
5675,316030.1699,1420.92,1,4,457.31,10.64,6,18.35,0.07,99.9,2
5676,302138.7007,1664.88,1,4,980.87,39.32,10,66.71,27.34,96.92,7
5677,233971.9901,550.0,1,4,499.04,68.61,7,31.79,22.87,86.13,5
5678,239704.9986,618.72,1,3,454.33,17.5,9,48.16,22.42,89.93,2
5679,418385.4546,1501.57,2,3,676.33,14.76,8,0.01,11.83,90.66,9
5680,461748.4582,1173.15,2,4,425.96,34.46,7,56.57,6.03,89.74,2
5681,381476.7155,1216.64,1,5,706.24,0.11,10,51.22,49.81,91.66,7
5682,256654.3421,1555.84,1,3,280.54,43.66,8,42.56,19.35,94.3,4
5683,518750.5255,1489.94,3,3,756.14,60.97,9,79.86,26.78,91.84,4
5684,339157.0087,592.36,1,4,537.12,29.77,6,10.24,16.98,96.69,5
5685,120738.6202,1138.64,1,3,671.57,39.86,9,78.51,2.48,99.41,5
5686,614439.273,1792.24,2,4,509.35,23.96,10,42.4,3.42,80.58,4
5687,292193.1024,893.13,1,3,583.54,5.23,9,26.45,2.73,98.94,3
5688,225821.6334,1187.21,2,3,566.0,20.93,5,65.64,1.53,90.14,5
5689,210119.1061,550.0,1,3,457.16,28.86,9,73.96,0.1,91.52,5
5690,162349.4198,1572.71,1,1,323.24,61.86,3,85.1,1.45,94.68,3
5691,386911.5083,890.61,2,4,259.78,33.65,10,29.02,4.19,95.7,8
5692,169045.8255,592.53,2,3,756.19,2.77,7,99.13,36.99,93.17,5
5693,109774.3255,1021.4,1,2,493.09,16.5,6,16.08,1.45,91.01,3
5694,245986.2987,616.19,2,3,76.39,39.64,6,17.41,16.1,86.37,7
5695,188074.8765,550.0,2,2,233.4,2.75,8,37.74,29.72,88.91,6
5696,323535.7209,674.28,1,4,718.13,3.19,6,52.75,43.76,93.23,5
5697,648483.851,1494.81,5,4,584.94,14.74,10,43.58,9.72,95.69,6
5698,419388.5804,550.0,4,5,615.87,27.31,9,42.51,41.51,97.72,6
5699,112294.6508,550.0,2,3,470.25,48.26,5,82.59,14.52,91.3,3
5700,342939.5367,1192.28,2,3,802.71,2.54,7,24.0,12.82,91.53,8
5701,190445.474,812.11,1,4,531.14,32.76,8,30.63,18.92,85.3,5
5702,407439.7019,1144.52,3,4,244.18,12.4,6,22.45,22.79,95.05,5
5703,106297.8135,550.0,2,1,556.49,43.09,4,17.22,16.29,91.88,1
5704,653603.5026,849.29,3,4,426.47,16.08,10,28.14,6.26,96.18,9
5705,275311.908,1608.98,1,3,922.9,18.83,9,27.84,4.8,90.17,4
5706,399813.4381,853.83,3,2,510.63,28.92,7,2.99,11.99,94.02,5
5707,396197.2993,550.0,2,4,15.53,7.47,10,4.25,2.44,98.4,4
5708,367298.9169,886.35,3,2,383.8,17.62,8,26.97,15.34,97.51,6
5709,87592.69696,550.0,2,3,403.16,7.11,9,9.24,45.87,98.43,6
5710,420670.8592,1195.25,2,3,443.95,7.66,10,36.08,27.06,94.47,6
5711,391819.4093,550.0,3,4,871.5,23.55,10,0.56,6.46,85.89,6
5712,296393.2571,946.91,3,3,466.77,4.88,5,63.85,22.63,84.56,3
5713,465682.7256,1501.99,2,3,386.3,38.35,8,22.83,29.55,89.41,7
5714,289653.3039,1202.42,2,2,822.98,21.15,10,50.4,15.31,90.92,5
5715,149637.461,897.47,1,3,112.36,46.24,6,48.85,9.88,97.7,2
5716,229454.0694,1572.26,2,2,904.34,16.94,4,45.31,28.72,92.36,9
5717,374124.2146,1433.01,1,3,646.99,31.51,7,64.14,9.14,95.29,7
5718,225513.7332,1006.85,2,2,200.68,9.41,6,16.12,18.02,94.93,5
5719,349262.1615,1688.17,1,4,946.4,34.22,6,48.83,20.73,93.69,5
5720,261202.3314,1066.81,2,3,838.12,46.27,7,42.11,17.57,94.52,6
5721,306499.0732,741.18,2,4,235.79,30.89,6,63.8,53.22,87.77,2
5722,400419.9643,1212.45,2,3,702.27,27.09,5,37.03,25.79,96.05,6
5723,232581.0797,661.77,2,2,42.18,21.61,6,29.35,35.1,95.41,6
5724,103375.7614,645.52,2,1,102.29,29.06,6,66.46,11.87,94.6,3
5725,350815.0944,846.38,4,2,842.59,70.69,3,96.49,1.54,91.13,5
5726,200617.6149,783.15,3,2,399.04,76.55,4,83.04,41.65,94.64,5
5727,350896.7547,1451.37,2,3,387.01,23.38,10,16.17,4.59,94.16,5
5728,112953.986,1122.06,1,2,145.52,56.0,4,65.31,34.52,97.85,3
5729,379773.8959,689.99,3,3,525.8,32.47,9,53.49,32.23,95.95,6
5731,432138.2935,1227.8,3,4,605.85,36.4,9,102.15,23.98,99.9,6
5732,231368.8227,1765.19,1,1,1019.86,41.8,6,7.49,9.99,86.42,6
5733,272679.2009,1672.39,1,2,92.0,20.61,6,15.96,3.83,89.6,5
5734,328549.876,550.0,3,4,234.87,58.21,7,119.98,24.44,91.26,3
5735,163712.9443,550.0,1,2,414.41,20.05,7,117.91,14.0,91.62,2
5736,255620.1138,1017.24,1,3,640.04,22.42,10,105.65,11.28,99.9,4
5737,113423.8569,1154.96,2,1,210.5,8.02,10,115.13,3.4,91.57,4
5738,728421.5303,2189.13,2,4,845.53,4.66,9,0.57,15.74,99.09,5
5739,238883.7761,1554.26,2,1,294.83,58.82,5,80.36,14.25,90.64,4
5740,428253.0977,1913.1,2,4,529.67,42.71,9,54.32,11.06,96.54,9
5741,290923.8511,1204.83,1,4,286.99,38.48,8,4.89,28.66,99.9,6
5742,294734.4667,1380.15,2,2,439.64,50.0,7,80.32,4.18,90.4,6
5743,246854.8355,1056.11,1,3,300.08,17.17,9,23.61,3.78,92.12,5
5744,130765.982,985.17,1,2,1033.66,40.12,5,51.07,3.45,92.75,3
5745,261773.5907,1030.86,1,5,64.67,42.58,10,36.79,39.14,87.08,6
5746,542981.5677,1327.95,4,4,1003.32,10.3,10,38.84,2.22,99.9,10
5747,438422.9176,1123.61,3,4,236.57,51.99,8,18.47,16.33,91.5,5
5748,198408.6971,917.42,2,2,515.4,44.48,8,27.27,0.87,98.65,7
5749,518778.2562,664.34,3,4,329.85,22.28,8,31.75,6.3,99.9,4
5750,336939.7982,1221.1,1,4,249.89,55.6,3,90.49,33.45,84.35,5
5751,278155.1053,550.0,2,3,32.97,31.38,6,87.38,21.07,88.69,5
5752,197999.7267,1044.25,2,2,910.52,29.77,8,83.63,27.18,89.89,2
5753,246561.5892,992.99,1,3,1006.05,20.24,8,8.22,3.97,99.9,4
5754,142270.8916,566.9,3,3,871.89,80.58,6,10.08,2.83,91.08,4
5755,452860.6654,1223.42,5,3,821.98,28.1,7,76.46,8.35,94.99,4
5756,572701.7326,1405.88,2,4,887.54,34.9,6,19.14,13.49,99.9,6
5757,505852.6148,1256.39,2,4,433.47,32.48,7,36.73,1.58,90.69,5
5758,252574.0625,1689.01,1,3,927.52,46.98,6,69.06,17.58,95.96,6
5759,108024.4623,550.0,2,1,270.9,23.78,7,13.51,4.34,89.62,4
5760,437663.5699,708.17,1,4,637.63,59.67,8,33.64,22.43,87.74,3
5761,363405.0405,1274.67,2,3,405.73,20.36,7,11.31,15.99,92.43,2
5762,200834.2875,550.0,1,4,322.67,22.88,8,50.0,21.17,92.84,5
5763,441519.1742,1304.89,4,4,173.37,37.06,9,15.14,11.85,99.48,6
5764,185241.968,1378.95,2,3,421.0,22.48,8,105.32,15.02,98.36,8
5765,274502.3597,550.0,2,3,301.03,43.19,5,70.28,44.76,93.95,2
5766,341905.6708,1280.45,2,4,777.26,36.67,9,71.64,6.42,99.9,7
5767,268709.6545,593.45,3,4,333.42,70.86,6,23.82,11.24,90.89,5
5768,332166.2074,907.07,4,3,475.13,1.62,10,75.66,16.14,99.34,7
5769,202699.6241,550.0,1,3,403.52,1.88,5,50.01,14.23,90.74,4
5770,263158.5823,696.6,2,4,494.14,22.01,9,17.56,42.67,96.9,7
5771,320930.4065,1379.63,2,3,507.39,32.89,3,54.21,33.91,87.41,1
5772,675129.4253,961.66,4,5,744.72,56.17,10,98.18,6.87,95.09,9
5773,115180.227,550.0,2,2,1036.21,13.65,6,44.44,18.11,89.43,4
5774,320096.7017,1571.87,2,3,791.44,26.56,5,61.04,37.91,98.53,6
5775,177964.3186,550.0,3,3,555.7,31.91,3,85.06,24.63,88.17,6
5776,154037.7848,1196.62,2,2,321.42,37.55,6,70.51,22.53,98.11,7
5777,246420.5807,932.72,2,3,605.21,33.19,7,22.83,0.24,96.92,4
5778,365297.3814,1570.07,4,2,573.13,12.88,8,46.77,18.9,91.37,8
5779,647940.0255,1370.88,5,4,970.89,28.58,9,30.69,2.84,90.59,4
5780,332210.8691,1365.23,2,4,127.35,1.01,10,13.18,12.23,99.9,8
5781,343771.9532,1758.17,1,3,285.33,18.38,9,41.34,3.43,94.16,6
5782,94945.29121,550.0,1,3,934.49,18.12,4,38.92,34.32,90.02,1
5783,645969.9208,1376.84,3,4,527.95,50.51,5,49.04,14.63,96.06,6
5784,203461.3509,683.26,1,2,584.54,37.97,5,61.99,8.29,91.95,2
5785,122305.3568,706.56,2,4,647.51,4.16,7,103.24,6.27,99.9,3
5786,372714.9939,594.62,3,2,253.14,45.63,6,57.87,37.07,91.47,7
5787,382139.7344,1097.56,2,4,272.05,28.62,6,116.87,13.14,99.9,7
5788,221981.4242,550.0,3,3,655.24,28.95,7,36.52,14.1,99.9,6
5789,493844.755,1163.6,3,4,414.13,60.33,7,71.25,9.58,92.18,5
5790,474269.9146,1211.64,2,3,669.46,60.6,8,12.98,7.23,92.55,8
5791,319405.5711,554.51,2,5,663.26,57.12,8,56.22,31.31,93.71,6
5792,382986.1356,1487.75,2,3,298.14,52.23,5,21.73,19.61,99.9,5
5793,95866.28932,550.0,2,3,730.12,47.64,4,80.17,39.09,92.23,3
5794,503936.996,1783.22,1,4,383.22,4.02,10,2.77,21.35,91.0,7
5795,230280.9959,550.0,1,3,674.23,31.7,6,10.67,23.19,86.61,2
5796,124117.4428,1253.92,1,2,254.82,29.29,6,1.66,4.34,97.7,5
5797,257185.6346,1615.64,2,1,335.89,53.26,7,24.67,8.71,92.61,1
5799,232506.3177,550.0,1,2,520.0,1.79,5,45.32,30.68,99.9,3
5800,342875.1627,1284.14,5,3,26.05,10.11,8,98.38,15.23,93.39,5
5801,187888.8282,1456.45,1,2,618.87,2.93,7,58.36,30.25,97.83,5
5802,261105.2347,952.05,3,3,986.01,23.79,5,57.24,44.39,82.06,4
5803,429663.1204,550.0,3,4,538.91,27.11,4,38.35,7.16,85.24,5
5804,387076.1872,918.0,2,3,288.11,21.94,7,69.1,13.94,87.22,6
5805,389635.1346,1073.54,2,2,508.27,31.42,5,15.02,23.89,91.54,6
5806,375742.0057,1063.04,2,3,611.67,38.75,8,23.34,8.28,95.22,7
5808,98839.17831,878.12,1,2,204.15,62.45,6,66.76,35.38,92.27,3
5809,213524.6477,1208.86,1,2,661.44,23.08,7,19.06,7.21,96.65,5
5810,389504.8713,1276.83,3,2,537.85,20.29,3,94.43,1.32,94.24,7
5811,528932.0192,728.47,2,3,902.47,15.88,8,63.29,3.19,92.28,6
5812,552908.7589,1620.01,3,4,891.11,35.77,10,63.92,5.63,94.89,8
5814,103947.6295,550.0,1,3,245.38,12.0,7,45.91,18.71,83.68,1
5815,419930.8983,1808.55,3,3,554.65,25.62,7,41.44,18.78,87.51,3
5816,267446.7827,550.0,1,4,952.15,51.97,7,14.32,9.84,92.79,6
5817,443216.9696,1179.23,2,4,850.12,6.87,9,4.76,4.74,99.18,5
5818,261671.7439,1675.25,3,1,124.92,16.59,7,82.89,30.48,90.3,2
5819,407863.0369,1328.21,3,3,395.87,57.26,7,53.8,28.67,87.77,6
5820,523957.4089,1729.78,4,5,1040.52,3.73,9,6.62,3.41,99.71,9
5821,463033.8802,1183.37,2,3,512.16,3.98,8,74.31,16.4,97.58,5
5822,248189.6232,989.32,1,4,525.88,21.41,8,50.54,30.11,89.56,3
5823,402125.0531,1022.97,1,3,99.39,43.53,8,48.29,29.88,95.78,6
5824,146971.1482,550.0,1,4,365.54,68.35,6,74.58,32.99,84.47,6
5825,599887.6946,1552.01,2,3,897.16,25.11,9,21.87,1.68,93.88,8
5826,223043.4874,576.58,1,3,844.2,30.3,3,92.49,16.91,93.64,5
5827,96645.45592,777.56,2,2,701.26,36.53,6,35.71,23.58,98.67,3
5828,517182.0461,1753.26,2,5,821.42,16.11,7,63.3,12.36,94.12,6
5829,284620.829,1037.88,4,5,1080.55,34.81,10,93.84,2.39,96.31,8
5831,174720.5016,843.49,1,3,567.61,30.17,5,20.03,10.44,91.92,4
5832,197654.435,993.36,3,2,276.53,37.0,7,12.7,11.92,93.03,6
5833,619955.3462,1924.04,3,4,306.9,37.2,8,47.85,23.41,90.52,6
5834,313537.9701,550.0,3,3,617.2,17.01,8,15.43,21.13,98.86,8
5835,364721.6372,1115.1,1,3,675.68,52.5,6,20.29,16.67,91.68,6
5836,421913.6325,1428.66,2,2,238.82,37.31,5,4.91,28.78,99.9,7
5837,347447.5701,550.0,1,1,946.35,44.66,3,61.95,35.45,97.11,2
5838,390936.305,1563.58,2,3,724.0,24.61,8,60.85,16.08,93.64,6
5839,266078.998,1856.18,3,2,552.05,7.26,6,22.68,7.81,99.04,8
5840,595244.0904,1300.54,4,4,707.39,7.31,9,19.82,11.44,90.28,6
5841,229550.2489,1310.42,1,4,682.27,44.41,10,69.14,20.26,99.9,4
5842,203620.63,1112.78,1,3,716.84,16.22,6,32.97,20.37,94.56,5
5843,354541.3626,757.63,2,3,684.49,31.64,6,1.09,20.18,91.73,6
5844,374394.5975,1558.66,3,2,296.59,34.11,9,38.01,20.81,88.0,6
5845,313336.7835,1204.06,3,3,166.04,13.49,7,46.81,7.9,88.57,6
5846,156291.7125,914.61,2,2,1014.42,41.4,6,81.84,28.04,95.66,1
5847,205364.1847,873.82,1,3,273.01,23.6,6,0.51,2.14,85.93,6
5848,528410.9298,2007.78,3,4,1069.97,38.88,9,21.7,23.63,92.67,6
5849,310836.675,1155.16,2,4,353.63,47.38,4,5.02,12.82,93.69,4
5850,134294.5711,550.0,2,2,925.3,4.23,7,127.83,36.2,99.14,4
5851,323996.8858,1397.88,1,2,316.94,29.82,7,123.89,19.81,92.95,7
5852,198059.0707,941.24,3,3,616.89,11.42,10,73.0,13.75,97.38,4
5853,420008.0172,2034.08,2,3,230.2,6.35,10,20.63,7.33,83.04,4
5854,170322.2309,1045.36,1,3,145.96,43.8,7,1.9,27.68,91.38,5
5855,227861.6369,1196.5,2,2,458.34,76.47,4,33.85,1.9,87.57,6
5856,290095.1722,1432.53,3,2,925.75,24.86,7,115.4,5.73,89.37,7
5857,111070.1369,1143.71,2,1,1080.91,22.98,5,13.19,5.3,94.91,5
5858,155815.2438,916.27,1,3,361.27,21.38,6,39.63,25.66,91.5,3
5859,171495.9481,812.21,2,2,443.47,12.23,5,43.41,42.38,94.07,3
5860,111227.1716,607.24,2,3,516.29,19.77,7,42.67,24.79,89.61,5
5861,398689.0703,663.24,3,2,181.82,33.49,6,19.88,2.18,92.35,5
5862,204452.9966,598.27,1,2,161.96,81.01,5,136.4,36.49,92.06,3
5863,106751.7007,550.0,1,2,742.6,47.93,4,20.88,18.18,91.23,6
5864,413615.4089,1421.91,2,2,993.73,42.89,5,2.3,26.02,87.13,5
5865,152646.3897,550.0,2,2,422.08,16.03,4,16.56,17.68,89.23,2
5866,192498.1029,799.39,3,2,1216.81,43.15,7,36.99,6.77,93.85,7
5867,291066.7383,1878.52,1,3,243.89,34.68,7,12.64,37.96,85.84,6
5868,269687.9773,984.81,3,1,235.71,26.63,6,64.0,9.93,87.05,5
5869,314862.9031,1096.86,1,4,335.07,37.71,6,92.15,21.54,91.78,4
5870,364516.1464,1058.63,3,4,595.41,36.07,9,47.33,11.31,91.67,5
5871,337965.0351,1220.43,2,5,880.16,33.81,8,51.89,37.69,95.03,6
5872,103526.004,550.0,1,3,1100.68,45.34,3,4.08,5.3,93.72,3
5873,414476.2629,682.68,4,4,468.41,2.45,6,68.81,15.81,96.39,6
5874,104515.8155,550.0,1,4,710.29,73.48,4,48.01,16.78,87.0,4
5875,202792.0195,550.0,1,3,371.84,35.14,4,67.25,27.17,99.9,6
5876,167115.5675,746.57,4,2,545.5,26.32,8,95.02,8.89,94.39,3
5877,139012.3328,676.08,3,1,712.62,16.66,4,82.09,14.82,99.9,4
5878,419274.0225,1452.3,3,3,433.51,45.29,6,46.3,12.0,89.47,6
5879,168127.408,550.0,4,2,559.69,19.08,6,66.33,11.86,92.68,4
5880,448211.1312,1399.26,1,4,558.14,29.05,7,75.53,5.18,93.77,3
5881,301531.291,1688.66,3,3,1177.54,15.56,9,16.91,7.99,99.62,7
5882,447702.5196,1314.29,3,2,614.58,7.08,10,37.32,4.14,96.16,9
5883,172428.9174,1149.79,2,2,301.24,51.26,4,71.42,33.8,96.32,3
5884,429941.2795,802.63,3,4,973.78,34.81,5,84.2,8.99,87.28,4
5886,363161.8753,1423.75,2,2,223.78,41.92,6,23.2,12.51,93.32,7
5887,184006.5948,550.0,2,4,780.96,30.0,4,107.62,18.74,84.21,2
5888,533541.3888,550.0,4,4,564.45,17.65,10,44.3,14.59,99.9,7
5889,259413.2253,1172.05,4,3,631.0,36.56,7,8.81,14.97,87.69,6
5890,207254.444,1508.84,1,3,784.12,7.72,9,75.57,28.88,99.9,7
5891,270183.298,1136.53,1,2,29.91,52.44,4,68.95,10.64,93.94,5
5892,455997.1118,1348.73,5,3,261.46,40.51,9,33.57,15.5,91.55,6
5893,170579.0863,1140.53,1,4,314.26,47.3,6,77.73,12.32,85.28,4
5894,286157.5785,1072.14,4,2,410.06,54.33,10,6.48,11.51,99.9,6
5897,309141.3191,1559.91,1,4,688.92,21.42,9,14.28,21.29,93.27,7
5898,91076.81329,550.0,2,2,196.84,12.43,4,27.22,26.31,92.29,1
5899,375839.3966,1336.78,2,3,7.34,56.27,6,101.29,22.06,90.76,4
5900,115019.541,869.73,1,2,211.54,31.82,6,59.5,3.23,96.01,4
5901,287988.1446,1438.43,2,3,166.12,48.11,8,71.85,2.09,95.0,4
5902,421524.3866,550.0,4,4,1088.51,29.77,7,52.74,14.78,93.71,5
5903,359643.3157,1016.53,2,3,479.81,39.09,5,10.09,17.14,96.61,10
5904,279893.0825,564.94,3,4,805.94,26.65,6,75.26,13.27,95.77,6
5905,227731.0587,774.52,1,3,225.48,60.59,6,17.55,21.27,99.9,4
5906,127058.6412,550.0,1,2,538.87,3.13,3,99.62,14.64,94.05,4
5907,184777.0587,550.0,2,3,1039.23,27.5,6,51.61,21.27,99.9,5
5908,251772.1898,1410.31,4,2,275.38,32.4,9,13.88,7.01,91.88,6
5910,210386.9226,1170.14,2,2,757.79,49.75,5,30.19,20.82,92.83,5
5911,322391.3847,1189.42,2,3,594.28,8.05,7,73.86,10.56,99.04,7
5912,244850.0049,846.6,2,3,475.88,9.77,7,85.61,17.11,98.38,3
5913,100671.6346,1789.94,1,2,407.92,44.43,5,93.96,25.18,83.84,2
5914,181396.4881,710.61,1,4,682.14,25.3,8,5.36,16.28,94.27,5
5915,136794.6888,967.81,1,4,463.41,17.03,9,78.32,0.39,99.9,8
5916,241788.0642,580.77,1,4,384.16,55.34,6,0.05,13.5,87.04,4
5917,658491.9519,1528.0,3,4,505.83,17.59,9,58.26,4.84,84.2,6
5918,307326.7045,1128.51,4,1,684.79,16.78,9,69.74,34.95,97.2,3
5919,476766.0442,964.27,1,6,623.13,25.83,9,76.89,29.05,98.21,5
5920,396198.2381,1175.55,3,3,561.94,32.26,8,14.61,8.34,95.06,7
5921,367969.6697,1263.37,3,4,1079.94,17.32,8,24.21,1.51,96.66,6
5922,109015.4849,550.0,1,3,174.71,28.92,5,77.36,26.02,91.29,2
5923,307086.9012,791.11,2,3,436.7,37.43,6,13.73,22.98,90.47,4
5924,230534.1487,1281.26,1,3,463.2,21.46,7,140.63,21.84,91.81,4
5925,239719.168,883.04,2,3,259.69,3.7,7,19.15,9.32,96.06,3
5926,240418.5569,1478.75,1,3,592.87,17.62,8,7.17,33.22,97.77,5
5927,526297.9108,1226.48,2,4,426.46,25.92,6,4.69,14.21,96.06,5
5928,168709.8999,917.46,1,3,89.01,18.46,7,19.77,1.73,81.92,4
5929,194267.5167,550.0,2,3,393.39,15.7,6,43.49,24.47,91.75,3
5930,383703.4774,1150.38,2,3,325.06,12.04,9,90.38,14.51,89.11,5
5931,463412.5911,1046.05,1,3,704.8,30.4,7,80.83,25.01,87.73,6
5932,277316.3525,1276.24,3,3,359.12,32.61,8,42.96,14.37,98.61,6
5933,130243.4643,550.0,1,3,675.96,49.12,8,96.99,50.4,97.9,3
5934,186324.8193,1152.41,3,1,676.01,33.51,7,78.97,35.07,94.89,3
5935,343027.6788,1339.82,3,4,768.82,38.12,7,23.11,17.28,86.93,5
5936,311568.8533,845.62,2,3,535.27,2.63,6,49.22,9.27,94.01,3
5937,311554.6722,550.0,2,2,63.74,20.59,3,3.03,38.51,83.24,1
5938,449273.8818,1318.75,1,5,429.97,27.45,10,21.49,9.87,93.81,3
5939,469660.4152,1569.34,2,2,414.48,28.18,8,41.23,2.69,95.54,5
5940,202333.7397,740.44,1,3,703.92,8.61,8,63.47,9.82,82.58,6
5941,465446.4607,1724.17,3,3,557.18,3.21,6,87.09,12.19,99.9,9
5942,387635.6257,1268.86,3,4,586.33,5.6,10,23.03,16.15,95.0,6
5943,112542.6906,583.35,1,2,537.69,52.92,6,28.93,29.88,97.11,6
5944,431606.9747,978.37,3,3,1137.92,9.61,6,21.03,28.79,91.3,4
5945,177565.4235,676.73,2,2,51.05,31.93,4,88.68,27.47,90.24,3
5946,334532.0755,1423.0,2,2,593.15,29.1,5,28.45,30.42,99.72,4
5947,211150.8233,1886.69,3,1,757.25,48.29,6,18.49,8.07,88.36,5
5948,369232.6478,550.0,3,5,202.36,4.07,10,70.64,10.41,91.65,5
5949,105922.2442,550.0,1,3,576.18,50.25,6,1.6,18.78,91.75,1
5950,257960.063,1645.35,3,2,560.93,7.52,9,27.54,5.29,92.67,6
5951,269009.5188,768.34,2,3,437.5,15.44,9,58.24,24.53,95.89,7
5952,201314.9426,1489.19,2,2,280.65,47.71,7,16.87,14.3,93.28,4
5953,387905.4289,1779.8,2,3,186.06,20.99,9,113.8,17.58,99.9,7
5954,245250.8451,1887.43,2,1,272.29,33.59,8,26.8,5.21,99.9,6
5955,207362.1647,1017.03,4,2,478.38,23.05,7,80.57,10.37,99.9,4
5956,320726.3276,1786.61,2,3,586.33,17.74,6,34.16,4.07,91.06,5
5957,230173.566,976.35,1,3,841.37,5.77,8,70.82,4.13,99.85,4
5958,360685.8504,650.36,2,3,164.98,34.92,5,29.36,26.71,84.31,4
5959,298550.7118,550.0,2,4,258.5,9.22,9,61.57,4.28,89.77,5
5960,274030.2632,1109.44,2,3,335.38,39.67,7,77.26,25.3,98.22,6
5961,422422.0922,1340.86,2,3,768.27,64.77,7,0.41,9.78,90.22,2
5962,408845.8492,711.62,1,5,207.21,32.58,8,62.0,33.85,92.41,5
5963,214462.382,569.26,2,4,237.75,31.71,6,16.11,19.28,97.76,4
5964,291132.0389,550.0,2,1,166.01,26.45,5,41.6,16.64,99.9,6
5965,250155.1266,583.25,4,1,503.48,34.81,7,24.36,26.0,96.16,4
5966,277466.3269,550.0,5,3,396.19,20.95,9,69.22,26.01,92.63,2
5967,196604.6614,1809.46,1,3,377.13,66.98,4,92.87,14.78,92.91,6
5968,245648.5235,1252.06,2,2,210.96,9.86,10,32.82,33.25,96.38,7
5969,353025.8068,1805.62,1,2,398.34,33.12,9,104.0,19.23,99.9,4
5970,513305.2882,1280.42,3,3,281.29,23.65,8,85.72,26.24,96.14,5
5971,380442.7325,1185.79,2,4,739.45,28.16,6,23.32,14.13,87.73,3
5972,267861.9687,550.0,1,6,410.36,27.77,8,23.18,16.76,92.54,4
5973,358070.9608,1572.85,2,4,543.34,62.4,7,4.47,22.43,93.88,6
5974,562257.4662,2248.84,4,5,893.01,21.06,10,9.61,13.65,94.35,8
5975,456091.1396,1429.85,3,5,251.0,4.11,10,83.6,13.17,85.86,7
5976,419156.6199,1679.19,1,3,536.71,13.46,6,79.36,32.09,95.37,8
5977,180015.2789,1454.19,3,1,640.5,10.7,8,80.34,7.35,88.73,5
5978,224973.4118,1474.99,2,2,774.45,25.39,5,57.62,19.71,94.71,6
5979,133722.6083,550.0,3,3,739.1,53.78,2,75.09,8.38,98.77,1
5980,133702.1794,550.0,2,2,549.03,47.09,3,37.99,3.28,87.53,1
5981,142740.4811,550.0,1,4,722.38,25.56,5,38.55,16.46,96.41,4
5983,218397.4733,550.0,3,4,1008.69,2.44,7,18.18,8.28,93.09,7
5984,363914.6366,1774.08,2,2,522.48,58.18,6,12.35,15.41,93.06,4
5985,298431.5825,959.9,2,4,634.34,17.56,10,48.44,15.64,94.52,5
5986,220458.9936,901.6,1,3,628.48,25.15,8,19.82,15.34,99.9,6
5987,481343.2377,1087.6,2,4,267.34,20.46,8,69.76,6.58,98.8,7
5988,297382.5679,1403.85,2,3,48.21,22.13,10,9.46,6.24,99.9,8
5989,318944.5628,1502.76,3,1,28.7,34.63,4,44.45,11.42,89.17,9
5990,362981.6337,550.0,3,4,510.13,36.6,6,82.75,17.58,97.2,5
5991,99796.15875,550.0,3,2,424.57,18.32,6,78.62,32.93,99.9,2
5992,225737.5059,839.86,2,3,1022.66,44.57,8,55.82,5.69,91.79,5
5994,120852.2785,550.0,1,3,778.8,0.45,6,49.95,28.63,99.9,2
5995,208002.2829,725.08,1,3,489.23,35.79,8,29.16,37.23,98.24,4
5996,425167.2697,1140.45,1,4,1068.53,7.86,5,78.47,29.13,94.95,4
5998,588317.6568,1157.27,1,4,70.76,70.39,8,28.33,1.07,99.9,6
5999,173633.0734,550.0,2,4,447.52,24.37,8,40.92,35.75,99.9,5
6001,248951.658,767.36,1,4,546.27,20.76,9,14.49,0.86,86.1,6
6002,266314.2278,1942.55,1,3,1089.4,23.0,5,23.49,3.66,89.5,7
6003,484512.1588,1052.48,3,3,43.02,6.47,8,60.07,22.79,99.74,8
6004,330790.1596,1385.61,3,2,895.75,6.28,6,82.43,32.5,89.22,3
6005,402047.1652,1054.97,2,3,256.4,23.56,7,12.75,23.54,92.9,7
6006,335517.7029,1318.62,5,1,310.06,3.55,7,62.67,25.8,88.08,4
6007,186211.2944,550.0,2,3,143.24,27.82,6,47.5,30.97,90.53,5
6008,393815.2236,1116.57,3,3,55.32,60.8,6,60.82,24.39,88.39,4
6009,143482.3805,1024.17,1,2,657.27,10.84,8,11.14,21.83,99.9,3
6010,479347.3542,2014.53,1,3,349.18,31.28,6,82.26,19.95,91.7,5
6011,334002.7703,775.73,2,3,549.76,50.83,7,45.68,6.55,94.19,5
6012,351656.8786,550.0,4,3,788.48,29.26,8,15.13,10.3,93.66,6
6013,392732.8557,1028.47,2,4,213.54,30.1,6,80.26,45.1,88.91,5
6014,442788.154,1070.0,2,5,729.15,59.99,10,69.59,23.63,88.26,3
6015,203564.234,550.0,3,2,382.59,25.47,8,115.79,24.57,93.9,3
6016,507098.5017,2286.02,2,4,514.04,31.7,8,60.22,7.24,89.23,4
6017,212176.5091,747.71,3,3,499.61,4.35,8,128.85,8.86,93.02,6
6018,341753.2277,1464.35,3,4,494.9,31.06,8,26.06,16.04,97.92,6
6019,195297.2596,550.0,2,3,72.65,13.81,6,66.74,20.62,92.98,1
6020,367534.6529,1139.21,2,4,394.97,43.4,10,31.62,7.63,99.9,7
6021,409313.7256,1295.36,4,3,482.35,20.82,10,27.45,11.15,96.79,7
6022,264687.482,1480.25,1,3,104.53,20.92,9,58.01,7.37,92.3,3
6023,246305.3703,550.0,2,4,874.96,43.64,7,79.61,28.11,91.07,5
6024,127798.6831,550.0,2,4,888.51,17.61,7,17.51,6.37,93.86,4
6025,232594.7678,1463.33,2,3,293.14,40.32,4,93.99,33.6,93.25,2
6026,274558.259,1309.65,2,3,779.06,32.23,9,36.77,6.49,93.96,5
6027,333345.3744,1637.04,2,4,554.53,8.96,10,18.7,3.38,99.6,6
6028,147605.9,829.85,2,3,560.84,50.89,5,23.23,25.41,90.44,4
6029,304336.8266,773.47,2,3,106.19,19.55,7,83.96,1.14,88.85,3
6030,490302.2082,901.77,4,3,619.22,2.35,9,15.86,14.98,99.9,8
6031,447877.4851,1745.79,4,1,308.21,14.07,7,67.07,8.44,92.39,6
6032,390192.2257,1080.31,1,3,464.72,27.55,4,56.0,12.51,95.96,3
6033,643648.7488,1865.64,3,5,542.84,22.83,9,38.99,0.78,96.77,7
6034,360053.6851,1002.14,1,4,230.87,0.78,7,96.0,29.1,95.35,8
6036,200222.2152,867.61,1,3,154.71,14.86,6,70.8,16.75,90.87,4
6037,172176.5119,550.0,1,1,867.01,40.43,5,51.71,34.98,84.17,3
6038,669952.9768,1231.79,5,3,450.69,15.71,10,4.62,3.15,97.27,7
6039,217206.4322,830.78,4,3,371.62,39.53,6,45.32,18.53,95.88,4
6040,607617.5735,1484.17,1,4,540.02,24.92,7,86.08,43.63,99.9,9
6042,365330.0965,550.0,3,3,290.32,32.09,5,53.05,4.56,95.57,4
6043,249787.5681,888.39,1,4,735.31,29.2,8,9.77,49.6,94.64,6
6044,336254.8191,1229.92,3,4,148.67,14.49,8,12.61,9.91,99.9,5
6045,173899.5665,1012.98,1,3,78.91,24.08,6,56.22,44.14,99.9,2
6046,479213.8492,1481.34,1,5,794.84,22.49,10,82.49,1.91,90.31,6
6047,608346.9181,1346.71,3,3,560.78,11.32,10,65.61,16.84,91.83,6
6048,453273.4861,808.49,3,4,1106.11,2.8,8,12.72,15.05,94.03,6
6049,516382.1541,994.11,2,3,841.01,15.19,9,80.63,16.99,92.54,8
6050,342213.898,964.76,4,2,267.62,7.92,7,1.0,0.85,87.24,8
6051,226528.3599,697.21,1,4,551.48,35.19,5,46.19,6.19,99.9,6
6052,106487.3614,755.37,2,2,670.05,25.77,5,20.44,1.21,92.07,4
6054,327626.1061,771.18,1,3,95.67,57.62,5,42.5,18.61,91.95,5
6055,257144.2688,851.23,2,3,496.61,54.61,5,20.81,11.08,92.43,6
6056,156166.44,550.0,2,2,853.26,31.21,9,30.6,29.66,99.9,4
6057,173722.5743,550.0,3,1,989.47,57.18,5,11.49,3.89,99.85,3
6058,248086.4852,757.67,2,3,940.59,24.01,10,27.95,3.26,93.62,8
6059,349391.2377,1522.63,4,5,420.15,15.76,9,1.28,6.4,94.0,5
6060,127201.7428,1200.6,1,2,811.38,44.76,6,41.57,17.1,91.54,4
6061,112495.9077,562.94,1,3,494.66,64.36,5,99.9,27.81,96.4,4
6062,261240.2269,550.0,2,4,420.18,18.43,8,34.09,43.21,83.65,5
6063,650641.7431,2057.02,1,4,574.14,51.02,8,18.23,34.07,97.88,6
6064,366814.4459,1108.37,3,4,454.38,3.17,10,48.32,6.5,95.93,9
6065,222939.7391,1138.63,1,3,421.68,33.56,9,52.32,22.38,92.56,8
6066,160234.8661,794.96,1,3,662.62,62.2,7,78.53,28.83,92.03,3
6067,155738.7254,550.0,2,4,434.12,72.52,8,73.42,39.25,99.9,4
6068,255979.6826,646.4,1,4,653.33,19.63,6,26.17,20.6,85.35,6
6069,133591.3704,571.69,1,3,709.35,53.87,2,23.02,24.39,95.45,2
6070,474003.1369,765.5,4,3,236.65,40.87,6,18.81,20.06,88.26,5
6071,116537.0207,949.75,2,1,327.0,56.33,3,40.14,0.08,97.66,2
6072,307908.9626,1336.66,2,3,711.64,20.15,9,72.37,20.01,90.35,7
6073,259348.0402,557.42,2,2,471.9,12.1,6,33.49,22.78,93.52,5
6074,228139.8188,682.98,3,3,1013.88,33.14,7,72.61,5.57,89.49,5
6075,546651.7415,1302.16,3,3,725.26,23.77,5,15.69,15.91,92.59,4
6076,123788.0536,923.3,1,2,801.72,30.9,3,52.67,48.28,93.07,2
6077,254564.3918,849.76,2,3,537.36,19.68,7,9.32,3.82,86.86,5
6078,273449.9487,1663.91,1,3,801.23,22.27,6,0.25,17.71,92.07,6
6079,506890.4558,1923.32,3,3,664.17,13.18,6,69.27,10.15,87.97,8
6080,304061.1571,781.01,1,4,888.84,32.52,6,7.17,41.59,83.83,5
6081,379823.6921,1173.31,3,2,449.36,40.64,6,76.55,15.83,99.9,4
6082,196091.6698,701.87,1,3,75.44,20.55,5,57.58,32.54,99.9,6
6083,618110.2488,1511.89,4,3,361.83,20.86,8,16.69,12.15,93.86,6
6084,226085.6429,847.5,2,3,450.23,26.28,9,32.08,5.01,94.68,3
6085,113269.523,550.0,1,2,23.66,26.43,3,33.32,16.54,91.19,3
6086,262653.3923,878.0,3,3,257.23,44.28,5,85.39,6.0,96.64,4
6087,646044.7923,1628.4,3,3,929.5,28.95,9,8.32,13.45,99.9,8
6088,151906.6702,550.0,2,2,302.63,48.67,9,78.18,16.27,93.08,2
6089,250630.2176,952.71,1,4,313.49,28.18,9,37.67,10.43,87.72,6
6090,154400.7525,550.0,2,3,325.59,40.36,5,16.7,8.99,92.25,6
6091,364752.9646,1647.67,1,3,380.61,12.86,8,56.48,39.03,99.67,5
6093,529606.7556,550.0,1,1,641.35,29.26,2,83.79,35.69,92.16,1
6094,519811.7034,1775.61,3,2,506.02,1.75,7,47.77,11.26,93.0,5
6095,499241.8291,1054.36,3,4,187.51,61.83,8,27.29,0.34,91.23,6
6096,214089.6239,968.74,2,2,349.9,1.9,6,90.61,22.42,98.2,5
6097,174486.9737,826.39,1,3,409.46,0.06,9,50.24,24.89,92.49,4
6098,190796.713,550.0,1,3,382.66,32.19,4,5.84,3.46,99.9,4
6099,233192.9191,952.41,1,3,253.48,32.81,6,56.46,6.42,92.25,7
6100,290402.2247,1088.99,2,3,299.76,49.82,7,58.14,11.75,91.25,4
6101,159097.7158,671.47,1,3,185.52,7.93,6,42.08,2.76,89.66,2
6102,296158.0813,956.69,4,4,765.44,25.42,8,50.98,36.29,89.02,8
6103,707838.9867,1928.33,3,5,46.18,22.49,8,48.88,9.58,99.9,10
6104,194376.8764,1036.32,2,2,537.22,28.83,7,39.83,5.5,93.43,3
6105,156388.6005,550.0,2,3,992.51,6.66,5,61.81,27.06,92.31,6
6106,91917.87657,760.55,1,1,512.87,21.91,5,51.27,3.51,88.11,2
6107,287789.7826,1015.7,3,3,546.59,28.66,9,67.94,28.92,99.3,6
6108,535479.8648,1406.52,3,3,283.62,60.14,9,78.16,11.36,92.03,9
6109,255114.2111,761.64,3,3,811.58,6.78,9,74.82,34.44,96.16,9
6110,157587.7771,550.0,1,2,686.21,43.98,4,79.86,39.97,88.84,3
6111,168038.4429,1166.6,1,2,607.88,3.84,6,51.23,13.06,89.71,3
6112,252928.8126,1139.91,3,3,273.39,43.69,3,65.98,27.89,80.31,1
6113,299567.9959,1083.69,3,3,375.58,42.66,9,44.56,14.02,93.09,5
6114,105964.3135,550.0,1,2,682.67,36.16,6,21.88,9.17,92.33,4
6115,138710.3964,550.0,2,3,212.42,37.86,4,35.47,49.28,87.35,1
6116,358367.7787,1778.96,2,3,205.22,27.53,4,60.25,17.93,92.72,3
6117,599226.4555,908.28,3,4,639.43,67.15,8,80.58,18.53,95.58,6
6118,599447.9391,1280.65,3,4,810.79,59.78,8,66.55,8.5,97.57,10
6119,382741.1546,1325.82,2,2,597.19,1.02,8,25.0,3.44,95.77,5
6120,311205.1828,1293.75,1,2,421.62,35.97,6,64.71,5.4,93.73,6
6121,277318.8698,1821.56,2,3,478.89,41.12,9,38.08,2.02,93.86,7
6122,218544.2298,795.13,1,3,1110.65,46.56,7,35.57,11.55,92.9,5
6123,200241.5569,1374.7,2,3,975.73,48.46,6,49.22,15.42,93.61,3
6124,461259.7733,1221.31,4,3,76.34,17.23,9,32.5,3.91,97.78,8
6125,153573.3276,1199.79,1,3,798.36,44.94,8,82.9,8.06,95.75,6
6126,302811.6508,1491.55,2,2,394.18,53.75,6,15.62,2.47,98.43,5
6127,341991.3617,1281.83,2,2,729.94,45.98,7,86.47,20.28,87.81,3
6128,221165.7043,550.0,3,4,160.09,31.51,6,96.01,7.36,94.52,3
6129,153059.2789,644.33,2,3,155.4,9.84,8,61.88,8.5,94.97,4
6130,287025.2124,1487.0,3,3,889.76,11.54,8,14.55,40.79,85.75,9
6131,244605.9014,1773.43,1,3,668.06,10.13,8,62.14,0.51,99.9,6
6132,250453.5811,550.0,3,4,652.71,15.45,8,80.55,50.84,94.53,4
6133,102952.0441,1688.74,2,2,108.4,43.37,4,48.56,27.05,82.71,1
6134,290805.3052,1667.96,3,4,344.67,6.06,10,21.56,0.79,94.47,8
6135,397269.967,1508.89,3,3,284.42,43.53,8,16.88,6.41,99.9,5
6136,146371.1001,763.07,2,2,577.98,29.17,5,74.73,10.38,91.0,4
6137,215794.7062,550.0,3,4,286.37,52.6,7,29.38,34.69,93.11,4
6138,309856.2555,936.24,3,3,469.94,47.29,9,6.09,9.77,93.67,6
6139,201622.4738,1198.92,1,2,376.65,0.89,2,17.51,23.58,94.6,3
6140,374504.0333,1563.94,4,4,762.47,71.45,10,63.97,4.99,95.11,7
6141,304035.9851,550.0,3,4,594.71,9.0,9,69.62,33.38,92.99,8
6142,497908.5102,1891.21,1,4,490.88,11.61,10,43.04,0.36,95.78,6
6143,470749.5279,1367.75,3,4,829.6,28.33,10,63.9,5.04,99.9,7
6144,115823.421,581.91,2,1,244.02,60.92,5,16.24,23.95,89.27,2
6145,278236.9864,975.14,2,2,277.69,25.52,4,40.83,8.71,94.96,5
6146,164510.3087,579.63,3,1,995.91,31.44,5,52.48,37.85,85.22,3
6147,375795.8439,891.62,3,4,453.52,55.85,7,40.38,1.34,94.88,2
6149,114322.0427,550.5,1,3,362.24,7.88,7,69.62,17.89,90.99,6
6150,366320.0461,620.16,3,3,672.99,17.78,8,25.41,21.63,94.77,8
6151,268209.7012,1110.08,2,4,856.25,32.27,7,23.23,6.64,96.21,4
6152,401614.5246,1798.19,4,3,424.89,2.61,8,5.6,6.65,98.31,6
6154,701063.0109,1359.74,4,3,15.23,11.51,7,54.11,1.83,96.67,8
6155,482068.3311,1318.16,4,3,785.01,2.85,9,43.18,1.5,92.01,7
6156,228840.023,1116.57,1,3,378.34,65.58,6,34.19,25.33,94.32,2
6157,206294.6469,643.02,4,3,88.0,45.33,7,19.79,11.0,93.14,4
6158,197703.9644,1193.46,1,3,721.33,24.07,9,1.24,25.98,98.33,8
6160,227140.276,1504.02,2,2,1090.01,6.79,7,31.82,22.5,96.77,4
6161,344318.0144,2089.87,4,3,496.28,39.12,7,5.77,12.44,99.9,7
6162,369749.0723,2015.84,2,5,1027.66,19.79,10,68.99,17.19,95.09,6
6163,221072.3475,1334.19,2,1,630.78,17.99,6,61.16,26.33,93.8,6
6164,107249.169,609.97,1,3,32.79,12.26,8,123.09,21.88,96.56,6
6165,251783.8961,1332.75,1,2,786.04,31.09,3,61.18,17.57,89.22,6
6166,229409.9215,1494.7,1,3,961.7,48.69,7,14.67,7.97,98.38,7
6167,218833.1818,841.37,2,3,507.01,20.08,7,25.57,14.07,92.81,6
6168,158408.4042,800.9,2,2,165.31,27.05,5,85.34,21.72,99.9,3
6169,380946.9295,1088.9,2,3,773.6,35.46,5,6.31,22.58,88.79,8
6170,183793.3108,550.0,2,2,135.79,36.96,8,27.28,15.68,82.09,1
6171,171185.4905,550.0,2,2,573.66,47.17,7,19.87,18.69,99.9,4
6172,202859.6837,576.38,1,4,935.22,30.12,8,110.8,22.07,99.9,5
6173,676922.4903,1701.95,3,4,508.18,25.54,7,51.61,25.17,91.78,7
6174,479518.6635,1644.34,4,2,726.65,25.55,6,6.92,2.78,99.9,5
6175,436042.4919,1618.91,2,4,94.16,57.82,9,119.01,15.12,91.85,8
6176,697476.7486,1532.66,5,4,745.06,27.68,8,81.21,3.02,92.71,7
6177,118735.8676,637.96,2,1,9.81,19.21,5,47.05,0.67,95.13,4
6178,187420.2746,585.81,2,2,873.1,59.58,5,93.09,0.59,91.52,3
6179,363401.9223,1201.45,1,3,859.44,39.48,6,89.86,24.27,92.87,8
6180,118272.4447,595.71,4,1,347.03,35.65,4,85.39,26.09,85.8,2
6181,152991.9405,1056.4,1,2,429.11,27.56,8,30.09,21.32,99.9,7
6182,197643.7107,1025.08,3,3,898.79,19.88,9,5.95,14.62,97.33,6
6183,385058.7875,1712.72,4,4,320.68,27.9,10,25.03,9.97,93.36,8
6184,295655.806,1694.81,2,2,139.81,27.34,7,90.61,5.32,80.84,5
6185,297161.0335,760.67,3,3,98.23,21.9,10,68.42,2.27,99.9,4
6186,646182.2465,1310.88,4,3,499.31,24.53,10,76.47,3.21,99.34,8
6187,255615.0412,1319.79,3,4,435.17,53.16,7,62.69,7.32,97.15,7
6188,170728.7881,841.15,1,2,263.56,22.73,5,71.16,2.85,99.5,4
6189,301337.6421,1592.74,3,3,787.97,4.56,8,19.0,32.65,97.97,7
6190,167799.645,607.09,1,1,818.85,15.96,3,76.1,40.82,84.07,4
6191,203869.5816,1772.95,2,2,672.62,69.11,4,45.39,34.94,91.68,4
6192,319296.6176,550.0,3,4,903.12,12.23,10,63.09,20.21,99.9,6
6193,196530.6017,1087.36,1,1,1052.69,16.0,4,23.27,8.9,87.83,2
6194,232159.3765,725.24,4,1,199.71,20.37,5,107.82,21.13,93.21,1
6195,254576.9433,550.0,4,4,378.65,45.75,8,25.55,25.2,91.14,9
6196,266834.8036,876.13,1,5,815.32,17.45,6,50.3,0.71,97.53,4
6197,326752.5584,873.98,2,4,778.0,17.31,5,4.73,1.78,96.91,8
6198,202639.4567,970.71,2,3,439.83,69.87,7,1.04,36.74,95.54,6
6199,463029.2579,737.11,3,4,197.47,31.59,8,78.19,31.65,93.22,5
6200,296536.7354,1017.85,2,3,553.96,29.37,7,63.8,11.84,93.79,3
6201,135675.877,780.1,2,2,377.87,26.5,6,82.74,20.45,95.07,4
6202,574509.5466,1453.39,2,4,521.93,34.48,8,38.15,18.66,87.12,6
6203,287497.9485,856.11,1,3,973.7,40.3,8,76.15,13.82,93.02,5
6204,97646.83316,1125.42,1,1,854.36,9.64,5,37.31,18.25,88.07,3
6205,216972.8449,1131.43,1,4,227.45,44.31,8,56.62,12.07,83.64,6
6206,231333.2593,550.0,1,3,830.42,7.29,7,32.71,23.89,88.59,3
6207,98094.58782,550.0,2,4,42.76,25.54,8,29.8,29.89,88.63,5
6208,324782.6328,1124.14,2,3,676.66,61.77,5,12.43,17.74,86.87,2
6209,129900.059,550.0,4,2,981.28,26.15,6,57.02,16.07,97.21,6
6211,192882.8993,550.0,2,2,611.84,41.47,2,12.66,49.41,96.18,3
6212,395909.7504,564.0,2,4,195.69,21.15,7,18.27,2.27,95.96,6
6213,290997.8478,832.82,3,2,141.54,27.69,7,21.04,22.94,97.8,3
6214,245825.9151,550.0,2,4,755.2,20.61,7,13.46,0.46,91.51,5
6215,369780.1596,1406.33,3,4,58.68,13.03,9,62.5,2.4,91.77,8
6216,325649.7834,550.0,1,1,181.32,44.77,3,73.07,32.73,91.72,2
6217,276254.3653,1886.97,1,3,7.94,4.8,6,0.71,13.72,87.05,6
6218,115156.9002,550.0,2,2,851.91,16.6,4,70.21,35.49,89.99,3
6219,297714.1583,1657.16,2,2,569.12,21.5,9,47.24,0.82,88.35,6
6221,582712.1101,1666.04,2,4,369.84,5.77,7,120.17,34.31,90.93,6
6222,268762.6481,1348.07,1,4,36.94,23.95,10,21.52,23.56,92.8,7
6223,477219.5197,1380.55,1,3,196.27,54.97,7,40.3,10.71,91.24,2
6224,335134.4955,667.46,3,3,631.97,28.73,10,78.37,39.9,94.27,3
6225,260584.5972,1032.2,1,4,582.38,1.39,7,26.32,25.94,87.22,5
6226,386188.4407,1743.78,1,3,792.52,31.96,7,20.03,9.72,92.64,5
6227,109087.4478,550.0,1,3,477.44,23.64,5,5.32,27.39,92.61,1
6229,139812.5241,550.0,3,2,748.23,54.61,7,70.55,16.36,99.9,4
6230,149241.5454,622.21,3,1,396.34,73.07,5,5.56,7.32,90.66,7
6231,130151.0263,652.13,2,2,428.53,34.3,8,89.84,20.91,95.29,6
6232,166949.991,1209.1,2,1,587.38,69.02,4,12.89,11.75,91.68,5
6233,389129.4108,1036.98,2,3,384.5,30.83,7,14.04,15.19,92.71,5
6234,225923.8101,1013.37,4,3,680.55,9.15,9,64.02,11.07,90.67,6
6236,239329.0829,1097.77,2,3,231.1,44.76,6,0.53,36.67,88.76,3
6237,370880.6566,1205.36,1,3,644.72,15.3,10,68.94,2.1,99.9,7
6238,644542.115,1449.62,4,4,361.41,25.98,7,114.63,9.0,98.36,5
6239,273277.7833,609.19,2,3,614.34,56.53,7,28.21,13.23,99.9,7
6240,500787.2489,1437.02,2,5,1230.93,7.73,7,33.29,22.41,98.62,9
6241,312914.8435,1186.64,3,4,775.84,34.22,8,4.63,0.23,90.35,6
6242,427688.4335,1438.94,2,4,298.56,37.04,10,56.77,11.2,94.71,6
6243,176531.527,987.69,3,2,317.43,8.22,5,117.41,18.55,90.96,4
6244,530298.4977,1743.78,3,4,730.81,4.6,9,46.58,8.2,93.27,7
6245,448917.0742,1285.44,2,4,459.17,30.45,7,63.21,19.86,96.07,7
6246,190004.3082,758.94,4,2,313.79,4.43,7,69.07,11.41,93.37,4
6247,191146.8081,764.78,3,2,243.89,55.28,6,6.86,15.07,93.93,4
6248,296420.9407,853.49,2,2,278.3,13.94,8,50.69,13.32,94.13,6
6249,429336.5244,1249.39,5,3,499.06,15.52,10,75.37,1.36,90.43,8
6250,300378.5553,1567.15,2,2,359.45,31.82,8,140.07,20.34,96.16,6
6251,186845.7182,550.0,2,2,607.25,32.65,4,70.67,3.51,95.91,2
6252,142846.5424,602.01,1,3,785.1,76.02,3,24.45,32.25,91.84,2
6253,434991.6789,939.05,4,3,695.47,50.81,5,94.52,1.66,99.03,7
6254,491058.1524,912.18,2,4,466.76,0.46,10,39.33,3.47,98.21,5
6255,548417.5068,1721.87,3,3,660.06,20.47,9,3.57,1.02,91.7,8
6256,460665.7046,1647.78,2,4,408.61,30.89,9,23.73,16.13,94.74,10
6257,254400.6244,765.65,1,3,670.46,12.9,6,1.71,13.31,99.81,4
6258,293910.6065,1327.75,2,2,756.55,25.23,8,34.6,6.49,93.62,5
6259,547065.5475,1606.97,1,4,554.71,61.24,10,27.01,0.53,94.33,7
6260,160568.0355,853.13,3,1,742.75,22.08,5,50.77,28.62,95.63,2
6261,279109.5484,912.52,5,2,208.85,14.16,8,15.59,7.58,99.46,3
6262,332966.1628,1626.51,3,4,486.98,9.16,5,2.58,23.24,93.01,4
6263,239464.1044,733.87,2,1,578.69,61.01,2,8.42,15.59,86.9,6
6264,553902.1136,1915.74,2,5,221.86,28.1,10,82.92,14.15,93.86,6
6265,146875.153,977.51,1,3,1144.03,22.86,7,11.24,11.38,96.35,6
6266,297752.7272,1994.58,3,2,375.71,1.9,5,44.95,0.14,94.39,3
6267,308077.9041,694.47,2,4,608.85,34.01,8,64.96,21.25,91.76,5
6268,163022.5614,813.05,2,2,686.5,27.54,4,23.27,6.99,92.49,4
6269,605439.5907,744.84,3,3,393.49,41.18,7,16.41,36.97,99.08,4
6270,571149.0188,1035.05,3,3,682.49,37.69,9,32.02,0.14,81.43,7
6271,277700.7131,550.0,3,2,86.43,3.07,6,70.08,9.31,95.91,5
6272,318697.4162,1638.78,1,3,893.49,36.03,10,66.96,27.04,97.81,4
6273,410357.2197,939.55,3,5,468.79,16.84,6,103.39,16.56,87.29,9
6274,122588.4295,798.61,2,2,335.16,36.1,8,53.3,31.12,89.92,4
6275,139547.3221,583.83,2,2,362.21,43.23,5,118.03,20.59,96.37,2
6276,180913.36,935.63,1,2,459.38,32.05,5,79.18,24.15,99.9,4
6277,390164.8623,1806.26,2,3,1332.11,20.55,8,55.76,3.58,89.59,5
6278,606509.3188,1565.11,2,2,599.97,28.55,7,83.39,16.49,92.57,9
6280,129388.4959,550.0,2,2,681.93,36.97,3,58.92,14.48,89.48,3
6281,263032.174,1112.35,3,2,858.86,8.25,5,58.48,0.57,90.38,7
6282,165193.2235,550.0,2,2,1255.34,0.73,8,18.93,3.4,93.14,2
6283,167794.434,550.0,1,1,334.15,26.28,3,77.39,26.14,98.39,1
6284,257182.233,757.36,2,3,613.27,23.72,8,10.25,11.93,96.15,6
6285,212846.8827,771.94,1,3,251.07,46.25,6,47.86,9.99,91.96,2
6286,190240.4202,550.0,1,3,624.06,64.12,9,8.35,14.67,96.9,5
6287,363913.0036,982.41,3,3,798.74,12.13,8,61.02,4.05,91.9,4
6288,216648.2848,632.61,3,2,408.07,29.34,8,85.38,35.24,95.69,7
6289,119850.694,695.79,1,2,617.46,61.68,6,119.71,29.83,86.36,5
6290,535835.6644,1057.2,2,5,156.59,4.54,9,90.9,1.64,94.29,9
6291,445125.9499,903.05,2,3,631.11,13.26,5,42.27,41.51,95.66,6
6292,246774.391,758.5,3,2,380.34,20.19,6,27.05,18.04,91.18,7
6293,255152.0647,919.36,3,2,584.2,7.15,5,23.44,2.48,91.28,6
6294,238569.6214,965.44,3,2,602.92,43.53,4,70.65,43.15,90.07,2
6295,285644.6181,601.46,3,3,414.33,62.41,6,34.92,40.73,92.16,6
6296,335547.5804,1195.3,3,3,340.34,11.28,10,19.06,1.87,94.23,6
6297,375958.5058,878.26,3,2,492.01,23.87,3,46.25,8.13,88.33,3
6298,210357.1794,974.94,1,1,362.45,24.58,6,109.18,14.93,99.81,3
6299,287057.4606,1088.51,1,2,543.77,45.8,6,23.34,9.8,89.62,5
6300,214698.3418,1005.09,3,4,570.17,35.63,9,10.08,19.38,99.9,5
6301,208419.3752,916.2,1,4,324.58,2.78,10,77.79,26.48,96.32,4
6302,154621.59,550.0,1,4,335.68,39.89,5,43.35,3.48,97.4,4
6303,575304.7083,1274.43,2,4,434.25,28.74,6,65.87,2.02,89.43,7
6305,606218.4322,1681.58,2,3,476.95,18.3,7,27.82,3.68,98.53,10
6306,415807.0875,907.46,3,4,312.55,34.28,8,24.74,6.2,99.45,7
6307,414789.0218,1316.55,3,2,901.52,33.98,7,68.08,11.91,88.3,5
6308,318113.4529,927.32,2,3,907.4,22.16,4,74.83,18.77,89.54,7
6309,247071.616,800.99,1,3,642.05,37.22,6,85.99,4.91,96.51,1
6310,342204.0772,1488.72,2,2,410.18,33.2,7,13.65,10.1,99.9,6
6311,231303.0824,595.56,2,1,284.68,35.32,5,102.12,41.83,86.61,2
6312,200522.0759,1437.55,4,2,648.85,4.35,8,101.88,9.0,93.8,5
6313,197631.161,550.0,1,2,158.6,52.1,4,2.07,4.46,89.18,2
6314,110960.1235,555.0,2,1,740.36,33.9,3,40.76,26.61,94.46,3
6315,685133.8945,1371.3,4,4,669.83,15.07,9,32.74,5.14,95.43,4
6316,292000.4039,974.78,2,2,754.78,58.37,6,59.2,33.7,98.3,5
6317,502681.1407,1599.99,3,3,525.08,12.36,8,4.18,9.3,93.06,9
6318,271531.6073,955.63,1,2,698.47,69.0,6,68.63,8.89,90.19,7
6319,374402.1233,1048.33,2,4,9.61,58.99,7,24.03,10.85,94.9,5
6320,653098.2287,1292.55,4,3,692.31,24.5,8,16.89,1.19,92.77,6
6321,585368.7054,1423.13,3,4,1042.69,1.31,10,10.45,4.72,94.22,6
6322,576324.4477,1570.93,4,4,767.18,12.84,10,25.53,34.81,93.96,10
6323,605332.7378,1972.1,1,5,934.26,19.44,9,51.26,13.29,96.05,3
6324,361101.5661,981.06,1,4,701.62,26.86,10,40.92,26.77,96.28,8
6325,107024.1718,550.0,2,2,248.59,9.25,6,59.29,11.77,93.02,3
6326,375807.7968,1376.82,1,4,636.25,44.6,8,43.07,33.36,86.75,6
6327,168746.1723,550.0,2,3,567.83,47.71,7,87.98,14.47,95.14,6
6328,454453.7197,1666.44,2,3,607.5,14.71,5,75.22,14.88,99.9,9
6329,262995.1233,1530.0,2,3,552.64,17.62,6,63.23,10.08,83.91,4
6330,251668.5837,550.0,1,1,188.62,43.12,5,58.95,50.42,96.05,3
6331,290953.5195,1835.88,1,3,453.04,6.22,8,2.36,16.01,94.22,5
6332,572012.3294,1506.26,2,4,591.29,7.11,10,39.02,11.18,93.47,7
6333,196969.5943,550.0,1,3,418.08,31.09,8,18.03,19.54,94.79,5
6334,264295.7018,1381.63,2,3,341.09,15.09,7,56.91,7.33,93.93,7
6335,424946.0457,1569.56,3,3,989.79,21.47,9,30.48,17.42,91.78,5
6336,211064.3934,817.54,1,4,549.34,40.29,7,65.57,40.4,94.13,10
6337,207562.4052,832.15,3,2,582.44,34.82,5,50.42,6.5,91.72,4
6338,525938.1543,2084.5,3,4,151.81,44.87,6,49.64,16.86,93.75,8
6340,210757.905,1587.62,3,1,537.51,27.16,9,88.81,18.2,99.9,5
6341,694486.5215,1872.27,5,5,591.54,45.7,10,93.93,5.18,86.91,8
6342,303848.0849,947.02,2,2,582.49,0.52,8,43.07,5.86,95.01,9
6343,205145.6821,759.0,3,3,175.26,17.94,3,94.97,25.87,97.11,1
6344,157357.3693,806.87,2,3,429.91,42.53,8,45.94,28.58,92.6,4
6345,138047.5627,679.42,1,2,622.02,11.39,7,44.3,28.79,99.76,5
6346,143619.0809,1363.54,1,2,452.71,13.39,6,25.73,15.76,99.9,2
6347,176181.3239,550.0,3,4,1076.85,4.1,9,3.41,14.61,99.68,7
6348,220430.4193,1127.92,3,2,586.47,28.67,7,4.5,45.03,92.94,7
6349,233976.9709,771.76,3,2,1333.38,9.26,7,71.26,9.29,99.9,3
6350,145554.5086,772.67,2,3,618.4,41.31,7,56.2,4.63,92.9,5
6351,323008.4069,1591.28,1,4,385.6,4.39,8,0.99,5.44,98.32,7
6352,458340.5494,989.83,4,3,481.62,17.58,7,17.4,13.69,99.9,7
6353,361524.6245,1143.01,3,3,490.36,66.91,7,4.41,53.19,86.89,3
6354,553379.1957,1814.66,2,5,433.52,36.34,10,14.37,18.72,90.0,5
6355,176071.022,1005.18,1,3,800.06,37.95,8,66.99,0.73,94.06,6
6356,378964.0034,1303.0,2,2,436.63,21.75,6,85.37,38.24,91.57,6
6357,483438.0362,1158.05,5,4,389.98,1.71,10,9.35,1.34,95.61,6
6358,410418.3467,1438.6,2,5,106.4,8.61,9,11.53,10.67,96.44,7
6359,225008.3958,1215.8,1,3,140.13,44.02,8,75.45,20.89,98.2,6
6360,268498.1044,1396.11,2,3,149.42,46.15,6,63.25,29.82,96.07,5
6361,352173.3385,982.47,3,2,664.33,19.43,5,27.53,18.15,93.97,5
6362,718874.5015,1291.17,2,6,156.29,44.5,7,60.25,5.7,93.03,6
6363,277678.3584,1360.01,2,2,165.16,37.04,5,77.89,10.63,88.16,4
6364,121533.3732,1207.69,1,2,716.4,29.0,7,13.35,19.98,88.5,1
6365,499032.2694,550.0,3,4,397.37,29.46,7,14.24,11.72,93.85,5
6366,653440.5314,1273.03,3,5,525.41,47.08,10,69.36,22.67,95.25,9
6367,428460.5792,1818.24,2,4,790.74,44.36,9,61.0,12.82,90.81,7
6368,429661.366,1209.09,4,5,298.47,36.1,7,66.99,21.57,98.12,5
6369,312620.9171,1113.56,1,3,38.55,26.2,6,53.25,36.17,99.9,5
6370,435482.2208,1479.39,2,5,538.78,3.77,8,44.26,2.68,98.47,7
6371,261380.4163,1376.46,2,1,620.53,43.32,6,39.55,32.62,88.42,4
6372,208975.1804,550.0,1,3,68.17,63.39,4,46.67,3.82,85.23,3
6373,277613.6908,1839.78,2,2,970.42,13.55,10,46.37,40.66,99.9,4
6374,228529.6801,1313.71,1,2,839.16,39.14,8,83.71,22.42,96.84,5
6375,502126.3337,1264.62,3,4,479.7,49.7,9,7.31,19.74,93.91,4
6376,276203.1453,550.0,2,4,335.9,43.48,7,19.33,25.76,96.4,5
6377,136788.5121,550.0,1,3,589.75,29.66,6,101.9,22.36,92.29,6
6378,474085.9329,1443.7,1,4,193.93,24.69,7,67.64,0.93,91.46,3
6379,284573.5039,1119.47,5,2,1157.72,22.86,6,22.65,5.97,89.01,8
6380,294657.38,1480.48,1,2,1058.42,9.74,8,21.59,18.03,94.77,5
6381,290794.3398,550.0,2,1,665.99,54.87,2,41.35,36.98,81.07,1
6382,239669.8073,1161.42,3,3,314.41,26.21,6,69.75,17.1,95.17,5
6383,404764.9182,1442.25,3,3,564.09,10.33,7,35.52,22.0,92.45,6
6384,216663.4381,837.35,1,3,464.09,39.42,5,8.64,14.07,82.06,2
6385,249306.0817,1312.12,2,4,821.74,18.96,8,53.84,6.32,85.51,5
6386,323162.2459,1393.1,3,1,461.68,20.57,7,2.05,21.89,97.64,8
6387,379303.0371,966.94,5,3,674.08,6.77,5,58.14,2.06,97.52,5
6388,146327.6155,550.0,3,2,874.61,43.33,7,72.76,23.3,91.17,5
6389,312105.731,852.81,3,4,336.31,19.94,8,4.34,3.43,91.61,3
6390,414343.7851,1120.96,2,3,287.48,42.54,5,51.16,30.84,86.5,2
6391,123457.3985,550.0,2,2,1074.17,58.86,2,45.73,35.87,86.16,2
6392,245587.7622,1051.25,4,2,602.87,32.64,10,14.07,19.95,91.3,6
6393,427661.1892,1372.34,1,4,659.51,6.97,8,34.43,20.47,90.63,6
6394,235289.3911,550.0,1,2,512.94,15.07,4,62.47,52.17,84.46,3
6395,485993.7025,1016.55,4,4,858.46,12.71,10,39.27,37.92,99.58,7
6396,342679.5368,1995.6,3,3,832.96,30.72,10,69.53,7.08,92.57,7
6397,314184.2177,763.68,3,3,769.51,25.94,7,2.8,10.0,90.33,4
6398,474627.2892,1855.43,1,4,470.89,21.83,6,56.53,8.58,96.3,9
6399,314770.5371,550.0,3,4,257.76,61.99,9,66.89,22.51,99.9,3
6400,485449.7041,1575.85,1,5,807.83,26.97,4,9.78,22.73,98.61,7
6401,436246.4072,1351.01,2,3,466.5,22.02,8,40.52,27.53,94.49,6
6402,235206.2377,1442.29,1,3,549.36,9.6,6,93.97,6.74,92.4,4
6403,308517.5187,1065.43,3,2,849.67,8.17,3,78.26,33.08,88.8,1
6404,195620.7025,823.43,1,3,723.64,13.51,8,5.04,30.86,96.3,5
6405,161135.927,1355.66,4,1,213.57,38.9,4,64.93,18.11,91.99,4
6406,288022.9267,805.25,1,3,394.34,36.98,8,13.26,5.99,99.52,6
6407,155525.584,694.91,2,3,844.13,28.05,8,53.35,8.84,92.05,3
6408,586566.5032,951.57,3,4,1060.24,44.36,4,49.48,16.57,94.83,5
6409,247526.258,1001.08,1,3,439.99,33.83,6,19.44,13.77,91.73,5
6410,167505.027,550.0,2,1,358.44,33.05,3,82.54,37.2,89.04,1
6411,378154.426,591.37,2,5,611.89,31.45,6,39.34,8.41,91.92,5
6412,147636.2983,824.72,2,2,202.39,50.74,9,94.81,29.98,83.95,4
6413,379212.9742,781.76,1,5,459.17,23.35,9,17.66,25.06,96.53,7
6414,314438.3722,550.0,2,5,761.44,34.19,8,3.49,11.6,96.87,3
6415,167060.5385,735.97,1,4,144.0,43.21,6,90.38,45.42,98.31,4
6417,495641.0722,2084.71,3,2,752.92,38.97,9,53.43,0.89,97.56,10
6418,277576.4536,1232.47,4,2,158.27,45.65,5,101.56,11.9,97.1,4
6419,713417.5022,1028.15,5,3,785.22,2.21,10,24.63,13.38,97.07,9
6420,208961.4829,774.03,1,3,322.18,6.63,5,46.5,36.53,90.34,5
6421,429472.0052,789.19,4,4,718.26,37.2,8,56.55,19.7,94.27,7
6422,162039.485,746.7,2,3,910.72,21.98,6,100.02,37.64,88.75,3
6423,469642.9725,1154.31,2,3,321.39,43.9,9,15.68,21.34,96.83,4
6424,239748.4523,678.96,2,3,359.9,11.45,6,6.65,4.07,86.27,4
6425,241167.3799,759.96,4,3,576.92,19.22,2,48.31,17.47,91.24,3
6426,331064.9391,1002.74,1,3,667.04,49.78,8,19.67,16.97,99.9,6
6427,196299.6935,943.11,2,2,780.54,38.12,7,72.2,21.59,99.9,3
6428,377809.1796,1429.13,1,4,526.14,54.18,8,8.28,2.22,96.27,7
6429,92774.04799,670.81,2,3,777.24,46.45,4,5.82,19.03,90.0,2
6430,117990.6467,998.58,1,3,667.16,27.23,7,53.43,19.04,86.72,3
6431,490977.0892,2009.45,1,5,292.74,16.29,10,1.29,5.08,87.73,6
6432,330731.053,550.0,4,3,290.16,20.37,7,124.49,2.85,97.47,5
6433,144362.9708,680.27,1,2,389.08,11.22,6,73.45,24.28,99.9,4
6435,225175.9645,609.74,2,2,487.58,22.79,10,20.66,33.56,99.9,1
6436,467118.2498,1893.71,2,2,701.27,56.29,8,88.05,6.43,98.85,7
6437,141189.5276,786.87,2,2,866.61,43.0,4,52.62,6.05,93.8,5
6438,326517.4819,1282.25,3,4,1107.92,27.25,9,73.6,27.75,95.75,4
6439,360835.3173,1466.12,2,2,564.1,13.4,9,6.97,15.6,92.24,7
6440,214983.3516,1148.7,2,4,555.46,3.27,7,100.13,28.76,93.35,4
6441,354489.5646,1275.71,1,3,627.16,2.92,5,82.05,4.3,95.33,4
6442,315279.277,1528.68,1,3,113.22,37.26,7,27.43,18.1,99.36,3
6443,326597.9895,1877.12,4,3,301.79,38.96,8,62.96,9.97,86.24,6
6444,208876.8089,1076.4,2,3,384.06,53.42,8,2.28,16.98,91.07,4
6445,131244.7598,926.04,1,1,750.91,22.59,7,32.98,38.54,97.41,3
6446,664307.114,1657.31,3,5,336.55,26.31,7,57.89,0.61,89.93,5
6447,172426.9023,617.7,1,2,337.07,51.47,4,77.58,22.41,91.94,5
6448,292991.195,1647.58,2,3,501.87,47.47,7,63.7,4.11,86.15,5
6449,444847.9144,1813.67,2,3,575.13,10.48,6,12.44,9.59,80.5,7
6450,262977.1506,915.19,1,2,716.4,34.5,5,61.39,26.67,96.93,3
6451,353651.7208,1156.5,2,5,708.0,4.54,8,13.62,6.92,90.12,6
6452,334043.8965,1162.05,2,4,331.68,10.46,7,64.36,14.26,95.52,6
6453,490827.0104,1316.24,3,2,417.11,8.5,8,41.5,11.03,92.38,7
6454,299913.9487,697.13,2,4,430.79,68.64,8,84.78,10.78,92.23,4
6455,384970.3986,746.67,2,4,834.86,10.4,7,56.9,12.47,99.9,5
6456,358474.0473,863.02,2,3,105.48,77.15,6,46.46,37.37,95.26,4
6457,415496.8971,1022.52,2,4,327.59,18.7,9,74.58,24.48,99.9,6
6458,116897.0428,1010.89,2,1,581.64,44.39,4,11.69,14.44,90.98,3
6459,407106.8769,550.0,3,3,323.79,35.63,7,65.26,16.52,99.9,4
6460,107724.4395,555.25,2,2,505.36,48.61,7,66.84,34.48,97.26,4
6461,104023.8176,715.82,1,3,320.74,1.88,7,90.69,7.36,99.34,4
6462,349603.0109,844.2,3,3,1250.86,11.25,5,32.04,8.64,99.9,4
6463,297282.1405,828.24,4,2,552.66,23.73,6,73.67,11.49,99.35,3
6464,229955.6612,937.7,2,3,471.65,12.76,10,71.17,0.84,99.9,5
6465,328123.2611,903.59,4,5,341.22,14.71,8,11.44,31.17,99.39,8
6466,270178.5985,579.98,1,3,540.09,18.15,4,6.39,14.08,94.43,2
6467,336360.7681,1310.14,3,3,922.79,48.03,8,22.62,8.42,94.52,6
6468,127826.9011,1289.57,2,1,575.73,50.43,3,85.11,22.33,96.03,6
6469,521028.8945,1626.92,3,4,72.4,21.31,8,17.3,19.83,88.62,6
6470,202885.8129,1151.06,1,3,702.13,44.28,10,56.91,2.66,87.92,5
6471,215469.7393,1429.28,2,2,167.92,11.73,4,105.58,41.6,86.59,2
6472,504576.2147,1536.89,4,3,26.83,33.68,9,73.96,1.92,88.33,6
6473,411074.3785,550.0,1,1,187.73,35.3,5,58.55,42.59,95.5,1
6474,153297.265,1037.35,2,2,934.92,48.03,6,13.84,41.71,94.51,5
6475,432179.2694,1885.27,1,3,385.69,34.29,7,63.41,29.06,92.97,4
6477,317623.7007,1305.44,2,3,401.45,12.72,9,58.49,7.95,96.11,6
6478,620197.351,1956.12,3,4,740.73,17.69,9,119.21,19.65,92.85,6
6479,442071.1893,1952.56,2,4,541.56,24.88,8,28.95,16.11,95.83,3
6480,286724.3972,1071.37,1,4,98.52,49.99,8,41.23,35.06,93.91,7
6481,313402.4745,820.98,2,5,285.53,5.74,10,79.73,7.36,94.05,6
6483,305738.6039,1272.43,3,4,405.29,41.68,8,88.79,9.64,87.94,5
6484,481834.7107,1877.38,2,2,179.95,32.44,9,67.35,5.92,99.9,7
6485,215487.0718,965.58,2,1,152.39,21.51,7,34.21,6.03,99.9,8
6486,223352.04,641.56,2,3,515.97,22.57,8,24.86,43.79,99.9,3
6487,671258.9396,1653.2,4,3,853.9,39.52,9,74.53,21.29,99.9,7
6488,330865.3714,1316.69,1,3,271.12,9.88,10,8.17,4.67,99.42,7
6489,180707.6909,810.88,3,2,413.01,45.42,4,76.84,17.03,94.36,4
6490,220880.9254,550.0,2,4,480.89,0.75,9,65.57,21.56,99.9,4
6491,226612.8674,1076.36,2,2,229.16,39.77,7,28.01,41.21,92.82,4
6493,156171.1634,550.0,2,3,922.59,23.84,8,106.79,16.78,96.65,6
6494,260869.6178,588.48,2,4,323.87,29.81,7,25.23,0.32,90.92,5
6495,138983.7605,690.56,1,1,521.09,57.03,6,9.12,33.15,88.82,5
6496,476570.3733,935.16,2,4,462.56,24.47,10,116.64,2.44,88.24,4
6497,442991.002,1597.52,1,4,645.37,22.63,8,96.78,18.18,87.75,4
6498,133864.1422,692.84,2,2,248.6,39.27,6,26.82,31.67,95.32,3
6499,362671.8785,943.97,1,3,513.09,5.9,2,9.26,21.96,92.72,4
6500,385316.8073,1277.53,1,4,826.49,17.07,7,40.09,28.51,90.0,4
6501,359154.4452,910.32,4,2,929.41,54.3,7,35.15,21.17,89.69,8
6502,478799.9918,1040.5,2,4,398.24,21.78,8,33.69,7.56,93.19,4
6503,362504.8069,1016.18,4,2,784.06,37.43,3,41.03,2.22,97.25,3
6504,154444.6512,550.0,2,3,549.2,63.05,5,10.54,17.68,94.52,8
6505,347978.7027,573.29,3,2,343.71,63.91,6,78.92,28.0,93.77,6
6507,120438.0192,666.18,1,2,320.07,56.8,7,91.43,20.78,99.7,5
6508,108820.2578,550.0,1,3,735.4,56.12,6,8.93,35.4,95.52,4
6509,471910.8547,627.46,1,2,174.16,49.24,5,5.62,19.93,92.62,2
6510,146485.2203,757.44,1,3,732.86,35.36,7,50.08,22.21,96.8,6
6512,269349.8726,1305.82,3,3,347.3,41.32,5,15.75,19.05,98.87,4
6513,410941.3399,1273.23,3,3,351.19,23.78,7,41.57,22.23,90.11,4
6514,146057.4532,550.0,1,3,394.66,0.76,5,78.51,15.41,92.5,4
6515,176525.3283,1095.53,1,3,347.73,38.92,7,88.28,30.45,92.85,4
6516,281770.5456,550.0,3,3,460.46,24.03,5,80.76,7.39,90.1,5
6517,390564.6804,726.14,3,2,957.37,16.79,9,49.02,1.79,91.36,7
6518,472464.2443,1257.46,2,4,947.12,47.68,6,17.86,10.54,95.14,8
6519,370626.9651,1723.29,3,2,439.27,24.06,8,7.13,5.27,98.29,9
6520,140708.0612,550.0,1,3,572.87,6.33,6,37.22,3.19,93.07,7
6521,309380.0587,1142.73,3,3,459.29,14.85,5,58.58,10.97,87.7,7
6523,260957.2328,558.32,1,4,734.6,8.26,4,38.79,12.56,92.51,6
6524,194706.3253,792.46,1,3,181.11,33.25,5,58.12,16.11,97.32,5
6525,165341.6144,550.0,3,3,72.28,66.56,7,87.37,20.48,96.32,4
6526,492994.8442,2269.73,2,2,392.97,82.91,8,2.87,30.98,92.58,6
6527,242256.6414,610.36,4,1,932.39,9.75,5,114.67,9.57,81.73,3
6528,494047.2404,1169.3,2,5,376.64,53.9,6,21.16,10.44,99.9,4
6529,354100.9924,1023.07,1,4,55.58,13.02,8,15.38,3.08,94.05,6
6530,669964.7707,987.0,4,4,538.63,27.97,10,5.77,8.94,94.58,8
6531,209285.2461,550.0,3,4,586.95,62.88,6,45.52,3.7,92.04,1
6532,196597.1681,821.78,1,3,782.35,35.37,4,16.02,0.76,94.07,4
6533,426977.423,1174.4,4,4,1033.01,30.65,10,2.22,8.94,99.9,6
6534,262641.6608,716.33,4,3,305.78,42.94,6,18.82,6.4,93.91,3
6535,589555.3422,1646.56,2,4,210.68,16.06,10,28.95,27.64,85.92,9
6536,112980.7449,550.0,3,3,256.21,28.98,7,11.13,19.36,92.78,4
6537,270472.6964,1478.81,1,4,421.19,13.92,9,24.46,25.23,95.44,6
6538,276114.303,792.58,1,4,809.23,39.59,5,14.98,2.07,99.9,4
6539,328263.1244,923.61,3,4,436.96,37.14,10,54.09,3.43,94.05,6
6540,688892.6236,1496.97,2,4,2.36,36.21,9,56.53,20.19,95.63,8
6541,249538.9243,979.58,2,3,305.22,18.19,7,64.78,8.24,98.14,4
6542,461043.3516,1017.82,3,4,517.42,24.67,8,106.85,9.35,99.49,7
6543,202882.9458,822.69,2,4,536.32,24.25,7,91.74,16.02,91.84,4
6544,158321.5341,972.63,3,2,511.34,31.4,5,74.77,45.34,96.12,5
6545,395370.0208,1864.1,1,4,771.54,8.11,9,12.75,17.27,90.35,5
6546,154990.6295,1173.08,1,2,796.16,8.1,4,11.68,13.8,99.9,6
6547,280826.7251,774.57,2,2,633.56,21.05,8,56.93,20.08,92.5,5
6548,316805.749,1274.02,2,3,739.25,22.13,9,54.11,19.8,90.93,7
6549,474034.7618,1507.65,2,4,558.08,23.71,8,52.37,0.41,99.9,6
6550,182818.7408,550.0,1,3,206.6,31.93,6,10.15,13.52,92.5,5
6551,207894.5331,612.16,1,3,468.01,33.15,8,12.93,2.13,97.2,5
6553,101762.9942,1168.46,1,1,13.21,29.58,3,51.98,12.09,89.53,6
6554,208765.4992,550.0,2,2,550.75,10.32,7,19.23,7.15,84.49,4
6555,224345.928,550.0,2,3,462.36,24.1,7,30.57,8.05,96.83,5
6556,174603.251,852.22,2,3,368.43,39.06,8,90.55,26.21,86.53,5
6557,497949.1295,1820.82,1,4,94.82,31.5,7,57.62,12.11,96.25,4
6558,122930.8342,550.0,1,3,734.61,32.58,3,91.05,8.55,90.02,4
6559,209259.0513,762.24,2,3,294.87,23.64,8,29.49,2.7,98.69,6
6560,220819.4242,1498.97,2,3,654.91,33.71,8,41.69,38.04,99.9,4
6563,152833.1358,550.0,2,2,489.29,20.3,7,21.14,6.84,99.04,4
6564,232632.9085,1156.67,2,3,484.04,30.35,7,60.91,14.63,99.9,2
6565,310305.5598,957.72,2,3,722.53,29.57,5,28.0,32.91,93.8,5
6566,473517.8678,855.68,4,4,556.58,14.53,10,30.63,2.16,89.7,4
6567,173956.117,1117.45,1,3,85.43,0.62,6,24.14,20.2,91.99,4
6569,189339.7203,1409.03,2,2,223.2,34.36,5,37.16,6.91,86.76,5
6570,228969.0716,550.0,2,3,69.49,11.04,7,50.96,5.79,89.7,4
6571,273012.2059,756.26,3,5,104.8,37.59,7,35.28,7.57,95.53,6
6572,223063.3335,550.0,1,3,574.79,0.28,6,38.07,24.19,89.1,2
6573,347849.6113,550.0,2,3,710.71,54.04,4,67.76,6.4,92.64,6
6575,150699.6303,550.0,2,2,400.32,25.54,5,14.08,34.83,91.1,5
6577,142777.9562,882.69,1,4,404.84,52.67,6,5.51,18.98,90.63,2
6578,329248.5451,1995.91,3,2,612.47,53.15,9,13.39,19.38,96.04,6
6579,359093.1204,786.27,3,3,669.72,17.43,7,30.71,26.77,90.74,3
6580,235222.632,1161.41,1,4,585.72,71.65,5,58.03,13.0,91.45,5
6581,332765.5843,2241.44,1,2,923.45,32.68,7,40.78,20.56,85.36,4
6582,170764.9409,1013.29,1,2,48.9,38.19,6,103.3,17.95,86.94,3
6583,252073.0135,700.49,1,1,596.34,40.61,2,53.29,1.6,94.11,2
6584,268097.0147,550.0,4,3,644.33,29.23,9,0.02,12.27,95.34,6
6585,284028.9716,1213.55,2,3,1224.48,30.91,8,26.43,3.29,99.9,5
6586,405519.9775,1230.2,1,4,300.73,25.03,8,32.61,15.7,93.44,3
6587,266337.8745,998.18,2,5,358.05,4.74,7,79.88,4.86,83.21,5
6588,322160.5006,1561.99,1,4,685.8,16.12,9,95.77,48.15,94.11,5
6589,376548.3196,934.16,2,3,395.8,20.65,9,2.59,24.9,93.09,6
6590,150168.9155,550.0,2,3,247.21,19.52,10,2.34,20.81,90.06,5
6591,307105.4905,694.46,2,3,358.04,48.21,6,49.09,47.46,98.44,6
6592,480828.826,1211.22,2,4,590.32,7.51,7,59.0,17.51,96.59,5
6593,225542.0184,585.01,2,2,536.05,23.38,9,65.9,20.22,98.71,5
6594,273380.3483,684.2,1,4,625.16,32.37,8,10.43,19.72,93.44,5
6596,293436.3778,1402.62,2,2,716.27,56.54,5,31.15,29.88,91.84,6
6597,306202.9736,550.0,1,1,510.2,59.26,6,46.75,5.98,99.08,1
6598,99201.47008,550.0,2,2,698.47,41.82,4,60.11,51.01,91.44,4
6599,134447.8725,838.09,1,3,226.89,42.48,4,46.32,28.58,94.15,2
6600,443293.6067,1317.5,1,4,169.35,40.41,10,25.79,6.17,98.38,7
6601,125895.9984,731.32,1,1,574.96,4.2,6,94.5,9.96,92.69,2
6602,232875.4715,629.0,2,3,263.65,37.84,7,110.24,6.42,88.62,5
6603,274219.2224,550.0,2,4,286.94,32.64,5,28.7,11.33,92.49,3
6604,430556.8472,1092.09,3,3,211.16,42.45,6,14.13,6.16,93.94,6
6605,248450.0784,1008.55,3,3,1086.36,28.31,10,26.7,25.04,97.78,8
6606,126944.0027,930.07,1,1,290.71,30.15,6,45.87,19.92,91.91,3
6607,498653.2234,1921.88,2,2,1107.22,50.88,7,104.99,30.66,90.67,9
6608,132716.068,550.0,1,3,479.38,11.91,4,15.46,34.54,92.68,6
6609,486556.1798,903.0,2,4,968.45,59.96,5,109.31,20.93,95.21,7
6610,421953.7341,1021.92,3,2,397.07,55.42,7,17.54,21.88,95.0,5
6611,152006.1057,550.0,2,4,542.59,52.78,5,11.52,11.65,95.0,2
6612,371156.6215,1331.5,4,2,355.76,41.94,6,0.47,15.92,91.76,7
6613,201344.7585,960.93,2,2,324.38,39.09,5,9.77,19.44,93.71,2
6614,337131.1589,1309.91,3,3,335.19,26.23,7,37.93,1.82,92.67,2
6615,239650.1284,687.13,1,3,439.45,5.77,5,17.68,7.31,89.79,3
6616,407894.8717,943.16,4,3,854.57,22.28,8,18.05,12.99,91.8,8
6617,324888.5534,587.82,1,3,756.76,6.09,6,35.71,15.81,99.66,5
6618,355520.0706,1386.67,2,2,662.07,46.04,7,59.82,0.25,86.47,5
6619,173809.6441,1125.06,3,1,156.55,30.84,7,6.46,3.19,89.65,4
6620,121786.8176,930.28,1,2,2.75,8.77,5,90.78,45.94,95.6,1
6621,311418.5885,1362.72,3,2,1044.39,57.7,6,54.1,12.39,86.41,4
6622,328661.4105,579.17,2,3,414.2,35.56,8,33.84,39.41,99.9,8
6623,237962.8901,960.58,1,1,272.94,21.26,5,84.02,18.42,94.85,1
6624,349996.2652,820.88,4,2,116.81,19.75,7,10.35,4.79,97.95,6
6625,154133.2594,550.0,1,1,528.78,11.76,6,24.05,33.89,95.02,2
6626,162277.0033,835.93,1,4,498.89,34.48,7,19.62,23.36,99.9,3
6627,178287.6262,1275.64,1,3,514.5,18.05,9,46.18,13.27,99.84,9
6628,542507.0004,1179.85,4,3,28.74,40.75,7,17.98,10.55,95.49,5
6629,246670.9632,1206.48,1,3,693.8,15.44,4,111.5,26.6,85.63,4
6630,439717.8031,1825.36,4,3,743.7,21.25,7,53.53,6.74,92.37,4
6631,550774.8003,1360.67,2,4,941.43,17.12,7,3.16,5.15,98.74,5
6632,102085.3713,706.79,1,2,210.71,52.78,8,49.29,19.56,93.92,2
6633,585904.7904,1569.27,4,4,418.54,25.32,10,87.5,1.82,89.97,4
6634,542916.9681,957.1,2,6,803.31,44.63,8,76.78,27.19,91.18,5
6635,376453.156,1614.78,2,3,516.29,7.34,6,98.94,21.96,86.59,3
6636,288012.2965,693.68,3,5,737.8,44.94,7,70.06,14.88,90.28,7
6637,439281.9156,886.39,3,2,485.42,22.84,8,3.81,23.14,99.9,7
6638,288071.6792,853.67,1,3,493.31,30.62,7,43.94,0.23,87.08,3
6639,157945.5228,642.05,1,2,346.7,34.79,7,16.66,23.39,90.78,6
6640,254732.3594,1459.44,1,4,807.54,23.28,6,23.63,14.21,89.43,5
6641,353477.4283,1655.56,3,3,928.97,28.7,6,35.97,10.95,92.26,5
6642,222140.2512,1092.1,4,2,671.69,36.74,7,8.79,25.3,99.9,5
6643,181478.3887,993.55,2,2,775.57,1.46,6,43.82,20.5,90.78,1
6644,214955.9156,1027.76,1,4,890.53,35.71,6,131.99,18.37,85.18,4
6645,301719.5129,696.19,1,4,444.87,40.95,5,72.5,10.94,84.67,2
6646,508161.7436,1003.45,3,3,734.38,45.02,7,13.69,13.37,99.89,9
6647,148936.4237,550.0,3,2,879.06,31.85,8,42.28,5.9,90.0,4
6648,106858.1898,550.0,1,3,498.66,23.66,7,41.49,24.84,86.71,2
6649,257055.2759,937.88,3,3,491.91,17.61,8,10.5,1.57,94.62,7
6650,343455.0967,1057.59,3,2,302.05,18.67,6,52.69,25.17,99.9,7
6651,439149.8153,1381.41,4,3,333.15,39.74,8,22.7,0.36,88.82,6
6652,169669.0713,1153.38,1,1,843.0,6.17,3,2.35,40.3,84.45,1
6653,247083.9187,1722.21,1,3,397.88,47.86,10,24.29,8.57,99.9,7
6654,290976.1554,1455.1,3,2,319.95,17.4,9,38.76,6.0,99.9,7
6655,436059.7709,1081.25,3,4,861.93,12.81,10,55.59,6.1,92.93,8
6656,291614.0944,1043.59,1,4,708.55,40.54,3,85.13,12.28,89.53,5
6657,268007.5101,784.56,2,4,1061.5,3.64,9,2.66,5.48,97.77,8
6658,368325.8931,1567.18,1,2,1056.24,7.67,5,34.74,22.53,97.04,6
6659,211546.9364,600.98,2,3,116.32,15.37,6,15.31,17.32,89.48,5
6660,337815.4161,660.98,3,3,424.88,41.39,7,113.54,10.79,92.85,6
6661,110294.775,1007.21,1,2,363.11,5.86,7,48.97,4.91,98.59,6
6662,546443.9519,1607.84,2,4,744.42,34.17,9,82.91,21.75,96.17,7
6663,223181.4722,550.0,1,1,695.03,19.96,4,31.79,8.63,99.9,2
6665,99338.70513,754.7,2,1,411.51,20.47,7,24.71,3.09,89.98,4
6666,134019.7898,1013.83,1,3,847.51,47.17,7,49.53,19.95,91.6,3
6667,415443.2647,550.0,4,4,708.54,3.66,9,43.87,3.35,94.42,7
6668,408009.4866,928.36,3,3,749.46,3.08,8,5.25,3.78,95.27,5
6669,537982.891,926.57,4,4,138.13,55.14,5,84.76,18.63,86.19,6
6670,575023.6845,1810.83,3,4,801.94,7.63,8,56.97,4.33,99.9,5
6671,202014.9337,661.64,2,2,703.67,36.01,8,22.11,0.75,89.58,3
6674,169795.2958,550.0,1,2,658.01,63.86,5,58.33,32.19,99.9,4
6675,333010.0784,1199.9,4,4,416.99,61.23,9,33.54,23.03,93.56,8
6676,450943.7717,874.68,3,5,305.14,29.53,9,74.06,42.13,85.12,4
6678,398607.9416,1756.64,2,3,946.52,12.64,5,61.67,3.9,97.82,4
6679,266981.4133,550.0,2,3,143.45,18.98,5,80.88,28.25,90.66,3
6680,108814.7493,808.03,1,2,401.62,31.34,7,47.0,19.64,98.47,4
6681,216374.8129,1037.41,1,3,76.03,64.7,6,21.47,0.8,85.54,5
6682,189391.0331,1139.0,1,4,1191.61,19.29,6,20.2,0.11,88.77,4
6683,398883.5375,2003.59,1,3,270.14,36.17,7,78.03,32.98,86.99,6
6684,306655.055,550.0,1,3,319.65,8.59,8,3.36,14.24,97.18,5
6685,271185.4808,1537.35,2,3,659.73,20.39,8,34.3,1.79,91.74,6
6686,190929.7288,1401.07,1,3,861.91,6.95,7,19.51,13.62,96.16,6
6687,557698.2794,659.08,4,4,765.5,16.99,10,84.6,27.11,96.09,9
6688,432952.5713,550.0,1,6,792.92,3.64,9,66.89,20.6,89.34,4
6689,319491.2253,780.97,2,2,703.17,39.25,7,36.12,16.38,92.19,3
6690,157110.9364,636.04,1,3,150.3,20.56,6,91.23,17.58,99.9,5
6691,401065.9409,765.63,2,3,491.0,47.8,6,61.86,20.33,99.9,6
6692,313766.7632,550.0,5,3,692.32,28.71,7,48.35,16.95,94.63,3
6693,403224.7699,1914.87,3,4,273.61,30.67,9,7.95,13.35,91.49,7
6694,432190.1311,697.99,2,4,418.29,2.88,8,34.05,2.37,99.22,5
6695,118599.8402,601.22,1,2,217.01,45.49,2,74.43,3.32,91.92,3
6696,129603.5386,550.0,2,2,405.5,48.67,8,29.18,28.92,89.8,8
6697,277380.0021,1222.1,2,4,400.08,23.77,5,22.96,19.91,90.95,5
6698,195228.6598,826.08,3,2,340.94,70.57,4,7.51,8.48,91.82,1
6699,102580.7852,611.64,2,2,583.16,25.03,9,44.69,15.21,94.28,4
6700,256817.128,1493.56,3,3,587.84,64.1,4,89.79,14.7,93.37,4
6701,204755.9384,1131.51,1,2,374.16,29.97,3,103.67,16.6,94.07,4
6702,208322.3964,550.0,3,2,311.23,32.54,4,95.99,18.29,90.21,3
6703,292801.6032,1176.34,3,2,916.2,2.57,9,42.31,16.69,96.33,7
6704,239318.3161,1817.51,2,2,796.01,39.32,7,25.04,18.16,91.06,3
6705,373959.1605,805.99,4,3,418.21,12.08,8,46.17,22.09,97.94,6
6706,309935.7079,958.57,3,3,387.23,6.1,9,91.54,9.87,83.68,4
6707,309154.0514,1963.87,1,3,607.45,28.65,9,78.78,5.02,89.69,6
6708,108952.4699,813.45,1,2,185.01,44.54,8,13.08,19.98,99.9,4
6709,195910.5248,726.61,2,3,334.11,49.31,7,19.28,14.61,88.48,7
6710,123287.2506,648.96,1,4,817.19,21.12,6,18.85,3.02,98.19,2
6711,124195.6191,856.29,1,3,1013.59,36.53,8,53.66,31.67,97.43,4
6712,248630.6713,1173.95,2,4,677.96,4.18,8,54.4,40.07,92.84,4
6713,262996.8434,1793.09,3,2,590.12,21.67,8,76.82,19.66,92.89,5
6714,323908.0938,1428.56,1,3,661.4,18.62,8,35.0,17.28,99.9,6
6715,136314.9004,550.0,1,2,743.46,49.68,5,50.21,24.7,96.97,5
6716,571602.0232,2111.58,1,4,676.72,10.31,9,30.62,15.1,89.52,6
6717,240851.9783,1201.96,1,2,917.7,1.26,6,47.68,23.98,93.33,2
6718,354191.3722,989.91,2,3,596.22,13.46,5,20.72,4.86,99.9,2
6719,208841.2735,847.12,2,2,430.48,14.9,7,124.71,18.6,88.31,6
6720,284755.1279,923.99,2,3,358.02,21.18,8,15.02,15.61,94.78,5
6721,251984.0737,1655.49,2,3,607.94,9.66,5,14.08,6.03,94.35,4
6722,175483.1363,1247.13,1,2,570.45,56.62,6,66.28,11.14,95.19,6
6723,218754.4913,749.67,2,3,762.83,31.52,7,17.74,42.55,96.51,3
6724,179792.2036,550.0,2,3,548.27,17.03,9,35.57,2.63,96.43,5
6725,297585.6719,1451.47,1,3,665.48,28.07,7,39.03,20.66,88.11,4
6726,626772.5555,1790.43,2,4,205.98,58.46,8,27.69,27.7,96.56,4
6727,475523.4029,1496.88,3,5,697.14,28.01,10,37.08,0.01,97.24,7
6728,370193.4112,836.16,4,3,122.89,64.91,7,8.51,7.59,99.9,7
6729,482513.0285,834.77,2,4,655.14,10.11,9,6.51,21.97,97.0,6
6730,372007.9195,775.64,1,5,384.8,6.87,7,110.87,28.93,99.9,4
6731,332048.7969,666.65,2,4,110.8,4.65,8,12.1,4.85,94.21,3
6732,206191.2904,1966.16,1,1,372.11,59.57,5,3.39,14.23,90.48,3
6733,385022.8356,1458.8,2,3,38.4,45.51,7,3.86,7.15,91.62,5
6734,385473.4938,986.1,3,3,412.02,30.1,7,89.26,50.18,94.56,6
6736,202583.5174,1030.28,1,4,530.0,1.22,8,35.43,6.55,96.0,4
6737,473795.637,1920.59,4,4,981.64,25.72,8,47.96,9.54,89.19,7
6738,146559.7638,550.0,1,4,603.68,5.03,6,104.34,42.05,98.26,4
6739,89507.31472,1015.18,2,1,568.72,36.93,8,25.05,33.12,95.04,3
6740,375931.0308,2046.61,2,2,499.5,24.77,9,35.69,11.67,96.04,4
6741,101705.4364,669.92,3,2,393.47,73.91,6,117.9,18.77,95.31,4
6742,482233.8104,1976.75,4,3,545.12,15.31,8,89.54,41.64,99.25,8
6744,194450.1547,1085.44,2,3,435.75,27.6,10,30.29,37.94,84.71,7
6745,407908.1051,1646.74,2,3,359.69,61.03,6,35.46,27.57,88.33,6
6746,519447.7747,1296.86,3,5,572.74,27.45,9,77.97,23.63,89.87,7
6747,365462.756,1249.13,4,5,441.69,36.24,8,39.16,1.33,89.8,7
6748,282579.157,1161.83,3,3,911.19,13.47,7,5.94,8.36,99.9,5
6749,271978.4914,550.0,3,2,336.53,64.15,9,56.55,3.91,94.2,7
6750,181185.637,550.0,3,3,692.34,34.74,5,140.48,40.92,84.22,1
6751,315159.8112,550.0,2,3,461.72,3.2,6,3.78,3.88,85.83,1
6752,109704.9949,550.0,1,3,458.54,9.9,9,69.79,23.34,95.24,7
6753,231360.7667,1025.84,2,3,281.77,13.57,5,30.3,20.69,96.57,6
6754,152349.6387,550.0,1,4,231.56,62.76,7,25.23,23.98,99.9,3
6755,316992.3677,1546.07,3,2,664.26,57.35,7,25.11,1.78,80.76,7
6756,211981.4799,1186.46,2,1,286.16,25.86,5,100.12,34.24,90.91,4
6757,98378.32224,844.84,2,3,285.84,19.26,9,107.85,53.14,90.45,4
6758,640135.6395,1571.7,5,4,424.93,42.11,6,31.72,3.17,99.9,7
6759,407161.2967,1061.82,3,4,430.98,16.42,10,20.78,1.4,90.93,7
6760,114263.3668,550.0,1,3,756.47,28.51,5,53.61,16.83,91.88,2
6761,705950.4528,1280.95,3,5,824.24,49.04,10,6.26,14.41,93.46,10
6762,238735.4337,563.95,1,4,358.21,7.32,7,16.5,37.79,90.1,2
6763,325511.0531,1598.52,2,3,818.43,2.16,10,93.37,23.53,95.8,6
6764,461870.3293,1753.46,2,4,620.32,56.59,9,43.69,2.78,95.71,9
6765,174760.7324,550.0,2,4,799.8,30.89,7,6.82,12.21,92.95,5
6766,541898.1992,1488.74,5,2,7.24,18.6,8,50.35,0.32,99.8,9
6767,116907.4444,825.43,1,2,452.41,80.57,7,97.62,11.27,87.45,5
6768,358729.7227,736.19,3,3,293.57,40.65,7,33.03,13.34,93.26,7
6769,599838.2651,2055.04,4,3,877.21,45.51,10,84.11,3.06,95.38,7
6770,360582.6831,1393.96,4,4,380.47,2.57,9,96.03,10.93,87.79,3
6771,137536.1443,944.66,1,3,994.34,30.02,8,14.57,11.03,94.92,2
6772,318126.9653,1143.1,1,4,286.66,45.32,8,44.78,26.59,96.55,6
6773,274641.4696,1432.58,1,4,894.26,18.24,10,10.58,24.9,95.49,8
6774,132679.1883,630.95,1,2,22.96,27.82,5,60.78,17.84,89.91,5
6775,105050.8383,660.8,1,2,221.21,33.27,6,92.32,12.74,91.38,6
6776,425016.2084,562.23,2,3,438.45,32.09,8,54.6,2.55,89.48,4
6777,756412.1505,930.64,3,4,159.55,25.61,6,15.21,15.19,93.1,7
6778,203760.4846,891.84,2,3,731.06,68.74,8,31.8,9.57,97.41,2
6779,133054.8655,550.0,2,2,950.15,6.15,4,25.1,49.44,86.18,4
6780,113258.5348,811.36,1,3,1036.7,21.54,7,0.41,18.5,88.53,5
6781,682957.6831,1946.87,4,3,815.24,3.88,10,36.06,3.72,99.5,6
6782,242666.8636,942.63,1,3,628.54,40.96,8,61.55,10.03,98.32,4
6783,383859.4941,1291.36,2,4,614.33,9.42,10,47.06,19.36,98.41,8
6784,420101.7661,980.67,3,4,301.67,0.73,10,11.19,21.57,99.9,5
6785,281318.7199,1954.7,2,3,456.4,14.96,10,111.8,29.96,96.8,6
6787,284914.3038,1267.32,2,5,742.84,29.71,9,31.97,12.86,92.22,6
6788,241756.4496,988.51,2,2,733.98,54.64,10,9.28,13.04,99.9,5
6789,391482.9572,1260.83,4,3,790.43,51.64,7,17.87,2.45,95.98,6
6790,154177.1892,550.0,1,3,257.15,40.4,5,29.47,30.61,99.9,3
6791,228007.9217,745.2,1,3,642.3,9.3,10,28.63,0.98,99.9,5
6792,474321.3116,1084.92,4,2,311.11,13.5,7,33.65,1.28,98.8,5
6793,271838.2534,550.0,4,3,394.79,37.76,10,31.02,23.0,99.67,5
6794,161003.0709,1130.17,1,2,619.97,60.37,6,49.97,9.35,90.71,4
6795,335501.692,689.3,3,4,78.49,8.98,8,52.72,5.47,97.99,6
6796,250070.1344,1112.62,1,2,120.33,12.4,2,71.29,19.13,94.86,4
6797,245883.7511,1524.55,1,3,72.35,74.57,5,26.92,23.95,94.68,6
6798,568904.4179,1693.37,3,3,627.71,15.14,7,52.19,14.5,87.49,4
6799,242803.9532,709.22,2,4,488.94,47.73,5,31.88,0.0,89.78,6
6800,198085.8702,550.0,3,2,528.74,20.07,9,56.82,14.92,96.88,7
6801,607207.4653,2081.52,3,3,762.01,9.97,10,54.07,15.89,91.94,8
6802,290723.6744,573.09,1,4,71.09,25.32,9,64.07,25.99,99.02,8
6803,269629.0388,749.09,3,3,1150.48,27.69,10,20.16,2.83,98.23,6
6804,248034.4002,1158.16,1,5,492.4,2.27,7,12.81,3.32,96.4,6
6805,247195.713,1126.79,3,4,357.44,74.35,8,13.98,27.98,97.86,2
6806,630928.0722,902.07,3,4,906.51,49.76,7,98.35,13.12,87.01,6
6807,325843.6499,1554.05,3,2,609.36,40.46,7,78.22,8.38,99.9,7
6808,321657.1943,1055.67,2,4,445.05,31.25,7,29.45,26.04,94.24,4
6809,537768.8483,659.36,3,4,221.75,45.75,8,73.51,15.5,96.12,5
6810,373278.9981,934.05,2,2,243.86,11.23,10,4.54,12.1,96.37,3
6811,298909.3055,1063.19,1,4,195.27,6.81,9,80.2,20.55,92.59,4
6812,261564.5218,1004.4,1,3,101.47,42.66,7,98.74,7.09,95.29,6
6813,231352.1189,579.75,2,3,656.08,2.54,8,26.87,29.38,93.79,8
6814,240514.5897,1063.7,2,4,68.76,40.27,6,65.42,13.32,90.14,3
6815,392213.2671,932.75,4,4,256.07,13.92,6,86.27,4.53,84.94,6
6816,272557.0395,768.35,3,3,740.02,24.76,7,31.93,0.9,94.12,3
6817,301973.537,1330.07,1,3,735.41,42.3,8,45.3,3.35,99.9,4
6818,269852.9375,707.61,2,2,560.06,35.34,7,39.35,14.82,87.85,5
6819,188010.3433,550.0,3,2,572.0,6.94,7,27.41,1.86,95.78,5
6820,278796.2627,550.0,3,4,290.39,63.27,9,14.88,15.72,99.9,6
6821,130890.354,728.55,2,2,322.41,12.46,5,77.31,16.04,87.96,4
6822,227419.5738,1067.75,2,3,765.84,10.23,6,20.3,14.59,96.39,3
6823,713993.1241,1326.29,4,4,174.91,13.25,9,33.4,20.54,94.7,6
6824,149985.9048,550.0,2,3,13.99,4.24,8,14.05,35.29,93.91,3
6825,161529.1313,671.5,2,3,481.64,52.18,10,55.23,15.78,99.9,4
6827,177048.5506,550.0,2,3,183.94,37.1,7,67.96,41.71,99.9,2
6828,268056.2264,550.0,3,3,510.19,17.6,3,43.12,18.93,84.99,2
6829,283083.6431,762.97,2,5,778.49,63.01,7,7.04,12.92,83.62,6
6830,244642.5188,834.23,3,3,551.58,19.97,7,64.65,19.2,82.62,3
6831,363917.0858,1226.92,2,4,137.5,24.6,8,19.47,1.72,91.71,6
6832,495929.0495,1180.31,2,5,712.91,49.16,7,35.71,10.45,92.78,5
6833,131458.3242,550.0,1,2,241.47,73.02,5,39.74,30.08,92.51,3
6834,286857.3794,1637.03,2,4,72.67,20.51,9,76.25,1.86,80.74,3
6835,228448.203,1328.2,2,3,219.01,2.56,5,97.62,19.17,88.05,6
6836,351798.8598,1038.32,2,2,28.15,32.96,6,91.55,28.09,99.9,5
6837,97214.25526,550.0,1,3,380.44,55.26,5,0.37,11.4,91.82,4
6838,228904.7746,826.42,3,3,549.53,39.7,5,87.64,16.22,89.16,2
6839,241318.3675,1473.19,2,1,283.37,2.04,8,53.6,2.95,94.42,5
6840,637845.1546,1749.76,3,4,920.71,17.61,9,64.98,23.76,88.21,6
6841,224401.1229,1125.41,3,2,708.78,55.35,7,5.39,34.98,94.68,6
6842,496358.2834,1454.39,3,3,25.06,22.2,8,78.07,24.44,93.67,3
6843,421053.4107,1054.61,1,4,438.46,43.44,9,10.16,26.47,96.84,4
6844,214297.0732,1005.43,1,3,85.53,53.07,7,22.52,11.77,89.35,2
6845,135570.1211,1205.53,1,3,351.27,66.61,9,31.8,8.05,97.61,5
6846,111298.1421,550.0,1,2,59.73,4.79,8,24.42,23.0,97.36,2
6847,298957.4967,1475.63,2,4,416.89,25.42,8,36.99,16.01,99.9,8
6848,591424.2005,1339.86,2,6,547.11,48.16,9,47.76,13.5,96.24,7
6849,392453.3512,1242.45,1,4,423.82,39.41,5,22.14,7.67,92.11,7
6850,331801.1473,1264.09,1,4,383.4,44.75,5,13.59,3.44,94.32,6
6851,198891.1837,719.94,2,2,441.85,20.39,8,47.4,38.22,99.9,6
6852,192507.0224,1450.32,2,2,819.47,19.79,5,22.77,4.16,97.1,3
6853,313913.4022,639.15,2,3,272.52,23.78,9,0.41,1.58,92.14,5
6854,277525.919,695.15,4,2,152.02,13.98,10,59.86,10.21,92.94,4
6855,233917.4045,1203.14,2,2,413.73,19.55,8,2.83,11.39,87.89,6
6856,119279.6245,550.0,1,3,466.3,45.99,5,35.79,19.96,93.52,2
6857,218687.5645,550.0,2,4,1187.59,57.55,6,25.94,32.52,88.0,1
6858,98435.51986,550.0,1,1,284.75,30.09,6,54.36,26.36,99.36,3
6859,384158.1752,550.0,1,1,185.55,12.87,5,28.39,26.59,90.59,4
6860,264419.6829,707.65,2,3,283.43,37.73,5,56.74,9.3,88.86,8
6861,357079.6137,978.99,3,4,659.92,10.14,10,29.76,15.14,99.9,8
6862,356287.0826,1778.38,3,3,595.93,61.01,8,133.54,27.59,99.9,5
6863,131632.7524,1138.83,2,1,790.1,27.72,6,35.17,8.28,93.1,3
6864,575546.7533,1198.59,2,4,949.8,18.68,7,10.72,11.81,99.9,9
6865,432576.2927,1313.78,1,3,915.09,34.65,3,40.18,22.53,93.14,5
6866,324096.027,823.48,4,2,275.48,35.64,9,20.8,10.02,91.95,2
6867,91512.09051,550.0,1,3,521.43,53.48,5,46.9,20.44,88.9,2
6868,328638.7142,731.86,4,4,638.65,30.48,6,33.48,0.7,91.34,4
6869,109888.7624,1027.26,1,3,714.71,32.25,5,6.05,20.45,99.9,3
6870,91371.00617,831.3,1,3,771.18,37.29,3,0.25,14.94,82.66,2
6871,409719.3827,1128.66,2,3,764.03,11.49,5,30.64,6.52,98.15,10
6872,288443.5405,1409.85,1,4,671.34,48.42,8,30.43,30.31,99.9,6
6873,378672.5579,1965.66,3,3,975.98,11.21,4,37.1,14.69,92.84,6
6874,308470.7357,550.0,1,5,793.67,41.9,9,44.55,24.39,93.99,4
6875,231129.7199,936.56,2,2,268.22,30.81,7,33.0,16.34,91.73,5
6876,149750.1131,1039.02,1,1,1059.02,42.36,6,23.49,24.72,95.35,4
6877,217689.4574,550.0,1,1,189.61,52.14,5,109.39,44.97,92.3,4
6878,249996.4094,2061.01,2,3,609.15,6.65,8,45.32,18.95,89.56,6
6879,166751.417,550.0,1,3,610.78,36.83,8,57.32,20.71,93.03,3
6880,259037.9951,1065.38,1,1,439.04,18.38,6,72.06,13.93,97.28,6
6881,153827.7845,550.0,1,2,714.45,39.13,5,55.85,2.86,92.87,2
6882,630878.4614,1270.65,4,4,91.09,53.06,10,67.25,8.98,91.97,7
6883,189641.8097,550.0,3,2,521.81,5.33,5,55.46,35.96,89.09,1
6884,321391.2068,694.46,1,4,776.85,15.9,7,21.96,23.31,95.11,6
6885,192044.4362,708.47,3,3,607.66,1.93,7,38.55,8.48,98.45,3
6886,113721.45,672.98,1,1,378.25,31.76,7,22.72,7.86,99.9,6
6887,165856.2941,1209.92,1,3,785.48,18.12,6,104.21,9.09,96.53,4
6888,105336.1581,626.96,1,3,224.97,27.91,7,93.46,18.03,89.96,4
6889,445151.1716,1478.67,3,4,155.35,62.68,8,20.5,1.38,91.03,7
6890,180672.84,719.8,1,1,306.67,10.35,4,65.12,15.76,92.13,1
6891,484361.1995,1789.95,2,2,474.51,41.5,9,1.93,15.04,99.9,6
6892,118517.5122,1327.08,2,1,84.94,62.88,5,77.01,20.69,81.44,4
6893,454826.7298,1328.99,2,3,469.5,10.93,9,45.62,1.18,84.24,6
6894,403663.3192,891.51,3,5,198.59,1.57,8,51.09,27.83,97.3,4
6895,538563.3249,783.16,4,3,902.49,38.33,7,36.15,31.26,93.83,6
6896,232685.5868,751.96,2,4,810.74,14.93,8,4.06,21.83,94.71,6
6897,167927.7775,1063.8,3,2,72.32,38.73,3,104.61,31.66,94.79,1
6898,550909.8705,1349.44,2,4,357.31,34.13,9,97.88,32.14,86.33,4
6900,164784.6152,550.0,1,3,747.1,21.83,7,2.05,7.37,93.09,4
6901,425369.7452,1632.41,3,3,919.8,26.81,6,53.75,19.39,92.41,8
6902,122975.5391,872.51,2,1,763.07,50.3,5,57.23,20.9,96.13,2
6903,237167.5462,629.33,1,1,759.14,23.45,4,17.65,45.29,89.29,4
6905,254583.4506,1078.07,1,4,579.4,8.36,6,52.26,12.18,98.92,3
6906,372908.5072,1255.55,2,4,806.02,32.51,9,22.98,3.7,99.9,3
6907,285544.6458,1463.95,2,3,464.89,42.67,9,84.35,9.17,90.65,7
6909,342589.5947,620.02,2,3,720.97,42.93,7,26.42,25.05,90.82,4
6910,259902.1156,1709.34,1,2,510.27,13.88,6,42.16,3.79,98.33,7
6911,103964.3977,578.86,2,4,250.57,9.24,8,109.2,2.57,91.02,4
6912,446605.6897,821.75,4,3,843.05,4.28,6,34.54,17.0,99.9,3
6914,266635.8168,1821.0,2,3,553.0,16.65,7,51.35,27.59,88.87,5
6915,98659.48993,736.17,1,3,962.13,28.98,6,33.47,17.49,92.53,2
6916,322309.0622,550.0,3,4,899.08,55.0,7,1.32,7.44,99.9,8
6917,113983.8198,594.57,1,3,756.04,29.84,6,7.96,50.5,89.11,6
6918,442719.8916,1449.58,2,4,887.59,32.01,10,61.98,6.39,98.39,5
6919,115969.8443,857.34,1,2,346.52,32.1,5,46.16,8.91,86.46,5
6920,108071.4045,1001.2,1,2,463.06,5.63,8,38.35,20.58,93.06,3
6921,283872.353,1489.32,4,2,746.63,3.12,8,12.78,14.62,99.9,3
6922,219396.4462,550.0,2,2,105.57,14.14,7,32.92,1.83,91.02,4
6923,129572.8694,1342.22,2,2,1079.89,19.53,7,48.7,44.05,99.82,6
6924,236275.3324,632.37,2,3,804.15,38.96,7,19.22,22.32,99.9,3
6925,126907.9817,854.94,1,2,870.33,59.28,6,108.06,29.19,83.57,5
6926,591930.0137,1695.37,2,5,599.6,62.82,10,17.73,3.74,94.01,7
6927,206442.1435,1495.88,1,2,764.44,25.55,5,83.0,14.76,84.57,4
6928,184064.8596,550.0,2,5,15.09,2.77,8,54.53,48.62,97.83,4
6929,526160.6607,1436.65,3,3,826.36,22.42,8,36.77,25.17,95.08,9
6930,310388.4997,1023.19,3,2,937.47,10.89,9,103.47,47.8,93.43,8
6931,286536.4983,1059.64,1,3,30.61,9.72,10,52.9,12.65,95.99,4
6932,300214.8036,1538.8,2,2,367.31,8.36,5,90.17,16.7,97.82,5
6933,266620.3033,834.4,2,3,424.69,13.5,9,11.2,32.79,90.09,4
6934,369014.675,1115.69,4,3,244.51,19.22,8,19.15,48.23,91.04,7
6935,400944.4919,952.97,2,3,240.46,25.16,8,37.74,7.73,97.98,6
6936,380064.2378,680.25,3,3,532.37,47.98,7,70.65,14.77,97.11,4
6937,221526.5807,880.36,2,5,412.94,37.26,7,5.55,10.62,93.19,6
6938,324684.2125,801.36,2,5,488.46,51.06,8,61.95,29.15,95.17,8
6939,361507.1659,1078.94,2,3,673.01,28.85,8,62.78,28.5,88.72,5
6940,312197.9063,1243.56,3,3,1062.65,8.56,6,47.64,43.01,85.78,2
6941,424124.6825,782.21,2,5,364.23,26.33,10,17.63,14.44,99.6,8
6942,562524.6544,2273.01,3,4,655.18,7.47,8,98.28,8.94,95.49,4
6943,284664.4704,1647.02,3,3,416.46,9.74,8,8.19,13.21,97.08,8
6944,209251.238,1457.32,1,3,742.46,45.73,5,9.24,36.09,98.31,4
6945,288971.0843,550.0,2,3,66.33,17.37,3,39.22,11.57,99.29,4
6946,509827.0368,1080.35,2,5,2.96,54.64,9,7.91,25.59,86.79,4
6947,265015.4048,1184.13,3,2,569.38,20.35,9,24.52,5.09,86.31,5
6948,205873.8798,1622.48,1,3,968.39,18.41,5,31.52,0.92,91.53,6
6949,544573.6443,1031.45,3,5,355.85,25.33,7,44.06,11.57,95.96,3
6950,337103.3805,1544.14,1,3,686.88,46.05,7,69.78,4.81,91.96,7
6951,384034.3736,1660.73,2,2,304.76,12.55,9,26.25,30.23,96.54,4
6952,465740.0164,1613.59,3,3,598.58,35.29,7,51.99,1.64,99.9,8
6953,217954.655,550.0,3,4,86.82,14.42,8,41.58,10.21,87.53,5
6954,507159.1507,669.39,3,4,203.36,13.22,7,17.0,19.64,94.42,8
6955,379170.7105,1517.74,2,4,0.39,13.21,9,33.58,13.73,99.77,10
6956,347152.0922,820.57,4,3,775.99,35.78,8,43.55,1.43,99.9,9
6957,300868.3153,1386.17,1,3,654.32,34.97,8,100.54,30.42,89.37,2
6958,593545.3229,1779.72,3,4,778.64,28.39,9,64.29,7.4,99.9,6
6959,397536.3935,1055.58,2,3,276.43,49.74,8,53.76,32.61,90.52,8
6960,571526.5617,1647.31,1,4,49.35,6.45,7,7.92,12.83,93.57,4
6961,108684.8082,1070.82,2,3,914.35,39.25,5,63.35,45.25,94.48,3
6962,284968.1098,1836.82,2,2,65.31,1.41,7,87.98,41.74,95.37,5
6963,352291.6793,981.54,3,2,604.13,11.37,6,62.37,13.38,95.62,5
6964,410758.1669,1573.25,4,2,309.03,6.2,9,14.52,15.22,99.9,7
6965,349752.9258,1067.29,3,2,107.05,63.03,7,20.22,20.96,94.2,6
6966,329381.1695,1377.51,3,4,33.1,71.59,6,62.77,0.9,90.89,3
6967,475486.5339,2192.52,1,3,172.13,23.18,10,8.54,12.91,99.9,6
6968,220214.6421,550.0,2,4,39.63,24.77,6,45.43,41.95,99.9,5
6969,126734.4481,629.66,1,1,157.02,14.66,5,25.49,27.6,93.1,2
6970,195405.9082,1562.69,1,3,498.85,65.8,8,23.76,48.1,96.45,6
6971,217778.2459,1080.39,2,3,232.64,25.09,6,22.17,25.15,96.09,4
6972,604405.5801,1633.35,3,3,605.36,22.35,6,8.19,5.22,99.9,6
6973,368504.035,1520.26,1,4,364.53,14.66,8,102.46,23.0,97.73,6
6974,366024.79,1425.88,3,2,368.68,21.57,7,75.22,9.55,96.73,2
6975,122796.4118,550.0,1,3,333.2,32.45,4,78.08,18.12,92.15,1
6976,150637.9491,550.0,2,2,585.58,53.2,2,87.99,29.27,90.96,2
6977,432123.938,933.99,1,4,249.17,14.32,7,29.55,15.38,90.38,4
6978,185058.3866,728.37,2,2,95.08,63.51,4,81.29,2.55,92.63,5
6979,364452.1361,1430.63,3,2,567.16,33.96,8,56.67,6.8,85.4,5
6980,122660.0682,756.5,2,2,94.81,24.76,7,87.91,9.44,94.32,6
6981,278913.6611,1082.01,3,3,250.14,21.63,7,36.72,7.76,95.82,7
6982,264375.9423,907.75,2,2,296.22,53.95,5,4.78,30.63,93.19,4
6983,498000.8251,1275.98,3,3,299.18,41.23,7,42.59,21.8,90.86,6
6984,598525.1942,1497.19,2,4,122.48,22.74,10,103.8,16.91,93.31,7
6985,392080.7921,829.16,4,4,367.52,56.49,9,10.34,23.97,90.17,7
6986,307821.1758,550.0,2,4,892.35,11.89,8,28.18,19.23,96.91,5
6987,199959.6664,839.67,1,3,322.07,33.99,7,49.21,28.36,90.94,3
6988,187417.2256,1313.81,1,3,587.36,47.02,5,45.43,25.64,92.97,5
6989,136734.5207,806.38,1,3,833.94,15.79,4,93.14,37.27,89.26,3
6990,222967.9606,683.73,1,4,121.3,41.44,7,5.49,21.6,95.0,5
6991,117951.9489,667.26,2,1,173.38,39.11,7,68.14,19.03,99.15,3
6992,173992.9114,550.0,3,2,694.97,49.34,6,13.27,23.9,89.94,5
6993,109519.9162,550.0,2,3,688.6,50.9,6,67.1,27.76,91.99,5
6994,421368.8869,1726.12,4,2,943.19,34.06,6,90.45,17.6,92.25,5
6995,473382.5348,1026.36,2,5,149.31,0.1,9,31.79,11.59,94.57,5
6996,104773.5017,550.0,1,3,420.78,41.66,3,128.4,50.45,89.11,1
6997,343397.9756,2218.22,1,4,526.81,11.18,9,15.21,3.96,99.9,5
6998,151679.9536,888.38,2,1,594.27,43.99,4,32.41,33.17,83.93,1
6999,438060.8193,1553.57,4,4,844.06,18.8,10,26.07,24.4,95.73,9
