,IsLuxury,SquareFootage,NumBathrooms,NumBedrooms,BackyardSpace,CrimeRate,SchoolRating,AgeOfHome,DistanceToCityCenter,EmploymentRate,RenovationQualityRate
4245,1,2032.13,3,5,1233.56,61.39,10,23.32,5.39,99.39,8
6299,0,1088.51,1,2,543.77,45.8,6,23.34,9.8,89.62,5
5834,1,550.0,3,3,617.2,17.01,8,15.43,21.13,98.86,8
1250,1,1593.68,2,2,403.84,0.89,9,14.64,4.26,92.94,6
1555,0,1076.3,2,3,458.96,55.02,6,120.99,5.26,97.17,4
1855,1,1639.48,2,3,347.81,29.9,10,6.69,3.95,95.04,7
1421,1,550.0,1,3,232.45,32.01,3,73.54,28.42,87.21,3
3808,1,1434.95,5,3,1010.57,44.04,8,7.42,6.53,90.69,7
938,0,550.0,2,1,357.36,36.28,6,15.72,11.95,93.35,3
3441,0,550.0,3,4,447.98,53.27,9,29.22,28.28,89.1,7
1124,1,795.11,5,4,892.19,24.73,9,55.03,17.04,98.02,6
6785,1,1954.7,2,3,456.4,14.96,10,111.8,29.96,96.8,6
3740,1,805.96,2,3,844.53,47.19,7,3.85,30.4,98.24,6
2534,0,999.91,2,3,664.88,19.29,8,40.81,0.47,99.9,6
368,0,550.0,3,4,727.82,36.87,9,25.26,13.54,95.83,5
3793,0,692.3,1,3,475.8,7.83,7,73.18,9.76,82.46,6
849,1,550.0,3,3,116.6,52.8,5,103.32,34.33,96.61,4
2395,0,694.07,3,2,401.92,36.53,8,44.48,36.99,89.81,6
2500,0,1350.43,2,3,717.58,0.68,7,79.91,7.76,91.63,5
3367,0,550.0,2,3,673.1,32.34,7,36.74,40.38,96.19,2
1353,0,550.0,2,2,112.89,44.62,7,21.95,1.99,95.22,5
5460,0,774.15,1,3,294.12,51.73,6,7.59,5.71,89.75,1
4015,1,550.0,1,3,666.22,20.35,4,50.4,38.59,90.05,6
1050,0,550.0,3,2,761.76,17.39,6,65.28,2.02,99.9,6
4471,1,682.2,1,3,916.07,7.85,6,29.74,15.17,86.76,2
3040,1,1739.49,3,2,637.75,52.17,8,51.77,3.82,99.9,7
4839,0,1417.34,2,2,374.73,37.63,3,61.04,13.47,84.4,4
2204,0,1551.69,4,4,962.41,37.62,8,33.29,6.53,94.18,7
5284,0,1408.2,2,3,423.3,29.15,8,82.0,26.7,87.06,7
5444,0,1013.74,2,5,385.22,31.02,7,38.96,15.08,98.53,1
2428,0,801.11,4,4,245.59,15.0,9,93.89,27.18,86.05,8
4135,0,848.11,1,5,778.94,14.73,8,37.27,37.02,90.29,2
5720,0,1066.81,2,3,838.12,46.27,7,42.11,17.57,94.52,6
6358,1,1438.6,2,5,106.4,8.61,9,11.53,10.67,96.44,7
4695,1,1406.63,3,4,719.49,37.15,7,75.46,7.79,99.9,8
2607,1,1262.21,2,5,763.11,24.68,7,3.44,3.17,90.29,3
1207,1,1251.03,1,3,532.89,38.21,6,75.32,30.19,91.8,2
733,0,550.0,1,3,467.52,40.7,8,23.37,6.58,98.99,6
6866,0,823.48,4,2,275.48,35.64,9,20.8,10.02,91.95,2
6799,0,709.22,2,4,488.94,47.73,5,31.88,0.0,89.78,6
506,0,717.8,1,3,524.78,33.84,6,78.09,20.54,93.32,5
2798,1,821.19,2,4,461.33,59.45,7,25.26,21.59,99.16,5
6124,1,1221.31,4,3,76.34,17.23,9,32.5,3.91,97.78,8
4288,0,1281.0,1,2,12.43,18.25,6,18.85,11.84,94.81,3
4262,0,2240.87,1,1,410.31,40.39,6,109.39,26.25,84.87,6
5000,1,1064.7,3,1,853.17,35.88,5,12.7,21.35,94.9,4
6985,1,829.16,4,4,367.52,56.49,9,10.34,23.97,90.17,7
1406,0,1154.95,1,4,199.91,39.81,6,120.6,9.03,91.12,3
2714,0,550.0,2,3,477.22,61.35,5,53.4,17.55,94.43,5
1182,0,1116.34,2,3,438.81,46.07,8,31.53,6.66,93.63,7
6911,0,578.86,2,4,250.57,9.24,8,109.2,2.57,91.02,4
6115,1,550.0,2,3,212.42,37.86,4,35.47,49.28,87.35,1
800,0,1226.69,2,4,341.57,39.68,8,7.97,3.07,99.46,2
446,1,1096.37,3,4,515.33,75.94,8,8.97,6.01,87.0,7
5181,0,550.0,2,4,184.33,32.83,7,35.27,38.8,97.31,3
2891,0,617.7,3,1,207.87,43.92,4,67.16,22.0,89.72,4
4834,0,1092.04,2,2,898.47,36.76,9,12.11,14.94,99.43,6
1052,0,1542.53,1,4,462.3,31.22,7,7.38,27.23,92.89,4
72,1,1032.34,3,3,221.1,72.3,7,32.45,20.49,96.54,4
1792,0,646.13,2,3,573.88,9.66,7,71.64,23.97,95.35,3
1437,0,550.0,1,3,284.84,35.03,6,6.12,29.69,98.88,8
3687,0,752.71,3,2,825.31,44.37,4,8.94,19.79,89.35,3
2163,0,550.0,2,3,111.94,12.29,4,120.76,2.74,91.45,6
2112,1,1899.29,3,4,359.86,12.78,10,6.18,3.25,88.55,7
4032,1,1779.61,1,3,928.87,39.14,6,107.07,46.13,97.68,6
1625,1,1622.41,2,4,949.82,18.6,9,7.95,4.08,97.71,7
3813,0,910.77,3,2,412.71,6.48,8,13.11,8.79,94.99,4
2786,1,770.63,3,4,646.07,29.63,8,21.15,19.75,92.74,7
2942,0,550.0,4,3,656.65,20.3,7,54.93,18.14,95.13,6
1433,1,847.43,3,5,424.46,53.6,10,28.76,18.96,99.9,7
6349,0,771.76,3,2,1333.38,9.26,7,71.26,9.29,99.9,3
6903,1,629.33,1,1,759.14,23.45,4,17.65,45.29,89.29,4
6251,0,550.0,2,2,607.25,32.65,4,70.67,3.51,95.91,2
6748,1,1161.83,3,3,911.19,13.47,7,5.94,8.36,99.9,5
3580,1,1035.55,2,6,187.9,74.41,10,57.28,15.3,93.69,4
3135,0,1065.51,3,3,782.28,0.77,4,66.49,7.26,90.83,5
3697,1,620.11,1,2,192.09,24.03,6,92.6,29.23,96.27,1
3112,0,1004.24,2,3,1070.43,42.02,8,13.21,5.14,95.5,4
1832,0,763.2,1,3,121.33,20.11,7,97.84,14.43,88.12,3
6842,1,1454.39,3,3,25.06,22.2,8,78.07,24.44,93.67,3
1440,1,1164.87,2,4,501.71,64.9,7,48.85,8.81,84.83,5
2175,0,800.7,1,2,165.21,59.26,6,16.69,2.93,94.49,3
2861,0,550.0,3,5,759.08,30.7,8,21.15,11.49,98.11,7
4047,0,550.0,2,1,529.29,54.31,3,51.85,16.28,86.78,1
5442,1,1118.63,3,3,438.45,38.71,10,16.9,7.88,99.9,5
2917,0,1109.85,2,2,265.66,21.7,7,46.62,8.9,94.68,7
1413,1,1265.16,1,4,636.71,38.04,10,60.39,39.29,93.53,9
3296,0,840.53,1,4,710.01,14.97,8,107.16,25.62,90.85,5
6051,0,697.21,1,4,551.48,35.19,5,46.19,6.19,99.9,6
530,1,1411.64,3,3,247.03,21.64,6,65.61,23.17,93.73,5
4882,0,1058.54,2,2,28.08,1.56,8,0.27,10.84,99.35,5
6797,0,1524.55,1,3,72.35,74.57,5,26.92,23.95,94.68,6
916,0,550.0,2,1,77.07,49.79,6,11.38,35.77,91.78,2
5889,0,1172.05,4,3,631.0,36.56,7,8.81,14.97,87.69,6
5373,1,1404.98,2,2,354.11,12.46,8,24.09,34.76,89.95,5
921,1,1396.24,1,4,477.56,19.94,9,25.51,6.75,96.89,6
2863,1,1418.84,1,3,310.79,29.19,6,46.61,11.34,99.9,5
3328,1,857.66,3,4,403.3,26.87,8,97.92,24.34,90.43,4
1816,0,550.0,2,3,477.41,33.41,8,55.01,18.13,97.72,2
4265,1,690.99,1,2,769.52,63.18,7,22.53,25.81,88.04,1
4470,1,1414.69,3,2,828.03,35.25,4,40.62,2.14,94.52,5
6265,1,977.51,1,3,1144.03,22.86,7,11.24,11.38,96.35,6
1909,1,550.0,2,4,278.61,64.42,6,8.98,21.31,91.79,5
2300,0,1068.86,2,3,190.67,10.09,7,23.14,14.36,96.08,3
3110,0,640.47,3,2,828.6,8.79,6,37.9,9.5,91.77,8
4184,0,1614.37,1,2,483.68,70.17,6,49.51,16.46,99.9,5
6575,0,550.0,2,2,400.32,25.54,5,14.08,34.83,91.1,5
6451,1,1156.5,2,5,708.0,4.54,8,13.62,6.92,90.12,6
2361,0,863.89,1,4,768.97,19.11,8,32.37,7.93,88.26,7
6887,1,1209.92,1,3,785.48,18.12,6,104.21,9.09,96.53,4
2622,1,1385.27,3,4,659.49,29.36,7,28.24,17.41,99.9,4
3780,1,681.71,2,4,182.99,28.4,5,32.25,19.73,88.56,3
702,0,847.13,1,4,1113.81,40.58,6,13.62,7.01,96.41,3
6708,0,813.45,1,2,185.01,44.54,8,13.08,19.98,99.9,4
6129,0,644.33,2,3,155.4,9.84,8,61.88,8.5,94.97,4
1036,1,1223.21,2,2,318.94,40.7,4,61.26,26.64,85.16,6
720,1,973.77,2,4,21.96,2.2,7,33.45,1.71,99.17,6
4583,1,861.76,2,4,33.53,56.54,6,33.31,42.45,93.15,5
6975,0,550.0,1,3,333.2,32.45,4,78.08,18.12,92.15,1
2972,0,988.14,1,2,377.72,32.52,7,41.47,27.49,92.82,4
157,0,752.35,2,1,723.63,53.33,6,61.57,39.25,98.83,5
2241,0,1190.52,2,2,833.55,51.05,5,8.38,38.14,97.07,3
599,1,550.0,1,3,575.64,3.97,6,97.6,1.45,91.73,2
4099,0,638.03,1,3,795.57,33.65,8,43.74,31.42,94.1,3
1859,1,688.88,2,3,841.61,57.95,6,8.52,0.03,99.9,6
799,1,550.0,1,4,578.78,35.07,7,109.14,23.58,93.76,4
4037,0,759.17,2,3,303.47,23.92,7,61.69,15.39,89.51,1
2589,1,2233.04,3,3,603.29,10.99,10,67.79,5.5,99.9,5
5969,1,1805.62,1,2,398.34,33.12,9,104.0,19.23,99.9,4
4559,0,1307.18,3,3,149.03,41.85,6,17.04,29.95,97.78,5
6771,0,944.66,1,3,994.34,30.02,8,14.57,11.03,94.92,2
528,1,550.0,2,2,331.56,23.64,3,73.67,43.44,88.2,1
5342,0,754.61,2,2,170.87,8.62,8,6.81,7.3,90.18,5
3574,1,838.11,4,2,599.05,5.5,10,83.72,2.03,93.94,7
2724,0,796.16,1,2,319.94,62.82,6,15.28,31.1,92.65,4
4521,0,1611.13,2,3,289.96,33.11,4,40.11,14.03,86.54,4
3819,0,726.52,3,3,750.84,30.56,10,30.6,20.01,99.9,8
4073,1,1535.8,3,3,622.19,16.65,9,2.27,24.12,94.93,8
318,1,1628.62,5,4,831.39,28.89,10,60.38,5.19,99.9,10
1059,1,1499.31,2,4,653.16,15.67,10,70.9,12.31,95.07,5
6509,1,627.46,1,2,174.16,49.24,5,5.62,19.93,92.62,2
959,1,2114.0,4,4,820.65,10.6,10,2.54,10.9,99.9,8
1223,0,683.04,1,2,245.15,23.32,4,32.35,15.52,90.57,2
3956,1,1527.93,4,3,547.11,35.09,9,110.45,18.53,93.03,9
1492,0,803.03,1,4,381.95,2.6,7,61.83,41.89,99.46,4
5308,0,550.0,4,4,177.98,52.63,9,52.73,15.3,88.72,4
2326,1,1076.92,1,2,2.04,28.23,4,82.35,8.37,95.4,5
4158,0,1384.6,2,2,246.71,51.13,3,68.81,3.72,88.67,3
1266,0,664.28,2,2,392.33,39.91,9,3.48,10.55,96.26,4
5498,1,1584.13,1,4,191.36,41.2,9,90.55,2.17,95.41,6
653,1,550.0,1,1,688.88,45.47,3,78.23,14.98,91.98,1
185,0,1435.02,1,2,820.63,49.85,4,43.35,0.23,95.63,5
4629,1,763.97,3,3,39.86,10.03,6,6.04,14.95,99.25,5
5402,0,908.8,3,3,917.38,34.59,7,41.25,17.36,95.62,8
1635,0,550.0,1,3,91.68,15.9,9,43.98,8.52,89.22,5
2295,0,637.9,2,2,341.58,3.82,5,24.58,23.91,94.01,6
6624,1,820.88,4,2,116.81,19.75,7,10.35,4.79,97.95,6
27,0,708.19,1,3,139.15,5.39,9,28.68,16.1,91.08,4
78,0,1029.31,4,2,412.54,44.29,6,86.13,22.07,91.83,6
436,1,793.3,1,3,648.22,16.36,8,47.64,11.15,96.1,5
5256,1,853.04,1,1,203.06,31.06,4,110.9,15.72,93.72,3
1402,0,550.0,2,2,773.29,7.32,3,37.24,5.97,90.44,2
925,1,1071.04,4,3,123.81,2.01,9,61.15,10.4,97.61,7
4180,1,1590.37,4,2,935.42,41.33,7,6.28,7.16,94.59,5
4155,0,1077.55,2,4,81.33,8.21,7,7.57,27.18,92.21,7
5590,1,1363.77,2,4,1012.71,4.34,6,34.33,12.04,94.17,4
477,0,550.0,2,4,1188.94,39.14,7,28.98,3.71,94.29,4
2569,0,690.37,1,1,685.37,8.53,5,117.74,22.2,96.37,3
6144,1,581.91,2,1,244.02,60.92,5,16.24,23.95,89.27,2
6316,1,974.78,2,2,754.78,58.37,6,59.2,33.7,98.3,5
4774,0,661.47,2,2,583.96,2.68,8,13.6,13.29,90.67,3
5762,0,550.0,1,4,322.67,22.88,8,50.0,21.17,92.84,5
2045,0,1348.9,1,2,38.59,52.42,5,13.55,26.41,86.99,5
2294,0,1077.59,2,2,427.32,26.13,8,58.12,2.59,99.54,5
6473,0,550.0,1,1,187.73,35.3,5,58.55,42.59,95.5,1
6401,1,1351.01,2,3,466.5,22.02,8,40.52,27.53,94.49,6
3276,0,678.8,2,3,246.18,32.37,8,1.25,12.96,97.36,6
976,1,1405.16,3,3,606.14,35.16,8,42.49,10.49,99.9,6
2248,1,1362.44,3,3,1264.2,14.43,7,92.36,36.86,94.79,8
4075,1,1601.42,1,4,873.92,71.18,5,23.6,44.59,94.61,6
4432,1,949.45,5,3,540.27,10.59,9,1.02,13.61,91.92,5
1142,0,550.0,3,4,323.31,32.52,6,25.8,4.81,86.52,4
989,0,1379.65,2,5,898.24,26.94,9,35.89,14.52,90.27,6
6629,0,1206.48,1,3,693.8,15.44,4,111.5,26.6,85.63,4
5694,0,616.19,2,3,76.39,39.64,6,17.41,16.1,86.37,7
230,1,1199.21,2,2,562.34,66.9,7,59.89,39.01,84.63,6
1699,1,1406.82,1,2,409.31,22.98,8,53.6,28.52,94.09,8
740,0,1314.72,1,2,765.95,59.41,8,7.83,7.51,88.73,4
3002,1,1791.41,1,5,584.62,45.68,7,80.21,11.7,93.87,5
5735,0,550.0,1,2,414.41,20.05,7,117.91,14.0,91.62,2
6044,1,1229.92,3,4,148.67,14.49,8,12.61,9.91,99.9,5
4855,1,1453.47,3,2,797.63,14.66,4,62.96,0.76,92.67,7
5374,1,550.0,5,4,525.05,34.48,7,45.5,21.08,91.35,6
4307,1,1205.61,2,4,642.57,62.46,10,52.11,23.97,90.69,8
3164,0,650.07,2,3,2.2,57.1,6,70.17,32.18,93.66,4
3310,0,559.57,1,3,774.16,23.98,8,111.82,53.25,94.33,5
4924,0,846.7,3,1,519.02,13.62,7,10.97,39.44,99.9,4
279,0,550.0,1,4,258.23,21.5,6,64.94,21.91,94.33,6
5922,0,550.0,1,3,174.71,28.92,5,77.36,26.02,91.29,2
3198,1,1331.4,1,4,554.89,8.65,6,81.42,1.28,98.69,7
3436,1,550.0,1,3,186.01,10.85,7,26.84,5.33,97.8,6
3098,0,1571.91,1,2,151.85,17.47,5,80.12,8.04,93.43,5
6684,1,550.0,1,3,319.65,8.59,8,3.36,14.24,97.18,5
3686,1,1928.68,2,3,301.85,22.35,8,57.05,19.88,99.9,7
2157,0,1396.49,1,3,1043.53,29.86,8,10.68,30.15,96.6,3
3272,0,693.51,1,3,122.93,35.38,5,112.63,11.79,88.96,2
1040,1,1015.29,1,5,1044.76,2.74,10,28.84,11.16,92.58,5
729,1,1806.23,3,1,898.98,22.15,8,35.91,10.91,95.56,8
4172,0,759.25,2,4,814.23,61.26,5,37.33,32.03,99.9,5
4263,1,1120.47,3,4,98.32,25.07,6,7.89,6.38,94.42,6
4977,0,1091.18,1,2,607.0,43.88,6,105.06,28.52,98.7,5
6095,1,1054.36,3,4,187.51,61.83,8,27.29,0.34,91.23,6
2402,0,550.0,2,1,579.7,17.15,6,47.01,11.84,87.58,5
568,1,934.62,3,3,383.98,23.99,10,41.69,32.8,91.7,6
679,0,1676.08,2,2,800.64,15.08,10,1.45,0.51,94.56,7
4865,0,782.82,1,4,741.57,18.11,7,74.09,18.7,92.02,6
1467,1,1029.83,2,4,393.99,49.11,7,46.67,17.87,92.3,4
4321,1,1018.91,2,4,154.35,60.65,4,95.59,35.1,96.77,3
4887,0,852.09,1,3,254.81,50.24,5,38.82,21.31,89.17,3
238,0,830.87,1,3,548.86,34.28,8,50.18,26.37,96.39,7
6496,1,935.16,2,4,462.56,24.47,10,116.64,2.44,88.24,4
2813,1,1083.43,4,4,514.85,36.18,6,20.74,12.59,91.29,6
6713,0,1793.09,3,2,590.12,21.67,8,76.82,19.66,92.89,5
3474,1,1245.36,1,4,727.46,48.94,8,33.55,19.67,99.9,4
4699,1,1519.89,3,3,848.64,20.01,7,58.39,16.04,93.53,5
4107,0,1060.93,2,3,360.62,50.43,9,0.85,4.06,99.32,6
5985,1,959.9,2,4,634.34,17.56,10,48.44,15.64,94.52,5
1058,0,1348.31,1,2,1012.37,10.57,6,74.04,17.16,85.52,3
796,1,550.0,3,3,1023.45,3.96,8,62.71,14.45,87.38,7
4545,0,550.0,1,3,404.19,45.38,3,49.09,15.7,92.05,4
6321,1,1423.13,3,4,1042.69,1.31,10,10.45,4.72,94.22,6
2391,0,1231.75,3,1,471.26,32.8,3,105.9,19.48,84.57,7
4714,0,550.0,1,5,551.48,20.52,6,46.07,22.28,95.35,1
1160,0,1656.84,2,3,433.85,58.15,7,74.15,14.67,98.81,6
6939,1,1078.94,2,3,673.01,28.85,8,62.78,28.5,88.72,5
1109,1,753.57,2,5,111.24,9.15,10,111.44,35.04,99.75,5
2921,0,1941.44,2,4,28.23,39.35,7,3.18,6.73,98.42,3
1457,1,1648.71,3,2,817.04,50.29,7,13.37,10.32,84.28,8
4558,1,550.0,2,4,1018.14,17.88,7,7.94,13.92,96.73,7
913,1,730.35,4,2,414.12,24.48,9,41.57,15.76,97.02,9
1403,0,550.32,2,1,833.79,29.54,3,24.09,9.6,99.9,2
6696,0,550.0,2,2,405.5,48.67,8,29.18,28.92,89.8,8
2709,1,1420.97,3,3,888.93,47.68,9,28.61,9.92,89.75,10
140,0,690.15,2,3,215.54,7.89,5,54.57,29.26,89.36,1
2821,0,898.42,3,2,753.79,30.12,5,56.46,14.5,93.59,5
2,0,774.63,2,1,1114.67,49.1,8,22.59,8.74,99.9,6
5868,0,984.81,3,1,235.71,26.63,6,64.0,9.93,87.05,5
2864,0,554.35,1,3,198.32,31.51,7,80.3,8.17,85.1,4
6083,1,1511.89,4,3,361.83,20.86,8,16.69,12.15,93.86,6
3998,1,948.98,3,4,689.82,27.86,5,29.14,14.91,81.71,5
846,1,671.38,1,5,504.15,17.83,7,35.76,1.22,89.65,6
6688,1,550.0,1,6,792.92,3.64,9,66.89,20.6,89.34,4
6326,1,1376.82,1,4,636.25,44.6,8,43.07,33.36,86.75,6
1636,0,807.07,3,2,776.91,63.34,5,37.86,27.42,90.44,4
2458,0,550.0,3,3,762.56,41.02,7,104.51,43.62,88.6,1
3304,1,1745.5,3,4,140.84,23.53,10,33.1,12.77,97.36,8
709,1,1476.09,3,3,353.2,35.18,9,102.72,10.09,98.86,5
766,1,1054.45,1,4,571.38,43.91,9,93.43,2.13,99.9,7
6657,0,784.56,2,4,1061.5,3.64,9,2.66,5.48,97.77,8
6747,1,1249.13,4,5,441.69,36.24,8,39.16,1.33,89.8,7
4515,0,732.98,2,3,646.2,24.02,3,67.49,32.34,91.8,1
4300,0,973.81,1,3,615.27,25.84,3,95.66,16.67,86.14,5
1508,0,1311.71,3,3,76.43,41.24,3,55.07,17.34,82.0,3
4116,1,1033.26,3,2,466.89,21.06,5,45.72,9.6,89.41,5
628,1,1109.14,2,3,358.51,51.45,8,50.34,52.61,92.33,5
250,1,1016.49,2,3,499.0,17.68,9,68.21,16.87,95.96,7
2169,1,1579.61,4,2,700.44,39.09,6,15.87,9.46,98.55,7
5026,1,1968.15,3,4,457.57,3.32,10,37.7,29.38,94.78,8
4313,1,1185.62,3,4,464.79,1.92,7,45.66,6.46,99.9,9
5686,1,1792.24,2,4,509.35,23.96,10,42.4,3.42,80.58,4
3312,0,577.32,1,3,300.27,29.07,6,48.38,35.42,94.63,2
2152,0,819.25,1,4,433.41,28.49,8,9.19,12.34,90.43,6
3260,1,1758.29,2,2,244.15,22.51,5,35.71,24.88,96.75,7
92,0,1195.55,1,3,445.23,29.9,5,76.24,27.14,94.45,3
2358,1,1033.09,2,2,127.95,2.94,4,16.02,0.04,83.58,3
5059,1,1016.68,3,3,1288.22,29.23,5,58.44,11.7,88.88,5
4585,0,905.01,2,3,937.71,42.12,5,81.71,3.38,99.75,5
4836,0,550.0,1,1,479.64,56.61,6,40.38,20.65,90.28,4
2647,1,849.96,2,3,504.5,46.83,8,13.43,23.31,95.97,5
3409,0,698.31,2,2,98.81,44.86,6,73.66,26.45,99.65,3
2122,1,1010.29,3,3,172.3,32.07,6,26.92,12.07,99.9,6
6015,0,550.0,3,2,382.59,25.47,8,115.79,24.57,93.9,3
1396,0,550.0,2,2,405.75,48.02,6,12.9,19.32,98.28,5
906,1,1443.32,1,4,427.78,20.09,8,1.03,17.88,92.0,5
561,1,635.71,1,5,212.83,44.46,9,109.18,36.72,90.99,7
1652,0,550.0,2,3,93.26,7.27,6,3.29,6.35,99.9,3
6640,0,1459.44,1,4,807.54,23.28,6,23.63,14.21,89.43,5
881,0,1875.44,4,5,663.72,15.84,10,72.2,0.48,83.42,8
4175,0,563.33,1,3,268.21,6.64,9,35.55,7.76,96.47,5
3528,0,550.0,2,2,546.45,27.57,5,45.95,17.76,99.1,3
2339,1,1300.92,2,2,604.27,69.29,5,21.26,5.97,88.84,6
5219,1,1415.04,2,4,644.83,59.21,6,92.49,19.87,95.99,8
5218,0,550.0,3,2,766.08,28.19,5,103.67,34.18,89.49,7
4257,1,1050.81,2,3,864.6,47.92,10,0.17,19.29,89.6,5
2747,0,550.0,3,3,402.61,63.25,5,119.05,37.86,93.91,4
6546,1,1173.08,1,2,796.16,8.1,4,11.68,13.8,99.9,6
5754,0,566.9,3,3,871.89,80.58,6,10.08,2.83,91.08,4
6414,1,550.0,2,5,761.44,34.19,8,3.49,11.6,96.87,3
2597,0,1648.57,1,1,731.02,13.05,7,19.15,15.39,92.84,7
594,0,737.43,1,3,564.54,47.35,8,74.01,12.82,98.03,4
2113,1,1840.83,2,4,409.58,20.31,10,87.57,3.47,93.1,6
998,0,1215.45,2,3,784.93,13.16,8,95.88,5.02,91.98,4
4183,1,1267.34,2,4,487.7,13.3,7,44.7,4.33,92.73,7
1135,1,1308.37,2,5,422.95,3.25,9,66.67,18.92,86.32,7
6908,1,1758.77,5,4,808.22,51.13,7,39.84,5.43,99.9,7
5083,1,1463.04,4,3,33.64,34.74,5,31.27,11.23,97.07,7
6076,0,923.3,1,2,801.72,30.9,3,52.67,48.28,93.07,2
4119,1,550.0,2,4,50.69,14.85,9,13.49,19.44,97.68,8
1333,0,1280.56,1,2,672.56,47.69,4,91.08,9.84,86.83,3
1468,1,1562.16,2,4,732.51,29.29,6,92.86,12.84,92.6,6
4827,0,952.63,3,4,417.99,26.62,7,6.15,2.2,92.29,4
3199,1,1214.53,3,2,1114.58,37.46,8,76.84,16.63,99.36,8
3414,1,808.5,2,3,130.41,30.98,7,63.87,19.49,92.23,8
1585,1,1565.15,1,4,647.98,25.19,10,43.21,14.96,95.46,7
4975,0,792.58,2,2,669.85,42.24,6,9.86,17.6,88.17,5
470,0,1636.48,1,2,284.29,62.06,5,8.38,7.52,95.02,6
6214,1,550.0,2,4,755.2,20.61,7,13.46,0.46,91.51,5
2052,0,838.77,2,4,292.08,7.86,6,129.62,29.37,98.13,7
3891,0,979.48,1,3,224.8,23.15,9,42.91,20.29,93.25,5
2735,1,1619.5,4,4,362.7,27.31,10,40.47,8.74,99.9,10
3906,0,1066.26,2,4,839.44,52.4,10,4.55,13.37,99.9,7
218,0,1034.3,1,3,193.7,21.15,9,24.45,1.56,98.29,5
5126,0,550.0,1,2,383.09,21.53,4,60.41,10.2,96.3,3
2591,0,862.32,4,1,224.59,0.17,6,13.28,38.71,94.91,3
2121,1,990.49,1,4,7.88,31.15,5,30.04,5.1,90.19,5
293,0,694.97,2,3,489.78,66.84,6,48.91,21.78,87.59,2
5761,1,1274.67,2,3,405.73,20.36,7,11.31,15.99,92.43,2
3497,1,1029.78,2,4,344.32,5.79,8,59.03,8.89,89.6,7
3215,0,550.0,2,2,707.67,31.62,7,44.07,7.93,95.83,7
1486,0,838.47,1,2,219.28,55.18,5,58.02,17.35,90.83,2
805,0,1333.9,3,4,978.39,47.77,6,55.63,0.8,93.36,6
2435,0,550.0,1,3,251.84,50.61,6,60.57,9.75,92.34,4
3972,1,1421.49,3,4,1145.54,5.94,10,62.74,3.17,92.67,6
4818,1,1772.17,2,3,479.68,21.26,7,72.16,4.99,87.52,6
5677,0,550.0,1,4,499.04,68.61,7,31.79,22.87,86.13,5
6687,0,659.08,4,4,765.5,16.99,10,84.6,27.11,96.09,9
6767,0,825.43,1,2,452.41,80.57,7,97.62,11.27,87.45,5
479,1,1082.65,3,3,792.37,61.83,7,21.04,1.78,95.36,6
2363,1,1634.15,3,2,345.16,22.1,7,24.2,29.34,95.23,7
905,1,1251.41,3,2,108.84,33.2,7,91.42,21.07,99.9,6
1539,1,550.0,3,5,862.8,28.86,9,68.23,1.65,92.26,7
4697,0,550.0,4,3,26.09,18.53,7,4.82,31.67,99.9,3
4991,0,1069.19,2,3,397.15,1.27,8,26.75,20.25,94.8,6
2095,0,1396.28,1,3,178.94,50.85,9,65.71,26.49,90.96,5
6983,1,1275.98,3,3,299.18,41.23,7,42.59,21.8,90.86,6
2353,0,550.0,3,3,626.23,9.3,4,49.72,26.54,94.21,1
3832,0,1450.45,3,2,624.96,16.79,4,100.82,36.98,96.25,2
4842,0,550.0,1,2,579.54,36.55,4,67.91,27.26,90.61,4
6007,0,550.0,2,3,143.24,27.82,6,47.5,30.97,90.53,5
2207,0,815.38,2,2,640.17,19.55,4,83.49,0.16,91.97,4
6977,1,933.99,1,4,249.17,14.32,7,29.55,15.38,90.38,4
3984,0,829.94,1,2,759.17,27.17,7,25.36,4.59,98.26,6
5802,0,952.05,3,3,986.01,23.79,5,57.24,44.39,82.06,4
6348,0,1127.92,3,2,586.47,28.67,7,4.5,45.03,92.94,7
471,0,550.0,1,3,397.94,10.59,6,19.21,20.16,99.9,2
6429,0,670.81,2,3,777.24,46.45,4,5.82,19.03,90.0,2
2922,1,985.05,2,3,724.3,59.09,6,40.17,16.39,95.04,6
1186,1,790.99,2,2,923.93,23.69,4,67.83,40.17,90.29,3
5038,0,1145.91,3,3,561.14,23.37,6,89.58,34.89,94.33,8
450,1,606.37,3,3,545.39,42.28,9,27.27,11.33,88.85,7
6495,0,690.56,1,1,521.09,57.03,6,9.12,33.15,88.82,5
549,1,872.78,2,3,351.0,29.3,7,25.18,0.53,85.19,4
2867,1,1591.04,3,3,437.0,33.29,9,59.34,4.36,88.13,7
5870,1,1058.63,3,4,595.41,36.07,9,47.33,11.31,91.67,5
5600,1,936.49,2,2,379.33,56.26,7,46.35,22.26,99.9,7
3809,0,550.0,1,4,457.3,45.4,9,8.61,0.83,97.52,4
1870,1,550.0,3,3,431.09,8.16,8,109.32,17.29,99.9,4
4678,1,1325.14,1,4,176.86,51.31,7,5.75,2.39,86.76,7
2346,0,1352.46,2,2,298.55,45.73,7,69.87,19.97,99.18,6
310,0,1455.53,1,3,629.97,26.49,10,63.87,16.17,95.74,2
3418,0,652.25,1,3,683.35,36.47,7,17.09,39.98,86.21,4
5888,1,550.0,4,4,564.45,17.65,10,44.3,14.59,99.9,7
6061,0,562.94,1,3,494.66,64.36,5,99.9,27.81,96.4,4
1023,0,550.0,2,2,671.47,22.13,6,40.23,26.41,91.59,5
2039,1,1133.97,2,2,498.38,12.98,6,16.14,10.42,92.23,5
6607,1,1921.88,2,2,1107.22,50.88,7,104.99,30.66,90.67,9
6974,1,1425.88,3,2,368.68,21.57,7,75.22,9.55,96.73,2
1702,1,1194.4,2,4,145.74,25.85,7,106.45,2.8,96.07,7
5105,0,1653.37,1,3,887.74,15.4,10,79.82,17.81,99.9,7
4146,0,598.47,3,2,971.78,55.41,4,19.39,28.55,95.88,1
2608,1,1140.21,3,4,964.32,11.2,7,40.99,6.79,90.45,5
6800,0,550.0,3,2,528.74,20.07,9,56.82,14.92,96.88,7
4019,0,804.09,3,4,149.62,61.74,8,93.6,23.34,93.91,6
4242,1,860.5,5,3,358.51,43.81,6,24.19,16.15,81.04,7
4601,1,1218.48,2,2,428.84,35.24,8,22.73,3.05,99.9,6
2357,1,550.0,2,3,684.24,8.52,2,24.54,6.81,98.1,3
3511,0,1006.78,1,2,585.0,9.14,3,1.5,11.13,85.72,2
4980,1,550.0,2,3,685.3,56.18,5,42.2,5.59,91.39,5
233,1,1114.36,5,2,505.49,26.67,7,37.75,19.23,99.9,4
3376,0,1391.84,3,3,388.21,58.39,7,3.62,37.51,99.9,5
6734,1,986.1,3,3,412.02,30.1,7,89.26,50.18,94.56,6
1885,1,1303.24,3,2,354.73,44.55,8,43.6,23.53,94.46,5
5022,1,2196.04,3,4,534.15,31.09,6,11.8,20.76,95.04,6
1566,1,550.0,2,1,266.08,25.89,5,86.7,18.05,91.8,4
6946,1,1080.35,2,5,2.96,54.64,9,7.91,25.59,86.79,4
6956,1,820.57,4,3,775.99,35.78,8,43.55,1.43,99.9,9
2146,1,1053.33,3,2,377.9,4.18,8,71.5,18.22,89.41,6
5507,0,841.26,1,3,3.23,26.9,10,99.51,24.79,86.71,4
4230,0,550.0,1,2,1021.63,17.49,5,51.14,14.06,88.45,1
2261,1,1408.84,2,3,451.37,4.96,10,15.97,10.1,91.61,8
4445,0,1277.39,1,3,350.4,66.94,9,26.85,4.53,99.9,5
3825,0,1140.39,1,3,143.04,16.33,6,70.95,4.32,91.62,1
4038,1,883.65,2,2,181.05,69.75,6,53.21,15.06,95.49,1
4561,1,758.47,1,3,233.15,45.77,5,1.05,29.78,89.96,3
2215,0,550.0,1,2,198.3,47.9,5,7.12,21.73,88.88,3
2373,0,760.77,3,3,179.59,8.09,5,32.81,4.34,86.84,5
2249,0,550.0,1,4,490.07,5.95,6,27.34,6.64,91.95,5
2239,1,866.41,2,5,114.21,35.76,9,41.86,8.48,99.9,7
1614,0,550.0,2,2,424.07,43.05,4,16.06,26.29,91.82,2
5604,0,574.52,3,2,414.02,55.0,4,41.84,29.57,90.24,2
4760,1,933.03,2,3,755.42,20.38,8,12.87,9.0,90.85,1
6470,0,1151.06,1,3,702.13,44.28,10,56.91,2.66,87.92,5
1060,1,1417.73,2,4,1065.12,8.17,10,34.59,9.83,99.9,7
1282,0,890.36,2,4,495.31,48.44,9,49.25,8.52,94.99,5
706,0,616.33,1,3,705.33,11.24,5,24.69,29.21,95.34,5
6642,0,1092.1,4,2,671.69,36.74,7,8.79,25.3,99.9,5
5682,1,1555.84,1,3,280.54,43.66,8,42.56,19.35,94.3,4
3655,1,550.0,1,2,716.98,10.94,6,81.96,17.69,87.27,4
6632,0,706.79,1,2,210.71,52.78,8,49.29,19.56,93.92,2
2958,1,1442.57,2,2,305.96,24.7,6,8.56,16.9,88.1,6
6368,1,1209.09,4,5,298.47,36.1,7,66.99,21.57,98.12,5
134,1,1906.63,2,5,308.92,64.06,8,37.18,11.48,89.51,8
243,1,1120.54,3,4,556.24,27.84,10,35.65,15.37,94.9,7
3053,1,1505.34,3,2,584.56,47.24,8,44.81,10.4,93.79,4
4608,0,1173.04,2,3,874.51,1.41,6,71.7,30.62,88.87,7
1825,1,1625.17,3,2,930.29,12.48,10,21.54,18.3,92.79,4
504,1,1352.5,1,5,379.43,27.5,10,44.47,15.01,90.16,8
2509,1,1672.14,1,3,249.43,35.72,8,17.9,23.98,95.06,4
928,1,2235.66,5,3,269.14,11.07,7,23.3,21.4,88.92,6
5647,1,1832.72,1,3,402.74,38.12,10,65.27,4.73,97.51,6
6933,0,834.4,2,3,424.69,13.5,9,11.2,32.79,90.09,4
3840,1,641.69,2,5,771.15,8.62,9,70.01,8.31,98.12,4
5466,1,1860.6,4,4,554.25,45.16,8,41.9,11.43,96.2,10
2133,1,1377.07,2,4,295.86,23.91,9,11.84,27.2,93.79,5
1267,0,550.0,1,2,793.43,35.85,7,41.49,17.35,88.73,1
648,1,2163.35,4,4,929.43,15.63,10,51.36,5.76,92.41,8
3109,0,1706.41,2,4,695.72,33.02,8,33.9,20.86,97.16,7
3228,1,1148.9,2,2,323.78,26.85,6,15.06,0.76,97.51,5
6741,0,669.92,3,2,393.47,73.91,6,117.9,18.77,95.31,4
915,1,1486.85,2,3,117.67,37.0,6,62.93,44.36,91.92,6
3123,0,1335.09,1,2,804.37,46.42,7,137.43,44.11,99.9,7
3250,1,665.08,2,3,342.61,24.14,7,66.85,6.16,93.21,4
314,0,829.58,2,4,384.04,23.32,3,81.71,18.52,94.06,4
3042,0,1774.77,2,1,544.22,7.13,5,85.25,33.74,92.02,2
2376,0,550.0,1,4,859.66,53.61,6,12.94,32.04,94.7,1
5399,1,1246.98,4,3,710.19,20.91,8,39.32,13.98,95.99,7
347,1,1871.3,3,3,449.26,45.89,7,14.39,0.82,85.65,5
851,1,1450.16,2,4,580.83,11.26,6,56.67,21.94,96.24,9
4621,1,1542.26,1,3,991.18,45.74,7,36.64,31.53,89.82,5
3433,0,550.0,3,3,217.22,0.4,5,12.56,0.68,93.2,5
2604,1,889.12,4,3,682.57,20.27,7,12.41,19.68,92.18,7
1456,0,1191.88,1,3,190.24,49.65,2,79.96,19.56,95.06,2
4298,1,1482.32,3,2,596.92,34.22,5,87.19,33.43,95.66,7
17,0,1513.03,2,4,529.1,28.46,9,26.41,19.34,91.63,8
3605,1,794.37,3,3,398.39,15.58,6,40.27,26.83,98.66,5
3760,1,1383.14,3,2,291.71,17.3,7,31.02,7.22,92.83,5
491,0,559.86,3,3,216.52,26.86,8,105.43,26.73,89.37,4
5816,0,550.0,1,4,952.15,51.97,7,14.32,9.84,92.79,6
2526,1,1199.97,1,3,736.36,49.02,8,64.19,0.76,99.12,5
4198,1,822.89,3,2,559.66,44.97,5,111.8,23.55,95.37,6
4620,1,1306.01,2,4,351.62,27.31,6,18.59,14.59,93.56,5
4248,1,988.67,4,4,790.26,29.59,9,96.99,19.07,94.5,6
6695,0,601.22,1,2,217.01,45.49,2,74.43,3.32,91.92,3
6862,1,1778.38,3,3,595.93,61.01,8,133.54,27.59,99.9,5
5104,1,1049.45,2,4,1036.44,59.32,7,63.59,5.22,98.08,7
6380,1,1480.48,1,2,1058.42,9.74,8,21.59,18.03,94.77,5
6432,1,550.0,4,3,290.16,20.37,7,124.49,2.85,97.47,5
6997,0,2218.22,1,4,526.81,11.18,9,15.21,3.96,99.9,5
1357,1,1457.02,3,3,193.61,66.17,6,49.06,15.12,91.6,5
4025,0,1625.02,1,5,195.41,44.81,6,49.96,5.86,88.85,1
2514,1,1207.69,2,4,782.23,56.71,8,51.99,0.17,98.26,4
1532,1,1689.64,4,2,417.65,14.38,8,79.72,33.86,99.77,7
6779,0,550.0,2,2,950.15,6.15,4,25.1,49.44,86.18,4
5954,0,1887.43,2,1,272.29,33.59,8,26.8,5.21,99.9,6
5276,0,1003.91,5,4,489.13,22.46,9,15.56,13.42,97.53,6
752,1,746.19,3,3,175.3,42.92,6,36.92,5.17,97.64,5
4995,0,1113.68,2,3,911.15,7.55,10,74.51,16.44,87.11,8
6532,0,821.78,1,3,782.35,35.37,4,16.02,0.76,94.07,4
885,1,1352.56,4,4,222.97,5.9,8,2.09,11.21,88.0,5
6175,1,1618.91,2,4,94.16,57.82,9,119.01,15.12,91.85,8
4283,1,953.78,2,2,360.56,26.11,5,8.04,28.72,91.76,3
1210,0,1334.77,3,3,438.21,57.07,7,5.48,6.6,95.84,8
3048,1,662.53,2,2,26.01,46.56,8,8.74,19.9,99.9,7
2541,0,1014.24,2,3,812.13,24.35,8,137.59,29.73,99.9,3
6249,1,1249.39,5,3,499.06,15.52,10,75.37,1.36,90.43,8
5471,0,550.0,2,3,104.91,5.1,5,84.89,18.79,95.85,5
2718,0,1060.69,3,2,383.62,65.99,9,24.69,8.8,85.0,3
2379,0,550.0,3,2,658.16,49.06,4,9.54,14.25,91.23,6
5091,0,550.0,3,4,822.35,72.38,7,60.51,8.73,94.15,1
6252,0,602.01,1,3,785.1,76.02,3,24.45,32.25,91.84,2
1659,0,749.4,1,1,294.14,58.3,5,26.75,15.34,89.79,2
5138,0,1134.26,1,2,622.58,28.28,4,84.48,31.81,90.87,5
4428,1,1117.95,2,3,605.64,11.89,9,12.49,4.12,99.9,6
5490,1,550.0,3,3,1080.29,28.46,6,59.29,19.83,91.14,5
6193,0,1087.36,1,1,1052.69,16.0,4,23.27,8.9,87.83,2
3055,0,1226.9,2,4,124.54,46.35,9,64.92,5.67,91.71,7
6889,1,1478.67,3,4,155.35,62.68,8,20.5,1.38,91.03,7
4524,1,1188.88,1,3,364.55,49.22,6,27.53,41.75,86.14,2
2721,1,1432.99,3,3,292.24,3.2,10,42.01,3.46,99.34,7
1017,0,920.51,2,3,582.43,49.18,5,46.04,15.46,94.49,3
3790,0,550.0,1,3,583.93,21.92,7,13.82,38.31,93.73,4
2129,1,1561.19,3,1,471.66,31.38,6,17.27,16.28,99.9,7
4314,0,550.0,1,4,434.72,25.87,10,14.09,6.6,95.8,1
5778,1,1570.07,4,2,573.13,12.88,8,46.77,18.9,91.37,8
1801,0,615.55,1,4,286.22,41.23,7,43.96,11.08,96.66,4
2381,1,988.52,3,4,347.82,21.94,7,0.83,26.95,95.81,7
2143,0,1309.54,2,3,495.97,37.27,10,67.98,7.17,99.9,5
857,0,550.0,2,3,557.19,24.73,6,73.11,10.43,94.89,3
2441,0,964.34,2,4,838.74,13.41,7,10.33,10.05,94.03,8
6533,1,1174.4,4,4,1033.01,30.65,10,2.22,8.94,99.9,6
5681,0,1216.64,1,5,706.24,0.11,10,51.22,49.81,91.66,7
2646,1,1345.29,2,4,1189.16,46.43,10,64.55,24.45,95.33,7
5986,0,901.6,1,3,628.48,25.15,8,19.82,15.34,99.9,6
6099,0,952.41,1,3,253.48,32.81,6,56.46,6.42,92.25,7
3368,0,1329.87,1,2,87.85,23.7,6,47.96,29.66,99.9,6
3562,1,1098.27,3,2,1168.45,2.53,6,71.17,2.44,92.33,6
2105,0,550.0,3,3,593.96,35.67,9,61.09,3.93,98.79,3
5505,0,550.0,2,2,423.66,22.71,5,19.76,13.53,99.9,9
3870,0,550.0,1,2,62.29,23.8,7,77.89,17.86,99.9,2
3014,1,1651.12,1,2,636.95,34.46,6,25.21,0.96,91.49,8
6515,1,1095.53,1,3,347.73,38.92,7,88.28,30.45,92.85,4
1686,1,902.27,3,5,745.2,83.45,9,10.92,20.64,84.19,5
3240,1,1245.13,4,3,169.52,57.22,10,61.1,24.2,95.94,5
5069,1,792.14,2,4,659.69,0.03,7,2.49,5.31,99.9,7
6088,0,550.0,2,2,302.63,48.67,9,78.18,16.27,93.08,2
1066,0,1322.55,3,3,818.06,6.72,10,9.27,1.49,99.9,7
1374,1,831.96,2,4,489.08,21.21,10,9.0,0.19,90.98,7
619,1,1377.9,4,5,758.06,43.93,8,12.29,2.26,88.53,7
5623,1,653.62,3,4,525.86,31.24,6,64.06,36.02,94.19,7
3127,1,613.39,1,4,1089.55,16.23,6,49.28,37.04,99.46,5
3892,0,550.0,1,3,647.11,36.58,7,53.14,6.99,97.86,2
3679,1,550.0,1,1,289.02,32.45,4,67.49,43.93,85.43,1
276,1,1241.4,3,3,663.77,49.7,7,64.95,22.4,99.9,5
3736,0,914.83,1,2,381.4,23.56,8,51.27,13.35,99.13,4
4106,0,550.0,3,3,484.68,36.3,9,33.27,30.04,99.9,5
1414,1,1431.12,1,4,579.17,15.22,10,27.48,8.22,86.57,5
2043,1,586.69,1,4,317.88,27.13,10,96.16,15.46,83.23,7
5279,1,1105.46,3,4,92.44,6.7,8,132.62,18.65,99.9,9
1114,1,1262.26,3,4,393.63,22.68,9,0.51,4.53,99.9,8
0,0,1002.49,1,2,354.22,44.61,8,106.01,26.79,94.32,3
6122,0,795.13,1,3,1110.65,46.56,7,35.57,11.55,92.9,5
4328,0,550.0,1,2,746.69,44.67,3,70.77,19.7,89.93,2
1724,1,1179.73,1,4,467.63,42.83,8,73.36,33.76,84.04,3
4659,1,1316.59,2,4,163.96,20.24,9,15.55,1.67,93.89,8
4506,0,980.17,2,4,609.2,34.9,5,85.98,19.5,85.14,8
1830,0,1555.22,2,3,128.63,67.0,4,91.94,22.83,94.7,4
2649,1,1199.7,3,3,535.35,26.76,6,47.53,7.41,87.63,5
1544,1,1523.56,3,3,665.9,39.7,8,68.25,12.31,90.79,5
5906,0,550.0,1,2,538.87,3.13,3,99.62,14.64,94.05,4
566,1,1687.73,3,3,760.11,22.96,8,44.3,12.25,95.58,3
3593,0,1574.03,1,3,799.67,37.89,6,65.68,26.45,99.9,7
4953,0,965.55,3,3,497.96,9.24,8,35.47,22.46,99.43,4
2338,1,636.25,4,5,571.31,30.16,5,60.34,12.56,87.79,8
5539,1,1390.12,3,6,563.31,24.52,9,20.39,3.17,86.53,6
1751,1,600.38,1,3,104.02,28.65,7,12.59,1.19,93.12,3
5501,1,988.14,4,4,399.18,56.38,7,94.75,17.26,93.68,6
2444,0,550.0,2,2,677.43,48.18,4,80.47,32.35,91.12,2
6922,0,550.0,2,2,105.57,14.14,7,32.92,1.83,91.02,4
5362,0,2181.96,2,2,819.81,9.9,8,13.11,14.64,96.44,7
1156,1,1516.79,5,4,332.84,6.83,10,20.47,10.41,81.89,6
1915,0,550.0,4,2,725.54,65.51,5,65.44,37.69,94.59,2
4489,0,871.97,1,3,585.06,43.3,8,65.52,14.88,91.65,4
1564,0,852.26,2,3,668.19,15.78,7,49.33,33.99,99.9,5
4926,0,574.93,1,2,487.75,37.67,6,113.69,12.02,88.18,2
275,0,1149.13,2,2,727.37,24.04,7,38.34,16.9,94.0,6
3125,0,1494.94,1,2,47.64,41.5,5,92.86,1.89,94.35,3
5573,0,550.0,2,2,363.3,13.84,6,18.33,21.52,87.84,5
4213,0,1384.34,2,1,514.0,56.25,4,57.42,2.02,87.3,3
5379,1,1529.15,5,4,802.42,51.26,7,15.41,19.48,99.63,7
5569,1,550.0,2,3,594.82,25.54,5,71.5,37.09,94.24,6
3305,0,929.41,2,3,669.98,6.89,9,48.78,7.93,98.24,5
3063,1,1294.09,1,3,381.25,76.0,6,12.47,8.76,91.38,1
6187,0,1319.79,3,4,435.17,53.16,7,62.69,7.32,97.15,7
2384,0,550.0,1,2,187.32,39.29,10,33.51,12.31,89.05,6
1894,0,1095.56,1,4,555.43,61.97,10,38.2,11.87,99.9,4
3866,0,607.86,1,1,577.09,39.02,6,4.35,20.57,97.11,4
6986,1,550.0,2,4,892.35,11.89,8,28.18,19.23,96.91,5
6118,0,1280.65,3,4,810.79,59.78,8,66.55,8.5,97.57,10
5692,0,592.53,2,3,756.19,2.77,7,99.13,36.99,93.17,5
3139,0,1162.7,1,3,749.35,30.6,4,44.31,36.35,99.71,5
5921,1,1263.37,3,4,1079.94,17.32,8,24.21,1.51,96.66,6
6809,1,659.36,3,4,221.75,45.75,8,73.51,15.5,96.12,5
532,1,2033.79,3,2,123.13,67.68,9,94.09,29.1,93.92,7
4940,1,586.41,2,3,538.83,50.89,7,9.11,27.44,91.02,4
5503,0,879.8,1,2,429.24,44.64,7,62.15,11.38,99.9,5
1551,0,846.02,2,3,272.41,35.7,4,21.25,21.79,93.5,5
990,0,1140.04,2,1,755.41,71.21,3,78.04,33.23,96.15,5
3727,1,1433.13,2,3,273.31,42.44,6,49.66,36.27,86.05,4
3094,1,1314.1,3,4,1209.42,31.21,6,16.76,12.12,88.17,4
4736,0,845.84,2,3,590.94,40.94,9,40.86,4.84,96.38,6
1348,1,1005.66,2,3,331.58,24.34,6,15.83,19.42,90.7,4
4769,1,1543.39,3,3,520.44,13.03,10,20.86,8.52,97.81,7
3481,0,1028.47,1,2,481.75,4.78,9,27.26,11.69,93.88,5
6334,0,1381.63,2,3,341.09,15.09,7,56.91,7.33,93.93,7
6106,0,760.55,1,1,512.87,21.91,5,51.27,3.51,88.11,2
4965,1,1559.54,4,3,556.99,41.23,8,76.91,16.29,93.74,7
2503,1,550.0,4,3,115.61,55.8,7,62.53,20.59,94.59,7
3007,1,1535.89,3,1,41.47,32.61,7,6.54,0.29,94.7,6
2841,0,1066.43,1,3,578.71,48.55,7,57.38,16.85,86.07,2
6028,0,829.85,2,3,560.84,50.89,5,23.23,25.41,90.44,4
1362,0,797.3,2,4,793.67,27.01,7,0.91,7.66,94.07,8
5011,1,2237.66,1,3,723.54,18.76,8,46.68,0.87,84.33,3
5017,0,550.0,1,3,191.07,44.56,5,88.9,5.28,91.59,2
4862,1,550.0,2,2,843.15,19.1,4,1.9,26.79,94.16,4
4532,0,740.51,1,2,406.72,25.98,5,73.79,8.44,94.6,4
2984,0,550.0,2,1,177.15,66.35,6,43.84,9.31,86.44,1
3334,1,1304.58,4,1,818.42,63.59,4,13.53,15.72,88.03,6
4954,1,1841.53,1,3,880.97,6.79,9,51.95,0.59,86.39,7
1692,1,1239.34,3,5,175.75,36.4,9,50.37,5.85,88.38,5
2374,0,550.0,3,2,239.61,35.65,5,4.34,21.98,98.85,6
1096,1,550.0,3,4,225.35,53.2,7,49.85,43.13,89.21,4
4070,1,1152.37,2,4,1063.58,65.44,10,55.33,14.56,92.53,5
5306,1,1253.25,3,4,765.5,25.12,10,8.98,4.83,97.44,4
411,1,1216.33,4,4,298.63,11.06,10,10.06,13.57,99.9,7
6777,1,930.64,3,4,159.55,25.61,6,15.21,15.19,93.1,7
2413,0,1228.04,1,1,356.58,55.3,4,88.19,14.73,86.9,3
875,1,1466.77,3,3,862.44,56.45,9,12.44,19.77,89.13,6
6018,1,1464.35,3,4,494.9,31.06,8,26.06,16.04,97.92,6
3618,0,1901.93,5,4,674.85,15.8,10,13.78,3.5,94.65,9
705,1,1937.36,4,1,471.75,33.14,8,34.71,1.37,85.37,6
5722,1,1212.45,2,3,702.27,27.09,5,37.03,25.79,96.05,6
5624,0,550.0,2,3,115.41,16.39,5,8.52,28.71,90.12,1
3229,0,1431.8,1,4,487.22,56.36,7,38.63,12.03,94.78,5
591,1,1592.82,2,3,741.86,62.74,6,50.99,0.53,91.67,6
3650,1,2020.96,3,4,231.48,38.15,8,65.23,12.01,93.76,7
292,1,1179.33,3,2,424.35,33.38,10,7.33,33.96,98.96,6
128,0,550.0,2,5,626.78,13.12,6,29.23,3.56,99.9,5
2928,1,645.31,4,4,554.56,39.0,9,26.36,5.85,90.34,7
4123,0,813.84,1,1,1005.25,42.11,4,121.45,3.14,91.49,3
487,0,722.64,2,2,579.73,43.58,9,42.9,14.8,97.78,5
2488,0,1303.74,3,4,119.26,6.59,10,10.86,5.02,88.59,5
186,0,966.05,2,3,366.65,56.62,9,7.85,40.41,93.52,3
5936,1,845.62,2,3,535.27,2.63,6,49.22,9.27,94.01,3
52,0,550.0,1,3,402.81,1.55,5,56.19,25.44,98.3,4
1667,0,1116.97,2,3,327.03,23.06,9,74.35,19.53,99.9,6
3510,1,1676.03,2,5,663.92,35.43,8,76.0,20.49,93.3,7
2271,0,550.0,2,3,407.2,5.16,8,25.47,30.55,93.66,3
272,0,996.4,2,2,462.37,34.75,5,121.06,36.63,83.16,2
6811,0,1063.19,1,4,195.27,6.81,9,80.2,20.55,92.59,4
6172,0,576.38,1,4,935.22,30.12,8,110.8,22.07,99.9,5
2036,1,550.0,2,3,444.28,39.87,5,108.74,32.68,90.04,4
5648,1,1871.96,2,3,210.36,30.99,10,20.9,16.52,95.93,6
858,1,550.0,2,3,353.75,20.73,6,63.28,25.6,93.07,4
3888,1,1405.91,1,4,588.23,6.77,10,17.42,4.54,97.53,9
4658,1,1515.32,2,3,624.82,34.98,10,38.55,29.93,81.18,4
2583,1,715.39,1,3,398.03,59.49,8,57.11,51.46,99.9,3
1933,0,618.1,2,3,698.28,17.55,6,114.43,37.75,99.9,6
3270,1,887.74,2,4,695.28,26.29,6,44.13,14.76,92.32,4
1404,0,842.69,3,4,21.99,32.36,10,28.77,8.95,97.6,8
1757,1,982.14,3,5,719.34,29.47,10,55.67,4.06,98.37,6
2257,0,550.0,1,3,126.98,57.93,5,55.17,5.42,87.98,3
3531,0,712.06,2,3,216.75,49.75,4,20.37,15.73,96.83,2
617,0,550.0,1,3,223.64,23.82,6,40.43,33.79,96.8,5
6623,0,960.58,1,1,272.94,21.26,5,84.02,18.42,94.85,1
5479,1,1192.9,4,5,62.76,36.18,10,70.33,13.26,95.52,7
5525,1,1249.28,2,4,803.57,29.45,10,19.1,5.46,97.86,5
2301,1,760.03,4,5,591.83,0.98,8,57.29,13.43,86.52,4
2011,0,550.0,1,4,704.2,10.5,8,47.86,11.14,86.86,5
320,1,899.53,3,3,328.43,4.05,10,27.81,16.74,93.74,6
254,0,1220.33,1,3,470.58,3.27,5,29.08,28.17,94.51,1
5910,0,1170.14,2,2,757.79,49.75,5,30.19,20.82,92.83,5
1857,1,902.17,2,4,470.33,34.68,8,29.77,31.03,95.08,5
1781,0,550.0,1,2,33.49,59.3,5,77.55,21.33,94.35,4
2635,0,1115.97,2,5,443.06,20.35,7,48.01,28.38,93.12,4
2481,0,999.91,1,3,544.9,33.14,5,121.28,25.28,94.85,4
6406,1,805.25,1,3,394.34,36.98,8,13.26,5.99,99.52,6
4448,0,550.0,2,4,260.87,32.95,6,0.11,8.0,92.97,3
5920,1,1175.55,3,3,561.94,32.26,8,14.61,8.34,95.06,7
6158,0,1193.46,1,3,721.33,24.07,9,1.24,25.98,98.33,8
1458,0,550.0,1,4,319.36,57.92,6,63.32,30.23,83.63,4
583,0,788.46,2,4,552.26,15.75,7,71.52,21.6,96.97,4
343,0,1229.67,1,2,165.76,57.5,6,83.46,16.44,88.68,4
714,0,612.66,2,2,139.13,34.45,6,46.62,33.21,97.28,7
5710,1,1195.25,2,3,443.95,7.66,10,36.08,27.06,94.47,6
3239,0,550.0,2,2,669.64,23.69,3,29.22,11.53,81.09,4
3452,1,1282.32,2,4,752.49,30.3,8,40.62,9.55,93.85,6
6409,0,1001.08,1,3,439.99,33.83,6,19.44,13.77,91.73,5
6690,0,636.04,1,3,150.3,20.56,6,91.23,17.58,99.9,5
3855,1,1228.22,1,2,460.19,46.21,7,35.3,8.46,87.78,6
6893,1,1328.99,2,3,469.5,10.93,9,45.62,1.18,84.24,6
3111,1,560.07,1,5,428.93,25.01,7,53.63,19.48,99.9,3
843,1,1754.22,2,5,635.61,4.6,8,34.31,7.55,90.2,8
6744,0,1085.44,2,3,435.75,27.6,10,30.29,37.94,84.71,7
6865,1,1313.78,1,3,915.09,34.65,3,40.18,22.53,93.14,5
2311,0,1791.91,2,3,552.15,44.82,9,72.22,18.3,98.96,7
4503,0,925.5,2,2,821.07,2.5,7,25.04,17.66,88.6,3
3257,0,853.42,1,2,584.06,34.33,6,9.51,5.22,95.36,3
5188,1,862.9,5,4,238.83,45.43,7,9.53,7.51,99.9,5
4005,0,690.05,1,1,446.66,51.78,6,71.1,26.58,92.91,3
2056,0,550.0,3,3,682.14,23.46,6,59.79,5.61,83.73,2
1716,1,1652.17,2,3,407.83,35.62,7,3.66,8.38,85.21,5
1597,0,837.37,1,4,235.1,51.05,7,53.22,36.03,99.9,3
1322,1,990.0,2,4,804.71,50.74,8,24.61,31.22,94.09,7
3516,1,1293.66,3,3,358.37,0.03,8,12.7,7.88,92.72,7
6412,0,824.72,2,2,202.39,50.74,9,94.81,29.98,83.95,4
2771,1,1878.22,5,5,697.57,4.85,10,62.37,9.44,94.03,8
6680,0,808.03,1,2,401.62,31.34,7,47.0,19.64,98.47,4
6189,1,1592.74,3,3,787.97,4.56,8,19.0,32.65,97.97,7
4122,0,674.53,2,4,281.42,1.4,9,24.47,20.7,98.52,6
6730,1,775.64,1,5,384.8,6.87,7,110.87,28.93,99.9,4
5817,1,1179.23,2,4,850.12,6.87,9,4.76,4.74,99.18,5
3379,1,774.56,3,3,1003.29,44.58,8,0.32,16.49,89.55,8
6399,1,550.0,3,4,257.76,61.99,9,66.89,22.51,99.9,3
4710,0,1429.04,1,4,73.71,29.92,8,12.25,27.45,90.72,7
68,1,1422.5,3,3,610.96,18.95,8,13.98,2.36,99.06,5
6712,0,1173.95,2,4,677.96,4.18,8,54.4,40.07,92.84,4
2700,0,909.16,4,4,707.07,44.32,7,40.09,25.92,83.2,4
6896,0,751.96,2,4,810.74,14.93,8,4.06,21.83,94.71,6
3731,1,1539.17,3,4,447.32,58.9,6,21.72,9.73,91.36,8
5453,1,1400.63,3,5,518.03,11.54,10,33.4,9.87,99.9,7
5773,0,550.0,2,2,1036.21,13.65,6,44.44,18.11,89.43,4
2439,1,1771.08,4,2,554.14,38.15,8,46.36,17.95,96.33,8
3338,0,610.07,1,4,908.56,1.46,6,27.59,4.58,91.76,4
5370,0,550.0,1,4,406.55,29.14,8,70.34,25.46,93.58,5
3119,1,1207.93,1,4,449.39,3.65,8,54.12,16.04,94.95,4
6863,0,1138.83,2,1,790.1,27.72,6,35.17,8.28,93.1,3
6052,0,755.37,2,2,670.05,25.77,5,20.44,1.21,92.07,4
1283,0,576.07,3,2,450.58,17.39,6,82.85,4.34,91.56,5
3442,1,839.18,3,3,39.77,38.71,10,64.93,24.34,97.07,6
4241,1,814.83,3,4,619.33,30.71,8,13.53,12.19,91.23,5
977,1,1399.45,1,3,951.7,33.02,7,50.91,7.19,89.61,4
1951,0,1109.92,3,4,433.56,48.72,7,23.01,32.78,99.7,8
6357,1,1158.05,5,4,389.98,1.71,10,9.35,1.34,95.61,6
6655,1,1081.25,3,4,861.93,12.81,10,55.59,6.1,92.93,8
5055,0,625.65,2,2,685.97,40.4,9,27.11,25.94,96.55,6
5619,0,1830.94,2,1,446.63,2.24,9,0.5,9.03,97.0,6
5781,1,1758.17,1,3,285.33,18.38,9,41.34,3.43,94.16,6
731,0,1450.43,1,2,892.14,25.04,7,2.39,9.53,96.16,5
2688,0,588.25,2,3,253.35,4.08,7,56.31,9.54,90.48,4
321,1,1389.16,2,3,708.77,32.33,7,51.28,16.57,92.41,4
813,1,617.3,3,3,79.43,33.38,7,34.87,11.76,96.39,4
1240,1,1187.73,2,3,162.59,20.07,7,44.67,11.56,95.22,4
4698,1,2295.73,1,3,153.98,16.34,9,53.56,41.12,97.27,6
3836,0,1204.99,1,2,870.73,4.26,10,35.86,2.71,99.86,6
1936,0,550.0,1,2,408.84,33.92,6,66.49,29.53,91.51,3
2936,1,1303.39,1,4,11.32,32.55,8,46.47,21.42,97.04,7
1945,0,662.79,2,2,403.94,65.46,7,36.21,26.34,99.09,6
2164,0,550.0,1,4,326.79,44.7,8,40.8,27.43,94.21,3
2099,0,550.0,2,4,673.32,25.76,8,48.69,15.15,95.85,6
1583,1,1220.62,3,2,634.88,55.9,6,70.15,1.98,91.75,4
4497,0,776.93,1,1,472.79,4.44,4,34.78,17.72,99.9,6
1893,0,873.22,2,3,246.33,34.65,7,12.23,8.43,91.47,6
255,0,648.52,2,4,756.06,64.15,5,23.21,30.69,96.21,4
2009,1,1219.04,3,4,558.18,22.81,7,67.8,24.66,91.1,8
5783,1,1376.84,3,4,527.95,50.51,5,49.04,14.63,96.06,6
439,0,550.0,2,3,418.02,20.34,6,69.13,38.42,87.03,5
4631,1,550.0,4,5,415.03,48.5,7,63.83,5.97,98.82,7
5332,0,1645.47,2,1,911.68,22.7,10,87.0,16.97,99.9,7
6237,1,1205.36,1,3,644.72,15.3,10,68.94,2.1,99.9,7
6475,0,1885.27,1,3,385.69,34.29,7,63.41,29.06,92.97,4
6793,0,550.0,4,3,394.79,37.76,10,31.02,23.0,99.67,5
466,1,550.0,2,3,680.53,21.93,6,85.3,5.24,93.11,4
3981,1,922.04,1,4,252.12,20.59,10,60.1,1.09,92.54,6
3056,0,1398.37,2,2,865.6,28.5,6,30.62,11.06,89.5,3
5325,1,550.0,1,4,849.95,18.98,6,82.6,39.29,99.9,2
5877,0,676.08,3,1,712.62,16.66,4,82.09,14.82,99.9,4
4190,0,1371.91,2,2,906.34,3.62,5,5.79,1.85,86.98,3
6559,0,762.24,2,3,294.87,23.64,8,29.49,2.7,98.69,6
4512,1,1333.37,2,1,521.58,61.39,8,47.0,4.34,92.91,7
6372,0,550.0,1,3,68.17,63.39,4,46.67,3.82,85.23,3
1620,0,1580.25,1,3,388.2,65.62,8,4.15,18.67,92.22,2
5562,0,550.0,1,2,271.0,5.8,3,140.89,16.02,89.82,2
5983,0,550.0,3,4,1008.69,2.44,7,18.18,8.28,93.09,7
6949,1,1031.45,3,5,355.85,25.33,7,44.06,11.57,95.96,3
1889,1,1798.99,2,2,743.83,36.45,5,14.89,2.53,98.09,3
57,0,550.0,2,4,614.11,27.62,9,88.31,25.87,91.95,8
4199,1,1262.48,3,4,243.41,70.45,10,28.05,35.69,92.22,5
5103,1,1110.0,2,3,920.57,10.05,6,35.18,5.96,93.25,7
947,0,1384.13,3,4,423.58,50.77,8,47.63,31.13,93.26,6
4820,1,550.0,2,2,544.57,20.38,6,30.74,24.17,94.31,1
1580,1,1328.23,2,4,782.75,20.34,8,23.34,11.2,89.14,5
2265,0,762.03,1,3,295.05,3.26,3,30.4,31.51,94.82,2
513,0,550.0,1,2,436.97,26.02,6,88.33,12.8,98.78,5
3706,0,761.99,3,1,302.17,15.11,7,11.7,41.65,91.73,4
3921,0,829.55,2,4,467.36,55.87,9,67.09,7.71,99.9,5
603,0,550.0,4,1,651.3,39.67,2,41.28,21.35,86.98,3
2790,1,550.0,3,3,27.0,2.59,6,11.67,2.95,99.9,6
3357,1,1359.74,3,4,515.75,22.8,10,45.27,14.49,92.3,5
703,0,600.31,1,2,142.87,38.31,8,36.76,40.1,93.14,1
1514,1,1366.27,1,3,43.72,46.69,6,28.66,17.51,94.01,4
3941,0,693.49,1,3,558.93,52.08,4,21.29,22.61,92.49,4
1836,0,550.0,3,4,529.33,33.16,6,0.52,3.55,95.95,7
5628,0,798.01,3,2,537.99,39.76,8,44.62,16.81,92.65,4
1371,0,550.0,2,4,704.21,34.23,5,101.12,23.02,99.29,5
5917,1,1528.0,3,4,505.83,17.59,9,58.26,4.84,84.2,6
2854,0,550.0,2,2,84.42,18.1,6,106.41,13.94,95.77,4
4962,0,963.94,2,1,468.17,24.81,8,49.8,11.99,90.25,5
3121,1,1190.85,2,2,1137.73,30.75,7,111.7,22.38,90.98,6
2452,0,680.49,2,2,568.21,24.67,10,71.73,0.43,89.1,5
1493,1,1440.01,2,4,1298.7,30.7,10,76.32,0.68,97.87,8
6570,0,550.0,2,3,69.49,11.04,7,50.96,5.79,89.7,4
1567,0,550.0,1,2,65.14,37.18,4,46.18,13.68,88.29,2
405,1,783.23,3,3,538.66,26.05,9,108.61,34.64,91.01,7
217,0,600.01,1,1,922.82,23.37,8,39.03,4.57,91.45,2
266,0,550.0,4,3,683.43,6.52,10,99.07,31.77,99.9,6
6180,0,595.71,4,1,347.03,35.65,4,85.39,26.09,85.8,2
6731,1,666.65,2,4,110.8,4.65,8,12.1,4.85,94.21,3
2720,0,742.88,4,2,167.55,8.13,8,59.97,6.93,93.73,7
3342,0,570.62,3,3,215.78,46.15,7,39.43,36.54,94.45,6
2840,0,1001.8,2,4,904.57,23.34,8,58.05,4.44,92.17,6
3911,1,964.97,2,3,392.99,33.85,7,9.51,8.0,98.53,5
3652,0,1161.07,1,1,534.56,19.26,6,50.38,20.06,93.11,6
1241,1,1152.94,3,2,188.76,15.84,8,54.0,19.73,95.2,5
94,0,922.14,2,2,498.24,36.83,4,50.06,18.08,88.56,6
3177,1,1400.76,1,3,535.98,7.13,7,19.01,8.13,95.93,4
5884,1,802.63,3,4,973.78,34.81,5,84.2,8.99,87.28,4
2387,1,1329.39,2,4,14.21,18.95,5,54.14,33.12,97.14,5
4413,1,1407.32,5,4,468.12,61.82,10,8.08,17.28,98.55,9
3246,1,723.46,2,3,593.17,53.44,10,2.82,26.92,99.9,7
4235,1,1188.75,2,4,463.68,29.64,4,121.67,30.45,93.7,4
1965,0,909.57,2,3,695.96,9.5,9,108.59,38.79,99.46,6
5790,1,1211.64,2,3,669.46,60.6,8,12.98,7.23,92.55,8
6804,0,1158.16,1,5,492.4,2.27,7,12.81,3.32,96.4,6
6808,1,1055.67,2,4,445.05,31.25,7,29.45,26.04,94.24,4
6761,1,1280.95,3,5,824.24,49.04,10,6.26,14.41,93.46,10
5283,0,550.0,1,1,447.6,36.97,4,101.9,9.7,97.67,4
4934,0,1244.05,1,3,474.75,23.75,6,50.35,10.24,90.92,4
6239,0,609.19,2,3,614.34,56.53,7,28.21,13.23,99.9,7
2013,1,944.88,2,3,766.44,34.71,7,48.98,6.17,97.97,4
1103,1,632.87,1,3,366.7,40.08,4,10.57,39.98,86.55,2
3827,0,550.0,3,1,641.79,62.0,4,72.1,7.59,88.96,4
492,1,1856.98,3,3,175.51,33.9,9,14.21,26.06,93.76,7
216,1,550.0,2,4,374.41,25.36,8,71.2,8.27,93.87,5
2799,1,696.5,3,2,681.04,32.57,5,32.07,9.61,88.69,5
745,0,1452.7,2,3,58.99,40.47,9,34.31,15.61,95.98,8
86,1,1391.17,1,4,494.7,40.47,6,33.02,4.93,99.9,5
1110,1,2161.12,4,2,169.74,31.7,8,84.31,17.59,98.35,8
6891,1,1789.95,2,2,474.51,41.5,9,1.93,15.04,99.9,6
431,1,996.16,2,2,368.3,35.72,5,27.83,12.22,87.55,3
6658,1,1567.18,1,2,1056.24,7.67,5,34.74,22.53,97.04,6
1947,1,2076.37,3,4,14.98,27.11,7,67.45,1.32,92.52,7
5356,0,550.0,1,5,493.72,27.39,7,50.55,26.47,96.11,7
5297,1,550.0,1,4,440.12,6.82,6,30.35,40.53,93.92,9
4050,0,550.0,1,3,272.3,27.42,4,7.61,9.93,92.87,4
204,1,1331.18,2,3,88.42,3.0,8,33.76,9.35,89.09,6
1981,0,1191.59,2,3,324.28,45.84,6,1.26,31.09,99.9,5
5903,1,1016.53,2,3,479.81,39.09,5,10.09,17.14,96.61,10
6011,1,775.73,2,3,549.76,50.83,7,45.68,6.55,94.19,5
1359,0,550.0,1,4,585.06,3.85,10,30.59,17.19,99.66,5
4465,0,1454.19,2,4,599.84,51.1,7,101.47,7.77,95.25,3
6740,1,2046.61,2,2,499.5,24.77,9,35.69,11.67,96.04,4
2618,0,1005.51,2,2,472.01,3.25,6,16.04,13.84,94.43,4
6881,0,550.0,1,2,714.45,39.13,5,55.85,2.86,92.87,2
2403,1,1001.99,1,2,330.1,46.19,9,51.02,35.5,92.81,5
3315,0,790.7,4,2,498.91,38.64,4,86.05,41.41,93.65,5
6503,1,1016.18,4,2,784.06,37.43,3,41.03,2.22,97.25,3
4149,1,1637.19,1,4,618.26,4.91,10,15.44,5.46,99.41,7
4513,0,1763.24,1,3,784.76,52.44,8,47.46,8.37,96.14,7
5271,0,714.02,1,3,561.66,21.2,9,29.9,17.14,99.9,4
427,1,1625.2,1,2,30.27,13.9,7,36.28,5.04,89.2,6
5865,0,550.0,2,2,422.08,16.03,4,16.56,17.68,89.23,2
4783,1,995.2,3,3,815.1,21.2,10,36.0,14.4,94.9,7
3331,0,1751.95,2,3,662.06,22.74,9,7.4,0.11,91.6,8
3696,0,984.45,2,2,674.07,26.24,9,55.07,7.91,96.3,4
2001,0,1129.07,1,3,198.33,63.29,7,72.44,29.09,88.08,1
5405,0,1078.68,1,3,318.63,46.54,6,46.9,14.24,91.13,4
1540,1,2122.29,3,5,509.52,24.01,10,24.74,3.67,90.29,7
4476,0,550.0,3,4,720.95,35.34,10,45.91,10.92,99.9,8
4209,1,1225.4,3,3,740.54,30.86,8,9.14,12.36,97.07,5
3416,1,1196.2,1,4,136.35,31.07,10,15.11,11.92,99.9,8
3869,0,1109.35,1,2,763.77,21.42,7,0.79,6.07,99.22,8
3560,0,1279.97,1,4,222.69,39.89,8,10.44,6.85,91.81,6
5225,0,1084.8,1,2,991.96,35.06,6,9.49,22.72,88.64,3
4919,0,652.12,3,3,558.57,13.08,7,21.08,16.96,92.63,4
4496,0,550.0,1,4,615.37,53.65,8,57.29,47.7,92.17,6
3020,1,720.33,2,4,550.78,25.88,8,26.14,0.83,95.38,4
2252,1,1003.08,3,3,553.67,38.64,7,100.78,20.91,96.32,6
1695,1,645.07,2,3,910.19,15.49,8,20.42,25.89,93.21,8
4704,0,1795.33,1,2,644.33,55.56,7,79.78,33.87,92.93,5
5554,1,1729.0,4,4,976.73,45.88,5,11.96,6.0,99.9,9
5588,0,550.0,2,2,946.35,30.7,7,0.16,33.0,99.9,6
2077,0,793.69,2,3,446.42,34.47,10,47.08,5.14,94.54,7
6962,1,1836.82,2,2,65.31,1.41,7,87.98,41.74,95.37,5
1212,0,1081.06,2,2,430.23,33.84,6,25.42,3.16,93.42,6
1925,1,1026.67,3,4,273.07,53.39,6,2.55,26.14,95.46,6
6967,1,2192.52,1,3,172.13,23.18,10,8.54,12.91,99.9,6
6059,1,1522.63,4,5,420.15,15.76,9,1.28,6.4,94.0,5
4494,0,808.87,2,2,4.56,57.33,7,35.23,31.87,99.9,6
3543,1,1064.72,3,4,444.14,54.88,7,9.04,37.17,99.9,5
5815,1,1808.55,3,3,554.65,25.62,7,41.44,18.78,87.51,3
239,1,1138.02,2,3,624.6,28.96,6,70.5,12.2,90.6,4
5249,0,934.57,3,1,346.34,79.29,8,45.2,2.14,84.45,4
4895,1,993.55,2,4,449.7,49.19,8,22.9,13.54,97.35,5
5465,1,550.0,3,5,75.42,22.53,10,56.14,34.72,93.29,5
5221,1,803.24,3,3,396.68,61.57,6,28.35,40.36,95.33,4
2952,1,1197.9,3,3,617.49,41.0,3,93.99,31.18,92.84,7
6527,0,610.36,4,1,932.39,9.75,5,114.67,9.57,81.73,3
4072,1,1689.2,3,3,740.25,14.54,10,49.5,4.98,93.31,10
5943,0,583.35,1,2,537.69,52.92,6,28.93,29.88,97.11,6
127,1,1526.53,2,6,1276.59,13.63,8,71.51,2.5,90.55,8
3527,1,1732.87,2,3,397.48,58.97,8,5.7,18.48,89.32,5
4113,0,1464.65,2,4,243.16,31.63,8,43.22,8.04,90.85,4
2865,0,550.0,3,4,529.51,19.67,7,41.96,18.37,94.63,6
1020,0,611.72,2,4,77.18,39.03,10,25.5,17.74,95.13,6
1021,0,1428.71,2,3,959.21,22.77,10,19.33,8.89,99.9,8
6538,0,792.58,1,4,809.23,39.59,5,14.98,2.07,99.9,4
3841,0,550.0,1,2,289.13,63.59,5,18.13,29.97,85.3,3
5556,0,796.53,1,4,591.0,59.31,7,33.72,39.29,99.9,7
902,1,915.61,2,3,350.37,12.01,9,48.52,25.06,98.64,2
4720,1,1261.69,2,3,440.8,11.54,8,7.6,8.31,98.66,7
2392,0,843.66,3,3,421.13,26.26,9,77.15,37.4,93.71,4
2029,1,1291.47,1,3,259.1,19.63,8,64.39,4.13,97.63,9
4522,1,1065.64,2,3,398.25,21.77,7,43.63,3.27,90.97,3
2172,1,1300.82,3,3,233.65,46.48,9,2.06,38.5,99.05,5
3259,1,1761.86,3,3,139.96,4.39,10,27.3,3.74,90.15,8
3698,1,1318.75,5,3,1087.95,10.35,8,80.64,23.86,93.67,4
569,1,1520.66,1,2,390.41,23.12,6,79.46,18.0,99.9,4
5878,1,1452.3,3,3,433.51,45.29,6,46.3,12.0,89.47,6
4401,0,822.85,2,3,522.2,10.27,8,27.43,19.42,96.58,6
1119,0,677.25,2,2,808.46,25.86,5,17.78,32.28,99.9,1
1573,1,1175.26,2,3,60.38,6.64,8,8.5,4.04,99.9,5
696,1,1740.34,2,4,831.82,19.57,6,60.25,9.19,99.9,8
673,0,1421.32,3,3,1235.6,6.16,8,23.76,9.46,91.38,5
2885,1,970.38,3,3,240.92,24.6,7,87.23,16.58,91.83,7
5390,0,672.15,1,3,570.18,50.53,7,9.54,23.8,94.41,6
5053,0,1179.48,3,3,452.14,14.4,7,39.99,10.63,96.69,6
4385,0,587.12,2,2,786.47,24.81,4,41.03,25.54,92.74,3
3289,0,970.23,2,1,151.53,24.83,3,16.5,5.09,88.94,5
4579,0,1377.31,3,3,505.29,3.31,7,36.77,3.27,96.75,6
4666,1,1346.49,2,3,458.14,23.97,10,23.66,12.38,93.63,6
1068,0,1807.95,3,3,497.24,35.32,10,91.15,23.01,99.9,7
5898,0,550.0,2,2,196.84,12.43,4,27.22,26.31,92.29,1
2464,0,1492.61,2,3,544.93,25.74,7,57.18,21.06,94.44,4
2856,1,1496.53,1,5,249.92,17.41,7,12.95,28.46,87.78,6
2783,1,1176.33,3,1,574.0,6.05,6,12.52,13.88,87.44,6
6056,0,550.0,2,2,853.26,31.21,9,30.6,29.66,99.9,4
6718,1,989.91,2,3,596.22,13.46,5,20.72,4.86,99.9,2
3615,0,964.6,2,3,473.7,41.38,6,99.94,6.86,92.08,7
3523,0,1252.72,1,2,129.72,32.21,6,45.15,5.18,93.47,5
6169,1,1088.9,2,3,773.6,35.46,5,6.31,22.58,88.79,8
4200,0,1722.27,1,3,182.64,10.11,10,64.29,19.77,96.03,5
1589,0,1019.29,3,1,213.36,46.16,6,44.75,44.77,96.64,5
2696,0,635.14,1,2,348.47,34.49,8,4.91,23.88,96.15,6
3209,1,885.92,2,3,528.28,38.86,7,35.15,25.29,90.66,6
5914,1,710.61,1,4,682.14,25.3,8,5.36,16.28,94.27,5
356,0,1401.71,1,2,497.84,69.09,6,49.18,3.12,95.93,5
5173,0,1258.89,2,3,756.43,37.47,8,10.92,2.42,99.9,5
3799,1,774.44,2,3,947.55,66.5,8,48.69,0.44,97.63,4
3181,1,1134.91,2,4,395.58,66.85,6,136.14,9.65,97.29,5
1696,1,993.33,3,4,16.87,13.15,7,18.18,3.19,93.59,4
2456,0,950.3,2,3,668.11,5.14,4,103.62,15.61,97.38,3
3812,0,1697.87,1,3,722.04,11.27,9,69.99,13.27,94.83,8
2432,1,1533.97,4,4,521.74,30.03,10,74.67,23.38,94.29,6
4596,1,1858.88,2,1,126.44,54.62,6,5.3,13.29,88.1,4
5056,0,917.22,1,2,824.55,43.24,3,9.91,20.32,95.64,4
4253,0,1030.3,2,3,248.55,28.43,5,50.32,1.85,98.05,1
1593,1,1578.44,3,2,331.71,22.33,9,13.24,14.24,98.64,5
712,1,1264.37,2,4,232.61,45.01,9,38.16,24.14,94.13,6
891,0,787.7,2,2,62.85,53.83,8,48.54,21.69,90.61,4
671,0,1231.41,1,3,247.54,69.66,5,26.01,13.0,89.13,6
4907,1,731.37,3,5,356.93,32.57,6,30.85,20.15,88.54,4
1472,1,550.0,2,4,831.02,49.5,6,76.26,17.93,92.82,7
3651,0,1457.4,2,4,632.63,6.85,7,45.37,26.11,98.26,5
5995,0,725.08,1,3,489.23,35.79,8,29.16,37.23,98.24,4
5199,0,1286.47,2,2,341.25,42.57,5,43.89,9.41,95.35,5
5508,1,550.0,1,3,826.02,37.92,5,96.83,8.08,96.82,4
1898,0,550.0,1,5,757.75,24.83,8,74.56,12.18,96.38,5
4889,0,1661.48,3,3,646.2,19.3,9,57.83,6.86,91.56,3
2310,0,662.87,1,3,193.62,61.7,7,94.33,36.19,96.87,5
5523,1,1159.38,3,4,366.84,44.69,8,36.82,6.4,99.44,6
1826,0,1572.19,1,3,278.54,37.99,7,90.82,26.71,99.9,5
5779,1,1370.88,5,4,970.89,28.58,9,30.69,2.84,90.59,4
6630,1,1825.36,4,3,743.7,21.25,7,53.53,6.74,92.37,4
2293,1,816.3,2,3,377.18,41.32,7,32.95,15.15,90.71,6
1627,1,690.37,4,2,694.65,10.43,9,36.69,6.95,97.07,9
6350,0,772.67,2,3,618.4,41.31,7,56.2,4.63,92.9,5
3767,1,1735.68,2,2,463.03,39.44,5,32.12,6.71,89.14,5
4917,1,766.24,4,5,80.41,59.51,8,66.22,20.85,90.71,7
4111,1,550.0,2,2,543.23,18.71,4,96.14,19.52,92.18,1
6514,0,550.0,1,3,394.66,0.76,5,78.51,15.41,92.5,4
6845,0,1205.53,1,3,351.27,66.61,9,31.8,8.05,97.61,5
2469,0,632.84,1,4,676.1,35.64,8,19.53,20.04,92.7,4
3623,1,1214.95,2,2,140.66,32.71,6,114.49,20.69,88.7,3
135,1,550.0,3,1,290.28,17.7,5,5.79,16.49,89.02,4
1190,0,749.05,2,1,549.21,32.97,4,37.82,39.85,90.36,5
2211,0,550.0,2,3,140.94,24.9,8,31.11,24.4,95.55,5
5045,0,875.26,2,2,557.67,16.5,7,65.41,4.36,96.5,3
997,0,1074.68,1,2,100.3,38.25,5,19.45,14.82,85.62,5
5080,1,715.39,3,5,808.25,28.35,7,26.83,32.18,93.37,10
5510,1,858.35,1,4,116.84,47.3,7,15.32,20.47,83.79,4
298,0,630.11,2,3,470.22,0.39,8,27.9,2.76,92.16,5
1127,0,550.0,1,4,272.49,13.99,5,133.32,43.51,96.64,2
1518,0,995.09,1,3,106.72,0.57,8,53.69,10.07,93.47,7
4520,1,1198.87,2,3,386.34,18.69,7,94.37,17.13,95.84,6
5361,1,1307.56,2,4,539.92,53.27,9,3.67,0.44,99.9,6
1899,1,550.0,1,4,1036.89,50.91,7,39.87,14.83,86.54,6
5691,0,890.61,2,4,259.78,33.65,10,29.02,4.19,95.7,8
6449,1,1813.67,2,3,575.13,10.48,6,12.44,9.59,80.5,7
1330,0,1164.17,3,1,353.24,51.56,6,52.9,12.84,89.68,3
4159,0,810.68,1,2,620.52,7.27,4,11.71,20.82,86.66,1
2963,1,1545.13,4,4,163.93,55.25,9,24.35,25.07,98.78,10
2472,0,1055.65,2,1,592.62,10.01,7,33.73,28.99,96.72,3
1111,0,550.0,2,3,466.2,56.43,6,2.75,28.01,94.81,3
637,0,816.16,2,2,576.84,1.27,6,61.14,24.52,92.5,4
3134,1,1558.28,2,4,1044.53,8.58,10,27.23,4.62,87.25,7
3496,0,1205.99,1,1,507.84,9.83,7,29.47,6.05,92.38,4
6758,1,1571.7,5,4,424.93,42.11,6,31.72,3.17,99.9,7
6468,0,1289.57,2,1,575.73,50.43,3,85.11,22.33,96.03,6
6445,0,926.04,1,1,750.91,22.59,7,32.98,38.54,97.41,3
1145,1,890.03,3,3,620.5,50.83,10,82.1,33.8,94.72,6
4923,0,550.0,2,1,205.89,22.5,5,51.13,18.35,92.24,1
4430,1,1696.32,1,5,528.83,35.16,10,21.82,21.29,97.16,9
2699,1,1410.81,2,2,373.51,7.18,8,63.51,0.19,94.5,6
4405,1,1229.94,2,2,355.61,27.38,10,72.59,22.76,99.9,8
778,1,1392.98,3,5,540.6,45.52,10,137.73,6.56,94.08,9
986,0,863.07,2,2,589.11,27.63,5,13.01,40.23,99.87,3
1332,1,1539.94,3,3,252.26,38.41,7,31.34,39.67,95.55,7
125,0,1032.08,1,2,530.8,21.44,5,4.13,14.57,94.57,1
5043,0,550.0,2,3,838.18,24.59,6,37.01,35.16,93.77,4
682,1,1371.48,4,4,141.89,40.93,9,6.91,11.87,90.21,6
3274,1,651.47,2,4,514.8,71.64,9,4.57,5.9,97.11,4
4080,1,1252.11,4,3,778.61,16.8,8,20.76,37.13,95.04,6
2371,1,1372.23,2,3,512.42,33.14,8,3.61,28.02,93.35,9
6466,0,579.98,1,3,540.09,18.15,4,6.39,14.08,94.43,2
244,1,1529.95,4,3,182.81,41.32,6,21.28,16.32,92.75,9
467,1,1124.19,2,3,439.41,14.72,9,54.96,23.52,97.86,6
2689,0,1233.61,1,3,871.0,28.97,7,60.94,40.73,94.55,3
188,0,588.65,4,3,577.26,24.47,7,53.95,12.29,87.31,5
5298,1,607.23,3,4,468.05,52.82,7,21.4,5.78,93.91,3
3075,1,1405.06,2,2,558.62,56.05,5,103.47,33.41,91.94,6
1152,1,550.0,1,1,542.42,20.15,3,64.23,10.99,99.46,1
6810,0,934.05,2,2,243.86,11.23,10,4.54,12.1,96.37,3
1415,1,818.85,1,3,123.91,32.19,9,12.11,14.68,95.16,8
2679,1,696.62,1,3,675.25,40.39,5,3.5,17.66,97.48,4
2941,0,1161.75,1,4,927.64,16.95,10,101.8,8.48,89.06,5
6803,0,749.09,3,3,1150.48,27.69,10,20.16,2.83,98.23,6
2901,1,1044.36,1,4,604.53,44.41,7,37.46,9.71,91.29,4
5930,1,1150.38,2,3,325.06,12.04,9,90.38,14.51,89.11,5
6166,0,1494.7,1,3,961.7,48.69,7,14.67,7.97,98.38,7
584,1,1199.68,1,3,409.66,22.86,6,19.19,29.88,94.42,6
3488,0,758.47,1,3,245.91,0.37,8,41.65,13.94,87.99,2
4832,1,1242.35,3,3,496.93,60.9,8,38.75,2.64,86.42,4
4464,1,1415.76,2,4,880.55,7.43,9,117.42,15.96,96.15,5
4949,0,721.96,4,2,745.87,46.48,6,67.08,3.96,92.85,5
2214,0,981.93,1,2,606.82,44.51,7,59.57,30.89,98.1,4
6969,0,629.66,1,1,157.02,14.66,5,25.49,27.6,93.1,2
4578,0,1027.78,3,4,633.18,50.39,7,13.77,25.42,88.62,8
1725,0,2093.21,1,2,214.02,64.46,8,2.41,25.64,92.01,4
2322,0,1063.59,2,2,881.56,49.17,5,62.61,16.56,88.84,6
4534,1,1382.61,2,4,174.11,54.63,6,38.99,0.36,98.84,9
6560,1,1498.97,2,3,654.91,33.71,8,41.69,38.04,99.9,4
5018,1,550.0,3,2,867.97,9.4,8,49.19,23.82,90.08,5
4285,0,1139.69,2,3,503.87,49.83,8,81.33,20.79,87.84,3
3459,0,933.56,2,2,825.34,27.18,3,114.33,34.12,93.2,1
2417,1,1292.19,2,4,188.66,11.02,6,0.28,16.09,90.6,7
87,1,939.61,1,4,419.2,10.14,9,62.77,2.35,82.76,3
1788,0,554.01,1,4,105.83,32.7,7,105.32,8.68,91.7,4
303,0,550.0,1,3,239.34,50.25,6,22.23,34.43,91.25,1
4246,0,550.0,2,2,33.57,36.28,5,85.2,15.28,89.68,3
4849,0,1410.37,2,2,380.29,34.45,7,48.3,9.75,91.03,7
2631,1,998.35,1,2,633.07,6.78,6,57.18,32.4,89.86,6
6689,1,780.97,2,2,703.17,39.25,7,36.12,16.38,92.19,3
5703,0,550.0,2,1,556.49,43.09,4,17.22,16.29,91.88,1
4287,1,1376.55,2,3,338.93,56.19,5,42.76,15.96,87.29,6
1422,1,839.48,2,4,279.98,19.65,6,96.64,48.28,89.24,5
6581,1,2241.44,1,2,923.45,32.68,7,40.78,20.56,85.36,4
280,1,980.86,2,4,717.95,31.73,6,14.69,23.59,93.12,3
1928,0,661.34,2,3,652.11,44.51,6,10.59,3.48,89.48,4
6289,0,695.79,1,2,617.46,61.68,6,119.71,29.83,86.36,5
3045,1,779.4,1,5,416.12,40.4,6,81.69,21.52,86.53,3
3024,0,550.0,2,3,335.59,52.64,4,4.61,4.15,88.68,3
4731,1,1632.39,1,3,302.13,56.08,5,48.25,6.6,92.76,5
676,1,882.39,3,5,694.16,23.84,10,7.0,12.56,99.22,7
5206,1,1540.63,2,4,139.27,7.57,9,47.18,11.74,94.81,7
421,0,550.0,2,2,541.91,39.57,7,67.49,17.34,96.69,4
5679,1,1501.57,2,3,676.33,14.76,8,0.01,11.83,90.66,9
1914,0,701.27,1,3,118.84,40.07,7,112.47,29.39,96.42,8
1308,0,550.0,1,3,552.97,34.33,4,108.02,20.75,89.01,1
548,0,901.73,1,4,110.39,33.46,6,88.29,2.77,91.8,5
3859,0,757.1,1,1,427.77,48.71,4,86.65,21.27,91.54,4
6583,0,700.49,1,1,596.34,40.61,2,53.29,1.6,94.11,2
1980,1,1055.34,2,3,671.96,24.08,6,79.67,25.55,95.6,3
980,0,550.0,2,3,609.16,16.42,6,98.03,21.73,99.9,5
5937,1,550.0,2,2,63.74,20.59,3,3.03,38.51,83.24,1
2238,1,1250.06,2,2,536.38,17.66,5,99.15,18.13,89.97,4
3191,0,940.02,2,2,595.3,17.77,5,16.67,9.26,99.9,2
5385,1,1963.55,3,3,733.72,48.31,8,11.72,6.11,91.67,6
4129,0,775.12,2,2,456.11,39.3,4,16.86,0.89,91.51,4
6243,0,987.69,3,2,317.43,8.22,5,117.41,18.55,90.96,4
3435,1,1898.58,2,2,666.38,63.09,9,3.51,17.52,93.81,5
4909,0,550.0,1,3,1125.5,16.1,7,61.05,29.19,92.54,5
2328,1,1770.71,3,3,433.66,20.92,9,7.51,14.28,92.5,5
6225,0,1032.2,1,4,582.38,1.39,7,26.32,25.94,87.22,5
2369,0,1078.54,2,4,674.21,35.41,10,17.15,3.12,96.55,6
6224,1,667.46,3,3,631.97,28.73,10,78.37,39.9,94.27,3
1317,1,1459.79,4,2,804.58,7.1,5,49.96,13.46,99.9,4
4784,1,1445.21,3,4,107.18,58.13,10,2.75,16.01,86.09,6
4343,1,1823.78,3,3,536.54,26.43,6,65.8,18.41,92.69,5
3076,0,790.34,1,1,196.86,7.03,8,42.96,0.54,94.26,5
4922,0,1488.04,3,1,707.73,22.05,7,111.86,15.9,97.59,4
3068,1,1218.44,2,3,600.08,19.22,7,52.46,36.65,96.75,7
18,1,660.82,4,5,347.39,5.77,7,2.58,23.43,99.9,6
5339,1,1439.93,1,4,1028.95,16.1,10,69.09,15.88,87.17,6
5169,1,1124.58,2,3,97.71,41.92,6,14.04,17.58,90.11,5
2559,1,1835.22,1,4,110.04,9.53,10,9.0,10.15,91.18,8
2196,0,569.55,2,3,705.66,31.13,4,83.09,29.8,95.16,2
884,0,1228.38,3,3,507.16,27.96,5,44.5,1.51,97.53,4
2174,0,777.85,2,3,431.85,37.36,6,41.82,36.63,92.55,6
4026,1,1093.65,3,3,428.73,50.52,8,14.1,11.85,90.65,9
5016,1,912.66,3,4,888.72,13.39,8,50.58,18.85,97.31,7
6421,1,789.19,4,4,718.26,37.2,8,56.55,19.7,94.27,7
6272,1,1638.78,1,3,893.49,36.03,10,66.96,27.04,97.81,4
4278,0,1092.84,3,3,972.76,25.6,6,42.65,28.11,90.72,4
1499,0,1034.82,2,4,782.79,21.05,9,17.64,42.63,97.55,7
616,0,584.62,1,3,76.98,8.62,5,28.67,29.77,90.09,3
6233,1,1036.98,2,3,384.5,30.83,7,14.04,15.19,92.71,5
5861,1,663.24,3,2,181.82,33.49,6,19.88,2.18,92.35,5
5111,0,1693.45,2,4,114.03,46.83,6,56.88,1.49,93.25,5
3168,1,1625.08,3,5,623.39,11.46,9,7.99,22.92,91.71,6
2114,0,964.35,1,1,1090.06,35.08,7,95.65,6.39,85.3,5
5829,1,1037.88,4,5,1080.55,34.81,10,93.84,2.39,96.31,8
2993,1,661.11,3,4,400.51,44.34,8,13.16,13.2,92.13,4
1393,0,1317.8,1,3,790.22,32.45,4,39.41,17.38,99.9,5
1045,0,876.01,4,4,255.08,7.12,8,59.58,1.6,99.9,8
4723,0,757.98,1,3,76.09,17.33,4,41.07,0.54,98.61,4
1029,0,550.0,1,2,64.6,6.1,5,96.69,9.12,87.96,2
6487,1,1653.2,4,3,853.9,39.52,9,74.53,21.29,99.9,7
2003,0,550.0,1,3,729.37,30.49,4,4.8,5.86,88.01,4
3681,0,553.63,2,2,417.33,12.56,5,58.29,18.55,94.26,1
1123,0,550.0,2,2,685.98,24.34,9,68.13,7.31,97.33,4
751,1,1820.84,3,4,561.21,29.79,8,59.5,9.1,90.38,5
483,0,788.01,1,3,82.89,31.81,6,6.21,7.54,96.0,2
4888,1,1392.8,1,3,483.84,33.74,7,94.44,35.72,99.9,5
3101,1,1125.23,3,4,276.16,38.18,8,82.42,16.28,95.88,5
4125,1,1657.28,1,3,186.92,47.8,6,26.77,7.9,85.85,6
175,0,857.78,3,3,615.54,27.79,3,25.63,12.94,94.34,4
4097,0,1236.0,4,3,384.98,23.15,10,24.69,52.88,97.74,7
1480,1,1685.09,2,3,865.25,47.63,10,37.5,19.54,99.04,9
6297,1,878.26,3,2,492.01,23.87,3,46.25,8.13,88.33,3
3345,0,568.77,2,4,183.39,12.68,6,74.48,9.11,84.56,2
2401,1,1551.59,2,3,221.29,16.56,10,87.02,20.37,99.46,7
713,0,1235.84,2,2,772.48,1.79,6,93.07,4.31,85.55,3
2091,1,1379.79,4,3,375.08,33.8,9,44.94,2.88,99.9,7
2067,0,746.61,3,1,512.08,1.57,5,86.4,13.91,99.78,3
2284,0,1331.31,1,4,478.28,29.82,9,69.64,39.17,99.53,5
286,1,1396.47,3,3,989.85,1.44,6,111.41,15.64,97.34,6
1875,1,2063.7,3,3,686.76,81.49,4,83.97,46.16,89.97,5
4848,1,1297.6,3,4,634.47,29.19,10,29.92,19.28,95.51,7
1016,0,935.67,3,2,272.8,26.2,6,72.45,45.36,92.73,5
5392,0,1022.56,2,3,588.03,42.6,10,66.28,38.63,96.55,7
5577,1,981.82,2,4,690.83,66.23,7,36.44,15.22,91.0,2
4280,0,550.0,3,4,240.37,44.36,5,0.76,30.79,87.81,2
5057,1,815.17,1,4,365.5,9.41,8,31.6,0.17,99.69,5
2598,1,1225.84,2,2,362.58,13.08,9,54.46,21.8,91.71,6
4892,0,550.0,2,1,632.28,17.09,4,39.21,8.45,96.45,3
6710,0,648.96,1,4,817.19,21.12,6,18.85,3.02,98.19,2
1287,1,1365.18,2,4,1306.51,18.31,7,55.42,31.81,99.36,6
6093,1,550.0,1,1,641.35,29.26,2,83.79,35.69,92.16,1
2871,1,1275.86,1,4,509.48,32.84,8,27.2,11.97,99.52,8
4971,1,1720.35,2,3,572.07,5.05,8,61.43,28.29,96.75,6
1675,0,907.08,2,2,81.64,23.46,3,45.71,32.25,87.67,1
1606,0,1472.3,2,3,197.86,15.23,8,24.32,17.03,99.9,8
4900,0,550.0,1,5,210.44,41.76,9,69.84,7.09,95.69,4
5893,0,1140.53,1,4,314.26,47.3,6,77.73,12.32,85.28,4
4296,0,680.49,1,3,500.52,35.27,5,0.32,5.76,93.16,3
1906,1,1543.04,3,3,602.32,56.85,6,57.33,2.73,96.23,8
2897,0,550.0,1,3,201.94,54.91,8,89.17,1.68,87.81,4
3195,1,550.0,3,4,400.1,6.52,10,27.84,2.72,97.01,4
688,0,1442.01,2,3,282.2,26.76,6,3.53,12.53,92.23,3
3534,0,550.0,2,2,306.83,4.42,6,81.51,25.18,98.5,4
6872,1,1409.85,1,4,671.34,48.42,8,30.43,30.31,99.9,6
1161,1,644.63,3,3,26.58,68.84,5,54.61,39.69,99.21,5
3489,0,550.0,2,2,192.64,32.15,2,18.61,16.69,93.31,4
5481,0,623.77,2,3,329.5,36.93,7,41.02,33.07,93.18,4
5258,1,1218.66,2,3,471.09,11.66,7,33.56,5.66,89.23,7
3915,1,1492.49,4,3,178.38,9.8,9,64.26,16.16,92.6,10
6504,0,550.0,2,3,549.2,63.05,5,10.54,17.68,94.52,8
123,1,1012.32,1,4,256.97,50.62,9,59.56,3.9,91.81,5
5254,0,852.32,2,2,351.18,21.4,8,73.64,34.43,98.81,8
4730,0,1208.75,1,1,574.9,48.69,6,5.27,19.73,97.65,4
5663,0,1886.86,3,4,257.81,19.25,10,16.45,11.76,80.67,7
1530,1,2136.41,1,2,11.28,22.41,8,41.67,16.51,93.31,6
3547,1,1466.29,3,3,797.39,49.4,10,87.32,2.61,99.9,6
675,1,1756.32,3,3,633.69,25.71,7,10.45,7.74,88.06,4
4259,1,729.48,3,4,1005.7,72.4,8,62.93,29.48,95.66,5
1817,1,1249.1,2,2,63.7,43.08,4,69.21,23.92,98.73,3
2380,1,1165.21,1,3,504.28,13.42,8,34.69,26.67,94.97,7
4322,0,550.0,2,3,214.69,26.01,7,58.66,23.64,95.57,1
2965,1,1701.13,1,4,802.55,46.04,7,19.85,20.53,99.9,7
3396,0,1296.57,1,2,200.16,14.42,9,98.3,42.02,96.18,4
6669,1,926.57,4,4,138.13,55.14,5,84.76,18.63,86.19,6
2574,0,1314.28,5,4,959.01,20.57,9,24.91,33.99,98.67,9
4342,1,1818.45,2,3,785.4,25.93,6,60.21,38.22,86.66,7
4486,1,688.68,2,4,708.18,40.08,9,24.33,38.13,99.9,7
5456,0,876.67,1,4,117.86,12.17,5,4.85,11.85,95.28,6
4886,0,554.26,2,2,660.58,55.84,2,72.52,29.59,94.56,3
6972,1,1633.35,3,3,605.36,22.35,6,8.19,5.22,99.9,6
4501,1,1177.78,1,4,246.38,27.96,6,32.57,16.32,90.85,6
325,0,696.71,1,3,1109.8,50.24,7,56.54,31.78,96.92,3
777,1,1724.11,2,2,670.39,30.88,7,55.69,21.31,91.94,7
539,0,854.64,2,3,411.4,45.77,2,77.16,12.73,88.76,3
521,0,811.92,2,4,19.64,21.89,7,44.8,25.54,95.51,2
992,0,1190.94,3,1,605.16,7.87,8,69.0,16.09,99.9,5
5670,1,921.63,2,3,524.67,43.72,8,5.11,28.41,92.78,5
5182,0,1324.79,3,2,445.99,56.28,8,36.69,39.55,89.09,6
1766,1,1557.12,3,3,676.26,43.55,6,17.71,10.06,87.92,4
6772,1,1143.1,1,4,286.66,45.32,8,44.78,26.59,96.55,6
3144,1,1639.0,3,5,261.29,37.23,10,6.98,7.17,99.9,10
3515,1,1138.59,3,3,699.57,32.34,5,39.02,19.99,98.06,5
1370,0,550.0,1,3,681.04,29.12,6,8.82,8.57,99.15,3
3862,0,630.03,4,3,404.23,69.15,7,62.44,9.68,96.79,6
2325,1,1687.01,4,3,48.68,38.76,9,79.76,27.18,98.05,9
1678,0,550.0,1,4,317.27,3.71,10,7.01,5.06,95.18,5
5341,0,917.46,1,3,67.71,40.24,6,25.57,42.12,86.85,3
474,1,683.28,2,4,683.59,40.6,8,20.2,4.09,98.43,6
1260,1,1601.72,2,1,236.11,34.09,8,50.32,12.62,89.93,8
5975,1,1429.85,3,5,251.0,4.11,10,83.6,13.17,85.86,7
922,1,550.0,3,5,550.49,12.1,9,60.19,2.02,99.9,4
1948,0,550.0,2,3,287.07,75.52,6,38.38,27.6,94.73,3
678,1,840.12,2,3,1251.42,30.8,6,27.71,21.97,99.84,7
4375,0,1415.95,3,2,902.29,33.17,6,122.91,5.86,91.41,3
880,0,550.0,3,1,420.08,32.44,5,45.3,35.21,91.57,4
894,0,1253.07,1,3,719.02,17.68,10,11.86,4.32,98.35,6
2177,1,1532.61,2,3,611.52,41.13,6,75.26,27.41,92.04,5
5231,1,1388.79,4,2,710.95,63.34,5,36.91,25.14,97.28,4
1952,1,550.0,3,3,859.58,0.76,9,64.25,13.59,91.93,3
4974,0,755.85,2,2,470.39,50.19,3,4.15,38.3,94.38,3
1185,0,614.09,1,4,522.41,50.68,4,30.04,7.57,88.72,6
1347,1,2194.65,2,3,479.92,54.6,5,15.09,7.48,93.26,5
6831,0,1226.92,2,4,137.5,24.6,8,19.47,1.72,91.71,6
2693,0,646.73,1,3,213.15,34.81,7,19.34,38.04,88.3,6
6932,1,1538.8,2,2,367.31,8.36,5,90.17,16.7,97.82,5
3190,1,711.62,2,5,584.84,15.09,10,17.46,2.49,96.13,4
6102,1,956.69,4,4,765.44,25.42,8,50.98,36.29,89.02,8
3620,1,565.46,2,5,207.62,30.3,8,96.94,2.29,99.9,8
1872,0,1271.3,1,3,720.44,20.22,4,86.33,8.26,98.91,1
6998,0,888.38,2,1,594.27,43.99,4,32.41,33.17,83.93,1
6026,0,1309.65,2,3,779.06,32.23,9,36.77,6.49,93.96,5
4549,1,1465.01,1,4,779.62,37.95,7,82.81,41.14,90.37,5
1477,1,2027.42,3,3,659.36,16.38,8,11.6,20.56,94.64,7
2827,0,643.37,2,3,1345.94,11.71,9,53.61,2.94,95.24,4
1527,0,550.0,2,3,57.78,40.94,4,83.37,21.25,98.4,5
3778,1,550.0,2,3,239.71,19.61,5,4.96,2.93,99.9,5
2787,0,668.91,2,2,701.99,30.27,6,43.74,31.11,99.9,3
338,1,1714.27,4,3,389.17,21.66,7,87.97,17.04,84.3,7
5726,0,783.15,3,2,399.04,76.55,4,83.04,41.65,94.64,5
3394,1,1024.76,3,2,362.38,48.71,8,10.27,17.86,99.9,10
4357,1,550.0,1,2,718.57,78.04,4,118.78,18.31,86.62,1
2315,0,647.66,3,2,367.76,4.44,9,19.34,19.02,98.24,4
5973,0,1572.85,2,4,543.34,62.4,7,4.47,22.43,93.88,6
4376,0,1056.4,3,2,474.16,44.32,5,97.05,27.43,93.99,6
730,1,1573.65,3,3,501.65,15.21,6,31.05,25.87,97.83,5
6523,0,558.32,1,4,734.6,8.26,4,38.79,12.56,92.51,6
4181,1,1132.92,2,4,262.85,33.43,10,38.15,14.79,99.66,8
4449,0,550.0,2,3,754.57,12.47,9,48.38,23.74,96.6,4
6101,0,671.47,1,3,185.52,7.93,6,42.08,2.76,89.66,2
2430,0,1079.72,1,3,72.21,82.96,4,81.25,29.77,93.24,3
3466,0,654.07,2,3,1022.08,8.29,8,7.47,17.13,93.64,4
6377,0,550.0,1,3,589.75,29.66,6,101.9,22.36,92.29,6
45,0,842.16,3,1,509.27,20.73,4,35.88,36.54,98.54,3
5130,0,639.73,3,1,678.62,24.76,7,0.88,3.75,90.82,2
4274,0,918.52,1,1,914.78,19.65,4,67.74,30.11,94.24,3
2221,0,1286.1,1,2,363.99,21.9,5,13.8,13.59,91.61,2
5908,0,1410.31,4,2,275.38,32.4,9,13.88,7.01,91.88,6
2446,0,1242.05,3,1,515.67,52.13,8,81.49,12.72,90.69,6
1901,0,1202.25,1,1,1058.19,4.8,5,52.48,39.84,96.8,2
3479,1,839.76,1,4,138.49,47.83,9,6.82,8.14,91.74,7
190,1,652.65,2,4,854.55,48.39,6,77.11,3.21,89.19,4
4866,1,1447.9,3,3,353.04,26.63,8,2.97,23.98,89.82,7
1303,0,558.39,3,2,902.12,42.23,9,23.59,16.34,91.38,7
4018,0,1251.3,2,3,375.35,40.33,7,5.51,15.21,96.2,5
3108,1,911.18,2,3,938.78,55.34,8,4.54,34.5,95.44,5
2784,0,550.0,1,5,643.85,9.24,5,61.05,2.72,95.47,6
1471,0,809.47,3,2,549.16,44.95,6,44.15,11.02,99.9,7
700,0,550.0,3,4,255.07,42.94,6,20.21,18.46,88.11,4
6408,1,951.57,3,4,1060.24,44.36,4,49.48,16.57,94.83,5
1746,1,956.16,3,4,87.49,55.86,7,13.63,0.79,86.95,6
4120,1,1724.22,2,4,488.82,41.67,10,57.64,15.3,93.76,7
3196,0,660.2,3,3,581.34,9.16,6,16.71,13.61,89.35,4
5706,1,853.83,3,2,510.63,28.92,7,2.99,11.99,94.02,5
1658,1,1607.44,2,3,540.91,30.53,9,29.46,15.68,85.86,6
5317,0,1164.7,2,1,444.84,35.25,5,41.21,39.52,99.37,5
5932,0,1276.24,3,3,359.12,32.61,8,42.96,14.37,98.61,6
6324,1,981.06,1,4,701.62,26.86,10,40.92,26.77,96.28,8
3380,1,1310.08,5,5,742.73,60.45,9,137.11,31.9,87.17,7
1222,0,550.0,2,2,683.12,65.12,5,6.01,25.26,85.94,2
452,1,1361.71,2,2,316.54,1.4,7,6.09,10.87,97.02,7
6535,1,1646.56,2,4,210.68,16.06,10,28.95,27.64,85.92,9
6935,1,952.97,2,3,240.46,25.16,8,37.74,7.73,97.98,6
1728,1,1928.59,1,3,899.59,7.19,5,8.75,18.75,90.69,7
6928,0,550.0,2,5,15.09,2.77,8,54.53,48.62,97.83,4
3185,0,550.0,3,2,787.11,48.3,6,26.32,23.66,90.3,5
6910,0,1709.34,1,2,510.27,13.88,6,42.16,3.79,98.33,7
1133,1,1075.66,2,4,526.25,16.71,10,47.39,3.14,89.93,8
1276,1,1788.56,2,3,138.08,6.45,9,69.79,29.72,99.9,7
3717,1,667.3,2,3,671.66,29.01,3,118.18,9.62,95.57,2
445,0,731.76,2,3,253.21,21.06,7,22.77,31.53,99.9,5
4192,0,550.0,1,2,713.41,41.03,9,12.94,11.16,95.58,2
6441,1,1275.71,1,3,627.16,2.92,5,82.05,4.3,95.33,4
5832,0,993.36,3,2,276.53,37.0,7,12.7,11.92,93.03,6
3948,0,1199.58,1,1,352.55,66.7,7,126.89,7.97,90.84,1
6060,0,1200.6,1,2,811.38,44.76,6,41.57,17.1,91.54,4
2601,1,1082.47,4,5,428.3,3.82,10,4.91,0.14,97.6,9
3916,0,1273.14,1,3,1115.4,3.1,9,12.27,22.07,93.45,2
545,0,767.75,2,4,457.76,11.5,4,64.96,35.85,91.44,3
2005,1,754.45,4,4,560.88,19.12,7,1.35,16.27,85.21,5
6222,0,1348.07,1,4,36.94,23.95,10,21.52,23.56,92.8,7
357,1,645.66,2,4,432.17,2.05,7,86.32,2.1,95.06,5
4348,0,1261.43,3,1,326.72,52.91,7,33.88,9.32,99.9,5
6542,1,1017.82,3,4,517.42,24.67,8,106.85,9.35,99.49,7
1300,1,1130.13,1,5,183.8,21.85,7,10.56,11.4,93.97,4
2645,0,1576.36,1,2,550.96,8.18,8,103.76,5.93,99.01,6
6704,0,1817.51,2,2,796.01,39.32,7,25.04,18.16,91.06,3
2803,0,1403.53,4,2,1128.16,36.97,9,11.09,18.07,92.95,6
6138,1,936.24,3,3,469.94,47.29,9,6.09,9.77,93.67,6
5709,0,550.0,2,3,403.16,7.11,9,9.24,45.87,98.43,6
5204,1,827.88,1,2,291.24,26.68,3,64.88,28.56,89.76,3
5493,0,1232.61,2,3,473.43,44.28,4,18.37,17.33,93.21,4
973,1,1456.69,3,4,830.48,29.04,5,67.65,8.76,92.03,4
4315,1,550.0,4,5,679.11,9.27,10,35.55,29.66,94.17,5
1089,0,1366.41,2,4,1067.16,0.58,9,26.46,22.74,97.09,6
3876,0,550.0,1,2,33.24,25.19,4,51.55,20.19,95.07,3
4830,0,768.6,1,2,852.11,41.28,6,12.44,10.69,98.92,5
3005,1,1055.31,2,5,203.97,53.58,10,86.51,12.19,89.73,3
1147,1,1412.1,2,3,331.92,44.88,6,52.27,8.39,97.78,7
5445,0,603.16,1,3,282.5,9.15,6,2.55,7.0,99.06,2
5366,0,614.25,2,3,195.47,46.95,4,65.94,20.53,94.69,4
6852,0,1450.32,2,2,819.47,19.79,5,22.77,4.16,97.1,3
3914,1,763.08,5,4,259.31,53.7,8,19.38,6.97,87.76,5
2580,1,1008.86,3,2,155.25,18.86,6,29.42,24.26,97.94,5
2154,0,550.0,1,2,434.71,24.33,5,1.06,6.74,93.67,2
5871,1,1220.43,2,5,880.16,33.81,8,51.89,37.69,95.03,6
5676,1,1664.88,1,4,980.87,39.32,10,66.71,27.34,96.92,7
493,1,896.07,2,2,221.12,43.53,4,67.63,0.67,86.82,1
1587,0,767.45,1,2,152.8,50.37,5,136.27,1.41,89.51,4
3961,1,1666.59,4,1,899.5,23.97,9,38.74,8.91,99.9,8
2176,1,2270.33,1,3,866.26,18.49,10,7.83,6.06,91.06,8
6569,0,1409.03,2,2,223.2,34.36,5,37.16,6.91,86.76,5
503,1,785.82,1,5,601.04,29.56,7,41.15,20.99,93.84,4
1280,1,799.83,4,6,316.67,22.93,10,69.22,23.66,95.93,10
3850,1,947.97,2,4,430.49,30.08,7,4.52,9.06,97.57,3
5025,0,1152.07,1,2,335.95,6.0,5,14.4,20.6,80.85,4
3673,0,1201.61,3,1,914.77,37.18,5,87.97,14.17,95.97,5
5879,0,550.0,4,2,559.69,19.08,6,66.33,11.86,92.68,4
2555,0,550.0,1,2,680.1,56.39,4,37.3,51.01,90.54,2
5446,1,1032.92,1,5,1004.53,1.1,8,15.11,4.06,99.9,2
4182,0,1202.15,2,1,1127.32,49.62,6,59.25,17.17,96.15,6
946,0,1220.52,1,2,985.27,31.06,6,55.57,21.4,93.97,4
2742,0,550.0,3,2,1114.88,28.43,4,36.54,20.45,96.13,3
1022,0,743.14,2,3,7.43,57.53,6,63.48,7.49,99.9,6
2600,1,1165.23,4,4,494.61,36.77,10,29.1,17.26,99.9,6
2352,1,1119.76,2,1,140.58,30.45,7,48.45,38.77,99.9,5
5782,0,550.0,1,3,934.49,18.12,4,38.92,34.32,90.02,1
5714,1,1202.42,2,2,822.98,21.15,10,50.4,15.31,90.92,5
33,0,1881.78,3,2,31.56,5.18,10,48.85,10.23,93.98,7
1412,0,1557.14,1,3,124.6,34.25,7,75.82,28.92,90.66,6
6373,0,1839.78,2,2,970.42,13.55,10,46.37,40.66,99.9,4
821,0,550.0,1,2,250.64,17.19,8,29.4,43.44,90.13,1
667,1,622.97,4,3,1043.84,26.91,8,27.37,8.27,94.29,4
4372,1,1795.97,1,4,678.31,38.08,9,81.08,37.74,99.9,7
1650,1,1362.96,5,5,834.44,57.37,8,17.89,13.55,98.5,8
6707,1,1963.87,1,3,607.45,28.65,9,78.78,5.02,89.69,6
1602,1,701.55,3,4,1113.83,43.68,9,11.83,3.95,98.21,5
6479,0,1952.56,2,4,541.56,24.88,8,28.95,16.11,95.83,3
4108,1,1553.15,2,5,852.56,15.15,7,23.29,6.85,99.9,5
3766,1,1059.66,4,2,669.51,37.39,9,8.86,3.03,97.6,5
1136,1,1507.28,3,4,766.22,1.82,6,32.77,27.53,98.84,6
4377,0,550.0,2,1,684.06,31.58,5,23.43,26.05,88.41,1
2822,0,550.0,2,2,375.04,3.77,4,93.77,38.86,99.9,1
1594,1,1100.96,2,3,627.73,55.11,7,53.72,21.15,95.06,6
1452,1,1010.84,2,4,643.57,30.64,8,73.02,7.96,88.69,7
622,0,1262.83,1,2,708.0,46.48,5,86.7,21.21,92.59,5
301,1,613.65,3,3,167.43,21.39,6,4.56,10.47,98.24,2
4764,0,1539.74,1,4,595.27,20.27,5,64.99,32.9,96.25,4
3746,1,663.52,2,5,479.65,21.07,7,29.31,2.79,96.12,5
2830,0,1246.79,3,2,691.6,11.05,10,55.47,20.67,88.28,6
4693,1,882.68,1,3,351.27,23.34,5,104.31,15.5,96.97,5
3802,1,733.36,2,2,737.95,7.4,7,53.53,14.62,94.76,5
5509,1,550.0,1,5,786.86,23.5,7,80.22,11.67,99.83,4
2354,1,636.72,2,3,600.31,56.71,6,14.92,37.87,89.58,2
1037,1,688.72,2,2,1038.51,31.65,7,25.35,13.06,92.54,5
5874,0,550.0,1,4,710.29,73.48,4,48.01,16.78,87.0,4
3654,0,788.63,1,1,432.95,37.95,7,93.9,20.91,96.55,3
6661,0,1007.21,1,2,363.11,5.86,7,48.97,4.91,98.59,6
4137,0,947.5,1,3,737.57,18.24,6,0.39,17.98,97.66,6
3231,1,550.0,3,5,576.66,10.27,9,61.5,4.78,95.9,6
1731,1,1620.23,1,4,538.85,27.93,9,64.65,1.77,94.07,5
6370,0,1479.39,2,5,538.78,3.77,8,44.26,2.68,98.47,7
209,0,1103.49,1,4,1027.16,9.82,6,24.47,26.09,84.54,3
3881,0,550.0,2,3,89.87,11.97,7,76.34,6.22,94.56,6
639,0,1203.36,3,2,190.19,39.23,7,72.55,15.64,98.94,7
4000,0,672.57,1,4,128.28,22.59,9,76.08,32.85,89.02,2
869,1,1312.94,1,4,365.39,3.88,9,38.57,17.1,94.84,7
4010,0,550.0,4,2,46.72,32.06,6,39.2,18.45,95.45,5
4204,1,1177.49,1,3,863.48,46.36,5,15.19,5.39,89.91,4
862,0,884.33,1,3,119.82,3.99,9,3.26,10.05,96.91,5
6937,0,880.36,2,5,412.94,37.26,7,5.55,10.62,93.19,6
6874,1,550.0,1,5,793.67,41.9,9,44.55,24.39,93.99,4
5143,1,1608.87,4,4,686.46,23.12,9,119.66,5.85,96.3,7
2059,0,762.42,1,4,332.07,26.29,6,36.56,14.63,85.04,2
4434,0,1572.67,3,1,176.02,3.27,6,123.41,35.23,95.63,5
5215,1,1464.01,1,5,577.43,34.11,9,63.39,26.68,91.57,5
5304,1,550.0,2,4,560.7,9.69,8,62.68,18.1,88.68,5
3514,0,550.0,2,1,220.06,25.25,3,49.54,28.11,99.9,3
575,0,1401.23,3,4,39.45,13.1,10,43.15,7.32,93.27,9
6170,0,550.0,2,2,135.79,36.96,8,27.28,15.68,82.09,1
6260,0,853.13,3,1,742.75,22.08,5,50.77,28.62,95.63,2
3445,0,752.01,1,4,660.36,43.6,9,18.97,1.83,95.47,5
1740,0,550.0,1,2,547.36,30.58,4,39.77,29.33,97.35,4
2366,1,728.9,4,2,522.87,35.02,6,86.95,25.22,90.98,4
3751,1,1744.56,2,2,437.49,12.26,6,28.55,27.69,96.1,5
6723,0,749.67,2,3,762.83,31.52,7,17.74,42.55,96.51,3
5856,1,1432.53,3,2,925.75,24.86,7,115.4,5.73,89.37,7
385,1,1055.81,1,2,39.81,6.77,6,2.64,11.78,86.57,3
2848,0,723.76,1,3,503.45,20.68,8,35.17,2.55,85.87,3
5666,1,934.62,3,4,474.59,20.06,10,71.16,10.88,92.46,5
6596,1,1402.62,2,2,716.27,56.54,5,31.15,29.88,91.84,6
3100,0,550.0,2,3,321.57,51.56,8,110.66,24.62,96.84,3
3440,0,550.0,3,2,889.16,24.57,7,11.62,3.4,99.9,4
1559,0,634.94,1,2,68.44,68.17,4,78.63,5.01,98.52,3
6285,0,771.94,1,3,251.07,46.25,6,47.86,9.99,91.96,2
1598,0,965.04,1,3,539.41,23.36,7,74.8,4.53,89.13,5
241,0,720.82,2,2,875.02,33.01,6,64.39,18.36,92.89,5
2981,1,588.25,3,5,654.63,47.94,8,48.41,9.02,88.71,5
23,0,946.9,1,3,596.87,25.8,6,120.73,26.67,97.35,1
5462,0,550.0,2,4,795.43,10.86,10,17.56,25.11,98.12,6
3783,1,1111.38,2,2,882.33,38.89,9,99.46,12.38,99.9,9
5872,0,550.0,1,3,1100.68,45.34,3,4.08,5.3,93.72,3
4646,0,709.6,2,4,620.74,48.03,6,135.99,35.75,95.62,6
3951,1,1346.52,3,4,495.15,48.47,8,15.14,3.85,92.79,5
4591,0,580.3,3,2,59.3,4.45,8,64.01,6.16,91.3,6
3169,1,1425.85,1,4,819.64,9.59,9,65.96,26.44,90.99,6
2812,1,1025.38,2,5,624.94,19.95,7,26.39,3.32,99.52,8
6393,1,1372.34,1,4,659.51,6.97,8,34.43,20.47,90.63,6
3913,1,644.51,2,1,21.86,7.0,5,4.62,30.3,91.74,3
1913,1,1064.35,1,3,176.48,1.84,6,116.26,12.47,96.19,6
6698,0,826.08,3,2,340.94,70.57,4,7.51,8.48,91.82,1
2327,1,1646.72,2,3,581.83,41.02,5,62.51,10.11,98.88,4
4480,0,1068.13,3,2,588.7,33.42,8,5.59,27.87,90.14,8
1738,1,1488.2,4,4,472.2,18.47,8,20.06,1.14,96.41,7
788,1,1106.34,4,3,431.21,20.21,10,79.66,0.11,91.15,7
1295,0,837.98,1,4,526.94,35.55,8,41.77,8.11,99.9,6
4044,1,609.69,1,5,177.26,31.34,9,17.99,10.84,92.29,4
4599,0,879.07,2,4,239.51,15.38,10,51.26,26.82,90.09,6
3641,1,917.99,1,4,151.87,80.23,4,12.68,21.99,96.63,5
3491,1,1163.32,3,3,366.04,12.24,6,36.19,3.71,99.9,4
2145,0,834.54,2,3,1030.56,12.35,5,18.63,40.37,95.94,4
4078,1,1823.82,2,3,309.59,32.58,8,37.13,22.86,99.9,9
3678,1,1174.24,2,3,144.94,35.97,10,10.94,2.49,99.9,9
381,1,1506.08,2,4,705.39,39.94,10,8.5,1.87,96.7,7
5386,1,1667.3,2,5,592.47,16.43,10,30.15,16.34,93.4,10
2516,1,1146.1,3,4,372.7,9.97,10,33.8,6.75,96.35,7
390,0,837.06,1,4,408.7,36.24,3,32.17,25.34,92.87,4
5927,1,1226.48,2,4,426.46,25.92,6,4.69,14.21,96.06,5
1034,0,847.8,3,2,355.44,38.68,9,40.91,34.71,99.9,9
4546,0,959.11,2,2,105.58,29.51,6,54.42,41.94,94.94,2
3251,1,1831.8,2,2,480.02,15.22,5,57.58,12.7,87.94,3
3910,0,1161.81,2,3,532.59,12.5,8,47.28,11.41,96.06,6
6309,0,800.99,1,3,642.05,37.22,6,85.99,4.91,96.51,1
1524,1,550.0,4,4,304.92,58.32,7,10.43,21.46,97.14,4
5607,0,907.51,1,3,875.99,24.46,7,56.63,11.87,96.98,5
5253,0,860.54,2,3,525.04,23.29,6,123.1,21.53,96.77,5
4881,1,1663.86,1,3,648.92,60.44,6,57.58,29.26,93.23,5
1047,0,550.0,1,3,453.89,30.11,6,4.68,15.11,95.92,7
1247,1,1006.33,3,2,120.7,35.3,7,17.29,11.91,91.9,10
3894,1,550.0,1,4,107.06,2.22,7,24.42,0.45,93.75,6
1189,0,1600.28,1,3,570.58,33.28,8,86.67,3.35,87.81,7
3161,0,550.0,1,1,617.59,14.23,5,57.06,15.83,91.4,5
508,0,885.02,1,2,382.34,5.84,7,45.25,27.63,92.2,4
4379,0,550.0,1,2,852.75,0.64,8,24.88,31.9,92.53,3
1971,0,818.02,2,3,356.03,19.43,7,17.02,8.78,95.92,6
1378,1,737.2,3,4,165.21,18.88,9,82.01,6.63,99.7,5
5438,0,550.0,3,3,94.14,39.33,9,96.84,30.45,99.9,8
6529,1,1023.07,1,4,55.58,13.02,8,15.38,3.08,94.05,6
495,1,1336.16,2,3,398.12,49.95,6,78.26,29.79,93.74,6
6150,0,620.16,3,3,672.99,17.78,8,25.41,21.63,94.77,8
232,1,2299.19,2,2,315.0,36.45,7,85.36,32.72,81.58,5
1824,0,984.56,1,2,517.43,39.41,5,44.69,20.31,91.91,5
5542,1,1070.66,3,4,253.99,19.08,9,42.25,38.3,90.01,6
907,1,1183.0,2,4,332.92,40.62,8,3.09,22.02,87.5,7
956,0,1057.01,1,3,207.59,0.92,8,30.22,8.29,98.27,4
4565,1,770.0,3,3,270.97,18.02,6,72.95,8.05,88.0,4
170,0,550.0,1,3,430.67,30.91,7,71.45,23.98,96.57,6
1869,1,1095.74,4,4,493.76,70.56,9,83.88,1.84,99.9,10
6890,0,719.8,1,1,306.67,10.35,4,65.12,15.76,92.13,1
2751,1,805.83,3,4,102.44,32.2,9,0.5,19.11,96.6,7
1184,1,571.36,2,4,756.17,43.54,7,76.32,26.46,97.03,4
1770,1,550.0,3,4,398.49,34.93,5,27.68,6.82,98.57,4
3268,0,1090.17,2,2,308.17,9.42,7,82.51,21.9,99.03,6
1454,0,1844.94,2,3,1202.52,63.25,9,20.67,5.02,99.9,8
6824,1,550.0,2,3,13.99,4.24,8,14.05,35.29,93.91,3
3661,0,1418.77,1,3,114.07,41.07,8,46.15,16.7,88.53,7
3779,1,550.0,3,3,230.72,38.85,4,14.7,12.5,90.94,3
3592,1,1275.35,3,4,718.87,2.33,7,47.5,15.18,92.26,6
5626,1,1459.29,2,4,419.43,28.59,7,26.19,12.6,93.07,6
4752,0,993.92,2,2,215.54,21.52,5,14.32,21.83,97.64,3
3143,0,1447.99,3,3,601.19,3.76,9,60.23,14.15,95.59,4
2462,0,1423.83,2,1,62.69,35.01,6,64.17,28.83,97.52,3
2606,1,602.49,1,2,489.82,19.38,8,27.12,28.91,99.9,3
3595,1,713.02,1,3,873.93,35.1,4,4.17,3.76,95.13,5
5430,0,858.03,1,1,633.21,25.54,6,82.14,45.22,97.67,8
5401,0,1066.74,1,3,438.49,26.64,7,51.99,24.37,87.38,2
6017,1,747.71,3,3,499.61,4.35,8,128.85,8.86,93.02,6
5382,0,1024.93,2,4,371.46,58.15,10,43.17,20.22,91.8,6
6477,1,1305.44,2,3,401.45,12.72,9,58.49,7.95,96.11,6
5247,1,1771.64,1,2,355.7,44.15,9,3.15,4.71,99.18,8
5716,0,1572.26,2,2,904.34,16.94,4,45.31,28.72,92.36,9
6202,1,1453.39,2,4,521.93,34.48,8,38.15,18.66,87.12,6
953,0,550.0,1,2,586.88,30.55,7,75.73,17.87,92.51,5
2846,1,1484.12,1,4,575.78,54.78,4,51.19,5.03,97.42,4
391,0,1148.42,1,2,411.71,7.21,2,25.25,15.32,96.28,4
4613,1,760.98,3,3,811.64,19.6,6,35.61,4.08,98.43,6
596,1,1592.1,2,2,134.74,55.69,9,14.77,12.04,92.38,4
903,0,1105.58,1,3,65.68,57.57,5,10.64,13.27,92.53,3
645,0,550.0,2,2,484.81,62.49,5,77.71,36.14,90.64,3
6261,0,912.52,5,2,208.85,14.16,8,15.59,7.58,99.46,3
3417,0,550.0,4,4,369.96,47.57,4,16.13,8.51,92.91,2
4870,0,937.32,1,3,237.97,5.04,7,70.27,16.59,95.35,3
2995,0,935.59,1,2,503.71,9.22,5,53.96,30.0,90.2,1
3422,1,1156.97,2,4,479.93,18.81,7,95.71,27.87,90.25,3
4148,1,1293.97,3,5,756.53,9.43,4,56.31,2.58,92.03,5
2954,1,862.47,2,4,443.15,39.0,5,46.08,22.67,89.95,8
3186,1,1103.76,3,2,562.92,50.24,4,9.8,3.27,95.14,5
5002,1,1486.63,3,4,1054.01,21.19,4,29.77,4.57,91.73,5
983,0,700.48,2,3,293.74,50.52,7,62.41,36.51,82.4,4
5612,1,1454.36,3,2,643.19,6.68,10,42.47,10.29,97.35,5
6236,0,1097.77,2,3,231.1,44.76,6,0.53,36.67,88.76,3
4153,0,550.0,1,2,413.16,22.04,3,79.69,27.44,99.23,3
1213,1,2119.1,3,3,1084.11,48.07,10,2.68,2.47,91.78,8
526,0,1725.96,2,1,271.42,33.85,4,40.13,28.96,89.68,6
638,1,1789.32,2,3,960.32,21.04,10,14.75,17.55,95.39,5
5924,0,1281.26,1,3,463.2,21.46,7,140.63,21.84,91.81,4
6599,0,838.09,1,3,226.89,42.48,4,46.32,28.58,94.15,2
4826,1,550.0,3,4,473.01,15.86,7,9.74,5.39,93.84,3
1231,1,1670.89,4,2,272.95,47.21,7,32.07,22.69,97.78,6
5941,1,1724.17,3,3,557.18,3.21,6,87.09,12.19,99.9,9
6814,0,1063.7,2,4,68.76,40.27,6,65.42,13.32,90.14,3
3923,0,1063.24,1,3,651.54,58.61,7,9.72,3.24,93.09,5
3278,1,643.1,2,5,1068.25,28.53,8,108.74,15.72,94.39,3
5335,0,550.0,2,2,275.54,19.31,5,21.81,17.05,91.15,3
4538,1,1274.45,2,3,313.79,3.74,8,13.34,47.55,90.3,7
5084,1,670.91,4,3,582.2,52.86,6,48.79,11.78,93.76,4
4498,0,943.64,1,2,464.64,0.66,7,11.5,27.34,95.9,3
5909,1,2019.13,5,4,1084.36,60.23,9,31.91,25.37,91.72,8
1742,0,1043.84,2,3,163.9,9.98,6,80.67,10.95,96.1,4
2089,0,1111.01,2,3,99.59,3.98,5,21.0,1.43,97.9,6
4218,0,550.0,4,2,185.8,18.59,9,75.0,23.3,94.46,3
3762,1,1479.17,1,3,756.72,4.23,10,31.6,4.64,95.2,4
4885,0,901.94,1,3,1023.35,10.8,9,33.02,26.46,96.55,5
4688,0,1506.92,1,1,657.32,22.06,3,8.3,15.7,84.63,1
4294,0,1115.77,2,3,706.24,21.84,6,86.79,36.92,94.87,3
5474,1,1315.31,3,2,572.74,40.48,7,20.1,13.71,93.49,6
4883,1,570.95,1,2,430.1,51.1,6,36.46,33.36,99.31,5
1932,0,1610.1,1,1,98.2,61.7,5,44.86,9.59,99.9,6
1286,1,1120.64,2,6,368.3,75.38,8,11.37,0.46,93.07,6
6763,1,1598.52,2,3,818.43,2.16,10,93.37,23.53,95.8,6
6979,0,1430.63,3,2,567.16,33.96,8,56.67,6.8,85.4,5
1385,1,1612.52,3,4,1159.82,38.87,10,43.81,14.01,83.17,5
3935,1,550.0,1,4,348.12,4.11,8,27.41,1.35,99.9,10
3635,1,677.16,1,2,375.04,43.17,6,34.83,19.23,91.78,5
4709,1,1569.79,3,2,533.2,41.49,8,8.61,6.62,98.44,8
4336,1,769.59,2,3,1003.05,28.25,9,46.89,3.72,97.2,8
1671,1,550.0,4,4,237.86,26.34,7,97.71,6.32,97.57,7
4854,0,550.0,2,5,264.77,6.6,10,34.79,23.71,99.9,5
6330,0,550.0,1,1,188.62,43.12,5,58.95,50.42,96.05,3
4127,0,550.0,2,2,797.7,19.93,2,121.03,31.76,96.73,3
1120,0,550.0,3,3,322.83,25.89,8,80.67,18.43,94.06,5
2762,1,930.27,3,6,662.21,24.97,8,37.75,19.37,99.9,7
5678,0,618.72,1,3,454.33,17.5,9,48.16,22.42,89.93,2
2989,1,550.0,2,3,452.68,15.59,5,4.33,26.27,86.83,3
1366,1,1301.39,4,2,432.03,47.65,4,21.04,9.37,85.3,4
4082,0,550.0,2,4,75.84,18.01,8,86.92,10.32,96.12,3
5630,1,1721.9,2,4,219.41,15.82,9,69.83,5.92,84.7,8
5162,0,944.74,2,1,322.81,18.89,9,108.85,9.33,96.12,3
5229,1,853.43,1,5,198.15,48.98,6,16.84,5.8,89.53,4
1828,0,572.53,2,1,438.32,2.33,7,53.49,28.26,87.94,5
93,1,897.88,3,5,292.13,10.98,10,39.69,13.39,94.46,5
756,1,1259.6,3,2,770.83,42.77,3,102.78,10.14,89.18,4
3628,1,1794.21,4,4,849.84,25.36,10,36.14,5.69,95.15,7
5900,0,869.73,1,2,211.54,31.82,6,59.5,3.23,96.01,4
2042,0,812.28,1,2,232.5,39.02,9,44.6,32.5,92.33,6
1209,0,778.08,2,2,282.42,48.16,6,106.08,38.65,90.93,2
4069,1,1011.95,2,3,132.27,34.32,3,20.11,19.3,97.66,6
2203,1,1040.24,3,3,518.55,37.57,6,59.55,18.79,89.08,3
4252,1,1004.49,3,3,656.32,49.4,6,35.4,25.98,91.36,3
1442,0,550.0,5,4,519.1,23.41,7,55.3,5.52,86.12,7
2687,1,1411.82,1,3,805.63,53.04,9,19.78,7.49,89.49,3
2908,0,550.0,1,3,172.4,18.49,8,38.54,9.04,96.97,3
2779,0,676.7,1,3,794.02,28.51,5,14.22,23.98,97.37,7
609,0,1135.53,1,3,638.61,39.12,8,21.53,28.42,93.83,4
3346,0,923.29,3,1,735.72,23.68,9,2.06,19.28,97.14,6
3413,0,550.0,3,2,95.2,18.75,7,29.56,15.8,85.79,4
2760,1,2027.73,2,4,468.29,0.98,7,46.27,30.58,90.72,5
5991,0,550.0,3,2,424.57,18.32,6,78.62,32.93,99.9,2
6177,1,637.96,2,1,9.81,19.21,5,47.05,0.67,95.13,4
1668,1,1722.1,3,1,470.68,8.24,6,5.96,27.78,99.75,6
4279,0,550.0,3,3,598.72,4.43,9,6.9,35.99,84.48,7
6167,0,841.37,2,3,507.01,20.08,7,25.57,14.07,92.81,6
2515,0,550.0,1,4,699.72,44.59,6,122.46,23.47,86.34,3
2994,0,639.37,1,4,524.67,35.1,8,79.57,5.41,90.67,1
1734,1,1690.71,1,4,398.24,30.13,9,23.99,9.86,97.98,6
3321,0,641.65,2,3,651.03,23.31,6,115.45,23.51,83.46,2
3567,1,1980.79,3,3,880.1,20.51,8,5.58,7.72,99.9,9
3800,0,1334.67,5,3,270.81,25.39,10,18.14,15.24,99.75,8
6454,1,697.13,2,4,430.79,68.64,8,84.78,10.78,92.23,4
5851,1,1397.88,1,2,316.94,29.82,7,123.89,19.81,92.95,7
5062,1,1010.97,2,4,591.17,46.24,6,4.23,19.53,99.9,7
1931,1,1651.19,5,5,495.88,5.83,8,17.33,15.76,99.9,9
1624,0,873.02,2,2,32.49,6.9,4,8.46,10.77,94.91,3
5201,1,1554.53,2,3,1146.39,36.25,7,60.29,15.05,99.54,7
2596,1,1325.42,1,3,461.52,33.44,8,22.76,22.0,95.63,3
1622,0,1280.96,1,2,69.82,14.58,3,55.93,22.95,92.65,2
2691,1,1189.28,2,4,189.52,21.64,9,49.63,5.55,97.73,6
4945,0,675.76,1,3,618.96,18.34,6,25.41,23.73,93.46,4
3124,1,1238.53,3,3,427.79,42.94,7,90.67,7.42,99.9,5
6641,1,1655.56,3,3,928.97,28.7,6,35.97,10.95,92.26,5
5164,1,844.67,1,4,579.57,45.6,9,11.31,1.86,94.61,8
3931,1,550.0,3,2,133.69,30.57,6,51.7,26.0,89.26,7
3860,0,1269.8,3,2,226.61,55.91,7,65.34,17.95,90.82,3
3590,0,1046.69,2,3,157.52,16.44,10,60.58,13.98,92.06,7
2547,0,720.92,3,2,713.3,47.08,6,110.21,17.24,88.9,5
1793,0,666.73,2,2,658.54,30.58,4,28.32,21.11,92.79,4
5100,1,963.92,1,5,101.38,58.49,5,35.3,21.7,83.14,3
3248,1,1828.53,3,3,495.75,34.54,8,37.31,2.44,88.35,4
6854,0,695.15,4,2,152.02,13.98,10,59.86,10.21,92.94,4
5348,1,839.98,3,3,770.73,24.32,9,54.16,8.64,99.2,8
4304,1,1273.93,3,4,765.68,47.48,7,7.22,10.56,99.9,5
6666,0,1013.83,1,3,847.51,47.17,7,49.53,19.95,91.6,3
5488,1,1405.73,2,4,701.77,13.97,9,60.75,12.89,96.19,8
782,1,797.22,2,4,711.96,5.42,5,36.67,13.89,94.05,7
3019,0,868.88,3,3,361.31,54.28,7,129.78,13.05,99.9,6
1025,0,695.32,1,2,643.56,13.54,5,44.13,13.85,97.18,2
3054,0,1008.98,2,2,541.78,42.45,8,109.27,14.07,94.58,3
2216,1,797.2,4,2,650.63,9.84,7,27.11,3.5,95.79,6
6736,1,1030.28,1,4,530.0,1.22,8,35.43,6.55,96.0,4
1181,1,550.0,1,3,205.84,81.87,6,66.47,36.86,89.24,1
1248,1,1774.97,3,3,799.75,34.45,5,32.31,13.06,93.99,3
2887,0,1006.91,2,1,850.51,44.09,7,29.67,22.23,97.67,5
6396,1,1995.6,3,3,832.96,30.72,10,69.53,7.08,92.57,7
3208,0,1237.2,1,2,264.01,58.78,7,25.63,2.32,90.04,4
716,1,1157.68,1,3,820.77,3.04,6,11.92,7.93,87.97,6
5639,1,1133.59,3,2,522.6,38.98,5,7.97,5.94,93.59,5
3887,0,909.24,1,2,432.83,44.97,5,29.12,11.26,96.61,6
3863,1,1888.4,3,4,506.26,36.52,10,92.12,9.51,89.69,8
6062,0,550.0,2,4,420.18,18.43,8,34.09,43.21,83.65,5
1315,0,550.0,2,2,578.73,11.14,7,17.17,19.79,95.16,1
6646,1,1003.45,3,3,734.38,45.02,7,13.69,13.37,99.89,9
5420,0,1099.53,1,3,218.94,6.51,8,62.5,0.22,93.26,3
6191,0,1772.95,2,2,672.62,69.11,4,45.39,34.94,91.68,4
3041,1,1212.97,2,4,663.54,8.45,8,26.2,20.71,95.62,8
6362,1,1291.17,2,6,156.29,44.5,7,60.25,5.7,93.03,6
4068,0,845.78,2,2,579.32,17.02,8,68.41,33.88,91.95,5
5151,0,653.9,2,2,154.81,40.31,4,76.2,30.63,95.77,4
3643,0,641.65,2,5,166.7,24.65,7,86.73,11.9,90.81,2
2566,0,550.0,1,1,655.02,40.78,5,4.37,6.6,92.35,4
831,0,965.01,3,4,821.61,50.46,6,2.55,16.81,81.02,5
4622,1,1241.63,3,2,332.68,55.69,5,63.7,10.24,90.76,5
5606,1,1601.53,1,4,705.82,37.84,7,3.16,5.56,99.9,4
5929,0,550.0,2,3,393.39,15.7,6,43.49,24.47,91.75,3
5605,0,550.0,1,3,83.41,36.73,4,87.14,4.38,86.1,1
1717,0,564.33,1,3,125.24,33.68,7,15.0,17.23,96.9,4
2586,1,1102.93,4,4,976.97,36.55,9,50.69,8.77,99.9,6
4208,0,917.3,1,3,588.81,5.74,6,19.86,11.6,93.71,4
4625,0,1110.26,2,2,54.81,36.68,5,27.26,3.35,99.9,4
3309,0,550.0,4,2,566.81,17.82,5,54.37,6.93,84.49,4
5448,0,984.01,2,2,671.11,24.57,9,1.37,4.94,95.48,3
2940,1,1551.28,3,4,443.14,47.68,9,3.39,6.16,94.93,7
6526,1,2269.73,2,2,392.97,82.91,8,2.87,30.98,92.58,6
3114,0,721.86,1,2,935.64,19.29,9,47.27,15.18,91.86,8
4550,1,550.0,1,1,134.22,5.91,4,15.1,45.95,99.9,1
1259,1,906.3,3,4,232.94,25.07,10,49.47,0.16,90.06,7
1449,1,937.66,2,2,459.2,42.84,5,1.24,17.81,90.94,5
6359,0,1215.8,1,3,140.13,44.02,8,75.45,20.89,98.2,6
6578,1,1995.91,3,2,612.47,53.15,9,13.39,19.38,96.04,6
924,1,1594.37,2,3,677.17,8.96,9,37.54,1.89,88.95,5
3996,0,550.0,1,1,560.02,38.62,6,108.95,1.18,99.78,3
1429,1,958.82,1,3,475.59,48.48,6,36.82,6.98,88.73,5
5810,1,1276.83,3,2,537.85,20.29,3,94.43,1.32,94.24,7
1903,0,1013.51,2,2,689.68,39.51,8,64.82,4.92,98.09,7
5775,0,550.0,3,3,555.7,31.91,3,85.06,24.63,88.17,6
1134,0,550.0,4,3,160.54,3.1,8,58.61,11.33,94.97,3
1955,0,557.05,4,3,674.88,24.17,6,6.9,15.74,98.25,3
6284,0,757.36,2,3,613.27,23.72,8,10.25,11.93,96.15,6
2668,0,550.0,2,4,0.84,3.85,7,49.99,40.14,88.13,3
1408,0,995.86,2,3,467.67,30.89,6,2.44,2.42,93.92,6
5282,1,563.77,2,5,369.64,33.53,5,20.25,29.93,91.5,4
5251,1,954.7,1,3,452.58,46.55,3,90.49,18.64,89.44,5
4403,0,1163.29,1,3,378.05,37.06,9,15.82,12.68,99.9,8
5290,0,811.12,1,4,545.38,6.38,5,2.97,25.99,95.74,4
2493,0,550.0,2,3,398.35,9.77,9,59.07,8.78,95.27,4
1873,0,1067.23,2,3,697.8,16.82,9,36.98,17.19,96.29,8
3904,0,796.96,2,1,338.71,35.29,7,50.9,2.72,88.22,2
5227,1,1743.58,3,3,249.13,27.6,10,18.96,12.34,97.9,7
5702,1,1144.52,3,4,244.18,12.4,6,22.45,22.79,95.05,5
4951,1,1056.76,3,4,231.74,53.28,7,50.78,12.66,97.87,5
89,0,982.12,1,2,906.47,37.93,9,120.0,22.46,81.31,4
6031,1,1745.79,4,1,308.21,14.07,7,67.07,8.44,92.39,6
824,1,1231.15,2,2,376.56,9.22,4,92.63,25.07,86.27,6
1969,1,1816.71,2,2,372.31,45.29,8,44.46,25.93,99.9,5
2603,1,550.0,2,5,449.56,2.26,10,44.63,19.49,99.9,8
2367,1,730.27,3,3,517.02,35.45,6,117.56,39.82,87.57,6
5060,1,1361.81,3,3,583.9,47.28,8,136.94,17.22,98.1,6
1216,1,922.31,3,3,314.82,47.2,9,1.1,22.2,93.56,7
4577,0,550.0,2,4,614.44,19.23,6,58.42,22.13,96.36,1
5565,1,1037.77,2,4,22.57,60.16,5,14.34,18.15,94.08,5
3132,0,1332.25,3,3,312.96,26.55,9,78.36,39.34,84.17,6
2948,0,778.31,3,2,291.42,21.93,6,130.6,40.16,92.88,3
2251,1,550.0,3,1,524.74,22.17,7,38.63,45.43,98.23,4
5978,0,1474.99,2,2,774.45,25.39,5,57.62,19.71,94.71,6
1902,0,550.0,2,2,385.94,36.21,6,22.54,21.49,99.33,3
4763,1,1153.1,2,1,369.2,17.98,4,116.4,26.08,82.91,6
3874,1,1001.01,1,4,261.73,6.43,8,98.73,19.07,99.9,8
4406,1,1808.9,3,3,172.86,43.4,8,62.76,14.09,93.15,7
4942,0,1298.07,1,2,780.42,42.94,8,85.77,38.36,93.36,6
5141,0,550.0,2,2,878.77,40.44,5,62.72,42.09,89.56,1
2964,1,1126.88,2,3,815.71,13.18,7,66.91,41.22,99.9,6
2836,1,2097.51,4,3,882.41,18.33,9,7.47,24.52,99.9,8
1048,0,853.71,1,1,319.26,42.17,3,37.3,17.74,96.17,1
4361,1,1830.41,2,2,502.29,58.67,6,49.02,30.05,90.75,6
2879,0,1584.32,1,3,757.21,5.91,10,86.52,6.41,94.79,5
4387,0,1363.61,2,3,530.86,11.04,5,47.99,23.55,88.48,2
5849,1,1155.16,2,4,353.63,47.38,4,5.02,12.82,93.69,4
808,1,550.0,2,5,600.0,43.0,9,18.48,1.25,98.51,6
5667,1,2010.62,3,4,483.35,5.37,9,37.36,2.15,94.15,10
287,1,2043.27,2,2,715.98,43.17,5,8.58,20.28,99.9,6
5956,1,1786.61,2,3,586.33,17.74,6,34.16,4.07,91.06,5
5168,0,550.0,2,3,867.99,45.08,7,79.37,14.72,92.22,5
6269,0,744.84,3,3,393.49,41.18,7,16.41,36.97,99.08,4
6923,0,1342.22,2,2,1079.89,19.53,7,48.7,44.05,99.82,6
6151,1,1110.08,2,4,856.25,32.27,7,23.23,6.64,96.21,4
6116,1,1778.96,2,3,205.22,27.53,4,60.25,17.93,92.72,3
5090,0,1743.94,4,3,383.02,40.36,6,96.3,11.18,93.29,6
2923,0,1408.17,1,2,104.69,51.51,7,11.51,0.21,99.67,7
1815,0,713.54,2,3,459.13,53.52,6,129.98,48.16,87.51,6
4809,1,1487.0,1,4,806.68,31.53,9,35.92,3.82,94.64,6
3796,0,907.53,2,3,748.6,3.35,6,25.9,14.94,97.19,3
5697,1,1494.81,5,4,584.94,14.74,10,43.58,9.72,95.69,6
5187,1,1333.31,3,5,378.03,54.59,6,40.84,5.6,87.99,6
105,1,1135.3,3,4,756.1,41.46,8,0.16,10.72,94.64,6
6347,0,550.0,3,4,1076.85,4.1,9,3.41,14.61,99.68,7
349,1,897.32,2,3,248.28,32.13,9,53.95,23.25,96.28,5
3718,1,1728.37,4,2,892.69,38.83,5,1.28,1.26,86.4,2
2924,0,550.0,1,4,287.23,7.63,7,69.53,6.34,85.79,4
3244,0,1755.48,1,3,140.31,32.19,7,9.17,35.93,91.36,5
5422,0,550.0,1,2,304.95,22.78,5,51.86,13.7,97.18,4
1410,1,1940.29,3,4,795.7,61.26,7,37.89,19.52,87.32,4
5741,1,1204.83,1,4,286.99,38.48,8,4.89,28.66,99.9,6
3141,1,2115.68,2,3,982.06,37.08,6,70.14,40.41,90.43,7
3880,0,550.0,1,3,687.41,30.2,5,29.25,29.36,90.49,2
5,1,550.0,1,1,317.82,62.92,4,141.84,19.99,94.52,1
5835,1,1115.1,1,3,675.68,52.5,6,20.29,16.67,91.68,6
2349,1,804.0,3,2,85.31,2.7,6,4.94,3.68,96.17,6
2969,0,1018.85,2,3,340.4,27.25,6,74.12,28.91,89.68,4
1062,0,890.77,2,3,1208.82,13.4,10,34.36,12.34,99.25,10
6308,1,927.32,2,3,907.4,22.16,4,74.83,18.77,89.54,7
1389,0,550.0,2,2,833.86,9.43,8,83.26,9.38,96.49,5
369,1,877.95,3,2,1109.06,17.89,6,9.58,17.3,95.34,5
589,1,1184.97,1,5,48.27,19.39,9,13.58,6.09,90.72,6
1302,0,765.15,1,4,469.24,15.01,5,59.63,9.69,87.16,4
935,1,1239.85,3,2,47.58,28.45,5,33.02,33.92,95.04,5
3925,0,550.0,2,4,617.07,57.36,8,61.35,21.62,95.78,4
724,0,550.0,1,3,1005.13,9.31,5,45.68,9.01,99.9,5
1799,1,726.54,2,3,547.76,32.81,7,26.82,31.74,95.99,3
1338,0,669.63,2,2,79.51,24.6,4,54.64,13.31,91.17,1
5850,0,550.0,2,2,925.3,4.23,7,127.83,36.2,99.14,4
6989,0,806.38,1,3,833.94,15.79,4,93.14,37.27,89.26,3
3160,1,550.0,1,3,302.6,4.04,4,68.49,13.35,91.08,2
1847,1,1722.32,3,5,311.95,31.43,10,49.38,4.62,98.61,7
743,1,1010.17,1,4,362.01,59.67,9,65.73,14.86,98.49,5
4726,0,931.09,1,3,710.41,0.12,7,42.88,1.76,99.9,5
3963,0,1956.56,4,3,439.89,28.24,9,41.45,25.14,90.96,8
6830,0,834.23,3,3,551.58,19.97,7,64.65,19.2,82.62,3
6336,0,817.54,1,4,549.34,40.29,7,65.57,40.4,94.13,10
4273,0,550.0,1,4,82.5,2.01,9,25.79,21.11,94.0,7
4692,1,1486.33,5,2,425.2,44.52,9,40.15,11.44,90.62,9
852,0,629.32,1,1,451.87,79.91,7,93.85,7.73,98.67,5
4913,0,1299.01,1,3,539.86,26.34,6,74.15,41.07,94.82,2
2829,0,1046.72,1,1,365.58,7.37,7,14.15,14.2,97.97,4
5514,1,857.93,2,4,141.12,0.33,6,1.92,6.41,99.9,7
1195,0,550.0,1,3,103.49,70.32,5,127.08,28.16,94.58,1
3079,0,550.0,1,4,126.93,76.62,10,52.22,19.77,99.9,7
1146,0,550.0,1,4,107.05,70.38,7,83.9,19.31,86.52,3
1968,1,1122.12,4,4,799.18,27.9,6,51.51,0.87,99.33,7
5044,1,1772.98,2,3,839.43,38.5,8,57.86,7.52,94.55,4
5617,1,722.72,1,5,727.14,67.67,8,47.27,15.28,88.47,3
469,0,628.32,2,4,273.04,3.83,8,103.47,31.04,94.78,3
62,1,1044.97,3,5,672.27,15.47,8,52.31,15.42,99.9,6
1975,1,755.0,2,4,807.85,7.79,8,28.54,13.8,86.16,4
206,1,1379.4,2,1,39.47,38.54,4,36.29,24.7,92.66,4
6837,0,550.0,1,3,380.44,55.26,5,0.37,11.4,91.82,4
900,1,550.0,2,2,517.5,7.45,3,55.19,34.38,88.01,1
4930,0,873.35,1,2,422.64,51.86,4,54.69,28.58,99.9,2
5845,1,1204.06,3,3,166.04,13.49,7,46.81,7.9,88.57,6
6579,1,786.27,3,3,669.72,17.43,7,30.71,26.77,90.74,3
5432,0,772.24,2,4,821.65,17.17,9,39.16,27.38,93.11,5
2286,1,1590.23,1,3,599.36,22.85,9,5.58,48.58,93.03,4
6850,1,1264.09,1,4,383.4,44.75,5,13.59,3.44,94.32,6
6547,1,774.57,2,2,633.56,21.05,8,56.93,20.08,92.5,5
4573,1,1255.1,2,3,24.77,33.92,7,59.09,17.8,94.89,5
3504,1,1262.8,2,2,501.86,9.49,8,30.81,3.55,94.82,3
5750,1,1221.1,1,4,249.89,55.6,3,90.49,33.45,84.35,5
6391,0,550.0,2,2,1074.17,58.86,2,45.73,35.87,86.16,2
2938,0,781.03,2,2,311.18,31.48,8,124.24,6.38,88.7,6
4013,1,1216.41,4,5,1059.28,13.58,8,19.19,31.52,99.76,8
2111,0,550.0,1,2,365.11,52.25,4,101.6,31.63,90.11,4
958,0,550.0,1,3,142.71,26.94,7,88.54,16.32,93.87,5
4960,0,550.0,1,3,149.27,37.61,7,62.67,48.44,90.93,4
6709,0,726.61,2,3,334.11,49.31,7,19.28,14.61,88.48,7
3399,0,550.0,3,4,254.76,16.84,6,4.98,28.15,99.9,6
5957,0,976.35,1,3,841.37,5.77,8,70.82,4.13,99.85,4
6065,0,1138.63,1,3,421.68,33.56,9,52.32,22.38,92.56,8
2796,1,2130.18,3,4,24.65,49.58,10,11.66,3.59,89.17,9
6659,0,600.98,2,3,116.32,15.37,6,15.31,17.32,89.48,5
1324,0,1286.07,3,2,187.63,54.68,6,7.62,32.31,99.9,6
2063,0,812.92,2,3,212.02,55.64,7,2.86,7.83,98.55,5
3768,0,1639.69,1,4,432.74,37.29,7,56.46,43.37,93.84,5
1157,0,1119.59,1,3,713.89,53.98,10,14.89,11.41,93.07,6
4793,1,647.08,3,5,5.52,34.31,8,18.66,32.71,98.96,6
6323,1,1972.1,1,5,934.26,19.44,9,51.26,13.29,96.05,3
2508,1,707.14,3,4,424.38,0.62,8,7.86,1.78,93.56,5
6816,0,768.35,3,3,740.02,24.76,7,31.93,0.9,94.12,3
2881,1,1909.91,2,5,624.88,23.62,7,57.97,20.02,98.82,10
2109,1,1325.96,3,3,876.35,13.03,10,55.88,8.51,94.91,8
2529,1,1313.05,2,5,789.87,30.11,10,49.79,8.0,99.53,7
6959,1,1055.58,2,3,276.43,49.74,8,53.76,32.61,90.52,8
468,1,550.0,2,4,696.52,62.44,6,22.06,22.58,83.63,3
3908,0,1500.21,1,4,743.08,78.98,2,23.18,6.1,83.82,2
4211,1,586.53,1,3,880.07,2.47,6,81.83,16.9,99.9,3
1886,0,1011.74,1,3,959.36,35.26,7,29.87,22.32,85.3,8
3835,1,993.08,3,3,664.6,38.4,7,39.67,26.1,96.63,6
225,1,1344.89,1,2,102.77,14.53,8,82.25,17.88,91.66,2
3589,0,1121.1,2,4,437.81,43.68,8,22.44,9.42,99.9,6
4424,0,703.01,1,2,590.18,25.89,6,84.44,19.2,96.23,4
5189,1,1085.52,1,4,83.35,61.43,7,53.18,27.8,90.82,4
5468,1,1647.17,2,2,543.04,1.55,6,16.23,0.32,88.27,6
482,1,932.47,1,3,48.82,38.88,5,35.65,39.16,92.36,5
3166,1,1540.47,1,4,905.76,20.62,10,46.68,20.68,99.9,10
2475,1,1080.83,3,3,779.97,78.38,5,34.1,13.19,99.9,6
5397,1,1403.29,3,5,399.15,16.39,8,11.23,2.58,99.34,9
982,1,550.0,1,2,426.87,44.32,5,52.36,24.62,88.2,4
1320,0,550.0,2,3,25.58,63.9,9,108.67,3.53,95.43,4
2976,0,997.36,1,3,1315.33,24.39,9,6.16,15.9,87.17,6
1517,0,676.49,3,3,1080.43,24.15,6,8.21,14.63,91.05,5
2686,0,849.06,1,2,31.41,46.06,6,47.77,2.22,87.56,5
3502,1,797.88,3,2,718.12,72.84,5,74.97,16.2,86.42,3
148,1,1929.23,3,5,564.42,51.54,10,11.34,2.89,96.37,9
5981,0,550.0,1,4,722.38,25.56,5,38.55,16.46,96.41,4
1651,0,550.0,3,3,824.51,30.05,7,52.35,30.59,93.41,4
1923,1,2041.61,2,3,831.25,50.41,10,55.21,2.53,99.9,9
1509,0,550.0,1,3,316.28,32.55,5,58.96,26.33,91.82,2
6131,0,1773.43,1,3,668.06,10.13,8,62.14,0.51,99.9,6
99,0,783.13,2,2,372.3,52.89,4,83.51,8.74,91.1,2
2453,0,1551.81,2,3,171.86,23.05,8,10.07,11.65,90.13,2
5947,0,1886.69,3,1,757.25,48.29,6,18.49,8.07,88.36,5
1596,0,1026.14,2,3,734.29,25.87,8,52.25,15.83,90.13,3
4236,1,1136.5,1,4,257.18,40.28,7,61.91,32.5,89.74,5
4011,0,1840.34,3,1,426.25,47.4,8,79.06,13.49,96.53,5
262,0,1107.73,1,2,510.97,14.31,5,101.21,23.65,96.34,2
1251,1,1315.47,3,3,532.28,32.95,5,36.99,14.88,81.89,6
6619,1,1125.06,3,1,156.55,30.84,7,6.46,3.19,89.65,4
1255,1,550.0,3,3,270.78,20.43,5,80.52,30.84,88.12,2
2630,0,1374.36,2,3,154.9,36.29,6,3.14,2.85,94.71,8
5260,0,1364.97,3,4,220.55,24.85,8,6.96,2.73,95.31,5
3026,0,550.0,3,4,330.87,26.96,6,20.97,20.08,98.45,4
5280,0,721.17,1,4,209.36,73.48,5,11.6,11.94,96.98,4
3782,1,1055.06,2,3,890.91,68.04,6,29.97,26.56,91.61,4
6940,1,1243.56,3,3,1062.65,8.56,6,47.64,43.01,85.78,2
6929,1,1436.65,3,3,826.36,22.42,8,36.77,25.17,95.08,9
1996,0,1218.0,2,2,571.74,53.18,6,81.37,38.25,90.94,6
6750,0,550.0,3,3,692.34,34.74,5,140.48,40.92,84.22,1
300,1,1431.14,2,5,642.51,52.27,6,54.06,5.18,91.51,4
4239,0,1341.66,2,3,369.36,42.78,8,14.17,11.28,99.9,5
6302,0,550.0,1,4,335.68,39.89,5,43.35,3.48,97.4,4
354,1,550.0,1,5,785.92,24.7,8,106.56,17.31,95.04,4
5113,1,1573.68,3,2,603.98,37.57,8,25.43,1.03,92.26,5
2459,0,550.0,2,3,196.21,30.02,4,4.38,13.8,87.73,7
4186,0,1352.6,2,3,589.73,12.81,7,30.15,24.81,93.06,5
4741,1,1371.0,2,3,397.63,13.65,7,26.75,16.49,92.33,6
6440,0,1148.7,2,4,555.46,3.27,7,100.13,28.76,93.35,4
4877,1,971.19,1,4,891.88,53.22,8,13.85,28.5,87.03,6
177,0,550.0,3,3,652.27,14.79,8,4.84,13.41,95.65,9
5935,0,1339.82,3,4,768.82,38.12,7,23.11,17.28,86.93,5
2685,1,981.69,3,2,519.5,27.1,9,94.85,6.18,98.63,8
1019,1,1161.33,2,4,431.2,25.92,10,18.75,0.38,93.11,8
838,0,550.0,2,2,214.34,62.61,7,29.44,19.47,99.72,6
3046,1,550.0,2,4,241.56,24.63,5,75.28,16.22,95.57,5
3596,1,1636.47,4,3,307.5,46.34,7,59.31,7.49,95.8,4
5477,0,550.0,1,4,762.92,29.73,6,63.84,1.71,99.24,6
5916,0,580.77,1,4,384.16,55.34,6,0.05,13.5,87.04,4
1522,0,1065.11,4,4,950.21,37.43,7,77.58,18.98,91.82,6
4346,1,585.68,4,4,1039.26,19.57,9,108.79,15.36,97.15,7
103,1,1761.22,1,3,1100.2,8.96,9,44.13,7.79,94.47,7
4004,1,1689.08,2,2,777.17,32.95,5,39.78,22.36,93.31,5
6436,1,1893.71,2,2,701.27,56.29,8,88.05,6.43,98.85,7
4610,0,1129.54,1,4,571.13,3.09,8,38.96,0.72,97.92,4
248,1,550.0,2,4,447.39,27.65,9,23.59,33.71,98.95,5
371,1,1421.07,1,4,242.62,38.02,4,61.0,15.38,99.9,5
6992,0,550.0,3,2,694.97,49.34,6,13.27,23.9,89.94,5
1326,0,909.16,1,3,841.63,14.46,10,81.74,12.1,99.9,5
3404,0,1122.76,1,1,325.05,51.18,5,39.52,47.07,95.21,1
2440,1,876.47,1,3,506.68,43.73,4,73.26,5.1,85.25,3
3936,1,806.32,2,3,213.07,15.42,8,23.42,29.33,99.9,4
2443,1,1300.81,3,4,1173.01,3.26,9,121.61,23.36,90.91,6
3974,0,1166.68,2,3,754.17,46.65,4,65.09,33.9,95.58,5
5739,0,1554.26,2,1,294.83,58.82,5,80.36,14.25,90.64,4
1831,1,1457.95,4,1,354.82,43.05,4,8.84,11.68,86.92,4
4623,0,550.0,1,3,652.12,17.89,7,85.32,42.83,85.78,5
2911,0,798.52,2,2,402.75,39.07,6,77.18,2.67,88.7,4
2859,1,2191.53,2,4,721.93,41.0,4,28.38,4.0,87.49,7
3300,1,1214.64,2,3,280.53,14.21,7,21.63,2.96,97.54,10
5561,1,2068.82,2,5,617.05,37.98,9,62.99,4.29,99.68,9
5436,1,1898.45,4,3,820.16,29.46,7,31.71,21.2,95.09,8
5644,1,581.12,2,3,19.27,55.87,8,43.88,6.51,85.39,6
3457,0,550.0,2,3,629.44,16.53,9,16.33,7.07,92.87,6
6982,1,907.75,2,2,296.22,53.95,5,4.78,30.63,93.19,4
4920,0,920.23,1,2,628.62,56.68,6,13.11,27.16,92.05,6
5820,1,1729.78,4,5,1040.52,3.73,9,6.62,3.41,99.71,9
3994,1,1953.8,2,3,734.01,21.96,8,51.75,2.53,98.46,6
587,1,676.94,3,4,504.16,6.87,8,24.54,15.51,99.2,4
2971,1,944.48,4,3,360.88,37.29,6,6.06,6.72,99.9,8
2711,0,822.88,3,1,99.71,57.6,8,20.16,12.25,90.68,5
5738,0,2189.13,2,4,845.53,4.66,9,0.57,15.74,99.09,5
5723,0,661.77,2,2,42.18,21.61,6,29.35,35.1,95.41,6
2617,0,939.03,1,4,300.77,50.24,9,76.76,27.9,98.3,7
5424,1,1684.91,2,5,678.12,18.72,10,44.6,9.12,99.9,9
818,0,1106.95,1,2,593.5,10.43,7,12.23,18.26,86.96,4
5812,1,1620.01,3,4,891.11,35.77,10,63.92,5.63,94.89,8
2640,0,550.0,1,2,468.55,4.29,7,15.24,38.54,91.28,4
5842,0,1112.78,1,3,716.84,16.22,6,32.97,20.37,94.56,5
4640,1,909.46,2,3,355.83,47.66,7,29.92,40.83,87.72,1
1284,0,550.0,2,2,20.18,27.39,5,46.42,29.39,97.1,2
6081,1,1173.31,3,2,449.36,40.64,6,76.55,15.83,99.9,4
3494,1,550.0,1,1,482.24,38.52,5,90.56,42.77,94.11,4
4868,0,692.27,3,2,262.8,6.96,8,93.11,5.14,86.05,3
499,0,1336.58,1,1,938.65,48.3,5,75.04,5.11,96.15,5
1008,0,550.0,2,4,135.95,44.81,9,40.94,36.28,99.9,7
2664,1,1015.9,3,4,512.55,70.59,7,31.45,10.22,89.55,7
2708,1,1335.59,2,2,566.17,36.23,9,5.54,31.97,97.01,5
5942,1,1268.86,3,4,586.33,5.6,10,23.03,16.15,95.0,6
398,1,2082.88,1,3,49.18,39.72,8,56.25,0.95,92.73,7
3538,1,1175.77,5,3,223.27,14.9,9,66.36,12.12,94.8,8
4450,0,601.72,1,4,651.21,47.53,8,133.43,9.04,89.64,7
2616,0,572.97,1,4,414.17,30.54,8,26.68,35.6,93.1,4
509,0,1107.8,1,2,230.53,24.96,5,76.35,26.52,91.75,4
1881,1,1941.32,1,4,423.72,36.91,4,8.42,3.74,92.0,6
6960,1,1647.31,1,4,49.35,6.45,7,7.92,12.83,93.57,4
2809,1,1431.88,2,3,377.05,32.23,9,24.06,19.5,99.45,7
4911,1,956.73,3,4,726.06,7.56,10,25.82,11.36,94.44,6
739,0,1094.17,1,2,865.94,13.97,6,25.27,21.59,95.55,5
5071,0,834.61,2,3,320.57,24.61,6,85.34,30.41,86.85,2
4443,0,550.0,1,1,57.27,17.7,6,36.95,12.82,92.44,3
6446,1,1657.31,3,5,336.55,26.31,7,57.89,0.61,89.93,5
2212,1,934.87,2,2,710.71,49.84,5,16.18,28.4,91.56,7
5349,1,1487.78,1,3,241.84,19.82,9,7.82,11.6,99.9,6
1265,1,1535.24,3,3,228.08,8.32,9,32.6,0.31,99.9,6
5840,1,1300.54,4,4,707.39,7.31,9,19.82,11.44,90.28,6
4121,1,1231.08,3,5,869.92,61.57,9,0.73,33.69,93.78,6
1851,1,1220.57,2,3,986.43,0.4,9,30.66,22.21,88.94,4
3156,1,940.83,3,4,537.0,28.29,7,90.2,32.42,92.31,4
6305,1,1681.58,2,3,476.95,18.3,7,27.82,3.68,98.53,10
1943,0,550.67,3,3,425.01,58.64,7,72.41,34.49,94.55,4
5529,1,1372.17,1,1,873.65,25.83,4,35.49,9.06,96.34,4
6390,1,1120.96,2,3,287.48,42.54,5,51.16,30.84,86.5,2
115,0,710.29,1,4,588.34,43.08,8,63.61,8.06,98.34,4
2411,0,550.0,2,2,949.48,2.48,5,49.95,33.72,92.58,5
2426,1,1529.31,3,3,762.56,32.5,6,51.03,11.26,99.9,4
1390,0,550.0,2,3,486.54,32.23,6,10.28,2.39,93.11,3
6452,1,1162.05,2,4,331.68,10.46,7,64.36,14.26,95.52,6
6674,0,550.0,1,2,658.01,63.86,5,58.33,32.19,99.9,4
4174,0,677.71,2,3,169.54,64.36,5,4.04,36.43,95.65,3
6491,0,1076.36,2,2,229.16,39.77,7,28.01,41.21,92.82,4
6566,1,855.68,4,4,556.58,14.53,10,30.63,2.16,89.7,4
1345,0,690.17,1,2,595.01,68.87,3,39.97,39.67,89.4,5
726,1,1625.16,3,4,583.95,42.91,9,39.49,14.75,97.18,9
2210,0,1105.34,2,2,368.58,60.08,5,66.18,37.72,97.22,4
2800,1,843.07,1,4,479.18,16.36,4,6.4,2.38,92.7,5
6069,0,571.69,1,3,709.35,53.87,2,23.02,24.39,95.45,2
4672,1,1517.93,2,3,446.08,25.24,7,9.86,13.14,97.69,5
1386,0,550.0,3,3,516.81,47.88,6,90.79,5.09,88.33,6
3711,0,550.0,3,1,754.56,3.18,6,15.95,25.03,92.36,2
5463,1,913.16,2,2,371.9,73.02,6,35.25,10.13,93.01,3
1858,1,851.21,2,4,256.07,28.03,9,66.03,10.15,91.92,4
5443,0,1255.51,3,2,601.96,19.88,7,16.71,21.83,96.67,9
2471,1,842.83,2,5,470.72,3.32,8,20.9,17.48,96.68,5
6587,0,998.18,2,5,358.05,4.74,7,79.88,4.86,83.21,5
5729,1,689.99,3,3,525.8,32.47,9,53.49,32.23,95.95,6
2243,0,1002.88,1,2,1017.57,22.95,4,90.51,9.42,94.26,4
4003,0,1326.33,2,2,925.08,70.28,7,65.93,35.28,95.8,6
6094,1,1775.61,3,2,506.02,1.75,7,47.77,11.26,93.0,5
5261,0,1309.32,1,3,99.36,16.29,8,33.73,27.36,98.46,6
2888,0,550.0,1,1,204.36,19.66,2,106.36,39.3,93.27,1
871,1,1300.3,4,4,467.71,8.64,5,50.9,3.89,97.01,7
85,0,897.34,2,3,465.82,29.83,5,64.15,27.25,91.53,5
2629,0,625.88,1,2,314.46,27.68,8,52.93,0.43,92.48,4
6951,1,1660.73,2,2,304.76,12.55,9,26.25,30.23,96.54,4
5625,1,1208.45,1,3,672.11,16.9,6,47.78,1.55,94.06,6
5029,1,1046.87,1,3,296.7,16.2,5,40.57,25.08,83.23,4
326,0,550.0,2,3,182.65,19.69,3,113.37,37.74,99.9,3
5351,0,1053.27,1,3,692.48,53.09,9,50.66,26.82,90.26,5
4393,0,550.0,1,2,508.93,56.96,6,54.31,13.85,99.9,4
4768,0,615.7,3,2,522.94,12.51,9,18.66,22.49,99.9,4
2449,0,550.0,3,2,713.06,65.56,4,51.39,10.6,97.76,4
1363,0,550.0,2,3,708.09,41.43,6,26.78,21.53,94.88,4
1100,0,564.44,2,1,667.33,39.66,6,7.11,10.09,87.27,2
5014,1,1164.5,1,3,528.95,23.02,9,73.74,12.42,93.3,5
3403,0,953.51,2,2,344.14,43.08,7,65.38,14.43,90.13,4
4636,1,1871.4,3,2,1056.66,30.08,6,44.64,0.39,92.26,4
2438,1,1434.14,1,2,302.18,38.27,5,9.21,23.57,90.99,5
2907,0,550.0,2,3,331.95,29.97,6,60.27,16.33,88.98,4
4981,1,1333.3,3,3,564.93,40.56,10,23.59,8.38,90.76,8
2307,1,1540.65,3,2,637.56,20.01,8,30.64,7.93,94.05,8
6592,1,1211.22,2,4,590.32,7.51,7,59.0,17.51,96.59,5
1443,0,739.23,2,2,472.3,37.34,7,43.04,9.92,89.77,8
1613,0,550.0,1,2,130.61,31.0,6,49.05,15.2,93.28,5
1224,1,608.71,1,2,448.97,23.0,5,73.96,1.1,83.11,6
4500,1,1114.74,1,3,392.83,22.19,5,24.38,1.21,92.41,5
6913,1,2129.83,3,5,700.12,36.77,10,0.83,20.87,99.9,9
3120,1,1208.48,2,3,463.28,2.83,6,35.89,22.09,97.61,2
4669,1,550.0,3,5,551.36,48.43,7,91.32,16.36,90.16,5
1424,0,550.0,1,1,433.28,66.58,5,42.5,2.46,92.35,2
6344,0,806.87,2,3,429.91,42.53,8,45.94,28.58,92.6,4
1578,1,550.0,4,3,171.28,35.73,9,0.36,9.93,98.57,6
3292,1,1009.88,4,3,1151.39,53.47,6,2.43,10.29,94.88,7
4815,0,596.2,2,3,441.08,2.24,8,64.7,27.12,95.39,7
4871,1,1092.67,2,4,963.26,21.94,10,61.41,15.54,88.35,9
3099,1,1786.01,3,4,29.69,45.67,10,25.17,22.74,98.06,8
5269,0,590.41,2,1,340.12,9.41,9,45.72,14.72,98.86,6
4564,0,550.0,4,1,621.84,52.63,6,89.9,6.02,90.35,6
4339,0,926.39,2,2,285.3,28.9,8,32.13,22.3,92.51,4
4126,0,818.16,2,2,652.94,16.28,8,12.9,20.93,95.68,6
6873,1,1965.66,3,3,975.98,11.21,4,37.1,14.69,92.84,6
4103,0,2206.64,2,3,732.08,18.53,9,28.64,11.66,99.35,10
3806,1,1035.15,2,6,826.13,48.99,10,20.21,12.98,93.55,8
6203,1,856.11,1,3,973.7,40.3,8,76.15,13.82,93.02,5
4396,0,550.0,1,3,274.41,4.6,7,25.09,26.43,95.17,6
680,0,1340.98,1,2,1008.71,13.05,6,107.22,6.51,83.71,2
6403,1,1065.43,3,2,849.67,8.17,3,78.26,33.08,88.8,1
3621,1,1113.09,1,3,857.27,6.19,8,30.43,9.0,91.8,6
1719,1,1946.29,1,4,1042.52,48.61,8,68.75,19.94,99.9,7
2120,0,735.26,1,3,418.56,49.61,5,59.51,23.78,99.16,4
4812,0,825.1,4,2,1158.99,64.25,7,36.68,24.23,96.93,7
3540,0,550.0,3,2,644.38,1.16,8,11.32,8.1,99.9,3
433,1,1841.69,2,2,631.45,22.37,6,76.23,9.63,92.85,5
641,0,863.31,2,2,502.33,52.52,5,80.9,0.42,92.74,5
3624,1,1378.36,3,2,980.86,33.12,8,16.68,30.58,97.9,4
3201,1,1523.24,2,4,25.07,26.5,9,36.05,2.13,99.43,9
3683,1,897.39,3,3,866.78,67.91,5,29.1,9.05,94.3,4
2040,0,651.16,2,3,669.6,2.35,10,21.52,22.68,97.23,6
6428,1,1429.13,1,4,526.14,54.18,8,8.28,2.22,96.27,7
3037,1,1616.97,3,4,418.23,19.05,6,79.66,1.12,97.52,4
2399,0,550.0,2,3,174.0,21.85,6,104.79,33.35,98.81,7
4255,1,1849.9,4,2,620.4,13.23,7,34.48,42.9,92.43,9
2202,1,627.24,1,5,76.12,12.23,7,39.91,16.99,95.85,5
5425,0,550.0,3,2,912.03,39.76,5,96.86,20.21,97.94,7
3059,0,550.0,1,3,428.63,10.81,5,47.99,11.49,89.9,3
6883,0,550.0,3,2,521.81,5.33,5,55.46,35.96,89.09,1
3919,0,1328.73,1,2,753.97,19.06,4,72.13,19.23,83.77,2
2173,0,1623.34,1,2,154.85,33.47,7,83.11,0.22,87.8,6
3273,0,579.11,2,3,503.17,25.53,5,112.41,9.67,82.98,4
3377,1,559.96,3,3,298.95,54.76,7,14.72,13.59,97.11,8
4787,1,1277.81,3,3,677.44,53.05,9,36.75,3.54,99.9,8
774,0,550.0,3,3,389.02,29.16,8,62.75,1.27,91.96,4
4295,0,1334.82,1,3,153.25,45.04,5,88.77,10.18,92.53,3
3993,1,1523.73,4,3,503.4,1.99,6,4.18,16.7,93.71,8
2470,1,1403.77,2,3,129.39,24.71,6,3.47,4.21,87.01,2
942,1,2068.36,3,4,314.26,54.28,9,66.77,8.89,93.95,8
6290,1,1057.2,2,5,156.59,4.54,9,90.9,1.64,94.29,9
2474,0,556.8,1,3,963.36,13.49,8,35.93,14.03,96.3,5
529,0,674.64,1,3,730.15,13.36,5,6.17,12.54,94.65,4
79,1,550.0,1,3,458.89,49.0,4,76.35,7.26,90.91,3
4959,0,692.45,2,3,733.19,6.93,7,13.57,6.11,99.9,2
4563,1,1320.61,2,4,483.65,34.88,10,111.94,35.85,99.51,7
6264,1,1915.74,2,5,221.86,28.1,10,82.92,14.15,93.86,6
3245,1,637.7,2,3,456.05,16.67,5,1.98,26.33,89.76,4
3636,0,886.37,1,4,398.52,34.23,9,1.34,1.5,99.9,6
165,1,1323.84,4,1,541.45,30.8,7,72.15,1.95,99.7,6
4791,1,862.04,2,4,23.67,7.96,7,89.78,14.97,95.04,6
610,0,1315.31,1,3,776.44,10.45,5,70.14,31.28,94.3,4
2200,0,550.0,2,4,473.24,43.0,6,47.87,13.28,92.19,5
666,0,550.0,2,3,36.3,33.08,8,0.45,17.05,94.62,5
4264,0,550.0,4,3,172.48,22.98,8,44.76,42.02,90.45,3
6181,0,1056.4,1,2,429.11,27.56,8,30.09,21.32,99.9,7
2217,0,550.0,2,4,486.27,12.81,6,60.7,4.78,91.55,3
4770,0,550.0,2,3,332.98,68.79,6,51.46,22.46,96.61,4
3774,0,824.68,2,4,443.81,21.28,9,50.93,7.16,85.32,5
441,1,654.97,2,3,460.78,1.87,8,67.19,21.87,94.12,6
6160,0,1504.02,2,2,1090.01,6.79,7,31.82,22.5,96.77,4
1358,1,1496.96,1,3,729.14,6.88,9,57.47,0.75,97.02,8
1997,0,550.0,2,2,433.46,42.42,6,59.29,44.73,97.08,1
38,0,641.92,2,4,728.7,1.13,9,92.3,15.02,99.07,6
5857,0,1143.71,2,1,1080.91,22.98,5,13.19,5.3,94.91,5
3392,1,1156.34,2,2,750.87,52.07,6,91.68,32.15,99.9,3
4105,1,550.0,2,3,402.36,52.7,5,70.94,3.11,90.32,1
6397,1,763.68,3,3,769.51,25.94,7,2.8,10.0,90.33,4
139,0,550.0,3,2,242.65,45.42,9,3.12,17.34,91.12,3
168,1,1530.02,1,4,175.19,45.09,9,101.8,27.47,92.41,5
2497,1,1021.58,4,3,568.03,39.76,9,41.01,25.35,90.09,5
2528,1,584.56,1,4,675.47,49.66,5,54.63,0.27,93.26,6
728,0,678.79,2,2,371.5,12.69,6,87.35,27.32,89.42,1
4594,0,726.76,1,2,919.43,28.83,6,98.47,32.61,91.83,3
5063,1,1723.34,1,3,859.91,4.17,8,8.56,4.39,97.9,4
6096,0,968.74,2,2,349.9,1.9,6,90.61,22.42,98.2,5
4422,1,992.53,3,3,505.11,67.92,6,56.51,12.5,94.64,4
1004,1,1129.74,2,4,492.98,29.21,8,15.82,35.49,99.9,4
6843,1,1054.61,1,4,438.46,43.44,9,10.16,26.47,96.84,4
2556,1,1418.41,2,3,883.36,35.01,5,35.32,20.71,91.19,1
3291,1,702.41,4,3,819.36,48.76,9,29.51,16.33,99.9,6
2734,1,984.21,3,3,120.1,49.07,6,81.28,33.98,90.17,3
1041,1,1476.04,2,4,263.1,21.04,9,12.01,6.27,95.78,7
3952,0,885.62,1,3,246.89,5.33,9,32.29,28.99,94.46,4
940,0,1261.06,1,3,590.21,40.84,6,23.85,0.14,88.63,4
2978,0,1276.99,1,4,460.49,17.49,8,32.18,2.96,98.23,5
1296,1,1312.83,2,4,1178.25,15.58,9,47.61,18.27,94.58,7
5988,1,1403.85,2,3,48.21,22.13,10,9.46,6.24,99.9,8
827,1,634.81,2,5,623.14,36.13,8,8.96,15.25,93.55,8
6703,1,1176.34,3,2,916.2,2.57,9,42.31,16.69,96.33,7
5596,0,614.7,1,4,693.29,11.43,9,25.55,35.14,99.9,6
4337,1,1395.58,4,2,299.59,38.98,4,29.73,30.69,92.64,6
1108,1,1237.47,1,3,70.59,55.38,7,105.76,35.18,95.78,4
2274,0,788.58,2,3,436.11,2.64,9,3.88,16.06,99.9,4
4139,1,1504.98,4,2,681.11,55.41,7,70.59,6.77,87.94,7
1221,1,1682.77,1,2,652.84,21.68,7,17.07,24.91,91.01,7
3738,1,601.52,3,4,17.2,39.14,7,4.83,27.6,91.02,6
3210,1,550.0,1,2,227.27,42.87,6,65.87,26.98,81.66,4
36,1,1259.78,3,4,550.08,54.61,8,68.01,27.13,91.41,6
934,0,610.18,1,3,323.85,39.15,6,64.11,48.7,94.75,4
3158,1,711.07,2,3,809.8,44.44,4,13.09,35.83,94.07,2
1982,0,699.1,2,2,160.33,74.99,6,86.16,33.61,97.28,2
375,0,1010.8,2,2,489.74,5.04,6,69.94,18.03,90.33,6
5127,1,1692.07,1,5,1222.86,14.24,10,58.4,10.8,91.85,5
6342,1,947.02,2,2,582.49,0.52,8,43.07,5.86,95.01,9
6132,0,550.0,3,4,652.71,15.45,8,80.55,50.84,94.53,4
1431,0,965.39,1,2,895.86,35.35,6,57.21,0.91,97.6,4
2974,0,591.9,2,3,790.45,50.95,6,99.3,38.11,99.37,7
2170,1,1787.89,4,4,800.38,21.09,10,50.93,10.82,95.8,8
2124,0,550.0,2,3,586.28,15.64,4,75.75,12.25,90.21,2
1547,0,1119.46,3,2,828.44,26.99,7,70.06,23.52,99.65,7
2022,1,1765.85,3,3,649.21,47.28,9,16.26,15.78,93.78,4
1032,1,713.64,3,3,481.79,61.6,9,13.3,30.93,90.0,5
2712,0,550.0,1,3,343.13,14.55,5,116.43,29.31,93.82,5
3945,0,1052.01,1,4,667.58,16.93,5,22.58,19.87,99.9,3
4411,1,1345.99,2,3,210.99,19.19,7,67.57,22.94,90.31,7
132,0,1004.76,1,2,838.79,30.1,4,29.4,21.78,99.11,4
2658,0,1103.23,2,2,158.94,32.79,6,46.14,14.39,94.99,5
689,0,550.0,2,3,719.3,5.62,7,62.82,46.22,89.0,4
2027,0,550.0,4,3,193.33,23.38,8,107.01,12.61,99.9,6
1077,0,690.85,2,3,463.16,41.93,8,65.32,22.01,95.61,5
4657,1,1251.08,3,3,282.53,74.56,4,29.14,18.03,95.17,6
5574,1,1373.91,1,3,1342.37,56.55,9,58.65,8.01,96.93,5
1723,1,1236.08,3,2,766.17,21.04,8,47.44,14.17,99.9,6
3049,1,1305.92,1,5,427.58,21.84,8,55.74,6.17,94.18,7
918,0,620.57,1,2,341.6,36.93,4,5.2,50.86,98.69,3
174,1,1810.08,3,4,438.51,1.85,10,104.44,20.82,95.41,10
71,0,550.0,1,2,422.75,43.77,4,32.67,35.18,95.9,2
4685,1,1015.62,1,5,1127.22,73.91,7,70.79,21.1,99.9,7
2250,1,713.17,2,3,133.48,53.55,5,79.27,41.13,97.9,5
4373,1,550.0,4,4,575.71,23.91,8,7.52,10.24,86.52,5
6789,1,1260.83,4,3,790.43,51.64,7,17.87,2.45,95.98,6
3363,1,634.61,2,5,286.52,44.41,7,8.78,24.48,84.27,4
6411,1,591.37,2,5,611.89,31.45,6,39.34,8.41,91.92,5
5357,0,550.0,1,4,88.3,29.27,10,11.33,36.13,97.17,4
3685,0,550.0,2,4,609.95,28.31,6,21.72,14.53,98.91,2
5243,0,550.0,1,4,517.45,40.17,8,62.33,22.09,93.49,4
4933,0,1048.11,3,3,345.78,13.03,6,26.79,6.58,92.34,4
6802,1,573.09,1,4,71.09,25.32,9,64.07,25.99,99.02,8
1992,1,1191.96,4,2,583.2,36.95,7,60.19,2.0,90.53,5
4679,1,1596.29,2,3,1016.59,36.79,6,74.34,9.32,99.9,7
6262,1,1626.51,3,4,486.98,9.16,5,2.58,23.24,93.01,4
5109,0,560.16,1,4,414.34,13.85,3,20.8,24.21,94.9,4
1176,1,550.0,4,3,703.11,62.44,6,53.18,9.2,96.22,3
2916,1,2073.56,2,4,658.55,42.09,5,2.51,11.71,93.44,4
3646,0,1381.83,2,3,768.86,6.93,8,38.1,2.17,96.32,8
2017,1,1316.87,2,4,438.96,28.12,7,39.9,1.99,90.95,7
3699,0,869.37,1,4,998.29,61.37,7,79.2,42.54,95.03,4
1327,0,550.0,1,3,803.59,27.49,8,7.29,12.97,95.66,6
1331,0,550.0,2,2,69.63,46.8,6,20.23,12.4,90.6,4
4603,1,550.0,2,1,342.1,26.33,5,72.02,29.65,96.61,1
2024,0,1085.16,1,3,483.46,69.14,4,14.44,46.72,99.9,7
2792,0,550.0,1,3,113.08,18.03,7,72.38,28.31,93.63,4
1027,0,550.0,2,3,83.86,9.53,6,77.0,24.42,90.03,3
5858,1,916.27,1,3,361.27,21.38,6,39.63,25.66,91.5,3
90,1,1427.45,3,4,14.46,30.83,9,40.0,10.83,89.91,6
510,1,2167.29,1,3,119.79,11.64,9,11.65,18.75,93.84,8
5572,1,569.54,2,3,347.87,39.59,3,29.78,12.98,99.9,2
1171,1,778.36,4,4,774.95,54.21,9,40.27,2.15,99.9,4
3444,0,550.0,1,1,319.11,51.94,3,60.45,28.41,85.77,1
4261,0,862.01,2,2,249.1,0.3,9,33.68,4.06,87.54,6
6030,1,901.77,4,3,619.22,2.35,9,15.86,14.98,99.9,8
3571,1,1681.69,2,3,615.04,7.9,8,29.35,5.82,91.88,9
5327,0,1737.13,1,4,506.46,18.63,6,66.21,10.4,99.0,4
1321,0,1445.05,2,4,425.25,42.65,6,2.04,5.56,93.2,7
6392,0,1051.25,4,2,602.87,32.64,10,14.07,19.95,91.3,6
2049,1,911.89,2,2,227.28,32.68,6,63.38,26.16,87.6,3
197,0,1481.33,1,3,373.24,21.49,7,39.41,14.53,83.86,5
4438,1,1734.13,1,3,483.13,38.08,9,48.66,16.4,95.05,2
6635,1,1614.78,2,3,516.29,7.34,6,98.94,21.96,86.59,3
861,1,786.76,2,2,264.36,22.98,7,30.55,21.3,90.63,7
3884,0,707.6,2,3,823.29,32.6,6,25.55,15.02,92.96,2
1178,0,1511.32,2,5,730.62,49.65,9,57.42,10.04,90.25,8
2953,0,550.0,3,3,692.51,46.01,8,31.68,18.58,96.22,6
2378,1,1067.91,1,2,526.47,24.54,8,131.93,42.67,99.9,6
4,0,614.91,2,2,782.71,63.76,8,22.15,15.01,99.9,4
6494,0,588.48,2,4,323.87,29.81,7,25.23,0.32,90.92,5
3326,1,1635.13,2,3,285.85,19.8,7,8.43,16.55,87.4,7
2019,0,1301.32,1,3,701.13,3.54,9,6.28,11.38,99.9,7
1762,0,550.0,2,3,354.63,36.38,10,50.07,20.66,94.29,5
3179,0,1579.89,3,3,646.67,26.46,7,41.33,24.81,99.9,5
2178,1,699.19,1,2,301.7,16.4,5,111.09,37.0,84.72,2
5294,1,935.11,2,3,365.78,47.13,5,18.18,25.12,92.63,4
4454,0,1278.89,1,3,754.9,33.99,6,61.85,0.73,86.26,6
5289,1,1289.99,2,3,1167.82,65.22,8,19.13,11.6,92.77,8
1795,0,692.78,2,3,547.68,49.8,10,25.17,15.01,99.47,7
3350,0,1046.96,1,3,547.47,7.39,8,1.68,7.51,95.53,5
1151,0,683.19,1,3,293.02,30.63,8,59.58,23.7,97.63,6
772,0,550.0,2,1,691.0,47.44,3,62.45,23.32,94.53,2
3286,1,1996.41,2,4,470.03,3.51,8,44.21,27.26,99.9,10
4553,0,894.61,1,3,191.89,40.59,8,27.97,3.02,91.29,5
1523,0,805.18,3,4,949.4,58.93,3,20.4,21.02,89.88,5
2652,1,1417.61,2,3,91.86,25.98,9,97.97,8.72,89.59,4
6263,0,733.87,2,1,578.69,61.01,2,8.42,15.59,86.9,6
5318,1,550.0,4,5,747.14,26.02,10,39.25,24.72,90.29,6
1840,1,1519.21,2,3,593.97,26.52,8,11.58,11.8,95.02,6
6033,1,1865.64,3,5,542.84,22.83,9,38.99,0.78,96.77,7
4426,1,813.44,4,2,924.66,24.72,6,41.72,39.95,93.7,6
4012,1,1038.3,2,4,1066.03,75.45,7,133.01,6.54,96.24,4
4308,0,550.0,1,2,288.62,51.03,4,111.13,9.2,94.8,1
4505,0,942.18,1,3,721.79,10.89,8,36.56,3.86,94.98,4
5368,0,1297.12,1,4,186.98,46.14,8,55.41,1.1,96.32,5
5372,1,1181.66,1,3,72.85,31.91,5,42.25,17.37,93.34,6
2975,1,846.32,1,3,411.26,50.98,5,16.75,0.44,93.25,4
6238,1,1449.62,4,4,361.41,25.98,7,114.63,9.0,98.36,5
1205,1,1019.73,1,3,577.71,15.02,6,12.29,19.41,99.9,5
4071,0,1349.78,2,1,326.74,51.0,6,49.6,43.34,89.95,3
1867,0,550.0,1,2,126.98,50.22,6,89.21,50.02,87.2,1
4368,0,1366.75,2,2,508.03,43.02,8,106.8,12.3,95.99,5
4488,0,986.38,1,2,72.66,49.75,9,58.57,27.96,97.75,5
6464,0,937.7,2,3,471.65,12.76,10,71.17,0.84,99.9,5
152,1,1447.86,2,4,717.05,12.55,8,32.86,6.49,94.7,4
2298,1,1170.91,2,3,368.51,22.73,5,3.38,16.55,95.91,7
4804,0,694.38,2,2,691.32,4.9,6,70.92,30.89,93.07,6
3772,0,659.38,4,3,1021.37,7.48,6,8.77,37.24,92.56,6
6726,1,1790.43,2,4,205.98,58.46,8,27.69,27.7,96.56,4
448,0,742.07,1,3,865.78,43.01,4,61.23,50.05,96.97,3
1874,1,583.7,3,4,260.14,8.83,10,55.97,23.17,98.66,5
3991,0,884.98,3,3,1100.91,16.42,5,31.02,3.0,93.78,3
6374,0,1313.71,1,2,839.16,39.14,8,83.71,22.42,96.84,5
4643,1,555.11,4,4,620.0,25.52,5,25.87,14.47,97.48,3
4310,1,1115.74,2,2,363.84,26.52,9,52.99,39.91,92.9,6
6577,0,882.69,1,4,404.84,52.67,6,5.51,18.98,90.63,2
3943,1,1083.57,4,3,457.59,54.52,5,76.53,42.93,93.53,7
6371,0,1376.46,2,1,620.53,43.32,6,39.55,32.62,88.42,4
73,0,1535.57,2,2,867.01,6.26,9,30.99,18.84,99.58,6
3062,0,919.69,1,2,875.66,6.51,9,42.13,31.65,97.64,5
534,0,550.0,4,1,761.09,39.02,5,0.13,10.68,91.86,1
176,1,1194.44,4,3,565.41,21.81,10,3.8,13.02,92.97,6
2225,1,1139.31,2,4,882.94,65.66,7,75.51,12.12,94.05,6
4006,0,550.0,2,3,136.51,49.92,4,1.5,26.72,94.0,7
6087,1,1628.4,3,3,929.5,28.95,9,8.32,13.45,99.9,8
1076,1,1137.9,2,3,627.53,28.49,6,33.84,3.52,99.9,7
1447,1,1546.85,4,3,350.83,49.94,8,9.02,23.96,93.99,8
4796,1,1346.8,4,4,1243.9,52.18,6,68.64,8.26,94.13,7
5475,1,1553.97,4,3,367.84,28.59,8,0.51,4.39,96.84,6
6885,1,708.47,3,3,607.66,1.93,7,38.55,8.48,98.45,3
5674,1,1575.75,1,4,399.43,58.72,8,17.91,15.66,90.62,6
1887,0,618.45,2,4,747.35,50.59,8,74.34,30.71,91.97,5
2738,1,1574.12,1,3,342.59,11.23,9,29.54,10.12,99.9,9
5826,1,576.58,1,3,844.2,30.3,3,92.49,16.91,93.64,5
2858,0,786.83,1,5,459.72,33.12,7,65.18,8.71,99.33,5
4319,1,1746.4,5,3,839.8,45.14,9,15.69,12.68,99.9,7
6194,0,725.24,4,1,199.71,20.37,5,107.82,21.13,93.21,1
4864,0,550.0,3,3,947.97,11.06,6,32.93,6.57,88.19,5
4302,1,957.99,3,4,432.24,67.78,9,42.01,4.5,87.48,8
4351,0,871.09,1,2,351.15,2.13,8,5.13,21.37,94.67,5
4286,0,1382.16,2,3,918.85,13.57,6,0.2,22.35,85.05,6
6298,0,974.94,1,1,362.45,24.58,6,109.18,14.93,99.81,3
163,0,785.79,2,3,329.29,29.53,8,56.2,4.07,93.31,6
2331,1,1162.89,4,4,324.98,2.07,7,23.05,0.3,91.41,7
364,1,1510.55,3,2,145.97,40.03,8,10.94,6.26,94.82,9
5581,1,1153.8,4,4,708.58,28.6,9,14.71,17.16,92.55,5
4400,1,1677.82,2,3,510.87,27.46,10,42.24,13.27,98.55,7
5129,0,860.32,1,3,363.89,4.0,7,65.03,23.03,96.33,3
2650,1,1485.68,3,4,621.68,30.01,10,62.91,12.79,97.32,6
2070,1,813.78,2,4,561.36,54.84,9,23.53,31.5,92.59,7
1193,0,713.4,2,3,560.47,12.85,5,51.37,0.31,99.9,5
3622,0,550.0,1,4,433.47,17.92,7,94.64,44.69,88.11,4
4147,0,550.0,1,2,811.5,31.91,6,47.62,34.77,93.8,3
4967,1,550.0,2,1,174.71,35.96,3,107.04,52.99,91.99,1
2473,1,1569.31,3,3,1037.97,14.37,5,84.33,6.04,99.02,4
4847,1,550.0,2,3,367.26,44.88,7,38.43,21.17,95.44,6
6404,0,823.43,1,3,723.64,13.51,8,5.04,30.86,96.3,5
2279,0,1384.97,1,2,699.9,51.49,9,70.86,21.75,97.7,7
4628,0,856.95,2,3,382.5,25.33,9,26.41,29.51,93.75,8
2926,1,1127.11,1,2,409.98,22.18,6,19.86,48.02,93.33,3
101,1,628.88,2,1,179.77,41.63,4,45.89,28.63,92.71,2
3724,1,1140.1,2,3,520.12,38.79,10,74.82,17.84,85.8,8
1972,0,550.0,1,3,300.57,59.71,4,28.63,40.37,92.69,4
1837,0,1142.69,2,3,260.16,33.77,8,45.29,15.37,92.45,4
2192,1,731.56,1,3,1104.37,13.16,7,30.99,49.6,94.38,3
4683,1,658.32,1,3,306.39,35.95,7,55.64,22.35,99.9,6
742,1,1010.05,1,3,673.64,27.42,5,79.32,11.09,91.13,3
1249,1,897.9,2,4,878.38,41.81,6,108.37,23.31,96.31,3
632,1,723.29,3,3,569.25,34.91,6,9.74,18.55,93.9,9
4987,1,1375.64,3,3,700.64,64.46,7,72.34,28.17,95.76,7
5854,1,1045.36,1,3,145.96,43.8,7,1.9,27.68,91.38,5
6010,1,2014.53,1,3,349.18,31.28,6,82.26,19.95,91.7,5
327,1,732.74,3,5,766.49,5.11,8,23.57,2.02,97.68,7
6828,0,550.0,3,3,510.19,17.6,3,43.12,18.93,84.99,2
4916,1,1269.88,2,4,398.28,37.55,9,21.65,4.05,90.08,7
754,1,1717.65,3,3,431.28,0.06,10,9.17,1.88,96.79,6
181,1,1259.71,3,4,482.01,33.45,8,10.05,3.39,88.1,5
2776,1,1381.99,3,4,401.84,58.52,5,18.78,19.93,88.59,7
1055,1,1782.66,1,3,531.74,40.28,4,31.29,32.99,86.93,2
4325,1,1070.45,3,3,1023.25,19.79,7,55.78,5.05,94.06,4
4966,0,723.38,2,3,960.5,46.25,4,95.04,29.49,82.34,5
3093,1,1009.7,2,3,770.03,32.11,7,62.35,17.08,92.1,8
4722,1,550.0,3,3,111.45,33.57,6,1.93,8.14,88.1,4
2451,1,727.67,1,5,487.09,41.64,6,9.55,8.94,98.65,5
3839,1,762.18,2,4,774.24,7.18,6,19.36,8.24,91.16,6
1064,0,550.0,1,3,140.74,37.74,5,136.57,29.99,95.42,2
3986,1,918.6,4,4,29.52,19.74,8,5.46,5.15,97.86,7
1167,0,1066.25,1,4,993.82,47.32,8,78.85,23.71,95.21,4
285,0,748.24,1,3,109.07,7.19,10,56.47,8.84,90.36,7
6801,1,2081.52,3,3,762.01,9.97,10,54.07,15.89,91.94,8
6420,0,774.03,1,3,322.18,6.63,5,46.5,36.53,90.34,5
581,0,550.0,1,3,229.63,23.94,9,60.06,14.81,95.89,5
2306,0,550.0,4,2,782.82,43.09,7,42.4,30.73,96.2,3
2415,1,1327.58,4,4,206.74,34.7,9,41.98,23.68,92.52,6
769,0,1084.91,4,2,830.3,46.78,7,27.96,39.4,96.65,7
5855,0,1196.5,2,2,458.34,76.47,4,33.85,1.9,87.57,6
1275,1,1144.18,2,4,269.27,4.06,9,76.16,4.12,98.02,6
2028,1,1778.42,3,4,89.94,13.36,9,4.34,19.37,99.9,5
2605,0,550.0,4,2,551.59,11.88,8,6.17,22.57,84.03,5
6315,1,1371.3,4,4,669.83,15.07,9,32.74,5.14,95.43,4
4100,1,1086.21,1,4,761.18,25.23,10,28.88,19.41,97.64,6
1666,1,1984.35,3,4,386.43,65.69,6,19.22,1.45,92.24,4
4994,1,1296.17,2,3,737.3,28.4,7,26.85,26.64,99.9,4
936,0,550.0,2,4,275.19,54.0,6,28.92,18.11,91.18,5
1079,1,1406.46,3,3,169.89,11.27,6,36.12,5.13,95.96,4
1784,1,1581.56,3,4,622.55,17.49,10,81.08,29.35,92.82,7
6041,1,1740.47,5,3,489.67,13.77,10,32.23,2.67,89.13,9
2455,0,739.23,2,3,583.95,38.27,7,46.92,31.78,93.8,5
4803,0,748.56,1,4,861.18,46.92,9,52.77,35.37,93.94,5
5075,1,1025.0,1,3,126.63,37.7,8,77.85,21.36,91.88,4
3648,1,1625.51,2,4,523.63,22.55,8,51.93,21.55,91.87,9
1604,1,1080.01,3,4,829.61,30.08,10,85.81,16.2,96.61,4
363,1,594.82,3,4,30.06,16.17,8,17.64,4.12,98.66,4
5156,1,669.93,5,4,426.17,31.86,10,65.06,0.55,87.94,5
1643,0,1246.25,1,2,429.54,24.7,7,91.27,18.66,99.88,4
623,1,1871.75,3,4,633.05,46.58,10,6.9,9.96,99.9,10
3964,1,990.25,2,4,974.18,22.18,6,2.22,24.93,90.51,6
2585,0,550.0,2,1,720.12,46.22,3,11.78,7.91,84.62,3
6266,1,1994.58,3,2,375.71,1.9,5,44.95,0.14,94.39,3
2489,1,1835.01,2,3,842.08,33.75,7,40.01,36.46,95.01,5
4063,1,1635.34,4,3,640.43,32.5,10,23.25,7.25,99.69,6
5833,1,1924.04,3,4,306.9,37.2,8,47.85,23.41,90.52,6
5794,1,1783.22,1,4,383.22,4.02,10,2.77,21.35,91.0,7
6841,0,1125.41,3,2,708.78,55.35,7,5.39,34.98,94.68,6
839,1,1178.17,1,3,786.3,39.16,9,40.0,17.08,95.09,8
2084,1,2149.1,5,3,224.55,51.59,10,2.76,6.93,98.36,6
2723,0,803.66,1,3,483.69,37.51,9,8.61,30.32,94.43,8
5131,0,747.49,1,3,1166.44,26.54,8,21.61,13.38,95.46,5
3550,0,948.18,3,2,122.42,27.35,6,8.22,37.12,95.61,7
5614,0,550.0,2,3,24.75,39.23,7,90.37,21.11,90.03,6
6204,0,1125.42,1,1,854.36,9.64,5,37.31,18.25,88.07,3
6022,0,1480.25,1,3,104.53,20.92,9,58.01,7.37,92.3,3
1172,0,1356.3,2,3,1108.87,12.95,9,27.97,0.87,99.27,5
5255,1,1581.07,2,3,278.44,18.84,8,12.89,12.37,89.06,5
4369,0,641.81,2,3,26.55,12.78,8,45.49,19.24,90.43,4
1541,0,550.0,2,4,249.07,14.86,10,19.63,22.39,98.22,9
6137,1,550.0,3,4,286.37,52.6,7,29.38,34.69,93.11,4
4206,1,1024.61,2,2,1089.41,11.38,6,40.42,25.56,94.72,6
6976,1,550.0,2,2,585.58,53.2,2,87.99,29.27,90.96,2
1577,0,870.82,2,4,333.83,61.22,3,16.33,20.31,86.92,2
2610,1,550.0,3,4,922.02,56.39,6,16.53,4.51,85.38,4
6867,0,550.0,1,3,521.43,53.48,5,46.9,20.44,88.9,2
1653,0,1000.46,1,2,354.08,37.13,8,18.18,26.4,99.9,7
4101,0,890.77,3,4,651.7,28.89,9,5.99,5.94,99.9,5
3395,0,862.58,2,3,548.0,53.0,9,23.81,12.83,99.34,6
5538,0,1065.81,2,2,497.32,38.53,7,64.97,16.98,99.9,4
2434,0,904.42,1,3,334.34,30.02,5,59.97,20.21,86.83,6
3008,0,1044.43,1,3,177.81,15.89,7,35.66,15.53,97.68,2
6769,1,2055.04,4,3,877.21,45.51,10,84.11,3.06,95.38,7
5886,1,1423.75,2,2,223.78,41.92,6,23.2,12.51,93.32,7
3729,0,1351.97,3,2,581.74,31.68,8,61.59,16.56,94.41,5
6827,0,550.0,2,3,183.94,37.1,7,67.96,41.71,99.9,2
438,1,1493.52,2,2,376.53,16.21,5,45.43,3.14,97.7,5
2033,1,1305.51,2,4,783.75,51.56,9,32.58,9.78,96.21,4
887,0,797.81,1,3,859.48,15.99,6,45.27,12.3,93.75,3
4540,1,1356.12,1,3,573.66,31.77,8,4.38,11.09,89.42,5
1586,0,550.0,3,3,346.81,34.1,7,24.12,16.11,83.47,6
1476,1,550.0,4,3,720.12,35.58,10,15.37,9.66,90.3,5
5809,0,1208.86,1,2,661.44,23.08,7,19.06,7.21,96.65,5
1039,1,550.0,2,4,304.19,67.46,8,31.83,26.15,92.85,3
5167,0,1129.85,1,4,558.24,4.93,8,33.4,45.49,99.07,6
2140,1,550.0,1,3,20.54,44.59,6,27.32,38.01,92.54,4
1808,1,1671.16,2,3,237.7,52.17,6,35.95,43.56,95.24,3
3672,0,550.0,1,2,259.13,25.03,8,83.26,11.71,99.9,2
6993,0,550.0,2,3,688.6,50.9,6,67.1,27.76,91.99,5
1245,0,576.05,1,2,705.36,33.8,4,0.2,6.39,86.57,4
2778,0,1260.05,4,3,833.29,30.0,7,50.32,35.26,90.47,5
3362,1,1679.32,2,3,407.86,48.44,8,98.62,24.43,97.15,9
4964,1,571.99,3,4,1014.71,41.72,6,6.24,6.36,92.97,4
4324,0,779.1,1,2,627.22,31.39,3,107.99,41.19,99.9,3
6888,0,626.96,1,3,224.97,27.91,7,93.46,18.03,89.96,4
5421,0,607.97,1,3,1038.68,5.38,7,15.06,1.98,95.96,6
240,1,1467.33,2,4,153.22,46.37,7,37.99,19.18,99.9,5
832,1,923.6,3,4,1037.53,44.11,8,57.03,22.55,97.28,6
319,1,1116.13,2,5,911.13,56.28,8,2.84,12.3,91.83,4
5791,1,554.51,2,5,663.26,57.12,8,56.22,31.31,93.71,6
4733,0,550.0,2,3,812.41,24.25,3,13.02,20.94,97.22,4
3576,0,774.59,1,3,762.41,45.25,7,69.16,16.31,92.04,4
3381,1,915.16,3,2,190.94,42.14,7,55.82,47.98,93.39,4
2061,0,654.74,2,1,129.03,32.25,4,92.29,11.27,87.29,2
6822,0,1067.75,2,3,765.84,10.23,6,20.3,14.59,96.39,3
984,0,550.0,1,2,956.66,28.22,5,18.07,1.2,99.9,1
1693,1,1484.11,4,5,669.33,3.52,10,14.49,10.44,99.9,9
4039,0,550.0,2,4,824.43,9.24,8,43.91,15.25,99.9,8
3183,0,1349.32,1,2,846.47,27.37,8,38.11,22.02,99.9,7
6775,0,660.8,1,2,221.21,33.27,6,92.32,12.74,91.38,6
2594,1,1186.8,4,5,800.46,49.64,10,91.88,6.16,93.95,4
2674,1,2132.54,3,4,829.4,6.96,6,42.29,6.67,92.02,7
5771,1,1379.63,2,3,507.39,32.89,3,54.21,33.91,87.41,1
5191,0,1152.58,1,3,103.59,8.14,7,47.04,26.22,98.84,6
3450,0,945.15,1,1,91.03,7.76,7,31.22,28.58,99.02,8
4894,0,550.0,4,4,483.13,53.63,8,1.57,1.58,98.25,8
5267,1,1464.33,3,3,772.16,46.01,10,94.81,9.89,92.43,6
2932,0,1188.92,4,1,835.27,23.92,3,71.35,22.24,89.93,4
403,0,550.0,2,3,490.96,42.41,4,1.79,14.94,99.9,4
2625,1,814.22,2,3,956.76,4.04,10,8.55,7.13,99.79,6
2898,1,915.54,3,4,641.04,13.59,7,3.98,13.75,88.11,6
6430,0,998.58,1,3,667.16,27.23,7,53.43,19.04,86.72,3
4161,0,550.0,2,3,977.74,37.72,6,77.72,22.3,95.06,2
4606,1,1648.03,3,4,574.84,49.74,9,89.62,6.45,99.9,5
6431,1,2009.45,1,5,292.74,16.29,10,1.29,5.08,87.73,6
5931,1,1046.05,1,3,704.8,30.4,7,80.83,25.01,87.73,6
4706,1,1032.22,1,4,48.87,3.49,8,75.69,25.44,93.82,4
669,1,550.0,1,4,561.86,60.08,6,46.79,19.48,93.54,3
4234,0,761.29,1,3,880.52,15.3,4,35.64,48.06,84.85,3
6984,0,1497.19,2,4,122.48,22.74,10,103.8,16.91,93.31,7
6241,1,1186.64,3,4,775.84,34.22,8,4.63,0.23,90.35,6
1318,1,796.45,4,3,787.55,34.52,8,55.19,19.3,90.5,8
6611,0,550.0,2,4,542.59,52.78,5,11.52,11.65,95.0,2
2919,1,1087.46,1,5,700.07,44.97,9,85.13,8.04,96.55,7
2655,1,1507.66,5,4,6.65,43.4,9,0.84,5.73,95.07,7
6426,1,1002.74,1,3,667.04,49.78,8,19.67,16.97,99.9,6
2386,0,1161.97,4,1,777.01,43.2,5,0.09,10.22,91.53,5
4761,0,550.0,3,4,731.51,6.5,8,74.26,11.1,95.27,7
5117,1,1056.57,2,2,567.28,47.38,6,13.04,21.25,95.19,6
313,1,1850.41,4,2,380.26,12.84,9,22.38,0.61,86.96,4
3980,1,1166.46,2,3,520.05,68.26,6,47.6,10.85,95.17,7
4016,1,550.0,3,4,418.32,45.07,5,29.34,32.21,91.47,5
2694,0,550.0,1,3,201.22,52.54,5,81.68,19.79,89.04,1
3080,1,746.94,2,3,501.69,11.87,9,32.91,27.34,90.89,6
5013,0,903.25,2,3,5.69,22.78,7,63.11,5.03,91.1,4
5733,0,1672.39,1,2,92.0,20.61,6,15.96,3.83,89.6,5
5665,0,685.34,1,2,929.85,35.17,6,29.55,44.02,97.41,2
1372,0,1238.69,1,2,1112.74,17.08,10,48.1,9.79,97.92,7
5028,0,550.0,2,3,779.69,13.96,5,92.09,28.87,91.77,4
6860,0,707.65,2,3,283.43,37.73,5,56.74,9.3,88.86,8
3570,1,550.0,2,5,360.74,23.23,6,64.0,14.44,99.9,3
5528,1,890.09,3,4,269.05,62.7,10,54.09,8.36,95.33,7
3823,1,1608.72,2,4,375.62,29.47,8,60.0,33.66,86.35,5
4195,1,1052.21,2,3,644.02,36.63,8,60.33,13.81,92.85,4
6114,0,550.0,1,2,682.67,36.16,6,21.88,9.17,92.33,4
6463,1,828.24,4,2,552.66,23.73,6,73.67,11.49,99.35,3
420,1,1713.06,2,3,490.96,33.38,8,78.31,30.18,97.93,9
798,1,739.21,2,3,944.13,53.19,6,86.72,21.14,99.9,6
2303,0,1059.87,2,2,839.43,16.47,5,42.99,22.79,86.82,4
6001,0,767.36,1,4,546.27,20.76,9,14.49,0.86,86.1,6
462,0,913.27,2,4,41.47,37.97,4,81.2,10.7,98.1,5
2780,1,1520.43,3,4,659.84,37.87,6,19.06,18.03,99.9,7
1217,1,1384.88,1,3,486.84,17.87,7,92.69,12.6,97.79,8
6938,1,801.36,2,5,488.46,51.06,8,61.95,29.15,95.17,8
67,1,1286.17,3,6,387.44,21.56,7,17.5,0.23,95.34,3
5659,0,777.06,1,4,581.88,25.54,4,49.67,7.86,91.97,1
1243,1,1446.72,2,4,96.14,27.24,7,62.44,7.56,86.73,4
2002,0,984.42,3,2,840.14,32.25,8,24.77,2.63,95.54,5
1642,0,550.0,3,3,31.81,42.39,6,131.09,11.39,99.9,6
2377,1,550.0,2,5,666.56,18.8,10,27.06,0.4,97.02,6
1105,0,1251.87,3,2,1153.38,27.86,8,139.4,7.11,93.9,6
5299,0,550.0,3,4,392.51,8.96,10,27.08,21.61,88.64,8
4584,1,1503.95,2,3,652.72,64.63,2,82.0,22.69,85.68,3
5695,0,550.0,2,2,233.4,2.75,8,37.74,29.72,88.91,6
6507,0,666.18,1,2,320.07,56.8,7,91.43,20.78,99.7,5
1262,0,550.0,1,4,221.67,50.54,8,24.7,23.05,95.89,4
5570,0,550.0,1,1,472.17,2.96,6,18.29,16.01,93.16,2
5500,1,556.0,2,4,850.34,15.39,8,18.51,26.62,88.87,5
4220,0,1550.51,2,1,148.42,12.28,6,3.63,0.38,95.53,5
981,0,562.66,1,4,1033.7,31.32,7,39.75,15.11,98.52,6
1418,1,938.02,1,3,130.91,22.04,7,19.66,23.46,94.91,5
1983,0,550.0,2,3,513.93,21.3,8,42.5,15.83,85.08,5
1803,1,1456.98,1,2,664.5,65.76,9,46.8,12.77,94.98,1
605,0,859.02,1,3,471.27,41.98,7,44.95,17.82,99.9,4
2080,0,550.0,1,4,847.47,11.16,8,69.35,13.86,98.0,4
1888,1,638.38,1,4,710.83,46.29,10,101.86,1.33,95.93,9
3302,0,1412.23,5,2,827.51,35.62,9,55.21,52.57,87.69,3
1204,0,550.0,1,4,492.37,37.45,6,53.11,11.73,87.58,2
2236,0,1027.64,1,3,456.62,56.63,5,56.55,1.19,95.56,4
4612,1,957.8,1,4,531.17,6.13,8,104.45,0.4,99.27,5
333,0,931.48,3,2,441.0,23.97,7,41.32,23.8,95.42,6
1229,0,550.0,1,2,494.49,20.81,5,72.23,26.47,87.61,1
4056,0,550.0,1,2,273.57,16.48,6,29.86,39.34,89.53,3
3508,0,1001.09,3,2,170.91,50.77,6,65.95,22.74,98.03,5
49,1,1594.17,2,4,567.07,0.05,10,25.66,10.42,98.1,7
4566,1,724.56,2,2,657.44,25.11,6,83.92,16.81,95.44,3
3420,0,642.36,1,3,505.06,23.25,8,9.28,11.26,96.05,3
3233,0,711.33,2,4,60.84,33.17,2,38.95,21.66,87.4,2
5578,1,776.64,3,3,574.18,23.16,6,47.78,17.25,89.03,7
1165,1,1852.27,1,3,329.49,25.56,10,7.53,27.03,91.82,8
4193,0,732.31,2,1,617.27,37.07,7,97.95,4.47,98.74,4
6650,0,1057.59,3,2,302.05,18.67,6,52.69,25.17,99.9,7
655,1,1531.71,1,4,318.78,40.63,9,71.76,9.98,97.88,6
3498,1,2173.66,4,3,713.77,12.95,7,73.17,13.58,99.9,10
5803,1,550.0,3,4,538.91,27.11,4,38.35,7.16,85.24,5
3739,0,550.0,1,3,30.37,47.77,6,45.94,36.89,95.67,6
3453,0,550.0,2,2,622.5,24.53,7,18.87,6.01,90.75,4
3087,0,889.9,1,2,523.92,51.48,4,134.96,32.93,91.66,3
2579,1,975.2,3,3,505.11,16.78,7,7.75,23.13,92.96,6
6966,1,1377.51,3,4,33.1,71.59,6,62.77,0.9,90.89,3
1469,0,2047.85,2,2,667.98,28.65,9,42.05,4.53,99.9,6
4904,1,1934.49,2,3,227.09,66.53,6,35.68,8.88,89.48,6
457,1,1337.26,3,4,159.82,20.92,8,44.41,1.65,97.15,7
5108,0,681.75,1,4,671.24,41.98,5,2.59,22.86,95.41,5
1097,0,550.0,1,4,116.43,9.97,6,34.9,7.69,96.68,5
5708,1,886.35,3,2,383.8,17.62,8,26.97,15.34,97.51,6
2525,0,1797.71,4,2,517.93,40.12,9,16.94,25.35,97.42,6
4632,1,1714.11,2,5,155.15,20.35,9,4.5,18.4,97.37,7
6851,0,719.94,2,2,441.85,20.39,8,47.4,38.22,99.9,6
656,0,550.0,3,3,574.77,42.01,6,57.96,30.3,99.9,2
4531,0,1117.44,1,3,654.84,31.69,7,84.53,28.75,92.97,2
6510,1,757.44,1,3,732.86,35.36,7,50.08,22.21,96.8,6
4033,1,925.18,3,3,648.46,27.4,8,26.17,7.9,91.37,4
3011,1,945.19,1,4,266.94,7.87,7,32.67,15.37,97.37,5
459,1,2105.87,4,2,25.33,46.44,10,79.01,25.17,98.58,10
2545,0,700.38,1,2,563.56,28.13,6,116.62,12.74,99.9,7
2659,0,689.33,3,2,710.52,32.73,5,67.73,24.27,92.5,6
6209,0,550.0,4,2,981.28,26.15,6,57.02,16.07,97.21,6
2336,0,916.71,1,3,579.87,28.83,4,27.64,8.22,83.99,3
179,0,1198.14,2,1,137.93,6.15,7,54.8,5.9,94.9,6
1432,1,1255.64,4,2,625.39,6.03,5,46.96,2.72,91.14,3
2638,1,1312.76,4,3,814.86,5.97,8,43.85,4.17,99.9,7
1291,1,1919.08,3,4,178.23,7.12,10,15.98,16.01,99.9,7
3795,1,1565.14,2,4,888.22,32.79,6,45.14,10.23,90.69,8
3230,1,691.05,1,5,1185.71,39.52,7,21.72,14.61,87.69,5
516,0,818.4,1,4,740.32,1.36,7,53.03,21.14,88.53,2
4093,1,799.57,1,2,460.93,40.2,9,46.71,29.26,94.76,5
6626,0,835.93,1,4,498.89,34.48,7,19.62,23.36,99.9,3
3524,1,571.47,3,4,850.65,30.14,8,23.54,23.56,84.7,3
6558,0,550.0,1,3,734.61,32.58,3,91.05,8.55,90.02,4
6610,1,1021.92,3,2,397.07,55.42,7,17.54,21.88,95.0,5
5767,0,593.45,3,4,333.42,70.86,6,23.82,11.24,90.89,5
5853,1,2034.08,2,3,230.2,6.35,10,20.63,7.33,83.04,4
5179,0,1051.64,3,2,572.91,23.99,10,43.72,3.84,99.27,9
4001,0,853.27,1,3,313.58,16.78,6,77.79,7.52,99.9,2
6722,0,1247.13,1,2,570.45,56.62,6,66.28,11.14,95.19,6
816,0,986.66,3,2,490.08,46.58,6,11.94,8.3,89.88,3
1839,0,558.95,1,2,586.86,63.23,5,91.16,26.89,95.43,5
1924,1,907.53,1,4,179.96,11.45,2,30.71,43.65,93.41,4
2118,0,1427.16,3,3,158.07,14.57,10,50.85,9.89,91.81,9
5046,0,1358.53,1,3,832.65,27.9,8,44.67,18.47,85.46,6
1356,1,1226.31,3,4,214.73,5.54,8,59.93,7.63,96.42,5
6571,0,756.26,3,5,104.8,37.59,7,35.28,7.57,95.53,6
6909,1,620.02,2,3,720.97,42.93,7,26.42,25.05,90.82,4
803,1,1421.05,4,4,788.01,43.06,10,10.07,12.68,88.41,8
5527,0,1132.88,3,3,686.08,1.66,10,72.09,31.97,83.1,8
3886,1,729.32,2,3,808.84,50.3,9,20.49,1.46,88.8,4
6813,0,579.75,2,3,656.08,2.54,8,26.87,29.38,93.79,8
417,0,661.76,1,3,316.68,24.52,4,26.37,7.78,83.84,2
5200,1,1097.15,4,4,295.28,29.97,10,13.81,25.77,99.9,10
6921,1,1489.32,4,2,746.63,3.12,8,12.78,14.62,99.9,3
3355,1,1191.94,1,3,343.99,43.74,7,37.49,25.66,99.9,5
711,1,1386.37,2,3,590.93,48.09,7,44.33,4.47,99.9,6
5087,0,550.0,1,2,272.42,8.17,9,24.19,22.25,99.9,8
6853,1,639.15,2,3,272.52,23.78,9,0.41,1.58,92.14,5
988,0,1002.74,2,1,81.65,43.42,6,87.01,29.88,99.9,3
4043,0,2162.74,4,4,686.13,58.59,10,3.75,5.31,94.29,6
718,1,1368.13,1,3,635.82,35.67,6,61.85,14.21,84.71,7
3325,0,1041.99,3,4,345.04,30.18,5,55.61,16.72,93.72,5
193,1,1778.46,1,5,657.76,63.4,9,53.84,3.29,91.84,6
5756,1,1405.88,2,4,887.54,34.9,6,19.14,13.49,99.9,6
460,0,959.84,4,3,398.1,2.65,8,95.46,2.47,99.9,8
3633,1,1423.57,4,6,249.96,21.33,9,54.89,11.77,94.53,10
4055,1,1440.35,3,3,326.94,37.32,7,54.7,22.3,98.79,6
2868,0,550.0,1,2,324.23,49.83,4,70.19,15.66,96.02,2
2875,1,1236.55,2,3,305.73,41.27,9,87.29,5.26,96.03,8
3637,0,1811.78,1,4,491.15,3.73,8,56.01,6.37,96.72,6
5121,0,550.0,2,3,635.25,42.7,4,13.14,7.63,96.49,2
6453,1,1316.24,3,2,417.11,8.5,8,41.5,11.03,92.38,7
6585,0,1213.55,2,3,1224.48,30.91,8,26.43,3.29,99.9,5
6859,1,550.0,1,1,185.55,12.87,5,28.39,26.59,90.59,4
5504,1,901.0,3,3,35.04,21.19,10,4.84,19.49,89.47,5
2518,1,1478.31,3,3,384.55,28.23,9,74.89,8.07,88.83,7
463,1,1267.8,1,4,892.99,13.36,7,12.69,25.54,96.55,5
3146,1,1748.79,4,5,332.43,42.26,10,39.31,23.17,98.48,9
96,0,1620.01,2,2,940.72,35.52,6,44.53,6.41,95.22,4
6296,0,1195.3,3,3,340.34,11.28,10,19.06,1.87,94.23,6
3275,1,1092.14,4,4,344.8,25.94,7,45.81,25.77,86.74,6
2273,0,1255.62,2,3,147.68,1.34,9,78.37,14.22,93.64,6
3287,1,839.82,3,5,700.17,3.51,5,58.65,34.84,87.49,5
6839,0,1473.19,2,1,283.37,2.04,8,53.6,2.95,94.42,5
3554,0,1069.43,3,2,624.27,7.39,8,54.85,2.94,97.53,3
1272,0,1299.69,1,3,424.48,23.92,6,43.32,24.3,90.26,7
3627,1,1213.2,5,3,107.47,20.09,10,102.07,5.07,99.9,7
1003,1,749.4,3,3,1098.2,30.32,9,28.27,7.87,99.29,6
6679,0,550.0,2,3,143.45,18.98,5,80.88,28.25,90.66,3
166,0,550.0,1,2,424.8,35.81,6,53.91,10.86,90.25,5
201,0,693.72,2,2,867.88,27.4,6,6.11,15.4,92.96,4
3958,1,1181.68,2,2,157.44,28.71,7,7.59,23.65,97.42,7
2247,1,550.0,2,2,453.98,35.2,5,41.17,3.57,92.79,4
2660,0,1508.17,3,2,550.37,11.22,7,46.01,11.28,97.25,8
4716,1,1674.78,2,3,126.6,67.71,5,35.09,23.0,88.65,6
4203,1,1803.59,5,2,136.85,8.95,8,4.28,10.05,90.99,8
3072,1,1569.6,1,3,162.21,7.71,9,11.62,27.94,91.87,3
4303,1,951.87,1,2,414.15,32.25,7,29.56,17.71,87.14,5
3493,1,1304.4,3,5,721.92,31.0,9,13.6,10.5,91.37,6
6856,0,550.0,1,3,466.3,45.99,5,35.79,19.96,93.52,2
4999,0,676.56,3,1,552.24,30.05,5,12.6,18.77,91.51,5
4598,0,1070.9,2,2,683.25,38.34,4,76.04,4.25,93.18,2
6584,0,550.0,4,3,644.33,29.23,9,0.02,12.27,95.34,6
3428,1,550.0,2,4,1075.76,11.65,10,30.91,5.49,96.61,6
6215,1,1406.33,3,4,58.68,13.03,9,62.5,2.4,91.77,8
1116,0,1324.76,2,3,591.56,0.53,10,40.36,28.77,95.09,6
4227,1,1863.33,1,3,857.09,4.57,9,3.76,5.98,88.68,8
3085,1,1128.8,1,3,319.12,25.33,4,72.41,52.07,93.3,4
2127,1,1838.9,2,3,510.38,25.36,8,65.43,16.96,92.56,8
6467,1,1310.14,3,3,922.79,48.03,8,22.62,8.42,94.52,6
741,1,792.4,4,3,720.05,38.52,10,33.96,12.53,91.15,9
4249,1,1368.21,2,3,64.97,49.94,7,42.88,6.13,90.8,5
1977,1,1176.95,2,4,139.33,34.12,7,56.68,2.56,96.15,6
5197,1,1423.6,3,3,269.11,35.1,10,52.0,15.42,96.44,8
2360,1,1457.84,5,2,467.27,2.95,8,5.81,9.22,99.9,10
2752,1,1084.97,4,2,730.03,58.38,6,61.15,26.1,94.97,6
5040,1,855.78,4,3,259.1,27.56,10,37.31,0.36,95.34,8
234,0,550.0,1,2,71.09,31.67,4,136.09,27.2,95.22,1
5343,0,733.29,3,2,141.91,32.07,8,0.89,34.86,89.35,5
5540,1,1050.8,3,3,639.11,22.15,8,77.06,42.99,99.21,6
4850,1,1952.95,2,2,539.04,18.03,6,71.58,48.75,99.9,7
4472,0,690.82,2,5,983.03,50.05,10,25.08,1.17,96.46,6
5715,0,897.47,1,3,112.36,46.24,6,48.85,9.88,97.7,2
3298,0,712.03,3,3,133.02,18.75,7,101.05,22.69,90.48,6
565,1,1312.22,1,3,31.51,23.51,6,1.64,1.14,85.09,4
296,1,550.0,2,4,130.93,21.83,6,7.03,5.71,95.18,2
1441,0,550.0,1,3,78.01,38.2,6,23.61,11.65,87.43,7
3703,0,1027.55,2,1,498.04,20.68,3,87.26,29.83,89.89,1
3630,1,736.06,2,4,643.32,38.98,9,99.69,1.62,94.83,6
4297,1,1379.3,3,3,290.12,3.39,8,9.22,4.97,89.9,6
2323,1,1225.4,3,3,914.01,13.38,6,8.14,1.76,99.9,7
2770,0,1182.5,1,2,456.78,35.23,5,39.73,31.3,95.51,1
5480,1,1122.01,4,3,412.55,53.08,10,57.25,6.62,94.69,7
150,1,550.0,1,2,288.91,45.92,3,68.46,25.51,89.52,4
748,1,1915.77,1,4,651.22,43.37,9,77.12,7.49,96.86,8
4673,0,1136.23,2,4,634.95,54.97,6,19.17,6.92,95.79,6
419,0,613.32,1,2,895.23,61.27,4,8.04,27.62,92.6,1
664,0,550.0,1,3,144.77,54.85,2,92.21,8.68,97.16,6
3427,0,1608.93,3,4,276.48,33.73,6,30.1,16.05,96.76,5
6332,0,1506.26,2,4,591.29,7.11,10,39.02,11.18,93.47,7
5092,1,670.93,2,4,1133.11,24.92,9,0.98,18.1,96.2,6
6104,0,1036.32,2,2,537.22,28.83,7,39.83,5.5,93.43,3
1419,1,1033.49,3,3,326.57,37.44,6,45.38,25.52,95.1,5
721,0,817.26,4,2,942.17,17.58,6,114.97,33.9,86.02,3
3544,0,843.57,1,2,540.72,47.61,6,66.24,32.61,90.69,6
4825,0,1289.64,3,1,119.59,14.19,6,19.5,28.15,92.26,3
3764,0,627.81,1,2,966.52,42.58,7,32.38,33.06,93.44,4
74,0,1513.75,2,4,462.52,31.62,7,32.43,32.14,98.58,3
1768,0,1167.09,1,2,498.37,35.05,7,46.91,24.77,96.27,5
6221,1,1666.04,2,4,369.84,5.77,7,120.17,34.31,90.93,6
3216,1,1435.99,3,1,1155.44,19.03,7,66.16,2.86,96.8,6
6614,1,1309.91,3,3,335.19,26.23,7,37.93,1.82,92.67,2
6314,0,555.0,2,1,740.36,33.9,3,40.76,26.61,94.46,3
4212,0,1679.53,2,3,203.13,14.86,9,13.2,12.43,97.33,8
6049,1,994.11,2,3,841.01,15.19,9,80.63,16.99,92.54,8
5524,1,1385.96,3,3,47.23,16.35,7,16.12,25.32,93.98,6
3604,1,1811.08,2,5,856.26,57.76,10,19.48,18.66,97.4,7
5410,1,990.47,4,3,742.61,10.73,9,20.94,1.66,87.77,7
2894,0,1191.08,2,1,988.35,65.89,5,38.99,26.4,91.77,4
2150,1,1345.36,3,4,218.21,14.77,10,69.46,14.17,99.9,8
4335,1,1681.2,2,3,265.16,30.33,9,29.81,30.38,89.04,5
6363,1,1360.01,2,2,165.16,37.04,5,77.89,10.63,88.16,4
3669,0,997.54,1,2,289.46,11.11,5,88.56,41.92,90.98,1
1270,0,837.24,2,3,159.38,57.1,10,66.66,11.59,85.65,6
1242,1,1612.72,2,3,1324.12,43.94,9,13.92,1.02,99.78,10
1654,0,914.2,2,3,306.21,51.44,7,69.26,38.6,99.9,5
2226,0,1157.16,2,3,344.06,38.0,6,32.79,33.59,99.9,5
3639,1,777.23,1,3,355.11,18.41,6,49.64,0.74,99.9,5
4171,1,1583.22,3,5,600.23,14.12,10,19.29,0.89,99.9,5
4670,1,1864.9,3,3,468.03,28.07,10,46.56,22.83,92.5,2
5732,0,1765.19,1,1,1019.86,41.8,6,7.49,9.99,86.42,6
3003,0,1214.26,2,3,608.01,13.04,7,29.49,2.39,87.96,5
5007,0,740.88,1,1,463.34,17.79,5,13.34,33.31,85.77,3
35,1,1477.56,4,4,1071.19,25.58,8,44.02,23.52,99.9,6
6254,1,912.18,2,4,466.76,0.46,10,39.33,3.47,98.21,5
3165,1,1588.95,1,3,587.24,62.59,3,42.69,10.2,85.52,4
5439,0,550.0,1,3,466.41,10.11,7,23.36,33.09,91.45,4
4588,1,1395.04,2,3,770.71,2.21,8,50.88,4.39,95.33,7
311,1,1757.89,2,2,442.04,17.84,6,45.33,15.94,95.03,5
1937,1,696.81,1,4,743.16,54.19,6,41.2,1.89,93.05,5
1411,1,1130.98,3,3,728.38,7.6,7,72.66,26.38,88.87,6
6861,1,978.99,3,4,659.92,10.14,10,29.76,15.14,99.9,8
2665,1,838.01,2,3,528.53,39.56,9,3.25,9.94,93.58,5
2131,0,550.0,2,2,827.99,37.23,8,53.68,14.52,92.54,6
5970,1,1280.42,3,3,281.29,23.65,8,85.72,26.24,96.14,5
4276,0,570.34,2,2,436.75,51.91,4,48.41,22.34,95.22,5
2561,1,550.0,2,5,116.38,18.99,8,84.7,0.15,87.68,3
4176,1,1464.41,1,3,557.48,34.62,5,2.19,17.64,87.77,4
16,1,859.83,3,3,708.09,21.88,8,23.49,11.97,91.77,5
1591,0,1408.62,1,2,10.2,60.58,5,7.86,29.47,98.42,4
1714,1,1511.53,3,3,418.15,6.65,7,9.27,1.14,86.91,6
3464,1,1061.61,3,4,117.16,14.98,7,70.58,3.44,99.6,7
6103,0,1928.33,3,5,46.18,22.49,8,48.88,9.58,99.9,10
274,0,550.0,1,2,678.37,2.88,10,66.75,46.7,97.92,6
4352,1,1647.88,1,3,605.78,39.02,6,81.17,0.09,96.84,4
2878,0,1608.32,2,3,1111.4,32.16,9,32.37,14.37,93.45,5
1515,1,1313.64,3,3,761.28,26.27,10,19.15,8.72,96.97,6
590,1,1597.38,3,4,376.09,24.5,10,15.7,5.79,99.9,7
2726,1,1857.6,1,2,451.37,37.19,5,18.55,27.19,97.58,3
5165,0,1608.94,1,5,378.38,9.82,10,18.1,15.37,89.19,6
2729,0,550.0,1,2,250.61,62.52,5,33.42,22.33,92.67,4
2706,0,550.0,1,3,365.58,0.61,5,53.64,27.4,97.92,4
6176,1,1532.66,5,4,745.06,27.68,8,81.21,3.02,92.71,7
1069,0,941.81,2,2,439.59,22.22,7,94.67,5.22,91.45,4
412,0,692.76,2,2,360.81,17.65,7,53.76,27.9,95.75,5
514,1,1406.63,1,3,68.52,34.58,7,33.31,4.0,89.65,5
196,0,550.0,1,3,621.03,39.89,3,52.95,20.42,94.63,1
1521,0,550.0,2,2,491.76,54.29,9,6.74,8.57,99.9,3
6171,0,550.0,2,2,573.66,47.17,7,19.87,18.69,99.9,4
2268,1,1406.94,2,3,1166.61,46.11,8,41.97,31.71,89.92,5
1377,1,964.37,3,2,750.08,24.98,6,15.99,21.3,96.82,3
1775,1,1406.02,2,2,401.06,54.95,7,10.78,43.94,92.81,6
2876,1,550.0,3,4,933.51,49.59,10,31.22,29.38,97.54,7
6823,1,1326.29,4,4,174.91,13.25,9,33.4,20.54,94.7,6
6907,0,1463.95,2,3,464.89,42.67,9,84.35,9.17,90.65,7
4031,1,818.83,1,4,845.29,44.12,4,8.02,40.61,99.9,3
4140,1,823.98,4,3,1300.08,28.98,7,18.82,23.71,99.9,5
4170,1,953.36,3,2,692.27,17.44,8,68.46,2.89,93.25,5
3222,0,992.01,1,3,491.68,34.03,6,77.53,18.6,94.58,5
2766,0,937.62,1,2,860.75,41.36,7,68.24,27.95,96.29,3
3992,0,709.19,4,2,73.71,37.96,4,42.64,26.61,93.76,3
848,1,1747.75,2,4,651.49,20.41,8,8.88,7.77,89.16,5
870,1,1903.44,3,2,713.63,26.04,6,1.93,12.98,97.71,5
6312,0,1437.55,4,2,648.85,4.35,8,101.88,9.0,93.8,5
5800,0,1284.14,5,3,26.05,10.11,8,98.38,15.23,93.39,5
3901,1,1946.01,2,2,988.21,13.96,6,56.97,8.29,92.3,7
155,0,1456.13,1,2,505.8,18.49,7,17.64,18.58,93.8,4
1697,1,1361.08,3,3,932.45,46.14,6,116.42,20.88,84.7,7
5752,0,1044.25,2,2,910.52,29.77,8,83.63,27.18,89.89,2
1761,0,1368.31,1,3,353.26,23.94,7,4.41,14.93,96.27,7
2213,0,1120.08,2,2,980.87,49.98,4,18.34,10.21,99.9,4
3283,0,550.0,1,4,794.9,42.49,8,15.41,7.2,87.89,3
3202,1,1077.67,3,3,603.2,60.19,8,19.94,1.17,96.39,4
5774,1,1571.87,2,3,791.44,26.56,5,61.04,37.91,98.53,6
1007,0,1312.45,1,2,254.48,74.74,6,52.27,33.63,86.17,5
1797,1,1998.75,2,4,783.16,49.96,10,17.16,12.23,95.53,6
6973,1,1520.26,1,4,364.53,14.66,8,102.46,23.0,97.73,6
178,1,652.85,3,4,655.21,21.09,6,68.43,6.85,96.15,5
2725,1,1067.19,3,3,186.29,53.0,4,43.61,9.85,98.48,4
2179,0,961.63,4,2,328.41,51.92,8,5.27,9.7,90.8,3
4433,0,591.18,3,1,432.3,14.47,8,22.72,21.14,99.9,3
1880,0,1302.95,2,3,3.34,4.61,8,85.73,10.46,90.36,7
1450,0,1114.83,2,5,315.97,17.94,7,62.92,8.29,98.47,5
1305,0,1041.16,1,2,433.62,67.75,6,82.52,20.81,94.16,5
4345,0,550.0,5,3,388.91,29.48,5,113.37,19.92,91.76,6
3848,0,550.0,3,3,446.33,4.31,5,36.66,38.23,99.44,4
6217,0,1886.97,1,3,7.94,4.8,6,0.71,13.72,87.05,6
6963,1,981.54,3,2,604.13,11.37,6,62.37,13.38,95.62,5
6335,1,1569.56,3,3,989.79,21.47,9,30.48,17.42,91.78,5
1491,0,1505.14,2,3,385.07,36.62,8,60.84,27.63,99.9,8
1057,1,675.02,4,4,218.21,53.63,10,8.42,0.51,98.41,6
2540,0,850.9,2,2,166.22,6.79,6,33.24,36.58,98.72,3
2621,1,550.0,4,2,604.98,13.7,10,34.6,12.31,99.34,9
4824,0,878.21,2,1,727.94,4.42,8,5.44,2.83,93.36,6
1732,0,596.69,1,2,510.99,31.65,6,21.49,2.21,99.9,2
544,1,1168.93,3,4,143.66,24.84,10,39.15,7.6,91.26,5
5717,1,1433.01,1,3,646.99,31.51,7,64.14,9.14,95.29,7
1750,0,550.0,1,4,347.77,56.08,8,76.54,40.98,88.46,1
1483,1,933.75,2,4,918.93,33.12,10,50.43,5.23,94.39,7
4429,0,730.03,2,2,631.71,71.7,7,57.13,26.99,91.6,5
5073,1,1343.93,1,4,235.42,41.03,5,84.48,32.86,96.14,3
5074,0,967.5,2,1,619.84,56.21,9,32.92,30.64,89.77,4
4407,0,1154.08,2,3,177.44,4.93,5,79.25,6.45,99.9,6
5734,1,550.0,3,4,234.87,58.21,7,119.98,24.44,91.26,3
1078,1,1064.85,2,1,125.42,48.73,6,60.8,10.71,88.14,5
4441,1,1522.38,3,2,155.02,34.47,5,88.49,2.48,96.65,7
2847,0,598.21,1,4,433.83,49.93,7,10.66,8.89,93.02,7
5077,0,1408.21,1,2,449.96,46.21,2,19.26,14.24,92.75,3
1128,1,550.0,2,4,573.4,32.94,6,46.08,12.35,92.18,5
4492,0,1094.63,1,3,1085.71,54.08,4,52.65,14.2,92.44,4
5030,0,550.0,1,2,55.33,11.54,7,48.84,40.58,96.66,4
5728,0,1122.06,1,2,145.52,56.0,4,65.31,34.52,97.85,3
937,0,1161.71,4,3,774.41,0.81,10,74.0,19.17,91.74,8
5989,1,1502.76,3,1,28.7,34.63,4,44.45,11.42,89.17,9
5976,1,1679.19,1,3,536.71,13.46,6,79.36,32.09,95.37,8
5766,0,1280.45,2,4,777.26,36.67,9,71.64,6.42,99.9,7
5668,0,550.0,1,3,167.25,34.45,4,60.67,41.96,88.6,2
121,0,930.21,2,2,566.0,40.66,4,34.76,26.76,94.9,6
6387,1,966.94,5,3,674.08,6.77,5,58.14,2.06,97.52,5
6934,1,1115.69,4,3,244.51,19.22,8,19.15,48.23,91.04,7
4876,0,605.01,1,3,474.55,43.92,5,92.74,19.35,97.08,3
4223,0,550.0,2,3,329.86,66.59,5,70.71,24.27,91.93,3
6277,1,1806.26,2,3,1332.11,20.55,8,55.76,3.58,89.59,5
359,0,550.0,2,3,121.95,45.67,7,7.5,14.48,91.19,3
1428,0,800.65,1,2,924.14,28.2,6,75.68,26.9,90.85,3
1478,0,1029.58,1,3,536.85,0.22,7,5.11,4.88,96.79,4
1018,1,1564.31,5,4,203.81,26.46,8,21.56,21.05,99.9,7
4982,1,1453.4,3,4,184.76,15.44,7,9.37,30.21,96.46,5
840,0,1351.19,2,2,122.85,9.69,9,32.84,8.79,95.59,7
5292,0,591.93,3,3,38.03,14.57,7,14.15,17.09,89.16,3
3522,0,550.0,1,2,357.1,8.42,3,66.02,32.4,93.43,2
3854,1,1701.51,3,2,397.45,40.1,7,105.46,3.36,89.33,4
2695,0,550.0,2,4,485.29,26.61,9,12.96,14.54,87.12,6
3814,0,1269.84,1,3,509.97,25.79,4,80.95,0.02,96.21,6
4451,1,1288.75,3,4,768.81,17.19,10,64.51,6.83,92.93,8
2031,1,676.49,3,4,660.64,37.66,9,38.02,13.62,92.1,9
2939,1,1575.45,2,3,418.74,20.99,6,15.33,13.63,87.91,7
562,1,1982.9,3,4,1014.98,8.82,10,44.28,14.88,93.96,8
4533,1,1796.97,3,2,453.0,6.03,8,67.05,17.59,88.73,5
3584,0,924.97,2,2,987.22,61.68,4,60.26,19.49,94.79,4
1169,0,820.59,1,4,216.74,53.91,7,83.11,19.81,82.46,5
3817,1,1889.24,2,4,1009.89,28.61,9,7.06,13.88,99.9,7
6488,1,1316.69,1,3,271.12,9.88,10,8.17,4.67,99.42,7
1159,1,1101.4,4,3,234.64,21.31,9,14.27,16.85,99.9,7
6381,1,550.0,2,1,665.99,54.87,2,41.35,36.98,81.07,1
3756,0,1320.1,2,3,581.23,25.26,6,34.15,1.81,99.54,6
744,1,1146.22,2,4,727.99,44.19,5,70.97,38.64,91.56,8
5535,0,874.53,1,3,381.24,40.79,6,82.95,22.35,96.08,4
2692,1,708.42,3,3,318.42,47.05,7,12.94,18.67,98.52,4
698,0,838.6,2,2,382.42,25.2,8,44.1,9.2,90.7,4
75,1,2013.79,4,5,740.42,46.11,10,96.34,32.89,99.9,9
1526,0,1300.04,2,4,554.01,19.04,7,47.27,7.89,92.4,5
2889,0,559.33,1,3,621.67,10.67,7,56.91,7.56,93.24,3
5788,0,550.0,3,3,655.24,28.95,7,36.52,14.1,99.9,6
5137,1,1561.0,4,5,643.29,16.36,9,83.69,13.48,96.67,6
5548,0,717.49,4,3,487.61,21.91,5,132.58,1.29,92.9,5
2181,0,763.62,1,2,307.43,25.33,4,49.32,34.84,93.57,1
1290,1,1572.46,1,3,792.09,30.2,4,9.53,22.68,95.51,9
4399,1,1363.32,2,3,935.92,23.48,8,8.41,9.45,99.9,6
1787,0,550.0,2,4,232.4,38.48,7,41.46,25.27,88.69,3
1940,1,1929.33,1,4,647.55,59.68,10,24.92,25.89,98.35,5
3147,0,632.25,1,2,575.53,15.28,5,14.13,17.2,90.94,1
5246,1,749.78,1,3,502.64,20.61,6,71.09,38.74,83.99,3
5497,1,878.64,2,2,550.25,52.47,9,68.5,20.07,91.73,6
6247,0,764.78,3,2,243.89,55.28,6,6.86,15.07,93.93,4
1256,0,550.0,2,4,389.56,15.79,9,71.12,44.76,97.97,6
6218,0,550.0,2,2,851.91,16.6,4,70.21,35.49,89.99,3
5737,0,1154.96,2,1,210.5,8.02,10,115.13,3.4,91.57,4
1682,0,945.11,3,2,415.9,19.51,7,15.62,9.86,95.08,4
2944,0,1495.69,3,1,406.98,19.53,8,21.81,8.32,83.2,3
6125,0,1199.79,1,3,798.36,44.94,8,82.9,8.06,95.75,6
1319,1,1294.63,4,3,975.53,13.67,9,12.56,12.9,99.9,9
5797,0,1615.64,2,1,335.89,53.26,7,24.67,8.71,92.61,1
1557,0,1135.98,2,2,410.51,22.02,6,34.96,16.52,89.43,2
3670,0,550.0,1,3,488.87,45.5,3,111.9,27.78,99.64,3
1866,0,550.0,2,1,17.11,34.23,6,97.65,44.72,95.08,4
957,1,1781.54,3,3,804.56,48.4,8,50.92,4.25,99.9,8
2422,1,1231.59,2,4,918.28,19.61,10,79.42,14.76,94.1,5
5571,0,550.0,1,2,395.98,73.85,5,133.07,10.53,98.44,3
249,1,1484.37,5,1,220.67,4.54,9,37.66,2.99,99.9,5
4742,0,727.95,2,3,358.09,14.56,7,60.61,47.94,92.23,5
2159,0,827.25,1,3,361.58,2.52,7,32.58,15.91,95.96,6
4822,0,550.0,2,2,554.0,4.07,6,3.69,3.12,92.4,7
4110,0,1224.95,3,2,847.58,2.17,8,21.96,1.81,95.48,3
6892,0,1327.08,2,1,84.94,62.88,5,77.01,20.69,81.44,4
600,1,1701.34,1,3,798.06,57.15,8,36.11,5.43,89.93,6
2866,1,1198.23,2,4,570.11,31.39,6,36.2,13.0,85.63,6
5701,0,812.11,1,4,531.14,32.76,8,30.63,18.92,85.3,5
6586,1,1230.2,1,4,300.73,25.03,8,32.61,15.7,93.44,3
2997,0,1068.51,3,1,342.5,25.81,7,43.24,30.31,98.36,5
6271,0,550.0,3,2,86.43,3.07,6,70.08,9.31,95.91,5
4829,0,1127.42,1,3,635.11,44.71,5,118.42,20.85,98.81,7
1680,0,550.0,2,2,111.62,35.94,6,54.93,4.39,89.65,2
3810,1,977.03,1,4,32.81,55.6,9,77.01,21.83,99.9,6
3708,0,904.28,2,3,193.62,68.72,9,40.06,0.97,93.38,6
2804,0,1053.69,1,2,313.56,19.43,4,45.34,24.81,85.75,2
901,0,852.56,1,2,163.08,26.6,4,22.25,37.58,94.33,4
5979,0,550.0,3,3,739.1,53.78,2,75.09,8.38,98.77,1
1764,1,1836.01,1,3,835.51,20.7,6,121.29,18.43,99.5,8
1599,1,783.91,2,4,515.91,41.84,7,74.19,19.26,93.42,7
3977,0,1501.64,2,3,357.38,3.03,6,26.09,3.62,86.19,5
634,0,967.51,2,3,204.59,22.47,10,0.53,20.39,98.13,7
6197,1,873.98,2,4,778.0,17.31,5,4.73,1.78,96.91,8
1756,1,1048.62,2,3,639.01,1.84,9,0.05,13.59,99.9,8
6142,1,1891.21,1,4,490.88,11.61,10,43.04,0.36,95.78,6
5685,0,1138.64,1,3,671.57,39.86,9,78.51,2.48,99.41,5
2290,0,768.26,2,2,326.59,46.28,6,35.25,14.54,95.0,2
5314,1,1335.3,3,4,635.28,13.8,9,28.55,17.74,91.82,9
5326,0,1115.34,2,3,321.06,32.43,5,21.62,7.48,88.62,4
6954,1,669.39,3,4,203.36,13.22,7,17.0,19.64,94.42,8
222,1,1900.51,1,3,815.84,32.11,10,49.15,8.39,99.9,6
662,1,550.0,2,3,961.83,21.95,9,74.42,11.09,82.32,6
5300,1,979.19,1,6,408.48,32.24,7,5.52,7.09,99.9,4
3468,1,619.77,5,4,626.35,15.18,7,48.04,12.46,89.0,7
5700,1,1192.28,2,3,802.71,2.54,7,24.0,12.82,91.53,8
3928,0,550.0,4,2,738.71,28.49,6,14.02,0.67,93.73,3
5863,0,550.0,1,2,742.6,47.93,4,20.88,18.18,91.23,6
3280,0,597.29,2,4,146.63,35.37,9,12.39,11.42,92.86,6
6732,0,1966.16,1,1,372.11,59.57,5,3.39,14.23,90.48,3
6835,0,1328.2,2,3,219.01,2.56,5,97.62,19.17,88.05,6
63,1,1554.72,1,5,633.52,12.7,8,48.77,20.87,95.78,5
5597,1,916.98,3,3,304.61,41.97,8,10.82,18.31,96.88,8
4605,0,1285.02,2,4,507.52,5.25,3,14.79,34.39,83.43,5
4817,1,1059.29,3,2,616.14,17.83,4,12.61,6.14,92.79,4
1960,0,1334.59,2,3,494.99,32.99,5,67.87,26.08,86.65,6
6628,1,1179.85,4,3,28.74,40.75,7,17.98,10.55,95.49,5
4921,0,566.62,1,4,779.42,20.56,6,39.46,10.08,97.29,5
2485,0,964.44,1,4,773.84,35.86,4,69.07,6.45,87.64,5
872,1,1005.21,4,4,327.68,42.2,8,34.06,1.16,90.85,7
5158,0,1133.6,2,3,396.68,46.01,5,63.23,25.22,93.79,3
3861,1,1553.28,4,2,767.25,18.2,6,24.25,0.44,99.09,7
2205,1,1764.72,3,3,1316.05,36.55,7,41.82,10.11,95.33,7
3467,0,597.77,4,2,236.83,5.14,7,23.25,13.65,86.75,4
4905,1,1388.44,1,4,606.26,5.27,7,48.47,5.62,81.13,6
560,1,648.6,4,4,472.46,2.51,10,13.41,9.28,98.65,10
1986,1,1923.15,3,3,379.09,33.33,7,74.08,27.51,88.68,5
2576,0,1292.24,5,4,456.37,34.81,9,15.27,2.56,93.15,8
1745,0,550.0,1,2,154.05,4.63,5,55.35,5.53,90.24,5
779,0,978.37,3,2,680.76,34.85,8,74.67,17.86,88.36,5
3899,1,1106.34,2,5,1082.61,25.33,8,1.17,15.24,91.39,8
4042,0,617.43,1,1,683.11,39.0,2,49.1,38.29,91.42,2
4589,1,1348.39,4,4,529.29,45.88,4,53.64,17.06,95.14,3
2161,1,994.02,4,4,757.76,1.48,10,39.41,4.56,95.82,8
6524,1,792.46,1,3,181.11,33.25,5,58.12,16.11,97.32,5
6223,0,1380.55,1,3,196.27,54.97,7,40.3,10.71,91.24,2
1645,1,748.14,3,3,1014.94,11.34,10,43.58,3.86,92.45,8
5157,0,550.0,2,3,315.66,25.45,4,63.97,4.44,98.42,1
169,1,1223.17,2,3,100.38,36.79,7,41.37,22.61,93.04,7
5039,0,968.63,1,3,955.04,16.35,7,43.74,12.92,98.05,5
2383,0,1083.05,2,1,710.06,63.97,6,63.52,7.65,80.39,4
3985,0,1211.47,2,3,184.46,42.06,5,50.05,14.12,89.81,3
3150,1,2249.93,3,4,171.26,46.21,8,16.29,7.52,96.55,8
3137,0,833.98,1,1,761.83,0.46,4,109.77,17.71,99.9,5
3047,0,1486.55,1,4,781.75,25.92,8,87.25,5.74,95.18,6
1485,0,658.34,1,2,606.72,36.31,3,52.05,25.97,91.28,1
3917,0,900.88,1,3,603.9,38.38,4,133.5,30.8,93.17,3
2266,1,1645.3,1,4,87.61,72.39,7,22.7,4.37,94.86,8
618,1,1247.11,4,4,621.73,29.86,8,43.38,7.91,99.9,5
1484,0,1312.86,3,3,617.99,53.96,4,28.26,0.97,91.82,4
5171,1,858.13,3,2,574.61,13.72,7,107.99,24.01,99.9,4
538,1,1968.46,2,4,159.66,18.22,10,39.59,1.63,90.84,7
6283,0,550.0,1,1,334.15,26.28,3,77.39,26.14,98.39,1
423,1,830.53,1,3,551.53,39.68,5,96.53,25.0,99.2,7
2345,0,550.0,1,4,445.88,56.46,6,48.98,40.3,95.47,4
5202,0,835.62,3,4,949.84,41.66,10,17.84,18.85,88.3,5
3029,1,1834.27,1,4,442.13,5.16,7,26.65,8.93,96.45,5
5698,1,550.0,4,5,615.87,27.31,9,42.51,41.51,97.72,6
2010,0,550.0,3,4,1035.56,32.58,6,99.66,21.06,88.13,3
4386,0,550.0,2,3,203.4,39.48,7,60.06,30.05,99.9,5
1721,0,1903.55,2,3,1077.64,32.96,8,59.5,15.8,95.06,5
126,1,1642.1,3,3,1076.98,30.47,7,8.38,3.18,82.12,7
6994,1,1726.12,4,2,943.19,34.06,6,90.45,17.6,92.25,5
295,1,1236.56,1,5,533.95,18.63,9,44.17,32.49,93.48,6
5309,0,550.0,4,4,397.33,72.06,7,122.02,26.94,85.89,3
6603,0,550.0,2,4,286.94,32.64,5,28.7,11.33,92.49,3
2431,1,631.07,1,1,639.68,37.98,5,45.25,19.03,91.87,2
5051,1,976.05,1,5,481.87,37.47,5,11.15,17.37,89.02,5
993,0,550.0,2,1,467.4,6.44,7,72.96,16.13,91.98,4
1343,1,1789.2,4,5,575.16,29.46,10,29.52,17.44,94.66,6
5434,1,1380.39,5,3,221.35,58.47,10,36.41,14.62,82.93,9
5353,1,1286.44,2,3,78.37,0.97,7,115.1,34.61,93.14,5
5814,0,550.0,1,3,245.38,12.0,7,45.91,18.71,83.68,1
4217,1,898.34,2,3,795.01,10.89,5,3.35,8.39,98.47,5
6258,1,1327.75,2,2,756.55,25.23,8,34.6,6.49,93.62,5
5758,1,1689.01,1,3,927.52,46.98,6,69.06,17.58,95.96,6
107,0,778.54,3,3,861.69,25.78,6,108.38,0.79,93.43,6
2791,1,550.0,3,3,416.56,10.68,10,66.36,15.04,91.44,6
4743,0,964.89,3,1,514.23,49.67,6,35.09,36.67,99.84,6
1200,1,1589.14,2,3,59.83,78.42,8,35.79,0.11,99.9,7
2728,1,1410.69,3,4,798.17,30.22,9,101.07,36.15,93.5,7
1912,1,1713.51,2,3,609.06,74.91,9,39.23,33.62,97.46,7
6701,0,1131.51,1,2,374.16,29.97,3,103.67,16.6,94.07,4
4028,1,718.07,2,5,138.05,43.1,10,70.62,4.7,90.5,6
2343,0,859.94,1,1,531.17,27.48,6,54.08,40.04,92.23,3
4899,0,1185.79,2,2,299.17,7.32,7,37.32,14.17,99.9,3
4291,1,728.22,4,5,676.73,33.2,10,117.85,24.92,99.9,7
6353,1,1143.01,3,3,490.36,66.91,7,4.41,53.19,86.89,3
579,0,586.15,3,2,286.79,29.18,6,82.53,26.67,95.49,6
4173,1,550.0,3,2,431.24,20.6,5,44.4,16.91,91.98,4
3129,0,550.0,1,4,293.84,43.91,7,18.44,19.33,80.38,3
2355,0,1063.97,3,2,791.99,13.57,8,129.6,2.95,99.9,4
2758,1,1860.12,3,4,607.87,48.81,6,7.94,33.0,87.68,6
2142,1,1216.55,3,3,94.0,31.08,7,37.08,7.25,99.9,2
2549,1,790.88,3,2,751.02,18.97,10,34.99,28.69,99.9,6
6259,1,1606.97,1,4,554.71,61.24,10,27.01,0.53,94.33,7
5144,0,1032.15,2,3,485.19,5.58,6,10.89,41.37,93.58,4
3846,0,1025.57,3,1,81.44,35.25,8,8.32,12.64,92.93,7
2123,1,1084.89,1,4,118.5,35.82,5,42.04,26.92,99.9,4
1842,1,708.08,4,4,137.97,43.05,7,18.24,4.28,86.32,8
6556,0,852.22,2,3,368.43,39.06,8,90.55,26.21,86.53,5
162,0,550.0,3,2,752.61,25.2,3,45.4,8.39,91.15,2
5905,0,774.52,1,3,225.48,60.59,6,17.55,21.27,99.9,4
4040,0,1230.02,2,3,243.32,8.16,7,17.5,35.5,94.77,6
5081,0,1251.83,2,2,279.62,36.03,7,2.59,27.09,99.9,7
3973,0,550.0,2,2,105.42,68.27,7,7.29,17.34,95.93,4
221,1,988.48,1,4,597.16,1.22,5,57.42,20.55,87.73,4
5536,1,1460.2,1,2,606.25,57.54,6,56.09,26.73,88.29,3
2548,0,550.0,1,1,323.63,15.24,3,92.76,7.05,92.96,2
1563,0,550.0,2,1,883.76,53.94,6,9.79,3.3,90.46,2
2302,0,816.02,2,1,454.62,36.51,7,1.52,25.91,96.23,4
6528,1,1169.3,2,5,376.64,53.9,6,21.16,10.44,99.9,4
3533,0,550.0,1,4,315.49,15.63,10,50.46,20.44,92.32,7
6760,0,550.0,1,3,756.47,28.51,5,53.61,16.83,91.88,2
2741,0,1332.33,1,2,712.34,30.33,5,18.47,3.48,95.2,3
4831,1,1364.29,2,4,288.29,35.01,10,31.27,6.03,91.78,9
44,0,550.0,3,3,322.77,29.04,7,30.58,29.27,97.48,7
3634,1,1309.44,4,3,898.41,8.15,7,116.31,31.67,89.49,5
1720,1,1643.35,4,3,546.83,34.01,6,29.02,14.47,96.88,7
3091,1,2229.45,3,4,889.08,50.44,10,53.9,6.3,99.9,8
586,1,1182.99,2,2,548.96,43.67,6,26.76,4.49,96.36,2
3873,1,866.0,1,3,535.74,18.55,6,25.59,23.97,86.54,5
3867,1,550.0,3,4,68.91,9.67,6,56.59,13.13,93.63,6
331,0,550.0,2,4,185.82,33.44,6,43.79,13.87,92.55,4
930,0,986.07,2,3,71.57,24.76,7,141.09,19.69,89.45,6
822,1,1141.41,5,5,644.65,33.72,8,22.72,12.21,89.83,3
1497,0,1017.07,2,2,789.29,59.74,9,48.95,40.93,97.57,4
352,1,1594.84,3,3,714.72,51.53,8,29.47,1.15,92.22,5
3631,0,550.0,1,2,389.08,18.27,5,42.52,22.34,99.9,4
2062,0,550.0,2,2,705.9,44.28,7,46.35,13.79,92.19,3
3545,1,1181.63,1,4,512.76,59.36,5,42.98,0.06,91.87,4
6968,0,550.0,2,4,39.63,24.77,6,45.43,41.95,99.9,5
6858,0,550.0,1,1,284.75,30.09,6,54.36,26.36,99.36,3
6009,0,1024.17,1,2,657.27,10.84,8,11.14,21.83,99.9,3
5236,1,1809.95,2,3,863.25,18.64,9,52.65,15.26,91.05,6
6780,0,811.36,1,3,1036.7,21.54,7,0.41,18.5,88.53,5
4785,1,561.83,3,3,722.94,24.49,6,28.72,35.85,99.9,3
5449,1,976.6,2,5,483.23,12.97,10,21.69,19.11,98.94,5
1574,0,550.0,2,2,429.64,58.68,7,66.79,2.18,90.06,2
6294,0,965.44,3,2,602.92,43.53,4,70.65,43.15,90.07,2
3987,0,1048.72,2,3,734.51,44.31,6,27.38,30.34,95.32,5
3954,1,988.77,3,2,791.05,24.97,6,58.57,12.53,94.13,4
876,0,1865.6,4,3,840.77,45.47,8,10.43,14.07,93.69,7
5880,1,1399.26,1,4,558.14,29.05,7,75.53,5.18,93.77,3
6502,1,1040.5,2,4,398.24,21.78,8,33.69,7.56,93.19,4
4087,0,598.13,3,3,642.53,24.14,7,107.84,17.94,93.13,5
2389,0,1228.67,2,3,255.69,20.08,8,137.5,18.17,91.63,3
2577,0,687.49,3,1,79.42,18.56,7,40.11,13.11,85.92,5
5482,1,1042.03,1,3,445.34,1.43,10,22.71,34.04,93.68,5
5836,1,1428.66,2,2,238.82,37.31,5,4.91,28.78,99.9,7
5636,0,613.5,1,3,657.78,31.39,9,64.14,3.31,99.9,6
6826,1,1530.98,2,5,766.39,17.3,10,63.55,18.47,97.0,7
5804,1,918.0,2,3,288.11,21.94,7,69.1,13.94,87.22,6
1122,1,1604.98,4,4,1003.18,56.09,6,4.37,12.33,91.02,3
187,1,1416.23,4,4,461.51,34.96,8,2.43,14.07,99.9,8
6460,0,555.25,2,2,505.36,48.61,7,66.84,34.48,97.26,4
1463,0,550.0,4,3,671.1,37.65,9,51.43,36.45,99.9,8
948,1,1662.01,1,3,313.55,37.73,8,30.73,9.17,93.43,5
1099,0,992.02,1,3,703.47,23.18,5,50.96,18.7,96.88,6
4946,0,1151.07,2,4,496.72,41.12,8,26.01,8.42,89.57,6
4394,1,1460.59,2,4,736.07,35.94,6,29.68,20.99,81.23,5
306,1,550.0,1,2,500.8,55.26,5,43.13,26.28,89.49,2
1973,1,550.0,1,3,396.2,39.23,4,90.28,24.25,92.89,2
558,1,2072.28,3,4,91.17,31.63,8,46.4,17.3,94.3,7
146,0,960.39,2,1,56.01,48.45,5,45.56,19.38,99.9,5
4395,0,682.66,1,4,549.44,26.78,7,115.33,52.16,95.91,3
3039,1,1662.42,3,4,890.84,51.46,9,32.28,8.06,99.9,6
4943,0,636.83,2,3,195.19,1.6,8,21.26,25.34,94.62,6
750,1,778.73,2,2,328.2,4.07,5,73.88,3.46,96.85,3
1379,1,1320.0,4,4,669.14,47.81,10,33.11,0.35,96.25,10
926,0,638.87,1,2,418.58,22.36,6,139.46,29.92,98.38,4
5621,0,682.34,2,3,232.87,40.19,9,71.93,34.12,89.72,3
1747,1,1170.65,1,4,284.49,20.75,7,51.77,13.14,90.62,6
643,0,550.0,2,2,310.34,27.04,3,50.77,31.43,92.0,6
6178,0,585.81,2,2,873.1,59.58,5,93.09,0.59,91.52,3
308,1,1258.04,4,4,590.21,40.66,8,17.65,30.54,88.71,8
5027,1,1063.86,1,4,92.99,20.16,7,68.96,23.92,91.27,5
2705,1,1584.58,3,5,536.1,15.3,7,18.74,3.11,86.05,6
2160,1,1425.25,2,4,591.26,18.81,9,1.74,1.35,99.42,7
424,0,550.0,1,2,919.28,22.0,6,66.76,43.5,99.9,3
6067,0,550.0,2,4,434.12,72.52,8,73.42,39.25,99.9,4
1685,0,599.67,1,2,567.3,24.42,7,57.67,5.56,95.51,4
1439,0,550.0,1,5,734.97,42.68,7,39.9,11.18,91.14,5
6140,1,1563.94,4,4,762.47,71.45,10,63.97,4.99,95.11,7
2717,0,586.83,4,3,479.31,9.61,5,68.5,11.63,96.87,5
2789,0,905.66,1,2,1061.04,29.67,7,70.01,16.1,99.9,5
6671,0,661.64,2,2,703.67,36.01,8,22.11,0.75,89.58,3
3726,1,845.18,3,3,451.68,30.0,7,36.84,17.98,95.11,7
1473,0,961.04,1,4,627.06,26.32,9,71.28,15.07,96.88,6
484,1,883.15,1,4,96.79,6.41,7,14.19,7.22,94.55,7
6818,0,707.61,2,2,560.06,35.34,7,39.35,14.82,87.85,5
3391,0,1434.98,1,3,535.8,26.86,7,39.91,23.04,91.12,4
3640,1,1135.54,3,2,357.32,23.57,10,3.23,10.2,95.04,7
6375,1,1264.62,3,4,479.7,49.7,9,7.31,19.74,93.91,4
2775,0,796.75,2,1,490.35,61.69,5,49.0,2.66,88.45,4
1600,1,1140.2,2,3,441.71,33.81,6,40.89,3.4,88.79,3
5530,0,550.0,1,2,598.67,11.77,6,80.89,20.46,91.13,5
5450,1,782.9,2,3,34.53,20.92,6,28.31,53.31,90.15,1
2064,1,950.35,2,3,926.39,69.53,6,111.62,27.39,95.95,7
3807,0,550.0,5,2,466.66,9.67,6,25.94,19.59,87.66,2
1993,0,550.0,1,4,213.87,20.44,6,25.98,3.98,98.67,4
2201,1,550.0,3,3,659.46,12.74,8,67.2,7.45,96.14,7
5967,0,1809.46,1,3,377.13,66.98,4,92.87,14.78,92.91,6
5149,1,1083.33,2,3,448.53,9.09,7,43.66,0.97,91.06,5
5873,1,682.68,4,4,468.41,2.45,6,68.81,15.81,96.39,6
4567,1,1247.08,3,5,570.02,22.63,9,31.55,9.34,95.26,5
1071,1,1237.24,1,3,424.39,22.88,9,68.02,13.49,95.79,4
6192,1,550.0,3,4,903.12,12.23,10,63.09,20.21,99.9,6
3398,0,550.0,2,3,104.81,63.77,6,19.7,5.69,93.49,3
4061,0,818.58,2,1,58.83,35.31,7,49.41,20.22,86.87,4
3400,0,950.91,1,2,16.56,9.5,3,34.37,27.47,94.65,3
6038,1,1231.79,5,3,450.69,15.71,10,4.62,3.15,97.27,7
198,1,1176.46,2,4,660.02,26.29,8,40.96,29.55,93.88,6
3038,1,1302.08,3,3,520.44,32.03,8,19.48,18.01,89.41,8
464,0,1173.31,3,1,245.29,76.09,5,18.36,9.02,95.85,6
607,0,992.46,1,1,358.12,51.91,6,43.37,32.8,90.97,3
1496,0,550.0,1,3,481.26,6.05,4,18.74,46.29,95.36,3
1904,1,1438.56,3,3,516.27,27.02,10,102.49,22.85,92.65,8
3261,1,550.0,3,4,1016.87,47.79,6,97.65,25.45,93.95,2
6544,0,972.63,3,2,511.34,31.4,5,74.77,45.34,96.12,5
1434,1,1069.5,1,5,606.66,15.72,7,20.77,23.65,90.86,7
841,0,914.76,2,1,172.7,32.48,5,56.63,33.56,92.93,5
6620,0,930.28,1,2,2.75,8.77,5,90.78,45.94,95.6,1
5058,1,712.37,2,4,26.09,32.68,10,79.36,2.3,99.9,6
1369,0,550.0,1,3,628.14,10.55,5,59.46,14.52,88.53,1
402,0,998.15,2,3,583.62,23.69,6,34.62,10.82,93.42,6
768,1,2177.7,3,2,746.98,24.26,10,7.59,25.62,99.9,7
6458,0,1010.89,2,1,581.64,44.39,4,11.69,14.44,90.98,3
3021,0,550.0,2,4,314.08,30.55,6,49.77,8.92,99.62,2
5329,1,1009.33,1,4,368.76,3.24,8,61.64,10.19,97.51,6
954,0,728.28,2,3,747.22,37.11,7,86.34,8.98,87.56,6
5594,1,550.0,3,4,553.98,11.48,7,20.74,17.93,94.01,8
1865,1,1682.22,2,4,645.04,50.54,8,61.59,31.47,93.81,6
6727,1,1496.88,3,5,697.14,28.01,10,37.08,0.01,97.24,7
1301,0,1433.02,2,1,1066.27,45.39,6,61.39,4.39,89.06,4
1571,0,550.0,1,2,571.64,54.01,4,34.95,26.37,94.26,2
211,1,976.42,2,2,272.46,18.71,9,24.42,36.69,95.31,5
3360,1,2186.44,3,2,626.15,47.12,7,46.46,5.55,99.08,9
4725,0,732.92,2,2,53.89,39.45,5,63.45,17.92,99.22,4
6071,0,949.75,2,1,327.0,56.33,3,40.14,0.08,97.66,2
2968,1,1856.44,2,2,309.01,29.04,6,23.68,18.85,95.96,5
1812,0,550.0,1,3,361.76,27.61,6,54.61,33.05,86.28,5
952,1,1424.81,5,1,395.86,52.83,5,82.92,3.18,87.96,4
3716,0,1090.39,1,3,798.1,59.36,8,79.59,31.73,95.2,4
1235,1,651.31,2,3,1028.26,47.49,6,12.85,31.27,96.06,6
4502,1,1153.94,1,3,623.5,41.97,5,52.03,18.11,96.75,4
3569,0,550.0,2,1,463.41,23.73,8,13.78,0.49,99.9,3
5384,1,550.0,3,6,55.58,21.21,10,58.88,0.63,93.81,4
3149,0,754.31,1,4,778.7,43.88,4,24.07,34.64,91.21,5
465,0,1243.17,2,1,565.05,17.25,7,34.94,15.37,93.02,5
1896,0,550.0,1,5,368.92,7.11,9,12.26,2.34,95.43,5
1144,0,594.91,1,3,645.44,38.01,2,14.38,45.92,88.14,2
6268,0,813.05,2,2,686.5,27.54,4,23.27,6.99,92.49,4
5848,1,2007.78,3,4,1069.97,38.88,9,21.7,23.63,92.67,6
3439,0,1295.72,2,2,226.25,24.92,8,38.45,5.93,89.09,5
5808,0,878.12,1,2,204.15,62.45,6,66.76,35.38,92.27,3
1513,0,739.52,1,2,242.38,40.47,3,70.56,12.92,93.71,4
920,1,1566.17,1,4,413.19,28.69,6,9.75,3.54,87.55,4
4879,0,550.0,3,2,839.33,51.3,7,54.43,34.23,99.17,3
2375,0,879.37,1,3,738.28,3.07,10,37.04,18.6,98.33,4
6548,1,1274.02,2,3,739.25,22.13,9,54.11,19.8,90.93,7
2460,0,842.88,3,3,448.5,4.54,5,127.47,18.28,91.26,3
5806,1,1063.04,2,3,611.67,38.75,8,23.34,8.28,95.22,7
2807,1,1735.95,4,3,1103.33,7.99,8,69.93,19.99,91.61,5
4059,1,1124.32,3,4,1259.3,20.76,9,3.3,0.11,96.07,6
3358,1,1417.36,2,2,391.11,30.53,6,39.82,9.05,95.8,5
4925,1,1773.82,1,3,1098.59,35.99,7,13.8,19.23,93.02,4
3349,0,942.19,2,3,406.44,40.42,9,41.4,45.32,98.32,8
5454,0,696.07,3,2,363.82,41.4,4,2.3,6.44,95.98,2
1227,0,550.0,1,3,885.91,30.13,9,2.5,3.87,99.9,6
1311,0,1114.19,1,3,533.56,18.94,8,49.83,28.67,94.97,7
6796,0,1112.62,1,2,120.33,12.4,2,71.29,19.13,94.86,4
3030,1,1594.72,3,4,571.57,11.42,10,50.8,19.57,98.07,10
896,0,1203.41,1,2,719.25,38.5,7,76.66,36.93,95.07,3
1546,0,550.36,4,1,459.03,33.28,6,0.73,20.08,91.7,8
5592,0,823.84,4,2,900.04,46.56,6,42.5,3.12,94.86,6
1967,1,1910.04,2,3,498.54,8.05,8,70.08,8.91,87.76,6
759,0,907.68,2,3,140.1,11.86,7,0.83,13.9,95.21,5
3451,0,794.9,2,3,412.11,36.09,8,63.66,22.13,99.9,8
5852,1,941.24,3,3,616.89,11.42,10,73.0,13.75,97.38,4
5824,0,550.0,1,4,365.54,68.35,6,74.58,32.99,84.47,6
999,0,550.0,2,4,1125.79,41.79,7,7.17,38.42,93.87,1
6198,0,970.71,2,3,439.83,69.87,7,1.04,36.74,95.54,6
55,0,556.22,1,4,233.88,48.64,9,42.32,13.08,98.9,4
670,0,1434.23,2,2,1098.97,7.96,9,61.85,17.43,99.9,5
3446,0,550.0,3,3,556.16,13.0,8,61.36,1.59,88.51,9
2035,0,974.83,1,5,1077.11,35.04,7,78.71,4.58,98.13,6
2074,0,550.0,2,3,263.71,7.25,8,51.74,2.29,88.33,3
4780,1,1188.25,1,4,652.33,2.69,8,24.32,29.03,87.7,3
3506,0,1246.55,1,2,777.32,31.13,6,26.72,31.59,98.19,7
3853,1,732.48,3,4,12.05,38.95,9,26.54,42.27,92.25,7
3492,0,550.0,2,4,211.66,29.98,7,67.58,33.97,99.9,6
6281,0,1112.35,3,2,858.86,8.25,5,58.48,0.57,90.38,7
5633,0,550.0,1,3,108.1,72.88,5,105.65,10.26,85.66,2
4466,0,811.2,3,3,396.22,49.6,6,39.27,29.12,94.42,5
6196,0,876.13,1,5,815.32,17.45,6,50.3,0.71,97.53,4
1991,0,1420.82,1,2,1096.99,34.86,5,89.91,21.27,97.27,4
1214,0,561.99,1,3,599.31,16.54,5,14.64,35.88,92.88,4
5642,0,1297.69,3,2,398.22,37.61,9,22.43,7.16,94.54,4
4467,0,1029.9,2,1,1071.09,34.01,5,27.01,25.25,89.98,4
5705,0,1608.98,1,3,922.9,18.83,9,27.84,4.8,90.17,4
2582,1,995.87,3,3,108.22,39.62,7,7.32,24.54,94.75,4
6245,0,1285.44,2,4,459.17,30.45,7,63.21,19.86,96.07,7
4844,0,1445.66,2,1,553.91,45.45,6,23.82,32.65,96.94,6
1503,1,1572.82,2,4,447.27,45.01,9,59.58,12.41,99.9,7
2661,0,1137.38,1,2,353.43,66.78,4,95.65,28.37,92.32,1
5270,1,1668.25,3,5,758.91,29.89,8,39.69,8.05,99.9,9
3658,0,1069.97,3,5,281.48,14.14,10,15.74,8.6,91.46,8
1949,0,804.9,2,3,371.24,3.36,8,91.18,35.52,99.9,6
3649,0,692.41,1,3,1059.23,42.64,4,13.62,24.49,95.06,4
2722,1,695.85,3,3,1058.78,22.0,7,23.15,5.18,98.97,6
2962,1,1195.22,2,4,914.73,43.56,6,12.18,24.26,93.12,5
6651,1,1381.41,4,3,333.15,39.74,8,22.7,0.36,88.82,6
3677,1,1488.74,3,3,497.92,13.92,8,63.85,25.21,89.66,6
6021,1,1295.36,4,3,482.35,20.82,10,27.45,11.15,96.79,7
4363,0,732.75,1,4,58.16,14.7,6,71.71,21.54,88.74,4
2945,0,1954.21,1,2,25.96,54.84,5,32.93,1.07,88.23,6
5101,0,632.83,2,3,470.06,8.66,10,37.01,34.82,89.3,6
6388,0,550.0,3,2,874.61,43.33,7,72.76,23.3,91.17,5
553,0,1589.48,2,4,257.65,23.97,9,54.52,21.3,86.59,3
3529,1,1368.0,3,5,398.5,5.35,6,35.91,7.37,89.11,6
1854,1,1178.14,3,3,408.17,64.52,6,29.01,22.72,88.16,5
1264,0,550.0,1,3,266.9,20.45,7,15.94,13.91,96.25,5
3500,0,1757.2,2,2,279.56,37.26,9,11.34,14.39,83.28,8
2873,1,1227.87,4,5,687.69,4.82,10,67.44,12.36,98.39,9
1640,0,1510.32,2,3,688.98,44.06,6,15.78,25.66,93.37,3
6433,0,680.27,1,2,389.08,11.22,6,73.45,24.28,99.9,4
1095,1,771.68,2,5,436.59,37.46,7,14.21,11.78,96.59,6
3339,1,1679.48,2,2,257.07,65.43,7,27.07,5.64,89.85,5
802,1,1297.31,3,4,504.1,9.91,10,13.86,8.48,99.9,10
4478,1,1591.14,3,4,853.09,40.4,10,1.58,12.52,99.9,7
5070,0,650.59,3,1,889.26,44.25,6,5.2,0.86,93.89,3
1891,0,1049.26,2,4,839.33,56.14,9,55.2,5.78,87.88,5
6462,1,844.2,3,3,1250.86,11.25,5,32.04,8.64,99.9,4
3253,0,550.0,2,3,877.74,46.0,5,21.27,17.13,87.25,1
3017,0,735.91,1,3,8.39,17.49,3,41.07,34.62,93.71,3
536,1,1937.42,1,2,569.13,28.92,7,40.53,10.55,89.85,7
1376,1,888.61,2,4,190.48,8.0,7,74.05,23.33,93.08,7
167,1,1516.73,1,3,149.41,25.37,7,32.96,2.07,90.16,8
3786,1,920.56,2,2,828.17,46.83,7,12.82,20.4,99.05,5
6240,1,1437.02,2,5,1230.93,7.73,7,33.29,22.41,98.62,9
1067,1,1702.79,2,5,267.7,54.48,10,87.98,20.93,92.9,8
4523,0,550.0,1,4,427.33,30.85,6,13.95,21.98,95.55,1
1426,0,1678.0,2,3,269.96,40.49,9,110.61,0.28,91.97,5
3585,0,550.0,3,1,403.9,16.07,7,71.52,27.16,99.9,6
2855,1,833.44,2,3,80.76,51.76,5,47.19,6.16,99.9,7
2482,0,930.22,1,2,347.87,30.8,6,35.68,43.49,98.36,3
2552,0,599.91,2,1,554.94,67.95,7,46.38,15.9,98.01,6
1399,0,550.0,1,3,419.73,12.48,8,115.89,1.56,99.9,3
498,0,550.0,1,3,855.73,41.36,7,39.47,16.19,99.66,3
5461,0,550.0,2,3,37.87,33.88,8,109.39,11.37,90.38,4
3713,1,764.69,2,2,437.33,35.88,9,19.86,15.04,96.24,6
5483,1,1101.32,2,3,627.87,30.98,6,13.68,23.01,92.08,5
2388,1,1705.16,2,3,322.12,35.25,9,1.83,6.41,93.48,5
2291,0,874.22,1,3,611.22,37.43,7,39.05,19.61,84.23,3
2949,1,1534.65,1,3,1016.86,31.14,8,41.16,9.93,96.3,7
3065,1,550.0,2,3,529.47,30.9,5,24.53,41.6,92.69,2
2259,0,550.0,1,1,636.64,48.26,4,60.29,11.35,94.18,6
863,1,714.9,4,3,662.04,42.74,5,10.04,10.78,90.76,3
4529,1,2206.31,2,3,564.76,15.72,8,20.14,20.09,93.69,8
1552,0,550.0,1,3,499.1,50.5,3,103.2,24.91,93.0,4
1323,1,1356.68,4,3,986.92,58.21,7,64.4,18.52,95.63,9
6649,0,937.88,3,3,491.91,17.61,8,10.5,1.57,94.62,7
1834,1,1481.17,2,3,866.11,22.61,5,9.44,17.45,99.9,8
3221,1,1032.15,3,3,645.53,64.88,2,9.14,36.42,89.81,6
3871,1,1844.34,3,3,670.38,21.32,7,54.25,7.37,96.79,5
5371,1,1103.52,2,2,68.24,22.98,5,19.94,4.28,93.05,6
3947,0,1995.41,2,4,43.38,73.03,8,63.94,15.15,88.33,7
2851,0,1473.2,4,3,323.36,31.79,9,54.82,25.87,84.95,8
2085,0,757.7,2,2,314.53,20.76,10,56.33,7.18,99.47,4
4323,1,550.0,1,2,249.49,14.51,10,39.08,27.23,95.34,5
5226,0,1243.58,2,3,389.21,30.16,5,49.28,4.27,87.04,3
1550,1,1674.82,4,6,1220.86,4.65,10,40.42,32.63,88.34,10
1232,1,1440.64,3,4,813.66,13.07,10,37.91,23.29,99.9,8
3032,0,596.09,1,2,54.12,2.88,8,15.32,33.59,98.08,3
1679,0,1556.84,1,4,447.06,7.5,8,6.57,7.18,96.56,1
3505,0,605.52,1,5,229.88,8.63,8,48.1,22.5,99.9,2
4138,1,1644.94,3,4,1206.59,42.01,5,41.64,24.32,91.61,7
1329,0,742.01,2,3,307.52,49.15,3,27.28,31.85,91.4,5
1405,1,936.61,1,4,840.64,23.1,9,11.41,15.35,99.9,4
2581,1,1050.07,2,4,351.05,66.52,9,12.23,22.58,96.92,8
964,0,550.0,2,2,188.4,15.88,7,53.18,20.49,96.12,6
541,1,913.84,1,4,919.24,6.08,8,94.23,20.77,96.85,1
2244,1,760.77,1,4,57.28,15.77,9,61.77,4.59,99.9,7
4493,0,979.38,1,2,311.11,21.42,6,26.79,11.65,96.84,3
4798,1,1674.24,2,3,425.64,29.0,8,58.29,24.63,92.56,5
97,1,979.53,2,4,673.71,9.91,8,58.37,7.94,92.24,4
2785,0,1581.77,2,3,847.84,22.96,9,38.8,19.05,96.94,7
6325,0,550.0,2,2,248.59,9.25,6,59.29,11.77,93.02,3
4065,1,1128.41,3,2,830.4,39.67,6,97.17,13.98,98.23,3
2069,1,550.0,2,2,222.52,48.93,6,56.84,25.34,99.44,4
2194,0,550.0,1,4,696.13,14.58,10,43.23,42.41,91.0,5
512,0,550.0,1,4,568.72,69.23,6,86.15,25.78,99.54,2
723,1,1124.01,4,3,275.75,4.15,9,62.0,5.34,90.65,6
5418,1,1628.49,3,3,615.83,19.42,7,25.34,26.16,94.05,7
4955,1,1145.69,2,4,838.22,37.55,8,85.09,20.07,89.15,10
764,0,1420.65,3,2,897.0,25.05,8,125.22,0.55,99.9,5
1789,1,804.42,2,3,66.63,48.71,8,32.33,14.28,97.59,6
6918,1,1449.58,2,4,887.59,32.01,10,61.98,6.39,98.39,5
6480,1,1071.37,1,4,98.52,49.99,8,41.23,35.06,93.91,7
4344,1,597.48,3,3,727.3,4.55,8,57.38,27.19,92.13,7
3539,1,1058.22,1,3,354.82,30.52,7,64.54,24.74,99.9,5
1754,1,1230.72,4,3,703.85,16.19,10,31.0,3.11,88.93,7
5072,1,1179.53,3,3,242.2,30.89,8,105.03,18.42,94.89,3
2030,0,915.01,3,3,1134.25,48.31,6,74.33,36.9,99.11,6
4852,1,1760.77,2,2,459.59,46.97,7,83.89,31.07,95.95,6
4109,1,617.91,3,3,1047.74,7.02,5,56.75,1.39,91.41,5
2098,1,1010.83,3,3,223.68,12.11,9,53.01,29.05,99.66,6
6778,0,891.84,2,3,731.06,68.74,8,31.8,9.57,97.41,2
5337,1,1868.71,2,3,974.79,34.01,6,109.51,18.73,96.61,6
5725,1,846.38,4,2,842.59,70.69,3,96.49,1.54,91.13,5
4957,1,776.1,3,4,621.49,19.34,9,2.02,19.35,87.03,5
4988,0,550.0,1,4,650.29,66.22,7,8.38,15.05,95.84,3
1846,0,550.0,2,3,776.89,31.33,7,90.6,27.33,87.16,7
6438,1,1282.25,3,4,1107.92,27.25,9,73.6,27.75,95.75,4
4270,1,1358.29,2,3,825.28,30.44,3,26.15,0.97,88.27,4
9,0,1068.3,1,3,629.24,38.4,4,24.07,22.23,91.87,6
5451,1,1417.48,2,2,617.68,49.7,5,52.3,3.84,89.81,3
4179,0,550.0,2,2,406.06,28.88,5,54.2,20.71,96.16,4
5785,0,706.56,2,4,647.51,4.16,7,103.24,6.27,99.9,3
1956,1,1173.3,2,4,251.69,7.44,10,36.68,8.96,99.9,8
2982,1,1063.0,3,4,224.74,57.09,5,68.02,6.99,88.11,6
2794,1,1411.35,1,3,536.63,46.86,9,46.74,39.78,97.16,2
5801,0,1456.45,1,2,618.87,2.93,7,58.36,30.25,97.83,5
282,1,1236.22,1,4,344.69,5.85,8,16.1,13.77,91.36,2
6489,0,810.88,3,2,413.01,45.42,4,76.84,17.03,94.36,4
789,1,1704.06,3,2,820.04,32.74,8,23.24,15.83,93.86,4
4630,1,2168.2,3,3,436.55,38.99,10,20.77,11.87,88.54,6
3671,1,1491.29,2,2,357.3,34.76,7,99.75,37.53,99.9,7
2130,1,1531.23,1,3,140.5,32.08,9,24.14,18.23,94.22,5
4455,0,608.77,1,4,127.34,35.08,7,121.15,18.79,99.64,2
5319,0,1140.4,3,2,880.79,39.11,5,98.33,6.69,89.08,7
6379,1,1119.47,5,2,1157.72,22.86,6,22.65,5.97,89.01,8
1712,1,1999.89,2,3,597.96,47.36,6,6.92,3.84,99.9,6
4701,0,954.82,2,5,588.5,40.48,10,54.02,14.63,93.39,8
3878,1,2228.78,2,2,8.42,19.35,7,9.74,2.83,95.29,7
3411,1,1389.32,2,4,418.03,22.56,10,43.46,5.71,98.55,5
2158,0,1051.87,2,3,323.72,40.07,9,66.42,7.91,98.67,7
3803,0,550.0,4,2,421.86,19.4,6,30.23,8.29,94.38,5
3555,0,958.52,2,1,856.39,36.15,4,16.04,16.98,87.6,3
6717,0,1201.96,1,2,917.7,1.26,6,47.68,23.98,93.33,2
758,1,550.0,4,3,239.0,36.91,7,32.15,4.43,89.81,5
2498,1,573.23,3,2,111.84,60.39,7,60.67,30.56,99.9,4
6119,1,1325.82,2,2,597.19,1.02,8,25.0,3.44,95.77,5
5939,1,1569.34,2,2,414.48,28.18,8,41.23,2.69,95.54,5
2653,1,1441.86,1,3,864.27,40.12,8,63.92,15.05,97.8,6
164,1,948.01,3,4,735.23,37.11,7,61.08,0.49,91.44,7
332,1,1287.61,3,3,1054.2,51.53,10,50.01,10.76,95.26,7
5230,0,1774.66,2,3,552.28,26.7,8,61.73,7.93,98.65,5
5097,0,550.0,4,1,714.65,32.36,4,14.14,17.34,95.25,5
2491,0,550.0,2,2,96.68,65.39,7,80.46,2.39,93.12,2
6184,1,1694.81,2,2,139.81,27.34,7,90.61,5.32,80.84,5
4085,0,550.0,2,2,355.3,45.22,7,97.58,35.89,91.68,2
387,0,700.9,1,3,840.32,0.29,6,92.84,8.42,87.5,5
2277,1,901.11,2,4,914.75,17.68,10,76.07,12.77,99.9,7
4651,0,1070.92,1,3,319.64,17.59,7,12.8,8.75,96.27,5
4756,1,881.16,4,4,492.47,21.01,10,65.12,29.89,98.68,8
2258,0,643.83,1,2,156.97,26.91,5,28.12,18.31,86.01,2
2420,0,687.1,3,3,582.15,20.61,6,17.25,10.41,89.34,3
5780,1,1365.23,2,4,127.35,1.01,10,13.18,12.23,99.9,8
2165,0,682.56,1,3,356.64,56.0,6,41.7,15.88,94.81,4
2815,0,1010.28,2,4,158.03,54.34,9,105.2,11.48,97.41,7
3178,0,1837.05,3,4,449.08,24.54,7,39.93,14.15,98.66,8
3285,1,1292.68,3,3,543.48,32.08,7,2.25,7.33,85.69,6
2573,1,550.0,2,5,620.77,3.96,6,71.96,7.71,99.9,5
6306,1,907.46,3,4,312.55,34.28,8,24.74,6.2,99.45,7
4800,0,737.53,2,3,738.21,43.53,6,25.63,17.91,96.71,6
6541,0,979.58,2,3,305.22,18.19,7,64.78,8.24,98.14,4
5563,1,935.24,3,2,351.22,44.61,6,54.06,6.49,99.9,8
3896,0,554.97,1,4,749.92,8.98,8,54.91,24.61,91.56,4
3375,1,1115.12,2,4,356.96,22.86,6,34.46,46.51,89.86,4
434,1,2186.62,2,3,741.75,25.63,9,11.33,20.19,98.01,8
416,0,550.0,2,4,470.97,46.95,6,63.28,16.99,91.65,5
4144,0,852.57,2,2,97.21,33.37,4,34.81,50.35,97.07,1
1230,0,1053.75,2,3,357.8,30.95,8,105.75,22.85,96.03,5
4237,1,921.39,1,2,140.16,49.43,6,70.67,39.13,87.02,4
3477,1,1001.18,3,4,568.49,12.01,8,65.49,17.42,88.88,6
2321,0,1194.06,2,3,445.96,31.81,10,89.52,3.6,88.48,6
1137,1,1127.34,3,5,695.64,31.66,8,53.33,2.98,99.42,4
663,0,1417.24,2,4,573.58,18.81,10,7.1,6.17,99.9,10
6719,1,847.12,2,2,430.48,14.9,7,124.71,18.6,88.31,6
4551,1,1085.09,1,3,232.62,36.79,5,14.58,7.84,92.66,1
4312,0,860.71,1,1,546.49,45.9,5,14.68,41.04,92.08,3
2348,1,550.0,3,4,510.33,20.0,10,13.31,27.0,99.9,6
6919,0,857.34,1,2,346.52,32.1,5,46.16,8.91,86.46,5
104,1,1294.28,3,4,781.13,25.49,5,13.26,1.9,89.12,5
259,0,1067.3,3,2,665.83,11.73,6,20.03,29.33,94.46,8
5891,0,1136.53,1,2,29.91,52.44,4,68.95,10.64,93.94,5
5033,1,1167.36,1,5,342.4,16.17,10,89.03,3.54,90.8,9
1258,0,1291.47,1,2,428.66,31.55,6,119.97,33.04,81.08,4
1380,1,1438.77,3,4,176.24,24.06,7,3.31,21.36,93.02,6
3612,1,1495.54,3,4,102.09,12.7,10,67.64,7.68,97.47,7
6857,0,550.0,2,4,1187.59,57.55,6,25.94,32.52,88.0,1
4362,0,906.08,1,1,702.68,32.39,6,49.67,33.43,93.47,3
1561,0,550.0,1,5,1016.53,27.39,7,36.57,24.05,91.73,2
3242,1,1356.47,2,4,748.5,32.25,8,17.03,1.45,93.67,6
1838,1,1321.69,3,4,453.1,3.26,9,25.95,6.75,99.9,7
1516,0,550.67,2,3,546.54,40.36,6,82.19,4.53,94.23,4
1926,0,613.71,1,5,609.64,44.17,10,8.46,27.96,94.58,5
6995,1,1026.36,2,5,149.31,0.1,9,31.79,11.59,94.57,5
5273,0,550.0,1,3,1341.99,1.51,5,49.34,18.49,99.9,3
3989,0,1622.71,2,3,251.59,44.47,7,48.27,7.95,91.04,5
4201,0,1028.46,1,3,369.83,51.39,5,104.99,24.35,99.9,6
1125,0,1000.08,2,3,429.12,15.15,6,35.94,21.75,85.14,5
2943,1,661.87,3,4,752.58,44.14,5,26.02,17.95,98.94,5
5458,1,733.99,2,4,615.95,54.73,8,102.57,10.72,94.58,6
6318,0,955.63,1,2,698.47,69.0,6,68.63,8.89,90.19,7
1117,1,891.59,2,2,213.04,0.3,6,8.43,11.99,99.9,6
226,0,550.0,1,2,342.05,37.68,4,11.35,47.23,91.46,5
3666,0,828.63,4,3,459.08,35.9,9,58.92,36.29,90.56,7
4168,1,1801.97,2,3,816.78,28.16,7,42.65,8.29,90.67,5
83,1,1138.98,2,4,97.15,43.64,8,19.46,14.61,95.72,5
4238,1,1117.59,3,5,616.08,34.48,9,80.22,21.81,99.9,7
3104,0,550.0,1,1,454.37,44.22,6,61.16,19.99,95.49,1
1900,1,695.55,3,3,390.79,17.03,9,12.09,8.44,88.05,9
3463,1,1591.98,3,3,624.6,10.27,7,44.55,1.69,99.9,4
2627,1,806.9,4,3,364.67,47.38,7,21.13,17.57,92.67,7
3962,1,1043.69,3,2,807.17,24.66,9,39.57,39.77,90.36,5
6870,0,831.3,1,3,771.18,37.29,3,0.25,14.94,82.66,2
2882,0,550.0,2,4,673.05,67.54,5,41.63,27.28,95.11,3
3546,1,1136.32,1,4,379.05,46.79,10,26.16,9.91,99.5,4
2305,0,680.92,3,1,551.7,9.63,7,16.79,2.8,85.17,4
3454,1,1798.59,1,3,435.48,27.94,9,10.45,19.22,94.94,3
6288,0,632.61,3,2,408.07,29.34,8,85.38,35.24,95.69,7
1073,0,550.0,2,2,641.2,37.94,6,9.92,26.27,90.78,4
4205,0,550.0,2,3,227.03,18.48,8,61.32,1.34,90.08,4
6188,0,841.15,1,2,263.56,22.73,5,71.16,2.85,99.5,4
1304,1,1600.25,3,4,589.4,24.56,9,47.13,22.3,88.67,6
6920,0,1001.2,1,2,463.06,5.63,8,38.35,20.58,93.06,3
442,0,1608.13,1,4,751.05,33.09,6,37.3,7.78,97.45,6
3086,1,550.0,1,1,871.99,46.46,3,60.87,36.57,99.9,4
1892,0,937.22,1,2,221.18,10.91,3,23.88,9.65,84.52,2
372,1,1247.5,2,3,67.11,47.06,8,20.83,17.17,99.9,8
6055,0,851.23,2,3,496.61,54.61,5,20.81,11.08,92.43,6
5753,1,992.99,1,3,1006.05,20.24,8,8.22,3.97,99.9,4
5413,0,647.33,2,1,540.53,41.62,7,109.19,11.28,99.9,4
288,0,550.0,2,2,279.77,23.71,6,10.11,29.45,88.13,4
5459,0,709.62,2,4,100.66,27.96,6,7.95,7.71,95.36,3
1113,1,582.18,3,5,462.19,22.1,6,41.66,33.05,91.72,6
3898,1,1123.12,3,4,204.76,22.51,8,51.0,16.84,96.06,6
290,1,1024.7,1,3,827.3,12.85,9,13.88,9.28,99.9,5
5068,0,550.0,2,4,602.56,66.29,8,14.28,32.1,89.1,4
2998,0,1253.45,2,3,670.26,21.08,7,108.57,17.58,96.23,5
2240,0,1482.85,3,4,297.09,19.69,10,45.34,10.93,97.07,9
2737,1,550.0,2,3,339.7,5.16,8,3.79,9.4,92.72,8
6376,0,550.0,2,4,335.9,43.48,7,19.33,25.76,96.4,5
2980,1,856.67,4,3,669.49,34.59,6,104.25,9.06,97.56,3
2934,1,1039.35,2,3,650.54,8.56,7,10.92,4.75,86.62,3
2050,1,981.82,3,3,162.99,30.67,6,71.99,0.38,99.9,7
6964,0,1573.25,4,2,309.03,6.2,9,14.52,15.22,99.9,7
3614,1,1610.19,3,3,1107.22,46.55,8,61.03,15.19,91.51,4
5160,0,962.64,1,2,204.86,52.53,8,25.58,23.94,99.9,1
269,0,715.11,2,1,993.74,48.18,4,52.98,22.15,87.58,3
1206,0,652.06,1,2,468.82,14.55,7,76.46,26.9,97.01,6
6242,1,1438.94,2,4,298.56,37.04,10,56.77,11.2,94.71,6
5819,1,1328.21,3,3,395.87,57.26,7,53.8,28.67,87.77,6
6005,1,1054.97,2,3,256.4,23.56,7,12.75,23.54,92.9,7
4021,1,1492.21,3,3,943.07,11.54,4,37.8,48.02,91.39,3
6906,1,1255.55,2,4,806.02,32.51,9,22.98,3.7,99.9,3
6168,0,800.9,2,2,165.31,27.05,5,85.34,21.72,99.9,3
1054,1,1661.41,2,4,843.68,37.79,8,38.88,45.88,89.39,4
6847,1,1475.63,2,4,416.89,25.42,8,36.99,16.01,99.9,8
4014,1,929.42,4,4,579.92,31.51,9,100.87,9.36,97.89,9
6654,0,1455.1,3,2,319.95,17.4,9,38.76,6.0,99.9,7
6746,1,1296.86,3,5,572.74,27.45,9,77.97,23.63,89.87,7
2715,0,1139.35,1,3,237.25,69.01,2,29.59,3.13,95.93,2
897,0,873.9,2,3,232.09,41.15,5,56.28,37.71,87.92,2
6322,1,1570.93,4,4,767.18,12.84,10,25.53,34.81,93.96,10
182,0,1151.89,1,2,782.58,70.69,3,63.99,22.19,94.01,3
5302,0,1158.48,1,3,324.2,44.39,5,5.75,17.65,91.5,3
3763,1,1564.04,4,3,583.64,33.79,6,54.03,17.94,91.82,7
6770,1,1393.96,4,4,380.47,2.57,9,96.03,10.93,87.79,3
6025,0,1463.33,2,3,293.14,40.32,4,93.99,33.6,93.25,2
5759,0,550.0,2,1,270.9,23.78,7,13.51,4.34,89.62,4
136,0,782.67,1,4,510.22,33.65,6,41.73,20.43,94.48,6
1,0,897.55,5,3,579.57,41.05,6,13.77,24.4,86.13,5
4485,0,550.0,2,2,302.87,46.87,4,42.09,34.3,95.89,2
6601,1,731.32,1,1,574.96,4.2,6,94.5,9.96,92.69,2
810,0,697.88,2,2,121.1,49.41,4,20.57,13.88,89.76,3
5580,0,1648.24,2,3,109.9,6.9,8,72.56,3.8,93.95,10
6737,1,1920.59,4,4,981.64,25.72,8,47.96,9.54,89.19,7
3909,1,1530.81,4,4,872.41,6.5,8,11.35,25.56,91.31,9
6123,0,1374.7,2,3,975.73,48.46,6,49.22,15.42,93.61,3
3465,0,776.78,1,3,377.1,41.51,6,129.89,26.25,86.15,4
1274,1,1769.01,2,3,388.99,12.43,8,61.9,25.5,93.64,7
2087,1,566.8,1,4,148.47,21.49,9,52.86,48.85,88.19,4
5640,0,1294.53,3,1,675.07,49.3,4,52.53,25.0,99.9,3
82,1,1257.82,1,3,479.92,8.17,5,6.75,27.73,90.28,2
1663,0,785.53,1,2,3.86,40.31,3,122.62,12.29,88.42,3
2636,0,550.0,2,3,310.37,33.49,5,49.59,18.33,99.9,3
6931,1,1059.64,1,3,30.61,9.72,10,52.9,12.65,95.99,4
2208,1,1202.39,3,2,470.15,72.09,5,59.02,12.77,96.57,3
859,0,550.0,1,2,350.39,42.59,5,74.45,29.28,87.35,5
3946,1,631.66,2,5,956.19,39.19,7,54.69,22.84,99.9,10
5918,1,1128.51,4,1,684.79,16.78,9,69.74,34.95,97.2,3
5224,1,787.47,4,4,616.03,4.72,7,18.29,18.33,93.0,6
6484,1,1877.38,2,2,179.95,32.44,9,67.35,5.92,99.9,7
5839,0,1856.18,3,2,552.05,7.26,6,22.68,7.81,99.04,8
1619,1,550.0,3,5,852.7,42.0,7,30.05,6.89,95.44,7
2097,0,1291.88,1,2,898.43,25.63,3,4.18,22.9,89.63,3
2535,1,1417.6,2,2,368.56,40.21,6,29.63,1.1,96.22,4
5584,0,2276.81,2,3,407.48,44.92,7,1.3,13.22,99.9,6
3204,0,1545.84,1,2,118.04,49.36,3,70.08,32.22,97.09,4
685,1,656.16,3,4,643.36,36.9,6,21.5,3.49,94.21,4
473,1,890.0,2,5,235.71,64.25,10,26.18,6.05,92.34,6
4439,1,550.0,1,5,41.14,67.74,6,98.44,41.4,99.0,6
1822,0,942.58,2,3,1014.41,65.54,7,7.42,2.07,89.79,6
3320,1,1396.01,3,5,554.38,67.25,8,57.78,8.35,95.91,7
3541,1,627.24,4,3,1104.18,12.29,6,52.29,25.13,99.9,5
2281,0,550.0,3,2,711.91,10.63,3,85.45,34.72,91.49,4
6531,1,550.0,3,4,586.95,62.88,6,45.52,3.7,92.04,1
4712,0,891.35,2,2,13.67,47.95,9,96.4,23.18,92.97,6
2151,1,666.22,4,4,1166.41,47.17,7,18.84,13.36,96.39,5
5106,0,576.65,3,3,296.65,26.53,4,60.78,29.33,87.81,2
4487,0,1003.05,2,3,823.62,4.05,9,46.51,0.21,98.88,6
5334,0,673.84,1,3,349.34,22.54,7,20.48,4.86,90.17,5
2499,0,725.59,1,3,927.04,10.32,7,4.09,37.36,92.48,3
5207,1,1445.76,1,3,82.09,3.88,9,2.05,21.73,94.81,6
2599,0,777.03,1,2,434.55,19.61,7,48.98,29.88,95.83,5
4970,1,827.92,1,3,10.11,27.52,7,102.34,31.17,98.46,5
4240,1,1993.82,4,3,945.57,15.01,10,19.61,20.04,90.25,7
6456,1,863.02,2,3,105.48,77.15,6,46.46,37.37,95.26,4
757,0,876.12,2,4,1248.47,21.6,7,55.92,17.08,92.4,6
361,1,1261.2,1,5,689.67,22.1,9,84.25,23.04,98.0,4
3700,1,1095.18,2,3,97.17,15.18,9,16.52,11.71,98.12,9
4998,1,550.0,1,2,631.84,71.08,6,119.62,44.1,96.17,2
6978,0,728.37,2,2,95.08,63.51,4,81.29,2.55,92.63,5
3733,0,1534.67,2,6,466.55,28.15,9,32.77,11.68,89.08,6
3341,1,1555.16,3,3,294.43,44.82,5,44.85,29.79,85.46,4
6447,0,617.7,1,2,337.07,51.47,4,77.58,22.41,91.94,5
4035,0,550.0,1,4,672.37,44.25,9,32.3,11.91,96.5,2
6073,0,557.42,2,2,471.9,12.1,6,33.49,22.78,93.52,5
4292,0,1241.41,1,3,960.46,71.69,6,57.74,27.81,85.02,8
3371,0,550.0,1,1,163.52,60.43,6,44.04,20.31,81.41,3
6490,0,550.0,2,4,480.89,0.75,9,65.57,21.56,99.9,4
4556,0,706.65,1,2,346.58,54.6,3,36.93,21.73,92.57,2
5388,1,1288.28,4,4,461.43,22.43,10,57.2,1.53,97.56,8
4737,0,550.0,4,4,173.63,28.86,5,46.4,18.66,82.06,5
3237,0,558.97,1,2,180.3,17.34,7,29.19,24.26,93.19,3
77,1,1864.95,3,3,855.28,16.03,10,53.04,19.61,99.37,9
6469,1,1626.92,3,4,72.4,21.31,8,17.3,19.83,88.62,6
329,1,1979.9,2,2,387.54,3.75,6,16.12,11.07,96.33,6
2487,0,1568.42,1,2,658.36,2.82,9,102.5,17.15,98.17,7
2242,0,782.04,2,2,463.51,52.54,6,24.74,32.58,99.9,4
6941,1,782.21,2,5,364.23,26.33,10,17.63,14.44,99.6,8
2220,1,1476.57,3,3,711.54,48.08,9,55.25,4.13,91.8,8
1425,0,550.0,1,2,380.43,10.91,4,73.1,38.07,94.03,1
4732,0,833.03,2,2,687.81,14.16,8,59.25,7.22,86.84,4
5522,1,660.69,2,3,735.01,42.55,10,82.2,12.11,89.22,7
2227,1,1659.3,1,5,456.1,26.96,9,39.95,14.22,98.64,7
3644,0,991.63,2,3,449.5,66.92,10,53.67,11.62,85.1,5
6413,1,781.76,1,5,459.17,23.35,9,17.66,25.06,96.53,7
6361,0,982.47,3,2,664.33,19.43,5,27.53,18.15,93.97,5
6257,0,765.65,1,3,670.46,12.9,6,1.71,13.31,99.81,4
3425,1,550.0,3,5,266.97,23.76,7,78.48,11.32,85.79,5
2199,1,1188.36,2,4,922.31,14.75,8,55.61,6.36,99.9,9
6617,1,587.82,1,3,756.76,6.09,6,35.71,15.81,99.66,5
2126,1,550.0,2,2,317.55,0.81,8,42.06,16.87,98.28,5
3794,1,550.0,2,1,359.12,22.54,2,115.36,40.01,89.71,1
5285,1,1537.28,3,3,258.36,44.21,4,71.96,12.53,87.74,3
3249,0,550.0,3,2,857.44,4.75,8,21.55,23.4,99.9,5
2340,1,1358.99,2,3,346.6,51.8,7,23.07,7.19,89.41,6
5831,0,843.49,1,3,567.61,30.17,5,20.03,10.44,91.92,4
620,1,1742.26,3,3,691.85,12.64,9,54.45,9.81,92.47,5
475,1,2203.77,3,3,537.82,17.2,7,76.93,30.1,90.96,9
3619,1,550.0,1,4,603.4,56.31,5,2.46,7.27,95.36,3
6605,0,1008.55,3,3,1086.36,28.31,10,26.7,25.04,97.78,8
6742,0,1976.75,4,3,545.12,15.31,8,89.54,41.64,99.25,8
2996,0,823.51,3,3,860.47,25.85,6,55.39,49.65,99.9,5
3730,1,1782.12,2,2,399.94,41.62,9,81.16,21.9,93.12,6
2805,1,1201.92,1,3,546.82,30.9,6,63.92,14.42,94.75,5
370,1,1465.35,3,3,588.34,48.88,7,49.88,19.22,94.82,4
1455,1,1943.54,3,3,418.46,28.06,9,44.41,7.62,99.9,7
6219,1,1657.16,2,2,569.12,21.5,9,47.24,0.82,88.35,6
6924,0,632.37,2,3,804.15,38.96,7,19.22,22.32,99.9,3
807,1,1498.62,2,3,568.73,34.08,9,129.7,14.47,99.9,7
2495,1,1731.68,5,2,737.01,27.41,3,27.02,7.53,94.68,7
3566,1,1686.26,3,3,631.84,24.09,7,18.49,4.16,89.98,5
5883,0,1149.79,2,2,301.24,51.26,4,71.42,33.8,96.32,3
6024,0,550.0,2,4,888.51,17.61,7,17.51,6.37,93.86,4
1848,1,550.0,3,2,938.59,32.45,8,14.3,15.94,98.03,6
1609,1,1670.63,2,2,313.01,40.71,7,3.01,3.86,92.99,6
820,1,718.51,2,3,562.48,2.75,5,5.8,25.38,99.9,7
3824,0,631.39,1,4,692.86,9.73,6,83.85,22.67,88.35,6
5048,1,550.0,3,3,912.6,19.93,4,38.3,11.17,88.45,4
6627,0,1275.64,1,3,514.5,18.05,9,46.18,13.27,99.84,9
3319,0,713.07,1,1,845.74,5.94,6,11.88,15.63,92.62,3
775,1,873.68,3,3,249.09,23.16,9,24.34,18.27,99.9,4
1081,0,1932.48,1,1,729.53,26.85,4,50.14,10.56,94.52,2
3599,0,1116.26,3,2,661.39,67.66,3,15.67,32.82,95.02,4
118,0,568.77,2,3,58.05,75.0,4,0.02,6.3,87.0,5
5248,0,883.97,1,2,27.73,7.66,7,56.24,25.46,88.03,2
3776,0,1527.91,3,3,377.86,28.86,9,6.37,4.28,99.9,7
5911,1,1189.42,2,3,594.28,8.05,7,73.86,10.56,99.04,7
677,1,1648.14,2,3,286.13,27.48,10,72.61,32.08,95.97,6
3932,0,1045.86,1,3,97.21,18.79,9,34.43,5.28,94.31,5
2333,0,720.07,2,2,834.12,44.07,5,83.85,19.5,95.8,7
6702,0,550.0,3,2,311.23,32.54,4,95.99,18.29,90.21,3
5904,1,564.94,3,4,805.94,26.65,6,75.26,13.27,95.77,6
3509,0,1501.09,3,2,103.56,63.79,8,57.21,9.92,92.79,3
1939,1,2129.37,3,2,686.11,20.33,8,48.01,17.55,96.41,7
4607,0,845.65,3,3,534.13,12.44,8,77.76,19.15,88.94,7
6213,1,832.82,3,2,141.54,27.69,7,21.04,22.94,97.8,3
5452,1,1787.52,4,3,446.99,39.2,9,75.0,11.41,90.5,7
2590,0,1360.15,3,2,301.75,26.9,7,21.62,11.47,91.24,5
3131,0,784.7,2,2,656.53,6.11,2,116.5,13.1,94.07,1
3443,1,1002.7,1,4,1018.61,3.87,9,39.66,3.63,97.44,6
6282,0,550.0,2,2,1255.34,0.73,8,18.93,3.4,93.14,2
3293,0,1065.79,1,2,380.22,43.31,3,8.46,49.5,87.95,3
3243,1,550.0,1,1,517.99,75.14,5,122.36,38.89,96.73,3
4961,1,969.98,3,4,172.29,20.63,8,57.68,0.36,94.85,7
6058,0,757.67,2,3,940.59,24.01,10,27.95,3.26,93.62,8
3461,0,999.43,1,2,431.74,43.76,4,38.93,28.67,99.9,5
1689,1,1293.6,2,2,1025.95,23.57,5,127.04,1.87,95.67,4
6618,1,1386.67,2,2,662.07,46.04,7,59.82,0.25,86.47,5
3163,1,1052.51,2,3,374.26,36.22,7,76.88,30.58,86.59,5
1495,1,1655.22,1,3,564.2,48.38,10,43.84,7.99,99.0,8
2818,0,550.0,2,4,508.69,6.92,7,11.45,6.85,94.06,2
3262,1,1156.68,3,2,138.9,45.17,5,39.59,27.21,87.26,5
291,0,604.96,4,1,511.42,36.02,6,47.66,2.78,92.78,6
5651,0,879.41,2,3,105.34,19.63,7,61.42,5.37,87.83,5
6645,0,696.19,1,4,444.87,40.95,5,72.5,10.94,84.67,2
378,0,550.0,1,3,468.94,42.26,6,64.59,7.84,97.21,3
6244,1,1743.78,3,4,730.81,4.6,9,46.58,8.2,93.27,7
3939,1,1169.45,4,3,864.53,10.08,8,5.02,8.58,98.68,1
1796,0,550.0,1,3,637.94,14.45,8,16.6,7.35,86.13,4
4587,1,1065.39,2,3,160.6,55.28,8,86.56,36.68,99.9,5
409,0,550.0,2,3,403.71,30.92,5,38.74,23.72,96.3,5
5958,1,650.36,2,3,164.98,34.92,5,29.36,26.71,84.31,4
5727,1,1451.37,2,3,387.01,23.38,10,16.17,4.59,94.16,5
1777,1,1178.45,3,3,337.13,21.04,9,26.37,10.26,99.27,6
704,0,1406.5,2,1,390.13,26.56,6,19.05,20.34,87.97,4
5210,0,550.0,1,4,338.81,42.26,4,98.64,24.7,99.45,2
3206,0,701.95,1,3,121.98,31.0,6,82.14,31.8,97.4,4
3,0,550.0,1,4,561.07,29.17,7,104.06,2.94,94.05,7
426,0,1014.03,2,3,396.61,47.7,10,73.66,9.11,95.51,4
4689,0,669.41,2,3,314.18,25.21,5,56.62,2.08,83.98,5
6317,1,1599.99,3,3,525.08,12.36,8,4.18,9.3,93.06,9
5622,0,1375.84,3,2,419.82,26.18,10,47.96,3.15,88.15,5
299,1,784.31,2,3,1012.43,37.14,7,54.89,6.54,89.89,7
4527,0,550.0,2,3,851.92,54.42,8,2.22,19.67,94.39,3
3217,1,1037.16,2,3,418.67,76.57,5,67.21,14.09,92.05,2
5757,1,1256.39,2,4,433.47,32.48,7,36.73,1.58,90.69,5
3460,1,641.56,2,4,227.82,39.7,9,4.72,29.81,98.2,4
3625,0,748.96,1,3,488.79,18.0,6,71.87,10.13,88.03,6
6513,1,1273.23,3,3,351.19,23.78,7,41.57,22.23,90.11,4
4627,1,1141.4,2,3,1145.94,4.85,7,74.46,21.93,90.42,6
3408,1,550.0,2,3,333.86,43.69,6,60.0,2.22,99.9,3
3022,1,1528.82,4,3,377.02,21.15,10,19.88,23.76,92.05,7
5866,1,799.39,3,2,1216.81,43.15,7,36.99,6.77,93.85,7
2602,1,736.85,5,1,767.81,21.38,7,62.36,16.72,93.05,4
5912,0,846.6,2,3,475.88,9.77,7,85.61,17.11,98.38,3
5242,1,550.0,3,4,13.71,23.83,5,21.24,28.39,91.08,4
384,0,788.8,4,3,327.3,62.7,7,94.8,2.36,90.48,4
1261,0,1280.29,2,4,504.68,13.82,10,2.48,1.39,97.76,7
3660,0,1212.91,1,4,726.85,48.2,7,55.73,3.88,99.45,6
3520,0,620.94,1,4,214.94,37.96,7,19.15,2.67,95.23,7
943,0,935.74,3,1,94.36,34.86,5,93.36,12.96,92.52,1
5589,0,1441.51,2,2,560.35,2.19,8,58.22,25.69,99.9,3
5531,1,1528.82,3,3,624.83,1.12,7,26.67,0.14,89.93,7
4861,1,1272.81,3,3,869.23,33.62,9,8.48,26.87,92.28,5
3712,1,1119.09,1,3,525.71,5.43,10,56.01,24.92,95.73,6
1092,1,995.76,2,2,132.59,48.1,7,33.69,1.58,99.9,9
987,1,1125.46,3,4,998.37,2.09,5,35.6,15.42,94.99,8
5447,1,729.07,4,3,507.42,42.75,8,25.85,5.29,99.9,4
5926,0,1478.75,1,3,592.87,17.62,8,7.17,33.22,97.77,5
4979,1,938.82,1,2,484.13,25.48,6,73.06,7.16,87.58,3
360,0,550.0,1,2,42.64,18.48,8,30.24,33.36,99.9,6
3771,1,1077.72,3,3,161.23,2.3,10,57.15,13.99,94.38,9
2806,0,550.0,1,2,540.45,21.68,4,66.46,42.24,89.74,2
6448,1,1647.58,2,3,501.87,47.47,7,63.7,4.11,86.15,5
1774,0,1335.94,4,2,242.77,49.05,8,13.12,13.19,93.98,5
3775,1,853.76,3,4,533.83,5.13,8,49.13,11.34,96.91,4
147,1,854.37,1,3,300.71,23.05,4,34.93,7.47,91.53,3
1101,0,836.62,2,3,555.84,7.86,8,62.4,32.78,90.35,4
1438,1,1702.8,4,3,691.93,9.49,10,17.33,4.19,93.75,9
2671,1,1190.73,1,2,538.72,29.41,6,0.57,12.51,99.85,7
5412,1,1349.61,2,4,565.76,44.57,5,23.47,10.41,93.12,6
5347,0,731.64,1,3,830.59,18.57,8,24.27,27.73,99.9,4
3965,0,550.0,2,3,385.89,40.63,3,35.9,35.47,92.55,1
3348,1,1488.9,2,4,734.17,49.2,8,21.5,9.96,91.53,7
2065,1,1343.09,2,4,295.45,22.15,7,9.5,3.29,90.3,4
647,0,1388.91,1,3,440.11,24.65,7,16.4,14.0,99.82,4
4484,1,1620.46,4,3,709.5,12.67,7,53.19,7.02,99.9,9
4681,1,1655.84,2,4,308.0,48.71,7,18.33,44.35,98.73,7
4984,0,823.7,2,3,736.53,31.76,5,47.53,21.48,84.84,3
5962,1,711.62,1,5,207.21,32.58,8,62.0,33.85,92.41,5
1453,1,864.12,2,3,306.02,51.99,4,34.27,21.52,91.31,6
4163,0,657.69,1,4,9.84,18.7,8,67.67,6.7,97.21,1
1882,0,1029.17,1,5,1066.64,26.44,5,111.02,16.92,87.9,3
2318,1,1255.38,3,4,482.12,54.16,9,19.94,3.53,93.38,7
2504,0,1038.87,1,2,58.41,62.24,3,35.24,43.42,85.03,5
2609,0,1536.77,1,3,1005.53,28.63,9,38.92,31.67,89.09,5
4169,0,1036.2,3,4,200.87,76.02,5,35.33,7.79,95.39,4
3659,1,864.82,1,3,429.09,44.84,3,59.61,14.3,90.06,4
4638,0,1046.79,2,3,342.15,43.06,7,3.39,5.36,96.52,4
315,0,805.65,2,1,539.13,48.83,3,21.07,18.09,88.33,5
2232,1,1674.51,2,2,394.53,49.99,6,11.87,3.28,94.83,6
5180,0,910.35,1,3,384.49,48.77,6,61.38,18.79,91.85,7
1163,0,1269.27,2,3,249.34,32.19,7,57.33,28.73,92.11,7
1729,1,1002.76,3,3,515.12,26.26,10,20.57,15.27,89.4,6
5099,0,550.0,2,3,421.49,25.07,6,67.29,20.29,92.0,6
5310,1,1310.12,3,3,465.6,23.36,10,62.85,4.72,95.02,6
2136,0,843.63,1,3,573.22,9.81,7,58.0,2.81,92.53,5
2558,0,1010.1,2,4,236.34,40.86,6,21.82,25.7,89.56,6
1312,0,1339.23,3,3,630.25,27.85,6,1.48,1.72,95.77,6
3431,1,1489.93,3,4,862.07,24.76,9,17.03,4.43,99.9,8
6678,1,1756.64,2,3,946.52,12.64,5,61.67,3.9,97.82,4
5135,1,1205.34,2,5,457.54,20.78,10,62.31,38.36,99.32,10
51,0,678.71,3,4,524.98,20.75,7,54.64,39.12,86.4,5
6715,0,550.0,1,2,743.46,49.68,5,50.21,24.7,96.97,5
6195,0,550.0,4,4,378.65,45.75,8,25.55,25.2,91.14,9
4382,0,811.64,2,1,66.66,23.0,5,9.43,27.28,83.97,4
1430,1,1506.8,1,4,371.52,9.67,7,88.74,41.96,97.46,3
1080,0,1137.14,1,5,902.28,30.18,7,86.06,6.45,99.49,5
1708,1,1156.86,4,4,299.83,15.05,10,12.72,6.58,99.9,7
84,1,938.17,1,4,116.05,29.16,9,87.07,32.27,94.59,6
1670,1,550.0,4,4,343.24,52.21,9,7.92,11.55,90.03,9
1238,0,1465.27,3,3,106.69,63.63,6,54.48,1.57,88.96,6
6895,1,783.16,4,3,902.49,38.33,7,36.15,31.26,93.83,6
6085,0,550.0,1,2,23.66,26.43,3,33.32,16.54,91.19,3
324,1,550.0,1,1,200.14,53.6,2,34.2,38.95,92.86,1
122,1,1393.42,3,3,708.88,0.91,5,11.7,0.8,99.9,5
1790,0,1155.62,3,2,464.49,52.83,9,49.99,16.96,95.28,8
2905,1,839.29,1,5,787.77,20.54,9,69.04,36.28,92.94,6
886,1,1403.34,2,3,250.95,55.93,6,99.9,23.11,92.24,5
4095,0,657.43,2,2,886.83,65.15,5,9.26,23.52,98.04,5
5688,0,1187.21,2,3,566.0,20.93,5,65.64,1.53,90.14,5
6046,1,1481.34,1,5,794.84,22.49,10,82.49,1.91,90.31,6
4626,1,1065.79,2,4,477.23,23.03,7,3.46,10.25,99.9,8
1049,0,1010.31,1,3,399.25,35.53,6,51.96,26.41,96.07,4
3791,0,1207.53,3,3,375.11,52.36,6,79.98,14.35,92.24,8
2007,1,1351.18,2,3,477.29,15.57,10,38.05,16.75,88.04,5
3487,1,1153.56,3,4,382.87,53.58,6,42.73,7.91,94.58,5
4841,0,776.67,3,4,152.43,68.04,7,101.03,41.73,91.15,4
5881,1,1688.66,3,3,1177.54,15.56,9,16.91,7.99,99.62,7
3353,1,1039.85,2,4,240.42,7.39,9,49.33,13.26,93.16,4
5331,1,1640.35,1,3,16.32,46.36,6,44.42,21.28,82.33,5
1748,1,1498.46,3,5,289.49,23.68,10,27.92,20.49,92.28,6
985,0,1573.03,1,1,220.63,4.89,7,134.12,15.44,96.99,5
5265,1,789.27,3,3,779.57,58.5,10,27.45,7.97,95.13,9
3343,1,1433.84,4,4,96.84,27.17,8,48.04,2.3,86.1,7
5082,0,612.23,2,2,276.9,1.66,6,98.88,35.46,94.46,2
6295,1,601.46,3,3,414.33,62.41,6,34.92,40.73,92.16,6
2680,0,734.27,3,2,162.63,59.12,4,16.96,20.45,96.05,3
890,1,1615.16,1,4,906.21,35.01,10,51.01,7.22,95.46,4
2076,1,917.84,2,4,535.27,59.37,9,75.21,19.47,94.65,5
2727,0,837.14,1,2,591.95,37.98,5,27.55,33.47,94.23,3
1744,1,949.96,2,4,518.32,52.36,9,109.12,16.24,99.84,2
3834,0,550.0,2,3,683.55,34.79,4,67.31,18.35,92.99,1
5324,0,608.27,1,4,316.64,6.57,7,40.38,29.22,89.88,4
6615,0,687.13,1,3,439.45,5.77,5,17.68,7.31,89.79,3
3090,0,550.0,1,2,492.35,37.58,7,5.63,12.53,87.53,2
5323,1,1523.17,2,4,1003.37,57.21,8,90.32,11.07,98.38,6
2903,1,1427.49,2,4,655.98,8.02,10,43.87,11.41,96.88,8
4680,1,1414.96,4,2,279.23,12.03,5,100.19,3.08,98.53,8
4773,1,1382.24,2,2,42.32,25.82,7,3.68,23.02,93.94,8
3924,1,597.95,2,6,684.18,29.81,10,47.87,2.91,94.26,9
2313,1,550.0,3,5,424.1,25.76,6,73.57,0.21,99.9,7
4232,1,938.79,2,3,1207.74,21.43,6,23.95,20.49,98.0,3
746,1,960.37,2,3,535.83,18.37,6,4.92,30.3,91.59,4
3979,1,550.0,1,2,701.03,18.47,2,29.59,30.86,96.84,2
2053,1,550.0,3,3,311.49,6.83,6,39.72,2.0,99.9,6
5789,1,1163.6,3,4,414.13,60.33,7,71.25,9.58,92.18,5
6762,1,563.95,1,4,358.21,7.32,7,16.5,37.79,90.1,2
5805,1,1073.54,2,2,508.27,31.42,5,15.02,23.89,91.54,6
31,1,550.0,2,3,135.08,39.45,5,28.71,30.42,99.9,8
3167,0,1463.68,1,3,953.69,14.2,8,25.46,13.29,88.65,7
6082,0,701.87,1,3,75.44,20.55,5,57.58,32.54,99.9,6
6226,1,1743.78,1,3,792.52,31.96,7,20.03,9.72,92.64,5
6667,1,550.0,4,4,708.54,3.66,9,43.87,3.35,94.42,7
2335,0,2061.42,1,2,570.44,0.75,9,74.53,10.03,96.38,6
2256,1,810.43,2,4,137.27,36.27,8,30.45,9.68,99.9,7
6084,0,847.5,2,3,450.23,26.28,9,32.08,5.01,94.68,3
6145,0,975.14,2,2,277.69,25.52,4,40.83,8.71,94.96,5
2817,0,550.0,3,2,899.21,4.96,5,7.26,11.16,95.25,4
3223,1,590.26,2,4,327.18,2.54,8,23.48,16.7,97.15,4
6155,1,1318.16,4,3,785.01,2.85,9,43.18,1.5,92.01,7
6782,1,942.63,1,3,628.54,40.96,8,61.55,10.03,98.32,4
3933,1,1663.43,4,5,939.55,38.33,10,2.29,9.1,95.28,9
1698,1,1167.07,2,3,284.86,52.42,5,37.93,24.67,99.08,7
3684,1,972.33,2,3,516.19,39.7,6,9.35,25.0,90.66,7
335,0,1247.24,2,5,508.51,60.16,7,37.74,11.43,84.92,6
4897,0,550.0,1,3,653.54,10.2,5,21.27,2.56,98.15,3
1351,0,550.0,1,1,278.16,15.87,5,40.53,12.2,93.05,1
1342,1,1096.07,3,5,432.12,32.66,10,23.02,35.14,80.68,5
969,1,1547.04,3,3,523.98,34.86,5,132.36,6.69,90.94,5
4437,0,962.42,1,3,318.97,22.09,7,18.1,11.18,99.25,7
6066,0,794.96,1,3,662.62,62.2,7,78.53,28.83,92.03,3
785,1,963.49,2,3,593.93,35.6,9,27.91,12.26,91.06,6
4615,1,1099.78,3,3,386.22,14.22,10,1.07,31.81,98.94,7
5409,0,550.0,1,4,641.16,41.81,9,93.13,45.79,98.0,4
2678,0,550.0,2,4,118.39,40.76,7,39.43,19.43,95.96,4
3159,1,1379.86,2,3,599.2,5.79,9,66.8,14.53,95.13,6
4937,0,550.0,2,2,480.48,19.06,7,13.68,30.46,91.15,4
4863,1,897.6,2,4,567.27,57.64,6,30.06,18.81,87.93,3
2765,0,550.0,2,1,1047.11,44.9,5,11.89,30.43,96.61,1
4117,1,864.47,5,4,395.39,23.07,8,57.56,33.35,97.08,6
518,0,1335.43,3,2,784.03,36.0,6,8.56,1.49,87.82,6
5031,1,1244.67,2,3,932.4,52.85,8,38.72,26.23,99.9,6
400,0,1662.92,2,1,268.64,53.94,7,35.25,30.19,93.78,3
836,1,870.74,1,3,250.99,13.34,7,72.34,8.46,94.97,4
1946,1,1001.67,2,2,631.95,32.39,7,70.1,18.77,83.71,6
4875,0,794.16,4,3,213.83,32.69,8,108.68,21.95,99.9,5
697,0,1567.09,2,2,468.89,37.41,8,97.63,3.03,93.67,7
1618,1,550.0,3,5,273.64,46.48,4,11.47,24.61,86.66,4
1978,1,1432.2,3,4,981.5,33.01,7,35.44,5.12,93.41,8
6660,1,660.98,3,3,424.88,41.39,7,113.54,10.79,92.85,6
2772,1,1460.44,3,4,169.38,35.64,10,61.51,2.86,89.93,9
1929,1,1165.91,2,3,421.65,2.2,7,69.4,37.51,96.08,3
6590,0,550.0,2,3,247.21,19.52,10,2.34,20.81,90.06,5
5653,1,809.51,1,3,766.82,35.65,7,9.54,7.56,96.1,7
5749,0,664.34,3,4,329.85,22.28,8,31.75,6.3,99.9,4
4747,1,1414.68,2,6,331.15,8.62,9,124.81,12.54,99.9,7
975,1,837.88,2,4,1011.85,36.58,10,21.1,12.98,94.71,7
3236,0,550.0,1,2,241.35,49.3,5,15.19,19.95,94.4,2
389,0,1093.37,4,3,640.98,51.03,5,44.31,17.41,99.9,7
3294,0,550.0,2,2,492.41,8.63,7,96.15,24.97,93.85,2
6465,0,903.59,4,5,341.22,14.71,8,11.44,31.17,99.39,8
5212,1,1339.88,1,4,443.41,36.41,10,77.29,16.39,93.7,7
3864,0,550.0,1,3,171.47,48.97,6,83.77,34.55,92.42,4
305,1,1358.08,1,4,524.26,4.39,8,50.96,18.75,92.79,6
3709,1,885.44,1,4,259.07,46.62,9,81.36,40.54,87.58,7
5650,1,761.54,1,4,232.87,52.71,4,53.11,28.2,94.87,5
4510,0,550.0,2,4,424.6,38.5,9,15.98,21.79,99.9,5
2613,1,550.0,1,3,354.48,23.42,5,28.99,23.38,93.59,2
5291,0,1161.44,1,2,467.44,23.12,7,58.85,18.02,97.49,4
6739,0,1015.18,2,1,568.72,36.93,8,25.05,33.12,95.04,3
4030,1,863.05,1,4,645.3,60.88,7,104.92,14.98,98.36,5
6774,0,630.95,1,2,22.96,27.82,5,60.78,17.84,89.91,5
710,0,744.45,1,2,632.75,46.56,2,39.75,16.84,91.36,3
6625,0,550.0,1,1,528.78,11.76,6,24.05,33.89,95.02,2
5123,0,1104.41,2,3,848.77,25.92,7,86.15,15.15,91.28,5
64,1,1222.16,1,4,620.8,57.28,6,97.86,5.6,86.51,8
1715,0,1686.82,1,2,53.18,46.2,7,81.87,40.39,93.63,6
4318,0,550.0,1,2,172.25,25.83,6,18.11,10.22,95.01,5
1616,0,550.0,3,2,255.02,5.94,8,73.39,28.17,96.21,5
3759,1,1104.28,3,4,247.27,8.22,5,65.69,21.36,92.75,5
4568,1,1838.25,3,2,1009.36,26.82,6,4.07,6.61,83.16,7
6199,1,737.11,3,4,197.47,31.59,8,78.19,31.65,93.22,5
3558,0,709.95,1,2,40.08,14.54,5,5.45,27.59,88.65,2
6367,1,1818.24,2,4,790.74,44.36,9,61.0,12.82,90.81,7
267,0,896.66,2,2,780.08,24.65,7,66.69,17.39,91.35,4
4548,1,1289.15,1,3,381.0,13.69,8,50.84,37.08,89.59,3
3031,0,550.0,3,3,1145.41,26.94,5,68.61,32.3,95.49,4
6706,1,958.57,3,3,387.23,6.1,9,91.54,9.87,83.68,4
1460,1,1167.16,2,2,765.47,13.18,8,89.86,13.23,99.9,4
4645,1,1076.54,3,2,835.25,36.0,9,80.9,20.35,97.73,7
2153,0,1042.51,2,2,411.7,72.23,9,49.91,26.02,94.07,5
1220,0,550.0,2,2,834.79,39.06,8,96.32,12.2,98.53,3
3252,1,1227.32,2,3,332.52,33.78,8,33.16,9.72,97.71,6
6135,1,1508.89,3,3,284.42,43.53,8,16.88,6.41,99.9,5
582,1,1821.84,1,3,398.52,26.83,5,0.98,14.09,93.33,4
5186,1,1505.89,5,1,1089.14,7.73,8,48.31,0.56,96.24,5
4986,0,1168.01,2,1,335.34,80.41,8,37.92,28.58,93.0,5
5915,0,967.81,1,4,463.41,17.03,9,78.32,0.39,99.9,8
3405,1,1175.07,3,4,175.45,26.41,9,44.08,11.09,95.87,5
1466,1,919.65,2,3,1094.1,13.4,10,45.01,1.36,95.92,10
1093,0,679.57,1,2,518.23,46.36,7,13.87,4.22,98.41,4
5346,0,594.66,1,2,605.78,56.4,7,92.24,4.3,84.09,5
3957,0,1330.24,3,1,573.49,37.93,7,64.0,10.25,99.9,5
2356,0,1159.83,1,2,160.48,9.54,8,31.51,26.36,88.55,6
6754,0,550.0,1,4,231.56,62.76,7,25.23,23.98,99.9,3
6255,1,1721.87,3,3,660.06,20.47,9,3.57,1.02,91.7,8
1646,0,783.28,5,2,1079.27,26.29,6,57.1,8.5,99.9,3
781,1,550.0,2,3,349.43,2.61,10,42.73,14.91,98.83,6
283,0,759.92,1,4,237.53,19.42,7,72.37,20.92,99.9,5
3953,1,860.91,3,3,548.63,12.15,8,36.41,12.06,98.44,5
823,1,2166.82,1,4,621.29,12.85,7,4.5,5.93,96.19,5
1198,1,813.24,1,1,656.34,38.29,5,85.1,21.86,96.81,1
7,1,550.0,1,1,376.66,10.75,5,36.14,5.5,93.48,1
6078,0,1663.91,1,3,801.23,22.27,6,0.25,17.71,92.07,6
6112,1,1139.91,3,3,273.39,43.69,3,65.98,27.89,80.31,1
5984,1,1774.08,2,2,522.48,58.18,6,12.35,15.41,93.06,4
2824,1,1552.76,3,3,781.32,36.57,7,6.2,4.56,89.28,7
2900,0,896.2,1,2,944.12,49.62,5,96.11,8.45,99.9,4
2168,0,550.0,2,4,573.81,32.7,8,82.24,48.37,99.9,7
3174,0,645.83,1,3,541.42,28.47,7,18.74,42.53,94.03,4
4041,0,1364.11,2,2,362.63,55.23,5,16.12,33.71,92.57,4
4083,0,693.88,3,3,778.81,24.98,3,99.27,28.25,93.82,4
435,1,550.0,1,1,32.17,39.35,3,90.33,33.18,92.63,1
5502,0,550.0,3,4,18.9,12.95,6,95.32,34.3,93.61,5
6795,0,689.3,3,4,78.49,8.98,8,52.72,5.47,97.99,6
3432,1,918.67,1,4,128.41,27.92,8,5.19,3.58,96.77,6
5441,0,1774.02,1,3,559.58,44.85,8,64.57,1.07,92.95,4
6292,0,758.5,3,2,380.34,20.19,6,27.05,18.04,91.18,7
3701,1,1047.06,1,3,621.55,23.45,6,61.2,35.56,99.9,5
2648,1,1291.47,2,4,66.02,20.22,6,57.63,25.53,88.07,3
4333,1,550.0,3,2,492.09,9.62,9,86.06,21.59,95.32,5
2051,1,1151.93,3,3,372.65,65.77,5,40.2,18.47,91.33,4
1976,0,1114.92,2,3,597.83,30.82,8,89.57,32.61,93.26,4
5641,0,991.57,1,4,568.42,20.61,9,61.74,31.63,98.12,6
5004,1,1177.16,1,2,893.63,29.65,4,21.51,13.34,95.22,5
4277,1,965.56,3,4,967.68,61.25,8,21.58,3.76,90.51,5
2744,1,1230.8,3,2,808.78,31.3,4,44.78,13.14,89.02,4
1776,1,888.96,2,5,638.0,1.9,7,49.55,16.76,99.42,6
6882,1,1270.65,4,4,91.09,53.06,10,67.25,8.98,91.97,7
425,1,1115.24,5,2,852.38,20.23,8,29.12,16.19,99.25,9
3069,0,799.86,1,2,405.79,12.91,9,79.72,5.26,99.9,3
1538,1,550.0,3,5,1208.95,21.54,10,39.81,0.17,99.8,7
5120,1,550.0,5,5,318.62,68.03,6,65.19,27.93,87.57,4
593,0,1094.72,1,5,798.38,27.04,3,36.74,28.39,87.25,3
6869,0,1027.26,1,3,714.71,32.25,5,6.05,20.45,99.9,3
449,1,1423.76,1,3,356.87,33.88,10,28.06,20.74,92.77,8
2834,0,550.0,1,3,523.87,39.89,4,42.89,34.1,89.73,2
2626,1,1761.42,2,5,1312.51,34.64,8,35.88,26.83,94.67,8
6768,1,736.19,3,3,293.57,40.65,7,33.03,13.34,93.26,7
1833,1,1171.95,2,3,825.6,34.49,3,19.95,16.35,89.01,3
3205,1,1443.58,2,3,281.3,15.55,9,62.09,0.36,98.32,3
945,0,958.39,3,1,521.3,25.95,5,37.87,13.14,87.17,5
6819,0,550.0,3,2,572.0,6.94,7,27.41,1.86,95.78,5
2991,0,1002.82,1,3,1139.61,10.88,9,71.4,19.99,96.57,4
4507,0,550.0,1,2,712.54,5.47,6,18.44,10.86,95.68,3
1288,0,1573.03,1,2,820.74,8.91,5,45.87,9.64,94.69,4
3009,0,1105.63,1,3,248.03,6.11,7,30.33,41.4,93.37,6
5846,0,914.61,2,2,1014.42,41.4,6,81.84,28.04,95.66,1
3950,1,1134.03,4,3,984.12,12.9,10,26.84,9.89,88.72,6
2253,0,917.29,1,2,369.9,31.68,9,71.93,12.41,93.45,6
180,0,1413.38,2,3,380.84,36.26,8,39.59,20.49,95.51,1
2546,0,1100.88,1,3,388.99,37.59,7,0.52,24.68,92.86,4
4947,1,1582.74,1,3,357.83,2.33,9,53.84,18.27,94.0,8
54,0,1108.17,1,3,599.08,34.18,4,41.57,27.91,99.9,5
28,1,935.84,2,5,480.78,14.04,8,85.05,9.29,85.7,3
348,0,1074.05,1,3,599.49,36.09,7,13.87,31.21,96.0,5
626,0,1593.51,2,2,824.79,25.46,5,35.77,3.94,87.13,4
3105,1,1167.52,2,4,414.24,38.18,5,30.2,36.04,99.68,7
2895,1,1682.91,2,4,362.53,8.53,9,99.33,8.77,90.74,4
1199,1,851.0,2,4,807.35,72.9,5,50.86,36.47,95.92,2
265,0,550.0,1,2,427.19,33.22,7,3.64,14.83,86.33,2
2461,0,1115.03,3,3,662.48,34.01,6,10.23,6.12,99.9,4
2081,1,1138.61,2,3,685.78,25.45,5,13.71,22.43,84.67,7
4682,0,1838.44,1,3,366.11,78.07,10,27.79,12.95,98.67,5
2263,0,1245.47,1,1,521.89,14.01,5,8.89,14.08,98.63,3
4810,0,550.0,2,4,489.95,43.86,7,50.51,4.81,96.23,5
1531,0,859.61,1,4,541.62,16.86,9,25.64,8.63,92.2,5
6917,0,594.57,1,3,756.04,29.84,6,7.96,50.5,89.11,6
3784,0,691.66,2,2,41.14,22.34,6,46.06,8.27,89.72,3
525,1,817.6,4,4,451.7,1.17,9,22.64,10.34,90.06,4
5992,0,839.86,2,3,1022.66,44.57,8,55.82,5.69,91.79,5
6942,1,2273.01,3,4,655.18,7.47,8,98.28,8.94,95.49,4
1942,0,907.52,1,4,288.04,55.84,10,12.24,10.18,99.9,7
968,0,550.0,2,3,555.05,10.91,5,53.43,7.98,99.85,3
624,1,949.39,2,5,252.68,24.21,9,59.5,5.16,99.9,5
1626,0,550.0,1,2,816.83,15.82,7,1.96,8.98,90.61,1
5473,1,1777.14,1,3,848.92,40.2,10,9.19,16.43,96.89,6
4409,0,589.27,2,4,261.54,13.26,8,4.68,12.52,99.13,7
120,0,860.5,1,4,316.29,28.98,7,66.86,15.93,86.46,5
6365,1,550.0,3,4,397.37,29.46,7,14.24,11.72,93.85,5
2463,0,824.59,2,3,120.83,24.56,7,87.15,9.38,87.69,4
365,1,1346.45,3,3,512.67,30.96,7,1.58,29.52,89.67,6
5429,0,1599.41,2,3,1047.22,7.56,7,86.6,15.78,87.05,4
2732,1,707.95,4,2,1040.66,10.21,10,15.09,43.84,99.9,6
5515,0,836.51,1,3,42.75,72.74,6,56.19,36.82,89.97,3
855,0,550.0,2,3,802.57,27.45,6,36.04,1.86,81.99,3
6621,0,1362.72,3,2,1044.39,57.7,6,54.1,12.39,86.41,4
4968,0,876.31,3,3,600.38,30.62,7,0.85,19.86,88.77,7
2910,1,1463.53,2,3,810.13,31.02,4,55.85,10.79,88.99,9
5919,1,964.27,1,6,623.13,25.83,9,76.89,29.05,98.21,5
554,0,550.0,1,3,715.05,6.03,7,36.97,34.52,97.55,3
6600,1,1317.5,1,4,169.35,40.41,10,25.79,6.17,98.38,7
3690,1,1649.83,2,3,709.08,27.17,10,5.21,9.93,99.74,5
753,0,550.0,1,2,387.23,45.88,5,73.98,15.75,92.71,3
5211,1,911.67,3,4,76.77,43.04,10,77.64,18.97,94.23,6
6354,1,1814.66,2,5,433.52,36.34,10,14.37,18.72,90.0,5
4973,1,1228.57,3,3,347.97,38.93,4,94.68,15.2,95.23,7
3070,1,1639.62,2,2,3.19,8.8,7,30.37,20.95,97.57,4
3735,1,550.0,2,4,161.86,12.7,5,93.85,25.32,89.18,4
4145,1,1099.16,1,3,1041.06,30.78,7,22.09,6.23,99.31,4
5566,0,575.16,2,3,829.79,42.17,6,61.99,22.33,94.51,4
563,1,1306.61,2,5,585.89,43.38,8,16.07,4.52,94.53,8
1254,0,674.01,2,4,838.75,31.79,8,0.92,24.82,97.83,4
3316,1,550.0,2,1,477.04,43.63,6,20.13,48.17,97.59,2
5928,0,917.46,1,3,89.01,18.46,7,19.77,1.73,81.92,4
3385,1,1515.07,2,3,949.39,57.27,6,64.97,6.0,96.8,5
5195,1,1386.95,1,4,387.79,40.65,9,61.66,24.59,95.41,5
2985,0,707.78,1,3,892.92,51.71,8,73.75,34.67,92.82,4
927,0,553.44,2,4,886.46,26.45,8,85.24,10.5,96.36,1
4260,1,1939.46,4,4,845.15,13.31,8,28.38,36.21,91.81,5
2117,0,659.64,1,3,443.04,38.87,4,52.16,8.7,84.6,4
3438,1,1664.02,3,2,447.75,10.45,7,20.57,16.33,99.9,4
4084,0,943.89,3,3,463.69,23.92,9,25.75,11.25,89.09,7
2138,1,1903.24,2,5,993.62,14.04,10,3.87,4.23,98.76,6
258,1,722.64,2,4,254.76,40.79,4,81.42,46.05,94.02,4
6773,0,1432.58,1,4,894.26,18.24,10,10.58,24.9,95.49,8
3115,1,1477.74,1,5,110.94,52.85,8,46.9,2.29,89.91,6
2763,1,550.0,2,4,445.65,22.81,7,42.79,8.33,95.27,3
3052,1,897.36,2,4,178.94,32.59,7,44.53,9.15,96.04,7
253,0,1028.83,2,4,739.36,10.24,8,65.38,23.16,99.9,5
4872,0,690.05,1,3,538.02,35.7,6,17.84,5.59,89.42,4
6327,0,550.0,2,3,567.83,47.71,7,87.98,14.47,95.14,6
2058,0,550.0,2,1,336.41,26.47,6,91.13,12.4,90.37,5
4754,0,1558.39,2,2,451.96,45.11,5,18.19,6.47,93.6,3
3755,1,748.89,2,5,604.86,48.13,6,96.5,45.95,98.02,5
1344,0,550.0,1,3,715.85,47.83,8,55.92,27.33,86.66,3
309,1,1026.89,2,3,149.28,31.68,7,51.37,7.32,92.33,7
3695,0,1324.19,2,4,912.02,16.72,9,77.4,2.66,97.41,6
3471,1,1224.48,2,3,675.1,18.18,7,34.3,24.85,87.14,6
2054,1,1509.24,3,3,2.7,31.43,6,3.86,7.35,90.0,7
6848,1,1339.86,2,6,547.11,48.16,9,47.76,13.5,96.24,7
1297,0,1443.74,2,1,643.82,5.5,10,38.0,6.66,95.61,4
2869,0,839.71,3,3,269.22,41.28,7,67.7,19.54,93.58,3
4499,0,1254.08,1,3,552.58,16.5,7,54.59,29.88,89.44,5
833,1,1724.89,3,3,734.3,49.13,4,31.7,13.96,88.4,3
1191,1,850.46,2,4,12.78,11.17,10,51.74,8.21,84.46,7
4326,0,550.0,1,3,452.06,29.42,7,71.77,26.88,97.86,5
708,0,934.7,2,3,490.73,29.8,6,20.31,15.81,92.47,4
1713,0,550.0,3,3,1110.91,54.78,7,61.55,16.4,89.8,6
428,0,550.0,3,4,753.8,14.54,7,29.12,24.19,92.17,7
5690,0,1572.71,1,1,323.24,61.86,3,85.1,1.45,94.68,3
1950,0,924.31,1,3,860.94,47.7,7,87.08,0.22,91.73,2
6450,0,915.19,1,2,716.4,34.5,5,61.39,26.67,96.93,3
4306,0,1062.03,3,4,248.15,35.38,7,28.6,33.31,95.82,6
1944,1,1741.57,2,2,668.65,69.17,3,2.75,7.36,89.24,5
3077,1,1252.22,1,3,138.55,11.34,10,25.29,13.2,99.9,7
3875,0,550.0,3,3,307.22,51.18,6,34.43,7.01,91.89,2
5193,0,1855.66,2,2,627.71,57.65,8,61.98,21.63,98.65,4
3386,0,696.73,2,2,798.97,31.93,5,16.08,22.51,89.62,4
5245,0,1214.95,3,4,343.64,12.32,10,39.58,10.74,99.9,7
1448,1,1434.43,4,2,370.18,20.76,5,66.2,1.09,93.39,6
826,0,550.0,1,2,713.64,34.8,6,9.12,8.92,94.17,4
2332,1,1964.22,4,3,587.32,29.28,7,4.3,7.01,88.0,9
3004,1,1637.2,1,3,332.56,14.58,7,60.88,4.85,92.75,3
2308,1,1089.42,1,3,231.1,38.1,7,23.52,13.56,98.39,2
4874,1,1578.04,2,4,162.12,22.54,8,53.82,3.23,96.75,6
1299,1,688.09,3,3,385.88,70.9,6,68.12,14.36,93.53,5
109,1,1458.01,2,3,360.62,42.61,10,94.43,3.71,99.9,7
4771,1,1049.9,3,4,310.73,63.55,7,48.24,16.32,91.19,6
2155,0,550.0,4,3,197.22,14.03,10,9.56,26.63,99.9,5
1758,0,1479.65,3,5,469.03,1.51,10,39.62,6.92,94.56,7
1444,0,550.0,2,2,423.64,61.21,5,10.81,1.85,90.66,5
129,0,808.65,1,5,624.84,34.01,7,21.94,10.78,87.85,3
5654,0,606.65,3,3,22.75,70.74,7,13.53,17.01,99.9,6
4458,0,550.0,2,1,184.95,42.87,5,79.8,26.56,88.51,3
6389,0,852.81,3,4,336.31,19.94,8,4.34,3.43,91.61,3
2811,1,1547.53,2,3,455.17,24.62,8,15.39,10.86,96.96,8
3192,1,1337.46,2,3,564.81,3.33,9,48.93,11.61,99.41,10
5355,0,550.0,3,3,932.59,51.75,7,67.23,3.67,88.77,3
6776,1,562.23,2,3,438.45,32.09,8,54.6,2.55,89.48,4
6676,1,874.68,3,5,305.14,29.53,9,74.06,42.13,85.12,4
2823,1,550.0,3,4,1101.59,8.8,9,45.26,1.29,98.7,5
394,1,955.82,2,3,602.47,60.62,6,41.71,32.53,87.27,4
1507,0,550.0,3,3,535.29,2.7,8,21.47,24.87,99.9,4
1804,0,1052.22,3,2,550.11,42.21,4,4.59,11.51,84.54,4
362,1,1318.48,4,2,729.79,18.15,8,93.88,17.27,97.85,6
3495,1,1597.54,3,3,690.35,37.72,10,19.33,12.2,88.55,7
1112,0,1033.23,1,2,488.34,78.47,4,30.72,34.02,85.6,1
3521,1,1001.99,3,2,14.7,16.42,6,1.51,14.1,93.17,6
95,0,1117.43,2,2,546.97,32.53,7,42.19,31.63,91.03,4
4102,1,707.34,3,3,571.86,14.33,8,34.98,8.32,97.18,9
5718,0,1006.85,2,2,200.68,9.41,6,16.12,18.02,94.93,5
5869,1,1096.86,1,4,335.07,37.71,6,92.15,21.54,91.78,4
66,1,1486.54,3,5,590.92,26.56,7,31.47,3.2,93.34,8
4221,1,1601.24,1,3,763.98,45.98,7,36.58,13.81,99.9,5
496,0,730.57,2,4,144.83,38.1,6,67.26,0.68,83.03,5
3999,0,707.44,2,3,1199.93,60.29,2,0.83,23.94,88.06,3
5303,0,1044.51,1,1,32.83,82.63,3,48.29,37.33,94.67,3
4896,1,1931.09,3,5,1132.38,8.75,10,6.37,28.01,97.73,7
1269,1,699.29,3,4,319.61,41.17,8,2.53,28.96,98.2,3
65,0,1193.27,1,3,514.51,29.36,7,38.72,15.62,92.71,2
4649,0,558.96,4,2,235.51,60.72,8,93.16,22.11,98.49,5
5560,1,1215.17,2,2,691.02,31.94,8,113.05,18.91,92.7,5
1989,0,807.19,2,2,81.26,24.9,5,32.7,3.35,99.9,3
6788,0,988.51,2,2,733.98,54.64,10,9.28,13.04,99.9,5
5381,1,905.37,2,3,844.07,25.67,10,26.71,16.05,99.9,5
2988,0,924.7,1,4,918.36,34.02,8,82.47,1.9,88.95,3
4956,0,550.0,1,3,548.94,22.88,6,3.21,4.92,92.44,6
681,0,834.57,1,3,439.92,22.32,6,70.86,3.67,94.74,4
4765,1,550.0,3,4,467.19,40.19,7,55.13,1.0,85.04,2
3792,0,1180.8,2,3,84.78,31.35,6,56.74,51.77,94.2,4
3970,1,1658.33,2,3,176.79,48.87,7,5.72,2.83,89.49,5
5232,1,1151.39,4,3,1200.29,32.37,7,98.41,26.0,92.31,6
2390,0,961.63,1,3,691.26,23.42,4,43.69,12.8,97.34,4
4616,0,665.49,1,2,98.19,49.37,7,79.69,18.46,99.9,3
4360,0,550.0,1,3,335.2,16.1,3,111.49,49.25,93.08,1
6724,0,550.0,2,3,548.27,17.03,9,35.57,2.63,96.43,5
455,1,983.44,3,4,230.94,24.73,6,90.16,20.58,96.02,6
3976,0,1346.98,1,2,132.56,9.14,5,54.84,1.96,93.01,3
6606,0,930.07,1,1,290.71,30.15,6,45.87,19.92,91.91,3
2754,0,579.94,1,3,218.13,34.63,7,13.91,19.74,94.2,2
4444,0,550.0,1,1,885.02,62.82,5,84.19,41.49,97.04,2
5140,0,724.62,3,3,864.6,57.98,6,34.53,14.92,94.17,7
6366,1,1273.03,3,5,525.41,47.08,10,69.36,22.67,95.25,9
4469,0,1246.47,2,2,877.54,28.34,5,6.63,3.02,94.13,4
2937,1,1765.4,2,3,253.74,40.56,7,49.43,17.42,99.9,7
882,1,1506.32,2,3,600.17,38.68,4,3.58,18.81,93.8,6
2319,0,550.0,2,3,425.85,30.44,7,36.69,7.08,97.07,6
5495,1,765.43,3,5,807.09,16.74,6,6.24,11.36,90.14,5
3374,1,974.69,2,4,1009.17,47.28,7,13.49,5.82,95.35,8
5559,1,550.0,2,4,177.28,18.5,8,69.51,21.65,89.35,4
3130,1,1967.39,3,2,297.81,23.46,6,23.54,4.72,99.9,8
5389,0,1929.26,1,2,972.95,11.12,9,72.24,10.01,97.07,6
117,0,1364.59,2,3,89.46,39.6,6,57.09,7.57,97.3,5
227,1,1411.04,1,5,465.67,37.83,5,63.68,2.26,91.82,8
4468,0,1168.53,2,2,723.13,46.7,6,59.15,16.33,99.9,2
5012,1,1946.47,3,2,451.62,31.92,6,16.2,19.2,92.41,7
1423,0,608.41,2,2,500.72,59.42,5,133.6,30.95,87.55,3
5293,0,877.78,2,2,953.4,44.48,7,41.11,26.65,99.31,3
6686,1,1401.07,1,3,861.91,6.95,7,19.51,13.62,96.16,6
1046,0,1493.17,2,4,277.14,35.35,10,0.29,2.44,98.86,8
2314,1,995.06,1,3,131.62,20.97,7,21.68,14.02,93.63,4
6235,0,2069.92,2,5,346.49,23.31,10,8.44,15.11,88.0,7
5593,0,963.22,1,1,477.84,43.83,5,76.36,13.49,96.65,6
868,0,1359.73,3,3,831.67,54.02,8,48.42,9.9,84.85,3
3084,0,817.86,1,3,303.63,38.3,6,38.8,34.85,88.44,4
941,1,1678.43,4,4,707.16,48.43,6,25.51,10.74,95.7,5
2218,1,1593.93,3,5,328.26,36.44,9,9.97,20.46,92.56,7
2479,0,1351.0,2,4,40.8,60.26,7,44.75,8.75,97.39,8
1013,0,1619.76,3,3,465.92,31.76,10,23.2,28.72,99.38,6
3393,1,1027.22,3,3,166.11,17.4,6,101.68,17.23,94.02,4
4721,1,1328.73,4,3,780.46,29.1,8,54.25,31.38,98.69,8
5194,0,736.63,3,3,809.09,55.02,4,60.08,22.31,96.1,3
4267,0,1491.62,1,3,697.87,35.19,4,2.86,2.28,96.1,5
4647,1,1155.32,3,4,773.04,61.11,10,98.26,23.92,99.9,8
1246,0,1036.36,2,4,155.28,23.66,8,9.21,7.29,90.73,4
2450,1,1558.03,2,2,572.2,3.78,7,29.37,29.67,99.9,6
4963,1,1433.79,3,4,760.96,31.27,7,9.39,51.55,82.45,7
3430,1,1415.41,1,2,366.14,30.38,5,66.11,1.09,90.79,1
4614,0,1092.77,1,3,447.63,35.32,5,48.44,25.16,91.3,6
1149,0,594.6,1,3,207.14,34.0,5,114.32,39.35,89.87,5
5901,1,1438.43,2,3,166.12,48.11,8,71.85,2.09,95.0,4
5395,1,550.0,3,5,687.77,48.87,8,64.67,4.74,96.07,6
1253,1,925.73,3,3,449.65,42.02,7,42.34,5.75,93.73,6
5274,1,1006.86,2,2,62.78,46.62,7,58.7,5.46,99.9,4
1954,1,1186.79,1,1,369.28,12.74,8,83.62,9.18,97.92,6
2538,1,1219.17,3,4,635.43,3.8,8,74.06,15.09,94.42,6
5403,0,781.49,2,3,539.35,5.11,6,45.32,22.52,96.38,5
5433,1,782.26,2,2,743.27,47.18,6,82.07,9.38,86.64,2
3336,0,1236.85,2,2,294.35,24.57,8,42.37,17.37,94.93,4
6855,1,1203.14,2,2,413.73,19.55,8,2.83,11.39,87.89,6
2398,0,550.0,3,4,712.97,47.21,6,79.55,8.86,94.7,4
3728,1,974.62,1,3,96.39,0.56,10,14.19,15.75,96.06,8
3117,1,1472.52,4,2,416.25,44.74,6,80.42,26.52,91.75,7
5428,1,2275.85,3,4,421.72,64.88,5,12.03,23.25,93.82,5
546,0,1017.6,4,3,1050.06,27.09,7,16.16,21.63,95.73,5
5116,0,1249.65,1,3,296.48,41.82,6,56.74,1.96,99.9,4
4052,0,550.0,1,4,200.61,22.44,3,105.69,5.32,86.92,2
4301,0,787.09,4,3,828.23,12.78,10,1.65,6.05,99.9,5
1292,0,592.47,3,2,319.47,11.41,9,55.66,2.16,99.9,7
1811,0,550.0,2,4,517.39,19.0,8,37.11,2.67,99.9,5
2656,1,1654.51,3,3,607.02,45.26,7,33.34,30.95,93.86,5
4421,1,833.3,1,4,415.2,37.09,6,57.47,11.2,94.76,4
6474,0,1037.35,2,2,934.92,48.03,6,13.84,41.71,94.51,5
1660,0,886.52,2,1,534.52,25.01,5,113.49,21.47,92.03,4
4759,0,550.0,5,2,653.86,40.98,5,46.3,18.35,83.6,2
1104,1,1320.57,2,3,916.17,28.32,6,90.86,12.79,90.49,8
842,1,1090.75,2,3,534.13,28.53,8,24.56,31.58,97.55,3
12,1,738.56,2,3,493.17,9.32,6,34.11,24.19,98.25,6
3025,1,1016.92,2,3,255.18,26.51,5,15.09,12.43,96.81,4
707,1,1698.19,2,4,567.55,56.15,7,9.3,33.3,97.2,4
5557,1,550.0,2,3,901.68,45.68,8,20.04,25.71,98.81,4
5278,1,1330.52,2,3,902.12,29.26,8,15.98,12.12,99.9,5
5629,1,882.35,3,2,663.78,38.72,6,90.68,16.03,91.56,3
5553,0,628.51,4,2,500.23,11.88,6,15.82,47.04,89.15,5
1211,0,1475.81,3,4,311.06,33.3,5,22.73,7.95,95.95,5
4370,1,1791.87,4,3,412.07,25.56,9,56.05,52.5,95.79,9
4715,1,1746.58,2,2,857.46,26.04,5,21.2,10.77,87.46,8
4475,1,1532.97,2,4,807.16,65.69,8,28.3,9.39,96.73,5
2592,1,550.0,1,2,818.94,69.62,5,13.36,13.56,96.94,3
6072,1,1336.66,2,3,711.64,20.15,9,72.37,20.01,90.35,7
6248,1,853.49,2,2,278.3,13.94,8,50.69,13.32,94.13,6
3448,1,1287.48,3,3,517.81,28.34,6,80.89,22.77,95.98,7
2231,1,1033.37,3,3,448.17,18.95,5,79.24,5.93,95.12,4
2915,0,550.0,2,2,259.82,52.52,5,124.21,51.27,92.94,1
5795,0,550.0,1,3,674.23,31.7,6,10.67,23.19,86.61,2
686,1,1385.14,3,3,1030.63,12.7,9,55.78,8.11,89.36,6
2048,0,1159.37,1,2,136.99,42.57,9,12.0,9.26,99.9,7
1800,1,675.22,4,3,203.03,5.55,7,3.34,15.29,88.86,5
5890,0,1508.84,1,3,784.12,7.72,9,75.57,28.88,99.9,7
4727,1,1487.34,3,3,531.51,11.06,4,46.9,26.79,90.65,3
4398,1,1089.88,2,3,609.84,29.62,7,53.27,0.91,97.11,5
4944,0,609.92,2,1,314.15,1.63,3,68.06,23.45,93.01,2
4777,1,2273.6,4,3,780.72,30.92,10,13.08,6.84,91.77,5
6825,0,671.5,2,3,481.64,52.18,10,55.23,15.78,99.9,4
4749,0,550.0,2,4,572.73,38.91,6,79.91,29.17,99.9,2
6079,0,1923.32,3,3,664.17,13.18,6,69.27,10.15,87.97,8
2320,1,550.0,2,2,446.16,10.26,5,10.29,3.38,91.27,5
6068,0,646.4,1,4,653.33,19.63,6,26.17,20.6,85.35,6
3551,1,1539.71,5,4,582.13,50.09,8,1.2,28.41,99.9,8
1528,0,550.0,2,3,89.67,44.39,4,43.52,6.08,93.45,1
4853,1,1613.99,3,4,655.87,18.35,8,76.51,7.46,99.9,10
5411,1,1121.99,2,3,488.69,20.04,7,24.35,20.27,91.06,5
6806,1,902.07,3,4,906.51,49.76,7,98.35,13.12,87.01,6
6602,0,629.0,2,3,263.65,37.84,7,110.24,6.42,88.62,5
5987,1,1087.6,2,4,267.34,20.46,8,69.76,6.58,98.8,7
2542,0,1496.1,1,2,759.92,4.99,6,104.36,11.38,99.0,6
60,0,906.49,2,3,699.35,57.0,7,107.8,52.74,90.5,6
4519,0,1910.13,2,2,697.08,27.27,8,23.66,1.99,90.7,6
3337,1,1487.6,3,2,660.53,17.89,7,39.4,14.97,99.9,8
3359,0,1391.97,1,3,677.48,14.8,9,18.37,21.95,99.68,9
5489,0,595.59,3,3,467.09,36.63,7,59.28,0.5,92.46,6
1236,1,1361.23,2,3,300.72,42.52,7,119.18,24.28,99.9,7
4910,0,550.0,2,3,656.92,56.88,7,62.6,39.67,85.59,4
2814,0,810.55,1,3,480.0,64.28,5,19.0,3.55,89.87,3
5611,0,1168.67,2,2,750.11,2.21,6,56.8,7.21,95.52,7
4719,1,1625.37,3,3,639.07,49.12,6,63.72,16.29,83.92,7
738,1,550.0,1,4,496.29,21.44,5,71.57,30.91,99.9,1
1313,0,763.92,1,4,951.59,11.19,9,20.62,15.71,92.69,6
873,1,1008.9,4,4,604.24,34.79,6,3.98,12.23,96.47,5
961,1,1734.6,3,1,673.13,35.29,5,64.29,1.49,91.68,7
5015,0,550.0,1,4,133.63,61.86,8,19.72,0.5,88.42,6
3744,0,1310.8,2,2,311.28,36.98,6,69.72,14.24,91.01,4
6604,1,1092.09,3,3,211.16,42.45,6,14.13,6.16,93.94,6
5148,0,1264.32,2,3,643.59,37.79,9,66.05,14.82,90.25,4
4358,1,550.0,1,5,161.74,7.84,8,44.17,17.99,97.31,2
330,0,1235.16,2,1,659.72,38.95,6,43.09,16.96,93.94,7
3805,1,797.3,3,3,797.95,42.4,8,15.14,13.61,92.87,6
1364,1,1599.49,3,1,726.01,10.54,7,8.76,22.26,92.76,7
2835,0,550.0,1,2,362.85,22.98,4,86.2,22.53,92.35,2
3885,0,1146.31,2,2,564.3,55.74,3,50.97,18.88,88.85,1
6183,1,1712.72,4,4,320.68,27.9,10,25.03,9.97,93.36,8
1664,1,1042.11,1,4,378.48,53.36,6,36.26,15.08,94.14,7
2676,1,1754.56,4,5,451.19,19.77,8,49.47,4.73,96.63,7
6355,1,1005.18,1,3,800.06,37.95,8,66.99,0.73,94.06,6
1498,0,1765.92,4,1,903.8,19.59,5,34.07,19.04,99.9,8
1615,0,795.4,1,2,893.35,4.32,4,61.43,15.74,87.3,4
6472,1,1536.89,4,3,26.83,33.68,9,73.96,1.92,88.33,6
5400,1,1060.34,1,2,256.31,52.23,6,55.53,11.38,86.27,4
4976,0,550.0,1,3,678.54,11.66,6,74.67,21.57,95.06,1
213,1,1399.82,3,5,546.74,7.05,8,21.09,10.19,98.56,7
2839,0,1099.81,1,1,460.05,74.47,3,75.03,36.64,84.68,2
615,0,866.59,1,4,443.86,38.24,6,20.68,8.41,90.22,3
1061,1,710.01,3,4,47.38,3.23,5,45.29,22.83,95.14,6
5552,0,702.7,1,2,575.39,49.19,6,67.05,16.64,88.14,4
2088,1,1192.83,2,4,105.48,22.01,9,19.73,6.23,98.4,5
6616,1,943.16,4,3,854.57,22.28,8,18.05,12.99,91.8,8
3482,1,1619.25,4,3,487.47,35.75,9,32.41,14.57,91.39,7
6230,0,622.21,3,1,396.34,73.07,5,5.56,7.32,90.66,7
3142,1,834.25,2,4,103.32,30.12,6,50.16,23.91,89.28,7
1015,1,550.0,3,4,420.07,8.48,7,36.55,6.65,93.22,4
4495,0,550.0,1,4,91.33,30.39,7,38.93,1.26,85.09,3
2740,1,1992.7,4,4,761.17,40.6,8,30.25,15.69,93.29,9
414,1,1450.22,2,3,167.31,39.09,10,1.43,10.77,94.4,8
5050,1,550.0,4,4,243.47,65.17,7,68.12,18.77,97.9,6
2182,1,1372.58,2,4,516.07,2.82,9,20.34,24.55,99.25,6
6400,1,1575.85,1,5,807.83,26.97,4,9.78,22.73,98.61,7
1582,0,910.01,1,2,445.46,60.32,8,23.06,46.47,96.48,4
6205,0,1131.43,1,4,227.45,44.31,8,56.62,12.07,83.64,6
5001,0,1087.43,3,4,356.66,40.43,8,24.22,23.74,96.28,5
4254,1,769.22,2,3,253.26,16.83,4,75.27,18.98,86.2,3
4410,0,550.0,1,1,616.53,33.6,3,37.35,12.51,92.19,2
4317,1,550.0,4,3,779.04,43.96,5,9.09,9.03,93.57,6
4133,0,1014.33,2,2,340.75,42.34,5,15.66,35.01,89.29,4
6944,0,1457.32,1,3,742.46,45.73,5,9.24,36.09,98.31,4
4859,1,1662.03,2,3,450.05,37.76,8,14.68,18.11,90.32,6
3138,1,1333.09,3,2,646.26,36.05,6,43.47,5.81,92.72,8
2501,0,550.0,2,2,225.57,46.01,5,83.14,13.07,96.21,2
6398,1,1855.43,1,4,470.89,21.83,6,56.53,8.58,96.3,9
6341,1,1872.27,5,5,591.54,45.7,10,93.93,5.18,86.91,8
5009,0,1293.03,1,3,1045.77,48.02,6,20.85,30.95,90.46,5
5054,1,1633.13,2,4,570.66,22.3,7,21.2,8.72,92.19,10
5052,0,1766.78,4,3,495.96,53.11,9,14.44,30.07,97.63,4
5543,1,1271.07,4,4,1200.19,2.22,10,64.13,2.2,98.1,5
6250,1,1567.15,2,2,359.45,31.82,8,140.07,20.34,96.16,6
2364,0,699.69,3,2,780.82,46.33,7,86.44,5.96,94.07,2
5380,1,1300.49,1,4,123.55,14.12,8,42.66,6.89,91.42,6
6356,1,1303.0,2,2,436.63,21.75,6,85.37,38.24,91.57,6
5320,0,550.0,1,4,173.56,36.25,6,36.51,4.25,80.29,3
3269,0,550.0,3,3,637.83,26.0,10,15.36,10.04,99.9,4
6957,1,1386.17,1,3,654.32,34.97,8,100.54,30.42,89.37,2
6543,0,822.69,2,4,536.32,24.25,7,91.74,16.02,91.84,4
6844,0,1005.43,1,3,85.53,53.07,7,22.52,11.77,89.35,2
5257,1,1144.51,3,3,244.81,40.05,8,51.88,10.34,89.78,7
367,1,897.24,3,3,981.44,45.12,6,7.01,0.44,84.97,6
3197,0,577.84,1,2,173.64,57.77,7,12.64,3.54,98.07,4
2987,1,1218.77,3,3,60.66,26.54,8,32.93,3.14,99.9,3
5223,1,1538.12,2,3,905.75,54.86,8,9.84,10.64,96.98,6
342,0,550.0,1,2,476.85,52.05,8,25.66,30.69,89.3,4
2037,1,682.85,3,5,439.58,51.19,7,22.16,3.62,90.37,3
1741,0,1662.43,3,4,598.62,27.67,10,23.05,11.45,99.9,7
3356,1,1229.28,2,5,113.92,63.14,8,41.59,28.62,92.03,6
4541,1,1084.07,4,3,1219.52,5.06,10,21.1,13.46,99.9,6
3335,1,1530.65,1,3,279.94,28.18,9,0.76,11.45,89.54,3
5534,0,783.68,2,2,540.28,22.14,5,28.55,6.84,89.6,2
2025,1,648.46,3,2,831.01,58.97,3,108.21,42.9,85.62,4
1417,1,1048.34,2,4,1239.55,39.38,4,40.77,6.13,90.29,5
6846,0,550.0,1,2,59.73,4.79,8,24.42,23.0,97.36,2
1192,1,550.0,3,2,340.36,14.6,6,51.41,12.25,93.09,5
5899,1,1336.78,2,3,7.34,56.27,6,101.29,22.06,90.76,4
6097,1,826.39,1,3,409.46,0.06,9,50.24,24.89,92.49,4
5961,1,1340.86,2,3,768.27,64.77,7,0.41,9.78,90.22,2
5378,1,1653.71,2,2,293.07,23.44,8,62.96,39.91,87.56,7
3370,0,1285.27,1,3,464.33,6.6,6,94.56,3.53,93.27,4
650,1,1128.09,3,3,1188.71,23.63,8,88.8,8.35,93.15,4
6394,0,550.0,1,2,512.94,15.07,4,62.47,52.17,84.46,3
4656,1,975.39,2,3,398.81,28.83,6,57.76,2.56,86.58,3
2683,0,1074.67,2,3,779.04,20.57,8,49.21,0.23,90.12,4
2235,0,935.67,1,3,250.57,45.26,6,1.24,6.75,95.56,3
6597,1,550.0,1,1,510.2,59.26,6,46.75,5.98,99.08,1
6791,0,745.2,1,3,642.3,9.3,10,28.63,0.98,99.9,5
2519,1,1658.09,2,2,1082.73,25.08,7,50.07,10.62,93.34,6
535,0,1056.18,3,4,439.76,54.6,9,78.53,13.4,91.38,4
6146,0,579.63,3,1,995.91,31.44,5,52.48,37.85,85.22,3
4653,1,893.69,2,4,98.22,1.71,7,34.64,24.67,96.21,7
2637,0,550.0,2,2,90.87,26.54,5,26.72,10.95,99.26,5
3897,1,1426.26,2,4,405.28,2.24,9,37.18,4.32,87.82,4
2550,0,920.33,1,4,1027.77,42.05,8,31.85,49.89,88.62,1
3704,1,1446.91,4,2,259.84,16.16,6,40.89,2.57,92.82,6
4390,0,550.0,1,3,516.57,29.44,5,89.07,23.37,95.53,4
447,1,2173.85,4,2,357.43,9.22,10,37.44,18.03,91.07,10
2992,0,1047.13,3,4,553.82,31.57,6,39.57,11.99,87.92,4
1131,0,755.33,1,3,645.2,41.03,7,118.89,25.81,91.78,2
4843,1,1284.46,1,2,647.91,0.03,8,31.14,27.51,93.09,5
5860,0,607.24,2,3,516.29,19.77,7,42.67,24.79,89.61,5
6134,1,1667.96,3,4,344.67,6.06,10,21.56,0.79,94.47,8
6536,0,550.0,3,3,256.21,28.98,7,11.13,19.36,92.78,4
145,0,1014.11,3,3,908.45,17.96,10,64.42,38.18,94.87,7
6945,1,550.0,2,3,66.33,17.37,3,39.22,11.57,99.29,4
3288,1,1228.64,2,3,634.83,31.0,9,8.56,34.14,98.26,8
395,0,1188.27,1,4,520.48,13.98,6,68.48,14.23,97.75,7
2860,0,772.84,3,2,229.62,25.83,8,28.95,3.95,95.98,5
3118,1,851.92,1,3,558.47,12.62,5,38.99,9.45,93.55,2
1028,1,1521.72,2,4,243.93,54.28,10,65.67,11.91,99.41,8
559,1,1831.13,4,4,653.65,36.81,10,1.77,8.54,97.13,9
2793,0,755.67,1,2,591.11,77.3,6,90.9,39.26,90.72,3
1397,0,550.0,3,3,228.76,12.67,8,61.04,9.78,96.81,2
6916,1,550.0,3,4,899.08,55.0,7,1.32,7.44,99.9,8
845,1,550.0,1,3,528.13,65.22,8,51.73,14.0,97.32,1
2494,0,550.0,3,2,885.44,20.75,8,9.04,26.83,93.05,7
6190,0,607.09,1,1,818.85,15.96,3,76.1,40.82,84.07,4
649,1,550.0,1,1,674.68,23.03,5,105.94,13.89,96.21,3
6965,1,1067.29,3,2,107.05,63.03,7,20.22,20.96,94.2,6
3847,0,806.1,1,3,104.78,26.98,6,116.25,17.84,95.21,4
2959,1,550.0,2,4,262.5,66.56,6,13.19,22.56,96.38,4
931,0,604.56,3,1,193.57,65.68,8,34.3,17.23,88.47,4
1879,0,945.36,2,3,281.91,42.9,5,8.61,29.87,93.51,4
2930,1,767.25,1,5,25.4,21.67,8,56.11,18.14,94.33,4
6039,0,830.78,4,3,371.62,39.53,6,45.32,18.53,95.88,4
5042,1,939.78,1,4,568.73,45.63,7,57.15,13.31,87.06,3
576,1,1191.4,3,3,749.31,33.34,8,91.45,15.38,99.29,6
2206,1,831.53,2,3,673.58,13.15,9,43.92,8.18,92.31,4
2983,0,550.0,2,3,773.12,29.87,9,43.71,34.19,92.26,5
4371,1,758.38,1,2,265.87,29.55,6,45.44,32.5,94.61,4
4356,1,843.91,3,4,782.47,34.3,8,68.35,9.36,97.72,6
719,1,1366.15,2,4,684.88,46.53,6,16.6,22.81,95.46,6
4867,1,915.19,3,3,426.52,62.33,6,33.73,7.33,97.68,5
6905,0,1078.07,1,4,579.4,8.36,6,52.26,12.18,98.92,3
1710,0,1613.59,1,3,1070.89,8.74,6,40.59,28.63,99.39,7
2134,0,1082.1,2,2,249.98,19.5,6,35.97,25.34,90.32,5
5244,0,795.02,3,2,505.39,39.19,7,8.31,14.3,96.51,4
1043,0,740.01,1,3,375.97,41.46,6,90.17,27.47,91.81,3
6685,1,1537.35,2,3,659.73,20.39,8,34.3,1.79,91.74,6
6386,1,1393.1,3,1,461.68,20.57,7,2.05,21.89,97.64,8
4543,0,579.71,4,1,319.87,42.23,7,30.25,29.75,88.05,4
6652,0,1153.38,1,1,843.0,6.17,3,2.35,40.3,84.45,1
3475,1,684.72,1,4,783.95,49.92,7,14.47,14.25,88.53,5
2797,1,1038.38,1,4,772.65,9.44,9,1.75,27.76,87.43,9
6817,1,1330.07,1,3,735.41,42.3,8,45.3,3.35,99.9,4
3665,0,1440.26,3,1,565.5,22.41,9,30.43,14.68,93.58,5
828,0,1101.67,1,3,397.86,7.66,5,39.74,7.32,89.03,3
4305,0,624.05,2,2,782.08,47.79,7,83.21,15.85,92.29,8
2329,0,970.36,3,4,688.02,51.9,3,73.54,1.89,90.49,4
2414,0,1096.85,2,3,486.18,52.0,3,113.55,13.98,88.63,2
5134,0,621.08,3,2,418.29,42.04,5,61.33,32.44,96.56,5
5102,1,1927.22,3,5,321.12,1.8,8,11.62,21.65,97.7,9
1979,1,1066.78,2,5,323.34,18.99,10,11.08,19.44,99.85,6
2190,1,1447.91,2,3,1070.12,32.88,6,55.78,11.09,96.55,6
4462,1,1297.26,1,5,524.32,21.06,6,47.93,1.34,95.0,4
3982,0,1258.17,2,4,402.12,0.88,9,40.89,10.45,99.9,3
6157,0,643.02,4,3,88.0,45.33,7,19.79,11.0,93.14,4
1641,1,1258.98,2,3,408.25,11.81,7,134.89,22.47,95.75,5
6311,0,595.56,2,1,284.68,35.32,5,102.12,41.83,86.61,2
1631,0,1068.13,1,1,234.66,24.13,9,59.27,18.62,90.44,4
336,0,1508.28,1,2,323.23,32.39,5,78.59,26.43,88.92,3
3611,0,550.0,1,2,264.21,41.57,6,65.96,29.51,99.9,3
2819,0,550.0,1,3,677.67,40.06,7,1.59,2.06,94.5,3
3323,1,1361.24,2,2,822.86,32.17,8,54.73,5.36,95.77,6
6598,0,550.0,2,2,698.47,41.82,4,60.11,51.01,91.44,4
5512,0,1279.88,1,2,363.78,21.61,6,28.12,8.13,88.68,2
4650,1,773.57,2,5,366.43,7.52,10,33.66,24.91,99.9,7
81,0,1287.85,1,1,587.45,18.23,6,3.49,18.77,87.73,3
5061,1,860.83,1,6,804.15,10.8,8,57.63,19.92,89.72,5
1805,1,550.0,3,3,991.53,37.67,7,30.34,6.31,98.44,6
4419,1,845.58,2,4,741.27,36.34,9,68.76,19.64,94.1,5
658,0,830.2,3,2,407.98,9.6,10,80.36,15.82,96.86,8
6936,1,680.25,3,3,532.37,47.98,7,70.65,14.77,97.11,4
3893,1,1035.22,4,5,387.71,19.58,10,3.25,13.18,91.06,7
2562,1,550.0,1,1,466.04,43.48,5,57.11,24.94,92.81,1
6871,1,1128.66,2,3,764.03,11.49,5,30.64,6.52,98.15,10
601,0,1367.63,3,2,44.28,41.83,8,18.4,7.33,94.34,8
755,1,1036.05,2,3,577.03,44.88,5,58.88,12.16,95.81,5
2870,1,1546.52,2,3,1163.94,39.93,9,50.75,4.53,92.57,6
3682,0,550.0,1,1,332.63,41.13,3,25.43,15.4,99.9,1
1202,0,1340.03,1,4,131.12,48.45,5,10.64,4.08,90.19,1
3955,1,2219.73,1,4,916.15,15.2,9,59.67,9.7,97.59,6
1168,1,1402.17,2,2,715.93,10.71,8,67.77,27.66,99.9,6
3307,0,550.0,2,3,694.9,32.07,7,73.63,23.53,94.56,4
4950,0,748.2,1,2,662.73,50.88,6,44.64,34.45,90.49,5
4554,0,781.61,4,3,879.97,33.61,8,58.94,25.57,97.68,5
6755,1,1546.07,3,2,664.26,57.35,7,25.11,1.78,80.76,7
3232,0,550.0,1,4,639.38,13.24,6,43.64,30.22,91.29,1
154,0,917.28,1,3,662.34,10.57,6,8.89,36.92,94.55,3
4420,1,893.55,2,4,4.85,21.86,7,48.38,19.29,95.31,1
4141,0,550.0,3,2,155.03,49.64,6,40.49,0.43,99.12,3
6519,1,1723.29,3,2,439.27,24.06,8,7.13,5.27,98.29,9
4828,1,959.52,4,3,579.14,43.99,10,19.73,6.79,94.27,5
1672,0,1030.61,2,2,1131.48,21.85,6,35.21,28.41,99.9,5
1581,1,1804.67,2,4,45.76,37.4,6,47.95,9.73,95.39,4
5513,0,1558.41,4,2,318.07,8.92,10,41.39,14.66,99.9,6
5656,0,1386.69,1,4,754.54,36.86,5,37.65,2.96,90.24,5
2023,0,666.6,1,1,186.59,68.88,7,7.62,36.98,89.53,1
6186,1,1310.88,4,3,499.31,24.53,10,76.47,3.21,99.34,8
1519,1,794.53,2,1,510.42,6.72,7,22.19,33.23,92.87,5
3187,1,879.48,3,4,663.46,27.8,9,10.4,6.69,99.9,5
1420,1,550.0,2,4,31.28,79.44,6,22.87,43.68,91.83,4
1688,0,550.0,1,1,173.52,5.12,3,84.68,12.89,99.9,5
3449,0,601.5,2,2,422.68,57.05,5,11.18,38.12,87.12,1
59,1,1747.09,2,3,911.97,29.24,10,48.65,4.61,98.27,6
2442,1,1834.29,2,4,436.26,16.0,8,18.69,15.82,99.9,8
5591,0,1347.17,1,4,376.98,20.52,6,30.51,24.99,88.96,3
2956,0,982.34,1,2,94.79,17.67,7,16.18,9.03,96.13,4
6990,0,683.73,1,4,121.3,41.44,7,5.49,21.6,95.0,5
1985,0,550.0,2,4,565.06,1.34,10,1.03,0.15,90.61,3
665,1,870.25,2,2,803.11,15.34,8,3.87,47.15,90.14,6
4349,1,1477.19,3,3,260.68,28.36,8,125.64,13.22,95.0,5
2341,0,550.0,2,4,215.85,3.22,8,97.64,13.24,99.9,5
4414,0,831.59,1,3,678.73,13.45,7,5.67,5.51,99.5,8
1534,1,2188.24,2,3,793.71,52.02,9,31.85,6.12,92.56,10
2066,0,550.0,3,2,739.97,80.69,5,83.67,20.2,98.29,5
5098,0,908.64,2,4,756.56,46.34,9,23.39,43.38,91.77,8
1647,0,1165.33,2,2,218.34,41.48,6,98.74,15.92,94.39,6
2262,0,1630.18,2,4,513.19,3.33,8,15.92,3.15,97.79,8
699,0,642.03,3,2,582.14,83.69,4,126.93,35.44,96.86,3
2144,0,988.32,1,3,773.65,41.29,7,89.12,15.0,99.37,3
2739,0,1373.52,1,2,243.99,40.27,7,37.42,16.62,90.89,5
328,1,1169.45,1,3,463.43,21.98,7,17.96,13.3,94.31,5
4459,1,550.0,2,4,814.66,17.2,5,132.41,11.99,91.31,3
2135,1,853.32,1,2,274.07,50.16,8,121.78,6.33,93.9,7
2006,1,1437.56,3,5,234.52,16.21,9,17.59,19.91,92.89,4
3116,0,574.11,2,3,513.85,38.11,9,73.78,27.57,86.02,5
4644,1,1491.39,2,4,554.25,15.06,8,51.55,19.55,99.9,8
684,0,550.0,1,3,16.51,45.73,4,94.11,25.18,89.05,4
6697,0,1222.1,2,4,400.08,23.77,5,22.96,19.91,90.95,5
2137,0,1373.24,1,1,249.93,18.73,7,91.75,18.44,86.42,2
3415,1,1469.8,3,2,516.4,29.53,9,25.07,23.8,99.9,9
3311,1,1542.55,1,4,278.23,18.91,8,41.62,3.32,94.86,5
1203,1,985.36,2,3,873.14,55.3,7,19.91,12.92,98.08,6
2681,1,2117.97,3,3,595.72,32.06,6,64.1,7.86,95.78,5
4327,0,550.0,2,3,243.95,38.1,5,53.54,5.89,92.47,3
2527,0,1950.12,1,1,779.68,53.97,9,25.09,11.14,92.74,6
4677,1,1394.47,4,3,143.41,45.53,7,15.34,1.5,96.11,5
2198,0,764.69,3,2,600.05,45.4,6,5.45,23.63,92.76,4
3036,0,626.54,3,3,1182.22,55.37,6,66.76,41.51,88.6,8
3858,1,1434.89,2,3,514.35,38.89,8,85.29,37.6,98.13,5
2511,1,834.66,1,2,422.04,31.59,7,86.36,12.31,99.9,6
908,1,1418.33,4,3,1128.52,36.31,9,66.04,20.72,97.68,9
3218,0,1672.22,4,4,527.91,60.17,9,47.92,11.15,98.19,5
4355,0,780.68,1,4,2.8,38.73,8,11.78,42.23,94.34,4
6156,0,1116.57,1,3,378.34,65.58,6,34.19,25.33,94.32,2
4229,0,775.79,1,3,74.17,13.6,6,73.88,5.34,82.24,6
6716,1,2111.58,1,4,676.72,10.31,9,30.62,15.1,89.52,6
3051,0,550.0,2,3,28.14,56.27,6,32.37,27.74,95.6,5
6020,1,1139.21,2,4,394.97,43.4,10,31.62,7.63,99.9,7
6173,1,1701.95,3,4,508.18,25.54,7,51.61,25.17,91.78,7
3937,0,550.0,1,2,840.49,31.95,5,5.3,2.74,95.15,3
1860,0,719.79,2,4,393.87,38.4,8,39.52,16.56,94.7,4
6385,0,1312.12,2,4,821.74,18.96,8,53.84,6.32,85.51,5
917,0,931.73,2,2,295.54,0.72,8,1.0,6.95,94.6,3
5662,0,550.0,1,3,323.4,18.0,4,28.15,20.61,99.9,2
3203,1,1709.18,3,4,650.0,17.32,10,11.68,6.24,99.9,10
6337,0,832.15,3,2,582.44,34.82,5,50.42,6.5,91.72,4
6505,1,573.29,3,2,343.71,63.91,6,78.92,28.0,93.77,6
406,1,2187.19,2,1,222.5,17.14,8,49.71,5.11,94.0,6
5216,1,2024.4,3,2,689.65,24.58,5,8.31,19.91,88.65,6
2914,1,550.0,2,4,626.52,18.89,9,62.49,17.54,90.36,3
4142,0,611.78,3,2,779.85,9.41,5,39.83,13.24,95.3,3
215,0,593.12,2,2,205.52,48.09,4,15.01,9.78,97.62,7
2761,1,1653.32,2,3,294.97,52.73,8,61.87,22.17,90.55,5
6792,1,1084.92,4,2,311.11,13.5,7,33.65,1.28,98.8,5
4060,0,727.05,4,4,183.98,8.71,7,0.43,27.23,99.9,5
2016,1,2277.23,2,3,388.04,15.61,7,17.03,41.6,88.43,8
5875,0,550.0,1,3,371.84,35.14,4,67.25,27.17,99.9,6
4251,0,550.0,2,2,193.2,49.17,4,59.9,8.55,97.0,4
2584,0,1004.32,3,2,493.74,50.91,7,72.78,25.3,91.29,3
6080,1,781.01,1,4,888.84,32.52,6,7.17,41.59,83.83,5
2862,1,1489.29,3,3,489.36,21.6,7,40.28,6.9,99.9,7
5575,1,1543.25,5,3,454.73,32.21,10,5.76,3.27,88.71,9
1215,1,578.1,1,4,570.93,54.6,5,67.76,26.5,99.9,4
3971,0,565.41,1,4,17.27,36.49,5,0.27,17.53,91.39,3
1533,1,1138.68,3,4,491.93,73.34,7,33.91,12.12,91.81,8
1391,1,859.76,4,4,629.07,22.74,8,17.86,6.32,92.99,10
4590,1,1095.87,2,4,86.61,63.3,6,140.86,5.08,94.71,4
527,0,550.0,2,1,557.55,46.88,6,19.87,2.11,94.17,3
4718,0,938.83,3,3,382.79,65.14,7,42.26,20.26,94.75,3
3556,0,550.0,1,3,260.5,68.89,6,83.45,14.89,88.44,2
6794,0,1130.17,1,2,619.97,60.37,6,49.97,9.35,90.71,4
3960,1,1366.81,3,4,659.3,34.34,10,48.41,7.74,93.95,8
4247,1,1359.56,2,3,269.28,19.82,8,95.4,4.78,89.82,6
4576,1,1686.0,1,3,674.65,27.07,10,6.95,20.84,83.63,8
2021,1,550.0,3,4,551.02,20.39,8,22.03,2.43,99.54,6
3473,0,550.0,3,2,456.75,42.73,7,89.64,32.98,92.81,2
4250,0,725.74,1,3,710.46,23.4,7,42.88,3.28,95.48,5
437,0,1522.56,1,1,39.91,42.98,4,105.14,36.59,97.3,2
1592,1,2054.6,2,1,217.02,6.62,8,100.16,8.65,93.5,5
784,0,960.83,2,2,448.31,45.95,9,26.01,11.82,94.96,5
1610,1,1179.79,3,2,348.42,19.98,9,57.55,0.71,92.63,7
3734,1,1376.39,3,3,36.68,9.16,8,88.25,22.47,92.34,7
4354,0,1103.66,1,2,463.26,56.37,5,32.24,27.74,92.17,2
4185,1,1001.84,3,2,332.49,9.02,9,57.8,7.33,95.6,6
2012,1,786.1,2,3,708.91,45.49,7,28.69,10.89,99.9,7
612,1,1309.65,2,3,707.09,6.07,9,21.14,6.97,99.47,9
1739,0,550.0,1,2,664.58,24.87,4,71.47,18.36,95.99,3
5724,0,645.52,2,1,102.29,29.06,6,66.46,11.87,94.6,3
4384,1,1302.97,3,4,786.75,47.03,10,56.11,39.79,93.63,8
3997,1,1622.43,2,1,454.07,7.31,7,22.81,7.76,95.78,6
1459,1,727.21,2,5,909.97,55.57,6,26.54,23.48,87.87,6
1760,0,914.6,2,4,547.89,39.49,7,73.19,19.66,92.79,4
1809,1,1066.98,3,3,697.27,29.02,8,84.13,32.0,99.9,7
1998,1,1569.16,3,2,819.59,11.91,8,122.54,14.02,95.36,8
5406,0,1037.16,2,2,413.45,53.0,5,5.64,19.04,91.74,3
6550,0,550.0,1,3,206.6,31.93,6,10.15,13.52,92.5,5
550,0,793.9,2,3,254.51,83.35,7,72.56,24.11,88.65,8
2149,1,1257.21,3,4,808.46,26.25,10,46.72,19.11,97.06,9
1743,0,895.14,2,3,227.24,38.7,5,57.28,16.53,95.76,5
2774,0,583.36,1,3,594.34,24.75,5,17.71,24.1,92.64,2
3692,0,931.61,2,3,571.55,62.45,8,18.16,41.47,93.75,5
2843,0,550.0,3,3,599.79,21.65,8,25.0,10.93,96.88,9
505,1,796.19,3,4,1088.34,53.34,5,37.92,11.24,91.83,6
6545,1,1864.1,1,4,771.54,8.11,9,12.75,17.27,90.35,5
6551,0,612.16,1,3,468.01,33.15,8,12.93,2.13,97.2,5
6988,1,1313.81,1,3,587.36,47.02,5,45.43,25.64,92.97,5
2447,1,656.42,3,2,332.7,15.0,6,23.59,2.41,99.9,6
2103,0,1162.8,2,4,521.97,19.53,7,12.83,8.28,91.23,5
80,0,972.44,1,3,181.58,72.18,7,38.06,35.95,94.53,4
5933,0,550.0,1,3,675.96,49.12,8,96.99,50.4,97.9,3
5478,0,550.0,3,4,237.74,51.63,10,20.72,3.18,95.76,5
6493,0,550.0,2,3,922.59,23.84,8,106.79,16.78,96.65,6
5394,1,550.0,5,4,461.67,18.7,9,46.12,9.75,96.69,8
3720,0,550.0,2,4,310.51,30.53,7,22.45,29.34,96.59,4
3330,0,550.0,1,3,795.81,39.14,6,22.71,13.16,87.84,1
6092,1,1236.71,3,5,485.91,37.01,10,73.44,13.5,94.76,7
6274,0,798.61,2,2,335.16,36.1,8,53.3,31.12,89.92,4
5307,1,833.65,3,4,146.03,5.6,7,6.15,2.56,89.48,7
5755,0,1223.42,5,3,821.98,28.1,7,76.46,8.35,94.99,4
725,0,614.58,1,2,207.28,37.4,8,77.09,10.8,98.25,6
1959,1,836.53,1,4,668.59,27.08,10,39.0,9.35,96.55,5
4290,1,1196.5,3,3,181.86,34.28,9,10.36,8.77,94.36,10
2979,0,1128.16,2,2,931.8,26.82,8,14.14,15.49,96.98,5
3219,1,550.0,3,3,291.25,3.82,10,21.19,2.59,99.9,6
1617,0,550.0,3,3,179.5,42.87,6,75.7,6.09,87.27,1
2324,1,1644.05,3,2,773.41,38.59,6,37.46,0.33,94.86,5
2139,0,550.0,1,3,570.12,4.84,10,72.2,18.78,99.9,6
2764,0,1236.71,1,2,1065.99,57.0,6,81.64,17.56,91.71,7
3903,0,908.42,1,3,14.54,48.12,7,51.58,27.84,92.13,4
2736,1,1241.82,1,3,352.69,23.26,6,104.92,8.72,95.16,8
2825,1,1254.64,4,2,483.97,10.07,7,22.78,16.21,94.79,9
5825,1,1552.01,2,3,897.16,25.11,9,21.87,1.68,93.88,8
2973,1,873.55,1,3,481.13,60.73,5,10.23,12.46,96.94,5
3603,0,1343.88,3,3,1154.36,5.55,10,41.82,17.39,99.9,8
1572,0,554.58,2,2,241.76,32.82,8,38.4,43.17,94.63,3
3073,0,1035.83,2,1,1.71,29.27,5,34.67,20.19,93.4,1
6012,1,550.0,4,3,788.48,29.26,8,15.13,10.3,93.66,6
2651,0,727.07,3,2,590.45,16.43,7,25.67,24.85,97.96,8
3668,1,1166.38,3,3,832.25,45.36,10,41.2,2.96,91.24,3
1970,0,1667.57,2,2,725.07,9.92,8,30.02,19.82,90.39,6
3180,0,818.79,1,5,897.01,7.0,10,67.91,29.5,99.9,9
642,1,732.21,2,2,102.03,0.35,7,20.33,19.03,91.18,3
2553,0,1648.37,3,2,46.28,34.6,8,21.08,2.79,84.22,5
2184,1,1318.78,2,3,230.0,16.96,6,47.21,25.24,99.01,3
2466,0,550.0,2,3,274.94,36.12,6,45.06,0.59,97.96,3
19,1,1835.88,2,4,491.31,46.18,8,95.53,15.05,87.67,5
3789,1,1343.92,3,2,395.96,70.11,7,78.95,24.21,87.94,5
933,1,1027.16,2,4,1154.71,49.78,6,1.11,28.55,92.96,5
3226,0,883.95,1,3,206.97,59.13,5,37.4,32.45,94.59,3
737,1,1635.79,1,2,383.34,6.94,7,58.37,2.22,96.72,6
260,0,550.0,2,1,175.5,45.15,4,73.93,25.49,94.04,4
6303,1,1274.43,2,4,434.25,28.74,6,65.87,2.02,89.43,7
5760,1,708.17,1,4,637.63,59.67,8,33.64,22.43,87.74,3
1810,1,550.0,2,4,329.7,33.45,9,32.06,9.25,97.2,1
1749,1,1111.51,3,5,72.77,57.19,9,59.1,27.69,89.5,4
4789,0,942.63,1,3,166.58,32.47,9,28.16,7.47,90.82,5
1966,1,1044.76,1,3,394.2,15.61,4,47.25,26.91,96.11,4
1328,1,899.55,1,5,1009.02,0.85,9,5.55,12.04,99.03,5
1962,1,1659.0,2,4,329.73,13.69,9,58.54,12.87,87.3,7
6644,1,1027.76,1,4,890.53,35.71,6,131.99,18.37,85.18,4
2119,0,1102.68,1,5,108.35,37.13,9,22.67,15.44,92.11,6
5672,1,1087.62,4,3,715.63,21.8,9,57.12,13.68,99.9,8
3719,0,550.0,3,4,55.88,43.24,8,9.11,21.18,99.9,6
6457,1,1022.52,2,4,327.59,18.7,9,74.58,24.48,99.9,6
3959,1,1617.38,4,2,796.9,6.38,8,50.27,20.1,96.46,8
2046,1,550.0,4,4,460.68,5.89,7,39.25,24.63,85.68,3
1905,0,550.0,2,5,265.41,9.55,8,43.41,18.75,95.7,2
1074,1,1411.12,1,4,402.09,19.58,8,66.86,36.85,99.9,6
1735,0,550.0,3,2,859.6,38.34,6,17.73,0.26,99.11,5
2071,0,1026.92,2,1,750.49,36.98,6,114.41,7.71,93.62,4
2193,0,1091.89,1,1,1184.02,32.95,6,25.63,36.43,99.9,6
3458,0,1182.12,1,2,224.42,45.22,6,62.85,15.29,91.14,3
2719,1,1443.95,4,5,855.02,48.82,10,83.55,34.74,85.34,7
351,0,714.31,1,5,380.52,32.9,6,73.3,28.85,92.22,2
4491,1,752.32,2,2,260.31,58.86,4,16.69,11.85,93.61,4
3905,0,1102.88,1,4,1004.95,35.8,10,56.78,49.5,99.9,8
5838,1,1563.58,2,3,724.0,24.61,8,60.85,16.08,93.64,6
3173,1,550.0,1,3,378.06,6.33,6,40.35,41.07,88.21,1
2480,0,550.0,1,3,312.08,27.16,6,11.6,52.42,99.26,4
3424,1,1154.13,2,4,599.28,40.54,7,5.65,0.27,91.65,4
4898,1,1761.01,2,2,453.55,37.47,7,19.79,31.34,96.28,6
4187,0,1236.63,2,3,172.51,56.61,9,54.74,23.83,94.2,1
4735,0,836.49,1,3,576.88,20.09,7,20.58,8.37,82.63,3
524,0,635.65,3,3,890.22,47.46,7,81.48,1.87,91.44,3
701,0,1185.85,3,2,389.82,49.18,8,0.21,10.85,89.4,7
6120,1,1293.75,1,2,421.62,35.97,6,64.71,5.4,93.73,6
2730,1,769.33,2,2,294.5,58.99,6,26.16,29.32,96.28,5
3638,1,1153.29,3,3,738.17,17.63,10,63.47,4.24,90.12,3
4440,0,550.0,1,1,883.35,60.5,5,98.99,52.38,87.37,1
5252,0,550.0,2,2,1101.84,8.17,7,20.42,9.71,97.61,5
1107,1,1545.95,2,5,573.53,35.09,10,66.75,10.25,94.91,8
4366,1,1283.06,2,3,108.24,51.64,8,50.41,5.6,91.4,5
307,1,1653.52,3,2,938.48,39.59,5,10.34,24.35,99.9,6
5484,0,965.86,1,1,642.49,14.35,3,60.96,8.82,89.31,4
5719,1,1688.17,1,4,946.4,34.22,6,48.83,20.73,93.69,5
3883,1,1457.83,3,4,202.86,11.67,10,16.68,0.72,98.59,6
1862,1,862.05,1,4,869.53,39.39,9,29.08,24.69,96.17,3
6333,0,550.0,1,3,418.08,31.09,8,18.03,19.54,94.79,5
6613,0,960.93,2,2,324.38,39.09,5,9.77,19.44,93.71,2
2857,1,594.02,2,3,673.19,31.53,5,71.99,6.3,93.7,4
6037,0,550.0,1,1,867.01,40.43,5,51.71,34.98,84.17,3
2522,0,550.0,2,2,307.65,7.86,6,77.08,10.05,97.98,5
380,0,851.29,1,5,522.92,9.66,9,3.66,34.27,96.71,7
6633,1,1569.27,4,4,418.54,25.32,10,87.5,1.82,89.97,4
606,1,1011.04,4,4,409.82,21.48,10,12.28,9.58,99.9,10
3610,0,976.06,2,2,692.25,10.8,6,8.45,13.46,99.9,3
522,0,949.31,1,2,221.81,27.26,5,16.8,22.9,92.95,4
4311,1,550.0,2,3,755.12,24.7,6,70.46,13.89,95.6,4
1132,1,2130.05,1,2,839.07,26.12,3,49.11,30.91,99.48,4
1407,0,1553.08,1,3,90.12,18.7,4,30.81,37.79,91.21,4
4985,1,709.99,2,4,990.54,34.29,6,8.96,21.73,98.13,5
1736,1,1284.31,2,5,274.86,34.3,8,38.65,14.42,96.89,7
6500,1,1277.53,1,4,826.49,17.07,7,40.09,28.51,90.0,4
2826,0,728.28,1,2,502.84,61.14,7,36.32,24.5,83.88,2
3220,1,696.83,1,3,445.12,32.0,7,19.38,40.73,89.96,6
3447,1,1101.3,2,2,224.69,12.71,6,26.64,28.46,92.66,3
3927,0,550.0,3,3,769.96,46.43,6,20.05,12.85,86.24,4
6759,1,1061.82,3,4,430.98,16.42,10,20.78,1.4,90.93,7
3107,1,807.17,1,2,302.42,51.91,2,27.11,30.62,93.56,2
3868,1,1446.43,1,3,315.55,64.45,5,37.17,5.81,85.68,5
43,0,968.6,4,3,625.87,45.22,7,13.54,2.28,96.71,6
3591,1,1740.6,3,5,980.41,15.37,9,59.65,2.02,93.33,8
635,1,1448.19,3,3,959.64,24.53,10,45.9,4.28,91.38,6
1325,1,1193.45,2,3,14.21,6.1,6,31.69,13.43,99.9,4
889,0,1248.3,1,3,347.05,11.27,7,57.76,15.15,93.83,5
3372,1,1128.99,2,2,1206.43,54.51,6,53.32,1.18,93.7,6
4932,1,1743.48,2,3,530.95,15.05,10,5.49,16.15,99.06,7
1705,0,828.83,2,2,65.86,39.8,3,1.69,31.84,92.15,5
794,0,550.0,1,2,419.16,24.11,8,7.0,13.14,91.0,3
5312,0,1658.43,2,1,460.71,18.86,4,36.67,7.41,99.47,4
61,0,550.0,1,3,272.87,10.16,5,138.66,40.12,91.94,3
1773,0,617.59,1,3,781.71,26.94,7,28.55,6.02,94.12,6
1820,0,823.34,1,4,746.56,27.36,6,79.91,24.34,91.54,3
5391,1,1164.13,3,1,327.22,47.36,6,6.06,18.66,90.67,3
629,0,1008.1,2,2,764.26,21.14,3,86.49,35.36,92.08,4
1802,0,1723.02,2,3,399.63,15.1,7,89.55,6.6,89.72,5
3723,1,2263.12,3,4,696.47,32.5,10,43.52,16.54,95.26,8
6878,0,2061.01,2,3,609.15,6.65,8,45.32,18.95,89.56,6
5655,0,1200.2,2,2,486.72,1.67,6,66.8,0.78,91.67,3
4048,1,1259.23,4,5,741.42,12.62,8,1.9,4.64,97.29,6
3912,1,959.56,5,3,464.31,22.58,8,51.58,3.65,90.54,5
383,1,969.93,3,3,1056.2,10.58,6,6.45,12.24,97.84,4
4514,0,550.0,3,4,105.28,41.35,8,54.3,25.43,89.63,4
5263,0,828.57,1,3,56.21,12.18,9,16.03,4.13,94.45,6
856,1,1002.61,2,2,245.08,15.47,6,45.71,22.91,98.44,4
6048,1,808.49,3,4,1106.11,2.8,8,12.72,15.05,94.03,6
6343,0,759.0,3,3,175.26,17.94,3,94.97,25.87,97.11,1
5383,1,1348.09,2,5,826.76,6.09,7,15.98,21.92,91.93,7
578,1,550.0,4,3,337.9,60.47,10,69.62,16.41,91.81,4
2909,1,1411.68,3,4,607.98,0.74,9,39.58,28.64,88.41,6
3745,1,1303.24,2,3,989.25,25.71,9,30.85,17.25,96.24,5
1398,1,1214.59,2,3,250.64,27.82,7,81.17,27.23,95.28,7
3401,1,896.81,3,4,501.62,50.41,8,36.43,25.7,83.91,4
1922,0,1541.15,4,1,289.74,11.97,4,24.29,22.73,88.49,5
2624,0,1621.94,3,2,876.87,34.41,6,56.36,3.46,89.23,7
6894,1,891.51,3,5,198.59,1.57,8,51.09,27.83,97.3,4
6029,0,773.47,2,3,106.19,19.55,7,83.96,1.14,88.85,3
5166,1,1930.03,2,4,800.71,19.86,6,29.03,7.48,95.55,5
1263,0,550.0,3,2,468.29,7.65,6,92.63,20.29,91.38,7
3975,1,1228.89,2,4,811.54,2.67,10,64.24,1.72,99.9,8
5093,1,1209.54,4,4,773.02,12.29,9,28.92,16.46,86.93,6
91,0,550.0,1,3,1007.36,42.32,6,1.42,12.24,93.81,2
2224,1,550.0,3,2,122.72,17.74,8,55.1,26.0,92.37,6
5152,1,1118.55,2,4,416.48,20.32,9,69.87,24.46,98.71,6
3172,1,1681.9,2,4,455.82,40.26,8,36.77,20.5,95.97,8
158,0,550.0,2,4,80.0,62.86,5,36.86,8.79,89.06,3
1139,0,1239.61,3,4,318.27,35.62,8,4.33,6.75,99.04,6
5744,0,985.17,1,2,1033.66,40.12,5,51.07,3.45,92.75,3
6807,1,1554.05,3,2,609.36,40.46,7,78.22,8.38,99.9,7
4708,1,550.0,3,3,388.17,29.39,6,0.67,18.07,87.05,5
5268,1,1025.74,3,2,15.99,16.47,6,18.84,17.25,91.46,7
4027,1,1923.1,4,2,294.11,12.89,9,116.99,11.21,86.33,5
4772,1,1089.99,3,5,502.54,33.99,6,11.19,24.4,99.9,10
5086,1,1973.89,4,5,371.56,24.1,10,45.64,5.05,92.08,9
2008,0,918.86,1,1,555.33,15.57,6,60.72,37.6,93.33,1
2454,0,869.17,3,1,46.42,7.62,6,63.39,32.38,95.72,4
3741,1,992.95,3,3,867.92,42.08,6,76.79,8.92,97.96,1
3749,1,550.0,3,4,396.22,51.98,8,44.52,24.35,91.26,7
4552,0,1357.24,3,2,487.59,40.03,7,112.57,12.65,90.64,2
542,0,914.69,1,2,423.72,56.66,7,35.24,15.57,98.19,6
2662,0,550.0,1,4,345.76,28.49,10,22.6,32.8,84.97,4
6276,0,935.63,1,2,459.38,32.05,5,79.18,24.15,99.9,4
5555,0,802.52,1,4,631.97,24.02,10,17.9,44.87,99.9,3
2782,0,1139.91,1,2,256.02,20.86,7,106.9,29.96,93.6,5
3175,1,1754.53,1,4,273.92,19.18,8,33.38,20.8,94.7,7
1863,0,550.0,2,4,696.05,26.2,8,49.63,38.01,95.69,5
5673,0,550.0,1,4,786.11,52.07,8,13.61,14.76,86.81,3
6720,1,923.99,2,3,358.02,21.18,8,15.02,15.61,94.78,5
573,1,1720.27,2,3,575.18,52.25,5,85.34,29.53,94.79,3
4473,0,858.42,1,3,520.16,51.26,6,89.94,16.26,95.9,6
717,1,762.09,5,3,703.08,35.11,8,2.98,23.88,92.96,7
4024,0,583.67,1,3,287.68,31.95,6,52.72,10.59,87.44,3
5944,1,978.37,3,3,1137.92,9.61,6,21.03,28.79,91.3,4
5637,1,550.0,2,4,747.99,14.98,9,81.19,24.77,93.21,3
1853,1,734.98,3,4,757.53,24.24,5,33.47,10.43,92.73,6
1465,1,1545.27,1,4,456.73,35.74,7,34.96,39.69,99.9,4
110,0,1171.46,1,3,656.11,23.59,3,38.31,14.56,91.04,3
4537,1,755.25,5,2,450.26,34.74,7,0.12,33.8,90.38,2
4281,1,1131.08,3,2,127.93,27.75,9,92.66,6.26,88.79,4
4508,1,691.22,2,3,45.06,26.23,9,73.12,8.23,86.7,2
939,1,1204.2,2,3,264.73,38.88,7,21.36,12.5,85.12,5
263,0,550.0,2,4,129.04,31.96,6,21.36,11.46,94.35,6
6165,0,1332.75,1,2,786.04,31.09,3,61.18,17.57,89.22,6
2289,1,550.0,2,4,781.13,14.52,8,22.8,1.65,94.53,5
3388,0,1039.41,1,2,763.38,44.08,5,49.98,3.11,89.84,4
4700,1,1729.89,4,5,190.17,12.56,10,63.05,1.84,99.9,8
1341,0,1036.9,2,3,496.63,17.3,5,26.95,15.39,96.85,5
1336,1,982.87,2,3,495.4,17.54,8,56.15,34.62,98.12,6
1605,0,891.48,1,1,452.06,14.33,6,37.03,11.9,92.89,7
1504,1,1627.28,4,3,681.23,6.11,8,27.34,22.61,99.9,7
3525,1,550.0,3,5,531.24,51.66,9,54.05,22.17,94.94,5
1684,0,711.33,2,2,571.29,66.96,5,5.4,0.52,88.44,5
1917,1,1219.26,3,5,349.82,22.94,6,6.46,3.39,93.86,5
5974,0,2248.84,4,5,893.01,21.06,10,9.61,13.65,94.35,8
865,0,754.91,1,2,619.55,40.16,7,8.51,0.16,99.82,6
2844,0,575.15,1,3,119.17,11.85,8,79.76,30.05,90.08,4
3224,0,550.0,3,2,604.13,9.3,6,18.49,21.06,92.7,5
5627,1,1211.73,2,3,516.89,21.83,9,38.15,25.04,90.16,6
4154,1,550.0,2,3,344.01,17.7,10,24.64,12.65,95.27,5
334,1,1384.52,3,5,718.69,59.12,9,20.41,0.06,93.79,7
4918,0,651.05,1,4,421.03,62.73,7,38.07,33.26,91.7,3
5487,1,1001.56,1,2,263.57,30.18,5,22.73,30.35,99.9,5
5233,0,1493.21,1,2,555.63,47.07,3,53.07,12.94,87.48,5
1537,0,550.0,2,4,811.75,38.21,5,68.45,20.72,95.19,5
2094,0,862.03,1,4,194.27,1.26,8,43.02,3.75,88.53,7
5234,1,1595.83,2,4,651.27,18.39,8,39.87,13.4,90.64,6
3456,1,850.91,2,4,517.28,18.04,7,0.2,4.32,89.73,5
302,0,1327.51,2,4,1132.4,15.69,10,16.16,1.34,99.9,6
6231,0,652.13,2,2,428.53,34.3,8,89.84,20.91,95.29,6
4338,0,561.26,1,2,1131.07,34.14,5,103.38,21.56,96.64,2
1607,0,795.85,1,4,470.16,44.62,5,52.44,21.81,98.08,6
574,1,863.99,2,3,578.21,44.02,7,58.04,1.91,99.78,6
2465,0,1046.69,1,2,295.67,38.9,7,68.29,13.83,84.96,1
3629,0,1031.39,2,3,985.75,14.48,8,62.16,2.9,96.26,3
6352,0,989.83,4,3,481.62,17.58,7,17.4,13.69,99.9,7
3279,1,1147.62,1,4,657.62,3.02,9,60.9,16.88,97.23,6
4746,0,550.0,3,3,649.63,2.33,7,104.11,43.68,97.47,5
3518,0,1296.88,3,1,1051.09,18.2,7,19.99,16.93,99.9,6
3944,0,1290.57,2,4,115.93,17.67,6,90.44,34.52,85.74,5
1703,1,785.66,2,4,202.36,1.52,9,76.79,13.36,89.5,3
6591,1,694.46,2,3,358.04,48.21,6,49.09,47.46,98.44,6
6787,1,1267.32,2,5,742.84,29.71,9,31.97,12.86,92.22,6
2578,1,2246.07,5,2,479.74,0.41,10,8.99,4.09,99.03,9
2643,0,1045.17,1,3,634.2,39.27,7,21.77,9.17,85.74,3
909,0,679.29,1,2,889.96,24.35,3,63.3,17.88,89.26,1
2853,0,871.35,2,3,251.26,24.27,8,18.33,21.29,87.48,4
322,0,1174.77,2,3,519.3,33.31,7,108.3,28.59,93.35,6
2083,0,905.99,2,2,584.18,1.93,7,30.62,1.79,88.22,3
5155,1,1389.37,2,3,648.75,84.35,8,83.67,14.19,91.07,9
6950,1,1544.14,1,3,686.88,46.05,7,69.78,4.81,91.96,7
194,0,550.0,2,4,699.71,32.22,8,101.98,16.26,94.4,3
4972,1,1175.56,4,1,701.66,25.38,8,38.57,4.99,86.0,7
6098,0,550.0,1,3,382.66,32.19,4,5.84,3.46,99.9,4
4340,0,1259.57,2,2,703.53,27.75,6,27.51,6.05,96.27,6
4816,1,716.61,3,5,995.09,6.22,8,18.49,16.95,99.9,5
1005,0,835.07,1,2,545.52,34.01,5,4.37,9.25,99.9,4
3536,1,1705.01,2,2,514.98,19.13,4,59.96,22.22,87.01,6
3966,0,550.0,2,4,319.62,7.15,7,13.66,27.62,94.87,5
6161,1,2089.87,4,3,496.28,39.12,7,5.77,12.44,99.9,7
2675,0,877.32,3,4,784.49,4.2,7,21.77,11.34,94.28,5
965,1,550.0,1,4,110.97,53.02,7,49.12,16.75,93.34,8
5272,0,1946.34,1,1,521.38,22.93,6,4.85,11.11,92.92,5
2614,1,927.68,3,5,542.23,38.64,8,60.05,15.72,95.36,5
2557,1,774.77,1,4,314.94,2.14,10,20.7,10.06,93.34,6
1995,0,894.95,1,2,452.22,48.4,3,49.25,22.48,88.41,1
5328,0,976.39,2,2,292.84,66.65,6,20.97,40.99,99.9,6
1843,1,1654.8,3,4,136.9,4.76,10,73.35,27.95,97.19,5
3865,0,798.62,1,3,427.58,21.84,7,15.09,15.81,99.9,5
6478,1,1956.12,3,4,740.73,17.69,9,119.21,19.65,92.85,6
2564,0,2013.34,2,2,634.88,26.82,7,101.36,37.07,90.25,3
6749,0,550.0,3,2,336.53,64.15,9,56.55,3.91,94.2,7
4483,1,1264.65,2,3,810.31,34.81,3,36.49,5.54,89.65,6
159,0,866.92,2,2,490.14,28.7,5,29.55,7.82,83.79,6
4562,0,550.0,3,3,684.38,7.08,3,6.45,22.31,93.99,3
4164,1,1015.91,3,2,158.02,53.96,6,47.25,13.39,94.24,5
6437,0,786.87,2,2,866.61,43.0,4,52.62,6.05,93.8,5
1501,1,1074.5,3,3,230.39,45.71,9,30.13,34.37,95.74,6
4380,0,550.0,2,3,448.08,20.53,3,47.05,14.87,96.44,3
3472,0,1063.25,2,2,506.73,52.55,7,37.42,4.97,97.83,6
4456,1,1287.6,2,4,730.59,37.77,7,23.06,17.31,89.98,6
4690,0,1515.29,1,1,720.04,25.99,6,20.59,12.47,93.68,6
2927,0,550.0,2,3,520.05,36.28,4,57.42,26.9,95.08,3
5066,1,1466.08,3,4,314.2,13.91,9,53.19,16.75,97.0,6
1352,1,1811.82,2,4,423.66,25.14,8,31.67,9.98,99.06,5
1543,1,1297.73,3,3,169.06,34.86,7,87.08,19.98,94.78,5
6075,1,1302.16,3,3,725.26,23.77,5,15.69,15.91,92.59,4
4788,1,813.53,2,5,870.53,40.22,7,75.91,4.37,97.58,6
636,1,1127.89,3,4,511.23,56.71,9,60.94,21.87,91.94,6
6417,1,2084.71,3,2,752.92,38.97,9,53.43,0.89,97.56,10
2141,0,669.92,2,3,210.68,18.26,7,1.74,47.98,99.9,9
770,0,971.06,1,5,757.35,7.36,9,46.44,20.25,96.21,7
4219,0,1358.21,1,1,521.29,51.7,3,34.04,14.06,99.61,6
4833,0,550.0,3,4,637.95,32.73,7,75.47,4.78,88.35,4
2697,0,911.59,1,2,289.95,15.46,5,69.3,2.57,85.69,3
780,1,1579.72,3,4,89.37,39.68,9,51.07,8.63,93.55,2
1502,1,1033.74,1,2,815.76,7.63,4,137.0,27.3,95.02,4
3241,0,906.34,3,1,344.42,33.35,6,80.36,19.6,99.06,8
1051,0,550.0,2,2,47.03,52.37,5,109.4,21.06,92.72,5
1919,0,550.0,3,3,596.38,40.74,5,2.08,27.31,91.07,5
4374,1,938.87,3,4,333.4,24.16,9,60.42,19.14,85.86,3
2831,1,550.0,3,4,1103.13,33.7,5,39.97,1.25,94.73,3
6565,1,957.72,2,3,722.53,29.57,5,28.0,32.91,93.8,5
6682,0,1139.0,1,4,1191.61,19.29,6,20.2,0.11,88.77,4
5037,1,1578.91,3,5,733.34,32.98,10,8.52,0.65,92.02,7
3225,0,611.44,2,3,610.95,52.23,6,84.08,12.89,97.02,7
6880,0,1065.38,1,1,439.04,18.38,6,72.06,13.93,97.28,6
614,0,1016.62,1,3,540.36,22.6,8,101.67,17.39,99.9,5
1143,1,1580.54,2,1,768.23,30.45,7,16.64,13.95,90.72,7
1075,1,550.0,1,2,12.93,19.18,5,33.46,19.83,86.3,4
2385,0,728.73,1,2,699.78,8.5,6,27.2,3.16,90.23,2
2628,1,1004.72,3,5,263.69,18.06,6,25.98,4.14,89.61,8
3969,0,1065.93,2,2,585.78,43.39,8,34.34,5.34,99.81,5
3340,1,959.09,4,3,476.4,36.75,6,51.7,53.55,87.38,6
98,1,1408.7,1,3,1053.13,42.0,8,74.13,1.46,93.46,7
2267,0,550.0,1,1,312.79,82.59,4,39.29,31.48,92.23,4
2619,1,550.0,2,2,62.64,63.69,4,63.64,27.59,82.41,2
812,1,1405.05,2,4,697.03,38.27,10,70.48,14.13,99.9,10
4751,1,1128.87,2,4,446.52,39.81,7,9.6,12.12,93.43,2
456,0,896.7,2,3,751.63,64.82,6,56.09,12.83,95.33,2
2342,1,1627.88,3,2,715.12,42.88,9,62.93,11.74,99.05,7
6126,1,1491.55,2,2,394.18,53.75,6,15.62,2.47,98.43,5
6013,1,1028.47,2,4,213.54,30.1,6,80.26,45.1,88.91,5
2407,0,1327.5,2,4,379.51,35.7,9,1.48,10.82,99.9,5
476,1,800.24,4,4,538.07,27.28,10,47.79,7.99,96.01,5
2093,0,1575.36,1,2,608.6,49.87,6,17.52,42.74,88.8,6
5467,1,1190.82,2,3,559.94,35.55,10,100.02,4.92,96.87,8
4226,1,550.0,1,2,1082.84,16.95,8,57.15,30.86,94.33,2
6884,1,694.46,1,4,776.85,15.9,7,21.96,23.31,95.11,6
2745,1,869.91,1,4,99.09,7.45,9,60.35,28.28,98.79,3
6553,0,1168.46,1,1,13.21,29.58,3,51.98,12.09,89.53,6
29,0,550.0,2,3,200.61,46.26,3,62.18,37.1,88.73,2
3889,1,1030.27,1,3,723.0,62.82,6,15.76,8.84,88.26,3
4929,0,1507.57,3,3,171.64,27.28,8,74.21,1.79,87.27,6
1367,1,1133.71,1,5,565.32,36.18,6,55.63,31.74,95.88,7
5393,1,1356.81,3,4,472.25,1.61,7,46.49,11.41,96.46,6
3801,0,961.1,1,2,296.34,31.93,7,72.6,34.04,96.4,4
1849,1,1672.6,2,3,744.28,11.36,9,45.94,20.19,87.49,7
6834,1,1637.03,2,4,72.67,20.51,9,76.25,1.86,80.74,3
6897,0,1063.8,3,2,72.32,38.73,3,104.61,31.66,94.79,1
1823,1,896.92,2,3,403.84,21.45,6,53.3,0.85,90.45,4
1170,1,1204.79,2,5,425.86,11.02,8,23.67,10.9,99.0,4
4654,0,966.69,1,4,583.37,33.42,6,19.26,16.82,97.61,5
2568,1,550.0,4,4,818.08,1.83,7,109.91,25.82,98.78,8
834,1,638.75,4,4,797.27,26.89,9,20.15,5.4,98.19,9
3761,0,550.0,2,5,959.25,7.5,6,64.62,20.72,99.41,7
3469,1,550.0,5,3,305.14,26.69,7,54.92,0.38,95.67,7
5067,1,1549.26,1,4,209.02,45.18,10,10.61,9.52,94.28,6
6139,0,1198.92,1,2,376.65,0.89,2,17.51,23.58,94.6,3
1841,1,1301.59,4,3,881.71,19.98,8,64.23,13.06,99.41,6
6751,1,550.0,2,3,461.72,3.2,6,3.78,3.88,85.83,1
6815,0,932.75,4,4,256.07,13.92,6,86.27,4.53,84.94,6
5699,0,550.0,2,3,470.25,48.26,5,82.59,14.52,91.3,3
3572,0,1662.26,1,2,397.11,39.39,8,83.02,29.95,96.45,6
2669,1,1146.65,2,4,819.96,63.77,6,17.55,25.19,85.4,7
1648,1,1476.34,2,4,229.58,8.67,10,85.14,19.47,97.3,8
6057,0,550.0,3,1,989.47,57.18,5,11.49,3.89,99.85,3
2162,0,686.31,2,4,391.81,7.56,9,30.63,10.78,93.92,4
1861,1,1056.76,2,4,420.14,38.95,5,25.63,12.3,90.44,4
6407,0,694.91,2,3,844.13,28.05,8,53.35,8.84,92.05,3
5491,1,1058.03,2,3,372.22,37.01,9,13.74,28.76,97.81,6
2147,1,1311.64,2,4,900.51,31.42,9,2.46,2.85,96.83,7
1233,1,550.0,4,4,407.63,57.14,7,84.92,8.06,97.59,7
4662,1,1449.57,2,2,218.06,52.99,7,16.22,11.04,89.94,8
5696,1,674.28,1,4,718.13,3.19,6,52.75,43.76,93.23,5
2833,1,1588.03,2,3,124.47,5.1,10,32.94,10.23,99.9,7
3023,1,550.0,2,3,700.38,5.54,5,86.36,10.84,99.81,2
1601,0,675.68,1,2,345.13,13.41,5,87.16,14.24,90.07,3
37,0,1225.68,2,2,277.91,50.76,8,126.53,4.78,94.75,3
787,1,550.0,3,2,1158.81,5.27,7,64.04,31.94,91.16,4
220,0,906.93,1,1,851.72,40.62,7,29.21,10.02,95.75,7
34,1,1061.97,2,5,333.14,31.09,8,7.25,34.39,91.82,7
3565,1,1083.25,3,4,134.26,17.57,10,13.14,0.87,88.76,6
6422,0,746.7,2,3,910.72,21.98,6,100.02,37.64,88.75,3
2667,0,1098.04,1,3,734.54,31.86,8,52.24,2.07,91.29,2
949,1,1258.83,2,2,706.86,42.24,6,2.71,7.99,99.9,5
2272,0,991.61,2,3,630.77,26.79,7,3.28,28.1,96.33,3
1002,1,1155.29,4,3,1012.36,22.93,9,31.93,4.19,94.42,6
6927,0,1495.88,1,2,764.44,25.55,5,83.0,14.76,84.57,4
6329,0,1530.0,2,3,552.64,17.62,6,63.23,10.08,83.91,4
5587,0,682.7,2,2,255.42,20.91,8,111.7,17.84,97.95,4
1512,0,1604.33,3,3,284.84,5.26,9,76.78,31.67,86.14,6
377,1,1642.29,4,2,345.19,11.9,10,43.69,0.2,99.9,8
2057,1,2003.66,3,2,741.29,23.63,7,45.31,14.38,95.57,7
151,1,1564.88,4,3,697.54,37.87,8,39.27,10.11,86.3,2
6234,0,1013.37,4,3,680.55,9.15,9,64.02,11.07,90.67,6
5689,0,550.0,1,3,457.16,28.86,9,73.96,0.1,91.52,5
776,0,550.0,1,2,249.64,28.0,8,37.67,23.21,91.28,4
4053,0,1084.17,1,2,719.87,33.1,7,85.57,9.76,91.63,1
374,1,1153.92,2,3,669.68,14.18,7,3.59,5.8,94.9,6
6164,1,609.97,1,3,32.79,12.26,8,123.09,21.88,96.56,6
4557,1,550.0,4,3,357.44,3.34,9,49.7,19.18,94.73,4
50,1,551.61,3,3,547.19,35.1,5,32.35,13.3,96.05,5
5520,1,1084.84,2,3,644.13,43.47,6,23.27,11.83,94.36,6
2588,1,1112.56,1,3,915.48,47.96,4,2.15,33.08,93.7,5
1706,0,1045.42,1,2,756.05,4.95,3,1.18,23.68,99.4,3
4611,1,1452.3,2,3,446.97,57.55,6,77.95,16.42,89.84,5
454,1,1252.56,3,2,239.71,25.03,8,22.39,2.31,95.09,6
1759,1,689.64,3,3,459.57,34.24,6,15.41,5.49,94.29,5
1938,1,1267.94,3,5,791.68,31.16,8,60.93,15.49,94.4,7
1576,1,1559.56,3,3,215.68,37.91,8,51.96,9.27,90.21,7
3264,0,550.0,1,3,320.93,41.06,7,11.23,8.81,94.79,2
2704,0,550.0,2,2,710.52,43.63,5,67.01,27.19,85.83,1
722,0,660.3,3,3,840.21,18.93,7,64.21,15.34,93.67,7
2359,1,1556.04,4,3,129.86,23.05,8,29.92,10.8,96.14,7
3564,0,1480.66,2,3,641.79,51.98,6,28.27,11.0,99.9,5
3995,1,733.04,3,4,145.4,42.67,8,4.15,14.29,99.9,6
6961,0,1070.82,2,3,914.35,39.25,5,63.35,45.25,94.48,3
1038,0,1519.25,3,4,355.87,35.03,5,39.18,14.24,86.81,6
1632,0,587.65,1,3,802.66,5.36,6,18.02,4.61,93.54,4
6280,0,550.0,2,2,681.93,36.97,3,58.92,14.48,89.48,3
1088,0,550.0,2,5,814.85,47.49,10,28.34,19.55,97.15,6
6518,1,1257.46,2,4,947.12,47.68,6,17.86,10.54,95.14,8
3769,0,701.73,2,3,722.35,51.91,6,39.1,24.89,99.9,4
2195,0,812.41,1,3,357.7,21.58,7,35.37,8.66,90.22,3
4748,1,1360.17,3,3,237.51,18.24,8,73.41,7.49,92.08,7
734,1,904.71,3,4,482.02,8.29,8,34.5,2.02,91.21,4
2234,0,848.39,1,3,42.21,58.47,7,80.19,43.58,95.5,2
5999,1,550.0,2,4,447.52,24.37,8,40.92,35.75,99.9,5
3015,1,1524.87,1,3,490.03,52.56,6,79.78,9.63,95.24,6
2412,1,1183.17,1,4,508.0,36.09,10,77.92,6.84,97.6,6
1436,1,1184.42,1,2,374.27,49.89,4,48.83,25.91,91.13,1
3816,0,1209.53,2,3,279.59,32.14,7,4.06,1.76,92.16,4
323,1,957.72,2,5,243.74,46.61,9,27.72,27.06,95.54,4
2228,1,1302.39,2,4,384.91,32.64,7,39.67,2.99,99.13,7
6228,1,1575.64,4,4,725.74,39.77,7,40.22,5.91,93.26,7
4724,0,756.78,2,4,1119.42,60.31,7,12.68,10.76,99.9,5
6345,0,679.42,1,2,622.02,11.39,7,44.3,28.79,99.76,5
4331,1,603.44,1,3,669.58,32.85,8,27.16,21.44,99.9,6
4858,0,550.0,2,4,186.83,2.73,7,14.45,30.85,87.81,2
1700,1,550.0,3,4,723.09,24.33,5,32.95,5.84,86.76,4
3922,1,905.48,2,4,435.61,26.15,8,16.32,20.94,99.9,6
6608,0,550.0,1,3,479.38,11.91,4,15.46,34.54,92.68,6
2641,0,655.08,2,3,1017.17,28.09,2,76.75,23.39,93.49,2
2484,0,747.84,2,2,692.21,39.76,3,114.59,47.56,82.72,2
5971,1,1185.79,2,4,739.45,28.16,6,23.32,14.13,87.73,3
1856,1,1467.32,1,3,556.03,11.02,8,49.6,19.82,94.79,6
6876,0,1039.02,1,1,1059.02,42.36,6,23.49,24.72,95.35,4
4086,1,1313.96,3,5,781.31,28.45,10,56.16,2.65,98.42,4
3306,1,604.7,1,3,358.48,23.05,5,92.22,11.37,95.25,4
5765,1,550.0,2,3,301.03,43.19,5,70.28,44.76,93.95,2
5485,0,712.47,2,3,505.03,39.42,8,68.85,20.97,96.19,7
1556,1,1837.46,2,4,752.13,29.17,7,16.1,3.2,91.8,4
6914,0,1821.0,2,3,553.0,16.65,7,51.35,27.59,88.87,5
5585,1,550.0,2,3,297.04,20.47,9,60.46,9.02,91.46,4
4094,1,550.0,2,4,802.1,17.39,8,74.58,21.37,82.0,3
392,1,1499.48,5,4,239.94,49.71,9,8.75,37.11,83.89,7
5631,0,1345.45,1,3,690.81,44.58,7,80.99,3.44,91.85,7
4569,0,550.0,4,1,307.61,10.8,6,93.42,23.02,95.98,2
5671,0,550.0,2,4,539.29,7.46,7,65.07,15.13,87.5,4
1000,1,1099.92,2,3,597.07,38.1,5,6.59,21.46,86.52,2
5953,1,1779.8,2,3,186.06,20.99,9,113.8,17.58,99.9,7
6179,1,1201.45,1,3,859.44,39.48,6,89.86,24.27,92.87,8
950,1,1317.59,1,4,848.9,41.79,9,25.82,18.88,99.15,9
4216,0,1005.49,2,2,330.77,36.35,10,13.63,16.66,96.17,5
1575,1,1048.47,2,2,1122.05,22.77,9,44.04,5.12,97.68,7
2672,1,958.49,5,5,484.08,31.51,10,45.18,19.78,98.96,8
2946,0,1413.7,2,3,148.98,18.53,6,106.46,2.74,99.8,4
3140,0,652.83,2,2,850.9,65.34,5,49.54,0.35,99.9,3
6485,0,965.58,2,1,152.39,21.51,7,34.21,6.03,99.9,8
6208,0,1124.14,2,3,676.66,61.77,5,12.43,17.74,86.87,2
668,1,550.89,3,5,174.12,7.71,9,3.5,16.3,92.78,4
5541,1,1659.19,2,3,719.3,13.26,9,11.22,32.25,96.59,7
4423,1,1327.56,3,3,723.69,72.13,8,38.93,1.7,93.51,5
879,1,879.16,3,4,626.06,59.77,8,59.29,5.6,94.33,7
2167,1,1207.99,3,4,617.54,0.41,9,17.12,10.57,97.85,6
4600,1,1027.66,3,4,523.99,11.9,9,37.96,52.37,92.7,8
3930,0,901.44,1,5,764.24,8.35,7,37.68,4.83,92.71,4
598,0,932.66,2,2,817.34,16.89,5,23.4,8.4,99.9,4
1681,1,748.24,1,5,512.22,28.84,7,66.33,3.48,93.76,4
2223,1,915.33,3,4,404.85,7.19,7,30.86,49.13,88.4,5
860,0,593.33,4,1,522.54,26.44,6,18.44,6.15,94.18,2
793,0,891.4,2,2,81.12,43.9,6,14.24,17.72,91.52,4
1868,1,927.64,2,3,339.42,39.61,8,7.24,3.39,98.52,2
2899,0,1401.47,2,3,762.11,23.41,7,80.21,12.3,98.99,3
4840,0,1017.19,2,2,300.08,18.21,6,46.61,3.9,89.36,5
4244,0,550.0,3,3,517.85,57.03,5,29.76,7.06,90.42,5
3579,1,581.94,3,4,518.23,31.61,9,34.84,17.26,99.62,7
4132,1,955.04,1,4,832.77,33.79,10,57.45,3.51,90.13,8
2755,1,1313.46,2,3,437.19,29.65,9,26.6,3.18,90.04,6
2710,0,1403.92,2,3,689.47,17.79,9,11.29,3.18,94.38,7
1001,1,764.24,1,2,664.94,21.28,8,4.06,12.9,99.9,4
3748,1,693.41,1,4,618.25,45.84,6,21.48,25.06,98.99,6
2677,1,1158.05,5,5,173.55,34.8,8,36.28,10.6,93.53,7
1490,0,550.0,2,3,428.74,27.83,7,50.57,23.95,89.23,5
4332,0,550.0,1,3,688.51,82.77,2,48.39,6.08,91.59,3
2502,1,1201.17,2,4,533.44,25.32,8,102.24,22.76,92.05,6
4525,1,550.0,4,2,789.52,27.87,6,59.89,28.69,99.9,3
5239,1,1147.25,3,2,276.55,66.28,8,20.52,13.5,91.07,8
1798,0,550.0,2,3,761.48,14.72,5,10.69,46.74,94.01,6
1999,0,1376.19,2,3,25.85,18.62,8,32.43,39.54,96.74,5
6364,0,1207.69,1,2,716.4,29.0,7,13.35,19.98,88.5,1
761,1,1061.65,3,5,1117.28,18.35,7,27.83,11.15,87.93,4
2191,0,550.0,1,3,180.83,4.97,7,120.07,39.4,99.9,4
2654,1,550.0,1,2,26.76,20.67,6,64.53,33.09,98.16,2
2020,1,1287.27,3,4,964.39,34.85,7,28.68,27.13,99.9,4
3308,0,550.0,3,5,550.62,58.75,8,9.94,26.9,91.61,2
1785,0,696.7,1,1,628.28,82.93,4,78.26,26.03,96.45,4
6310,1,1488.72,2,2,410.18,33.2,7,13.65,10.1,99.9,6
1098,1,1497.53,3,3,340.43,12.6,9,102.68,14.48,99.9,7
5964,1,550.0,2,1,166.01,26.45,5,41.6,16.64,99.9,6
6540,1,1496.97,2,4,2.36,36.21,9,56.53,20.19,95.63,8
5564,1,1032.01,2,4,402.07,16.69,9,24.28,0.04,95.91,4
2931,0,975.64,1,4,203.37,21.57,8,92.24,20.41,97.63,4
2795,0,550.0,2,2,399.1,17.64,7,56.52,17.41,99.9,4
4463,0,550.0,3,2,854.8,47.34,5,14.06,0.1,94.07,5
4365,1,1260.48,1,4,642.56,40.44,5,13.29,7.23,88.1,4
4134,0,595.93,1,2,337.24,53.86,3,64.66,12.68,90.4,2
5427,1,835.7,2,3,165.64,9.56,2,57.16,31.11,92.54,1
6418,0,1232.47,4,2,158.27,45.65,5,101.56,11.9,97.1,4
515,1,1075.91,3,4,27.67,21.66,7,47.1,30.38,96.9,7
1361,0,599.1,2,3,40.54,44.24,6,91.32,6.54,91.44,4
1387,0,550.0,2,4,948.0,16.52,10,59.07,26.55,99.9,6
4511,1,1327.13,2,6,907.65,21.57,10,32.06,10.09,99.68,7
6229,0,550.0,3,2,748.23,54.61,7,70.55,16.36,99.9,4
4284,1,876.96,2,2,340.06,31.79,4,44.25,12.47,86.3,4
4648,0,652.27,2,3,631.93,30.51,9,53.99,10.93,99.9,4
1505,0,1348.57,2,2,623.4,34.17,10,23.68,11.21,97.94,5
4597,1,1678.52,1,3,525.2,34.36,10,11.78,0.51,94.62,7
5823,1,1022.97,1,3,99.39,43.53,8,48.29,29.88,95.78,6
4637,1,820.01,3,4,317.93,52.33,8,46.57,35.11,87.26,3
1289,1,1635.03,3,4,944.49,58.93,9,78.79,18.82,98.73,7
715,1,550.0,1,3,727.66,31.2,4,5.52,18.41,89.01,3
366,1,1849.91,3,3,778.43,11.23,9,18.19,12.1,99.9,10
3402,0,550.0,1,3,802.22,34.69,4,12.35,11.81,97.82,3
4691,0,550.0,1,1,862.81,14.7,6,57.79,14.11,95.36,5
3354,0,774.79,1,2,367.35,27.19,8,25.05,16.03,92.24,5
6745,1,1646.74,2,3,359.69,61.03,6,35.46,27.57,88.33,6
5203,0,874.34,1,1,631.09,60.21,6,1.85,11.86,87.07,5
5547,0,592.62,1,3,584.6,30.37,4,70.66,8.48,99.9,4
3787,0,820.47,2,2,678.76,36.6,9,24.39,32.53,95.92,8
1520,0,550.0,2,3,522.98,39.22,6,30.25,38.69,90.46,1
3390,0,550.0,2,3,293.04,52.24,7,42.48,31.38,91.01,4
5322,1,1525.94,5,4,1018.13,28.06,10,5.64,2.76,99.09,9
5114,1,1135.51,3,4,1130.04,34.76,7,28.21,3.36,97.28,6
6346,0,1363.54,1,2,452.71,13.39,6,25.73,15.76,99.9,2
912,0,550.0,1,1,357.19,65.13,3,42.01,11.42,83.84,3
3406,1,1179.79,2,3,701.7,33.95,9,66.06,1.61,99.73,8
4036,0,1045.55,4,2,1211.93,22.97,10,79.71,10.99,89.09,9
1907,1,1171.54,1,4,739.56,22.8,9,53.26,10.98,93.34,7
2427,0,550.0,1,2,744.78,23.32,5,48.56,18.28,92.56,4
228,1,550.0,3,4,547.29,39.86,8,14.48,19.81,99.9,5
3387,1,758.96,1,3,241.79,11.55,7,71.17,15.55,90.36,6
401,1,1102.15,1,3,154.99,56.57,5,50.98,0.96,93.07,2
4215,1,829.74,2,4,740.29,7.17,10,10.99,34.49,95.51,5
3882,0,550.0,1,3,842.98,40.93,7,9.39,10.87,93.58,2
1661,1,1370.13,2,4,350.81,60.61,7,96.41,21.33,83.72,2
3384,1,1057.86,3,3,889.21,10.35,10,78.31,14.71,90.93,7
1987,0,550.0,1,2,316.35,24.44,4,3.09,28.08,99.88,2
1727,0,550.0,2,3,660.16,48.56,6,36.23,29.35,88.73,3
6525,0,550.0,3,3,72.28,66.56,7,87.37,20.48,96.32,4
6360,0,1396.11,2,3,149.42,46.15,6,63.25,29.82,96.07,5
4941,1,921.51,3,3,276.07,17.41,7,9.81,19.96,92.36,6
2955,1,587.88,4,3,421.5,47.85,5,65.7,8.49,90.19,5
2960,1,550.0,2,5,190.27,59.38,10,32.31,1.09,97.83,5
345,1,1453.22,2,4,176.69,50.55,6,27.35,1.98,96.81,5
5119,0,550.0,3,2,760.75,42.44,3,26.35,32.58,95.71,2
102,1,1138.0,2,4,300.71,10.83,10,12.93,13.93,99.43,7
570,0,560.6,2,4,821.94,42.25,10,19.79,29.68,91.57,7
5772,1,961.66,4,5,744.72,56.17,10,98.18,6.87,95.09,9
6287,1,982.41,3,3,798.74,12.13,8,61.02,4.05,91.9,4
6405,0,1355.66,4,1,213.57,38.9,4,64.93,18.11,91.99,4
2698,0,550.0,3,2,299.09,64.47,6,4.7,14.51,99.9,5
2334,1,1868.73,2,3,455.84,51.17,6,97.31,3.13,89.24,6
4517,0,806.19,1,1,988.98,43.81,5,31.01,22.54,99.9,3
4938,0,550.0,1,3,605.29,10.07,3,31.63,19.86,93.55,4
1461,0,744.96,2,3,590.96,52.28,6,112.59,7.61,89.05,5
694,0,851.58,3,5,405.31,5.83,6,21.44,29.0,99.57,4
5107,1,1176.45,2,4,637.57,30.14,6,64.66,27.46,95.18,4
224,0,1099.39,2,2,473.78,30.55,5,77.29,33.23,88.82,6
5913,0,1789.94,1,2,407.92,44.43,5,93.96,25.18,83.84,2
5005,1,779.75,2,2,65.34,59.82,5,28.84,7.62,95.61,4
3145,0,550.0,2,3,57.57,38.43,6,26.62,20.9,94.42,3
1570,0,940.49,1,2,622.82,32.99,6,23.83,14.69,99.9,4
312,1,1179.81,4,3,235.87,28.24,7,61.55,9.9,99.9,5
5844,1,1558.66,3,2,296.59,34.11,9,38.01,20.81,88.0,6
5747,1,1123.61,3,4,236.57,51.99,8,18.47,16.33,91.5,5
1091,0,1167.24,1,3,39.92,50.25,4,25.14,31.29,90.96,2
2533,1,2046.36,3,3,804.37,76.28,8,68.67,8.7,95.09,7
2506,0,991.12,3,4,337.75,14.97,6,59.7,36.56,84.24,5
6270,1,1035.05,3,3,682.49,37.69,9,32.02,0.14,81.43,7
5643,1,1024.25,1,4,423.29,27.95,5,21.27,18.08,92.11,2
2957,0,930.25,2,4,755.24,51.56,10,46.67,2.46,96.43,9
4089,1,710.11,4,3,76.79,55.99,6,19.9,13.48,88.58,6
5023,0,1404.58,2,3,508.44,6.07,7,15.2,9.68,91.28,6
4663,0,1314.72,1,4,424.09,69.8,8,12.22,20.94,99.9,5
4766,0,1659.9,4,4,839.69,32.54,10,30.98,3.71,89.2,8
6729,1,834.77,2,4,655.14,10.11,9,6.51,21.97,97.0,6
4092,0,1170.32,3,3,640.78,25.91,6,70.8,2.45,89.29,4
4282,0,838.91,2,1,365.87,38.95,5,55.46,1.36,97.37,5
350,1,1634.97,3,4,873.35,53.4,9,15.26,19.77,91.36,5
5416,0,550.0,1,4,398.65,40.49,7,90.84,0.66,92.23,4
6040,0,1484.17,1,4,540.02,24.92,7,86.08,43.63,99.9,9
2015,1,1996.98,2,3,852.19,23.03,10,35.86,24.46,90.54,9
2104,0,637.66,1,4,427.73,30.98,7,47.63,45.46,96.19,3
4178,1,928.34,2,2,560.91,51.95,6,93.4,21.25,83.87,4
2115,0,857.01,1,2,532.4,43.97,4,74.25,21.83,82.72,3
651,0,736.55,1,2,458.72,33.88,9,48.02,7.02,91.84,6
1384,0,1483.89,2,2,542.94,48.02,8,80.22,17.02,96.5,5
6757,0,844.84,2,3,285.84,19.26,9,107.85,53.14,90.45,4
4091,1,1128.26,3,3,827.47,29.71,7,89.18,3.97,94.02,6
4799,1,1999.62,1,4,793.89,7.78,10,106.8,7.76,99.1,7
3710,1,1620.64,3,2,402.32,59.56,6,58.94,10.71,98.64,5
3483,0,965.59,4,2,721.2,47.1,9,9.17,20.61,86.92,4
6700,0,1493.56,3,3,587.84,64.1,4,89.79,14.7,93.37,4
2832,1,813.95,1,4,923.03,52.5,8,18.46,5.62,95.14,5
4530,1,1020.94,1,3,414.41,43.21,6,45.08,32.34,99.9,5
1309,1,1368.39,2,4,418.29,36.67,9,23.91,27.49,99.46,7
1876,1,1112.35,2,5,90.84,47.89,5,71.92,20.59,94.69,4
4054,1,561.66,1,2,569.17,16.98,4,53.49,24.15,86.58,2
3990,0,1626.18,1,2,91.59,4.27,10,43.31,16.57,99.9,7
4098,1,1248.45,2,4,485.22,51.4,9,8.95,21.64,93.66,7
1819,0,550.7,2,4,382.35,12.08,6,12.73,7.55,88.78,1
3155,0,550.0,2,4,1124.4,40.11,6,19.73,13.54,89.28,5
6256,1,1647.78,2,4,408.61,30.89,9,23.73,16.13,94.74,10
42,1,1114.3,2,4,821.15,52.77,5,16.89,5.29,86.69,3
5652,0,1159.68,2,3,695.59,29.83,6,7.37,6.68,99.13,7
1337,1,950.65,3,3,606.46,42.78,8,38.43,11.12,85.11,5
3694,0,1628.7,1,4,1050.53,22.52,5,63.67,22.81,99.9,3
4734,1,949.38,2,4,908.91,13.59,10,2.19,27.09,99.9,2
4676,1,1965.15,4,3,860.28,33.12,7,5.7,8.05,98.68,4
4674,1,908.6,2,3,553.36,31.84,7,59.84,16.4,96.07,4
5321,0,734.59,1,3,978.95,5.72,5,11.29,14.3,92.22,5
4927,1,777.79,2,3,165.77,38.98,4,21.42,2.71,95.59,5
6517,1,726.14,3,2,957.37,16.79,9,49.02,1.79,91.36,7
4341,1,1865.22,3,3,253.31,3.29,10,28.62,5.95,99.9,8
1927,1,1564.82,4,3,589.2,40.21,9,39.67,15.11,98.95,8
242,0,550.0,4,2,1043.79,46.13,7,52.41,5.03,91.57,7
2312,1,1463.97,2,4,244.47,18.82,8,48.42,13.95,92.28,3
344,0,1210.02,1,2,414.33,53.52,5,61.29,22.32,90.66,5
6443,0,1877.12,4,3,301.79,38.96,8,62.96,9.97,86.24,6
6948,0,1622.48,1,3,968.39,18.41,5,31.52,0.92,91.53,6
5518,0,987.04,1,3,504.71,20.03,3,2.97,25.88,98.37,2
4417,1,1976.27,1,2,484.51,45.27,8,5.04,0.92,95.04,6
6340,0,1587.62,3,1,537.51,27.16,9,88.81,18.2,99.9,5
4581,1,1074.82,2,3,915.9,43.43,6,23.2,1.09,99.9,5
1783,1,1987.99,3,4,485.32,25.71,10,95.58,17.99,90.86,8
111,0,603.88,3,3,663.77,49.29,10,58.78,5.71,99.9,6
195,1,1427.72,3,4,659.9,11.33,7,36.95,20.68,92.33,3
4655,0,1342.51,2,4,418.09,39.6,5,89.1,29.53,89.85,3
809,1,550.0,1,4,710.84,35.57,4,106.19,28.38,83.58,2
1548,0,1039.42,1,2,886.9,45.63,5,87.4,17.57,87.52,5
5470,0,673.11,3,2,812.29,67.46,6,41.15,34.15,97.71,4
4020,0,971.55,1,3,603.51,5.99,8,35.1,8.33,93.92,7
6516,1,550.0,3,3,460.46,24.03,5,80.76,7.39,90.1,5
5658,1,2240.4,4,2,725.03,56.42,8,46.22,13.61,90.35,6
2156,0,1236.22,1,3,343.81,35.03,7,34.73,2.4,98.36,8
1771,0,550.0,1,3,482.35,49.75,8,7.33,24.96,89.01,6
6900,0,550.0,1,3,747.1,21.83,7,2.05,7.37,93.09,4
1381,0,1059.86,1,3,702.92,23.53,9,95.11,15.28,95.77,5
6486,0,641.56,2,3,515.97,22.57,8,24.86,43.79,99.9,3
4758,0,1041.61,4,5,452.98,38.52,8,33.98,2.68,89.56,6
5496,1,550.0,1,2,566.09,74.91,4,22.48,8.67,97.82,1
5885,1,1502.44,3,5,1045.11,42.74,9,52.0,16.11,99.9,8
951,1,936.15,2,3,239.11,42.81,5,83.9,22.6,94.01,5
4851,1,1119.83,3,3,122.95,46.48,7,41.72,0.79,89.64,9
4775,0,1367.54,1,2,885.22,11.23,6,62.54,3.12,89.34,3
1910,0,550.0,2,3,657.78,27.01,6,93.1,27.93,97.54,4
4191,1,1715.76,3,5,75.55,57.25,9,5.49,20.61,87.15,8
1634,0,550.0,3,4,453.68,64.03,5,33.29,21.01,92.04,4
6582,0,1013.29,1,2,48.9,38.19,6,103.3,17.95,86.94,3
2110,0,965.05,2,1,45.6,52.21,9,23.57,12.42,92.19,5
1138,1,2067.52,5,4,454.9,15.09,7,10.96,3.04,93.35,7
2351,1,1160.49,3,3,162.88,17.36,8,39.63,7.94,86.06,8
3303,1,653.45,3,2,446.32,36.3,6,37.8,11.53,93.91,4
6980,0,756.5,2,2,94.81,24.76,7,87.91,9.44,94.32,6
5358,1,780.03,4,4,751.38,29.6,8,40.33,20.37,86.3,5
6086,0,878.0,3,3,257.23,44.28,5,85.39,6.0,96.64,4
3366,1,733.82,3,3,440.05,32.07,6,104.19,0.89,84.79,5
6912,1,821.75,4,3,843.05,4.28,6,34.54,17.0,99.9,3
1090,1,861.09,2,3,259.3,32.52,7,27.87,16.96,87.79,5
3537,1,889.74,2,4,674.86,23.49,8,22.54,5.04,90.27,5
6821,0,728.55,2,2,322.41,12.46,5,77.31,16.04,87.96,4
6634,1,957.1,2,6,803.31,44.63,8,76.78,27.19,91.18,5
1711,0,1243.54,1,3,511.24,53.02,8,38.65,11.35,99.69,3
608,1,1398.64,1,3,117.0,24.14,10,48.19,4.22,88.66,7
4415,0,550.0,1,3,419.54,57.21,3,67.94,21.2,97.79,5
6662,1,1607.84,2,4,744.42,34.17,9,82.91,21.75,96.17,7
1850,1,1345.5,1,3,557.4,21.85,7,83.95,24.88,99.9,7
11,1,1337.43,3,4,955.18,20.59,8,32.28,3.17,89.72,8
453,1,1920.34,1,3,972.2,35.77,10,21.24,15.79,98.4,7
551,0,611.52,1,3,217.89,52.44,7,56.5,2.83,94.05,4
382,1,1147.95,1,3,190.36,1.1,6,44.35,3.07,99.9,8
4808,0,550.0,1,1,241.85,41.95,8,47.1,15.7,96.35,2
6563,0,550.0,2,2,489.29,20.3,7,21.14,6.84,99.04,4
2842,1,1624.02,2,3,347.64,9.1,8,67.38,15.4,90.63,5
5150,0,1058.49,3,2,472.04,46.06,7,10.57,8.11,97.45,4
2102,0,1496.01,2,1,931.13,35.22,6,40.2,24.73,88.68,3
898,1,1085.41,3,4,579.87,11.62,10,104.78,38.67,96.08,4
3613,0,626.39,1,4,304.24,28.35,8,41.71,13.39,98.33,5
346,1,1640.53,2,3,762.09,38.79,9,30.19,8.29,96.06,8
1285,1,559.06,1,1,494.75,35.66,6,35.22,17.84,98.23,3
2372,1,1253.88,1,4,381.02,28.24,5,15.66,18.13,91.55,2
191,0,1040.39,2,3,363.11,10.43,8,12.24,1.5,86.69,5
251,1,1284.7,3,2,453.26,28.69,7,45.37,11.43,96.58,2
6970,0,1562.69,1,3,498.85,65.8,8,23.76,48.1,96.45,6
1314,1,1098.26,2,3,769.18,32.34,10,46.84,38.64,99.35,8
3103,1,944.74,2,4,21.02,62.6,7,115.25,18.31,84.5,7
3798,0,1302.39,1,3,565.9,45.1,7,95.09,18.93,96.95,5
3082,1,1596.19,1,4,735.47,0.16,10,22.51,10.8,96.98,5
1510,0,1197.81,2,1,628.9,2.21,9,24.35,15.88,98.21,4
6014,1,1070.0,2,5,729.15,59.99,10,69.59,23.63,88.26,3
4051,0,550.0,1,3,364.47,28.31,5,91.72,14.36,91.44,4
6091,1,1647.67,1,3,380.61,12.86,8,56.48,39.03,99.67,5
1890,0,550.0,3,2,342.48,18.64,5,1.67,37.88,93.87,4
488,0,710.7,1,4,786.11,8.59,9,91.95,10.39,92.71,6
2270,0,682.33,3,2,135.8,15.61,8,2.79,9.66,96.32,5
4177,1,829.1,4,3,846.18,17.1,6,44.48,16.35,99.9,6
1558,0,550.0,1,3,811.06,46.9,5,16.45,21.91,97.24,5
3434,1,986.95,2,4,630.8,29.99,6,20.19,10.0,93.7,5
3092,0,550.0,1,4,697.67,13.41,8,44.56,12.76,98.1,4
32,0,1272.98,1,1,439.48,44.4,4,104.43,10.51,92.81,3
5305,0,550.0,1,4,313.24,37.74,5,46.04,28.38,91.3,7
39,0,1067.69,1,3,313.38,26.3,7,40.59,1.02,85.43,2
3088,1,615.46,1,3,609.89,49.67,7,87.61,31.83,93.5,4
511,0,859.96,3,3,133.08,51.88,10,63.9,7.19,99.9,5
1395,1,939.53,3,3,308.58,64.54,10,58.02,11.78,99.82,7
3227,0,1002.54,2,1,352.38,38.16,6,70.78,14.73,90.61,3
2410,0,770.2,2,4,443.68,45.32,5,42.78,18.51,91.86,5
2595,0,679.22,2,3,804.42,34.8,4,39.2,27.36,94.98,3
1228,0,574.97,1,2,728.27,14.94,3,34.67,19.46,90.29,2
4210,1,550.0,2,3,438.7,0.47,7,30.85,29.77,99.9,4
3843,1,1671.11,2,3,848.09,11.66,8,9.5,13.71,99.69,3
3519,0,1505.35,1,4,343.48,32.63,6,30.14,14.29,88.78,4
1786,0,550.0,1,3,402.31,21.18,7,53.75,16.86,81.49,4
5669,1,898.96,3,5,448.71,40.34,8,12.92,13.22,99.9,7
4619,0,714.95,2,2,437.41,17.09,6,26.98,4.86,94.73,1
3617,0,591.51,2,3,149.91,19.79,7,54.06,47.14,97.41,3
5408,0,634.46,2,4,794.6,6.34,4,104.53,2.06,84.09,2
835,0,550.0,1,2,899.22,51.62,3,38.94,15.11,83.31,4
4642,1,820.43,4,2,573.52,6.66,8,29.49,11.73,93.67,7
2000,1,997.28,3,3,644.48,25.04,6,92.75,14.76,97.71,5
2044,0,550.0,2,3,356.71,17.08,6,26.84,24.8,95.58,4
6692,1,550.0,5,3,692.32,28.71,7,48.35,16.95,94.63,3
6471,0,1429.28,2,2,167.92,11.73,4,105.58,41.6,86.59,2
814,0,550.0,2,2,650.06,63.47,5,98.5,21.86,95.43,2
3327,1,2121.6,2,3,416.2,62.78,7,47.98,22.78,90.52,6
480,1,1500.9,3,5,558.21,22.19,6,11.49,15.37,91.7,8
970,1,1161.42,1,4,470.5,30.05,9,55.89,18.69,99.9,8
6549,1,1507.65,2,4,558.08,23.71,8,52.37,0.41,99.9,6
3162,1,550.0,1,2,435.16,12.56,6,95.78,6.46,89.68,5
2209,1,679.89,3,4,124.47,22.76,9,14.32,5.48,91.58,6
844,0,956.19,1,4,620.13,6.59,7,70.15,3.54,95.85,5
2468,0,983.26,1,2,206.33,24.37,5,50.91,31.04,94.04,7
3877,0,1111.09,2,4,302.8,10.52,7,11.45,3.94,96.46,4
5998,1,1157.27,1,4,70.76,70.39,8,28.33,1.07,99.9,6
3507,1,798.96,2,1,618.83,31.33,4,30.34,26.49,91.07,4
4188,1,1049.18,3,4,707.58,28.7,8,35.17,13.22,95.43,7
4320,1,1382.66,3,2,301.07,44.48,7,9.63,11.21,99.9,7
2004,0,691.89,1,2,569.96,43.26,6,54.11,25.93,98.27,5
3872,0,550.0,1,1,716.74,17.56,3,71.11,21.42,84.46,2
6174,1,1644.34,4,2,726.65,25.55,6,6.92,2.78,99.9,5
1464,0,618.65,1,3,524.09,77.3,6,91.55,13.44,83.97,1
3152,1,2122.41,4,3,68.76,27.2,9,15.19,20.23,88.68,7
1918,0,550.0,1,2,549.99,42.22,6,72.57,20.89,89.07,4
3423,1,1237.01,4,3,395.55,33.33,10,43.39,1.83,87.04,8
4165,1,1217.26,4,4,135.46,30.82,6,32.35,6.2,97.01,3
6461,0,715.82,1,3,320.74,1.88,7,90.69,7.36,99.34,4
404,0,550.0,1,3,859.24,34.43,9,22.53,10.72,98.48,6
500,0,666.15,2,2,831.59,15.22,5,69.85,22.32,94.52,3
5209,0,733.8,4,3,274.49,37.07,8,45.93,15.06,92.54,4
5895,1,1540.08,5,5,966.55,33.64,10,8.14,15.6,97.56,10
6643,0,993.55,2,2,775.57,1.46,6,43.82,20.5,90.78,1
3804,0,1532.21,2,1,472.29,21.53,6,15.31,21.49,94.88,4
3176,1,1541.12,3,5,342.48,34.69,10,52.64,34.17,94.41,6
6089,0,952.71,1,4,313.49,28.18,9,37.67,10.43,87.72,6
523,0,1461.11,2,3,561.27,26.19,8,88.1,32.43,95.52,6
1435,1,1001.9,4,4,600.67,27.83,7,109.23,41.57,89.18,6
358,0,591.05,2,1,609.33,24.52,6,58.93,34.44,98.53,5
4064,0,836.14,1,4,60.02,21.46,9,54.85,20.34,99.9,5
1334,0,625.26,1,2,721.89,25.69,3,58.65,16.4,92.63,1
6573,1,550.0,2,3,710.71,54.04,4,67.76,6.4,92.64,6
6683,1,2003.59,1,3,270.14,36.17,7,78.03,32.98,86.99,6
1355,1,1122.0,2,4,1008.94,25.61,10,22.5,38.67,94.9,5
5344,1,1092.07,2,2,476.54,28.09,7,10.36,16.12,88.95,4
3455,0,571.26,1,2,800.59,27.25,6,41.18,10.58,98.17,1
4266,0,550.0,2,3,561.33,38.25,5,21.65,25.98,92.83,2
1542,1,1038.76,2,3,185.31,50.89,5,37.25,7.86,89.52,3
1174,0,1019.02,2,3,715.25,33.37,7,58.16,50.13,83.17,2
5132,0,816.9,1,3,397.89,19.75,4,65.77,27.21,91.61,4
4711,1,786.95,1,3,938.74,14.92,8,74.98,27.2,95.86,6
138,1,1233.94,2,3,963.69,40.04,5,44.03,49.67,91.71,1
3542,0,561.16,1,5,497.27,35.22,10,1.21,34.8,88.3,6
205,1,985.8,2,3,380.07,33.39,6,1.45,25.72,99.9,3
3214,0,899.97,1,2,688.21,3.59,6,46.27,11.76,93.66,5
3770,1,1149.79,2,3,294.11,31.28,5,91.85,15.98,92.17,6
199,1,1593.06,3,4,973.46,10.63,9,72.49,8.12,99.8,10
2702,1,1484.56,2,2,393.27,8.45,7,76.69,12.25,93.59,4
2788,1,1010.79,3,2,387.45,23.3,10,84.68,16.65,94.29,6
6147,1,891.62,3,4,453.52,55.85,7,40.38,1.34,94.88,2
2657,1,1426.81,2,2,573.88,56.06,8,0.84,6.24,99.48,5
5146,0,550.0,1,4,139.13,35.28,6,10.17,21.09,93.81,3
2544,0,739.26,1,2,373.41,20.04,3,83.29,19.8,91.72,2
3313,1,1666.6,3,3,601.89,19.93,7,84.8,10.68,93.24,5
6520,0,550.0,1,3,572.87,6.33,6,37.22,3.19,93.07,7
2219,1,1338.96,3,1,356.98,43.5,4,81.9,49.81,96.64,3
3277,0,550.0,2,3,416.13,60.9,8,10.23,30.24,85.71,7
4412,1,1142.79,2,3,96.34,31.04,8,119.28,50.74,93.5,7
2404,1,1688.52,2,1,626.23,23.41,4,60.56,24.68,99.9,5
4381,0,1080.68,2,2,872.12,41.76,4,5.22,15.77,89.54,4
6812,0,1004.4,1,3,101.47,42.66,7,98.74,7.09,95.29,6
2275,1,1725.08,4,4,1058.41,4.47,8,24.07,7.61,91.31,9
6006,1,1318.62,5,1,310.06,3.55,7,62.67,25.8,88.08,4
5345,0,561.45,1,3,268.08,45.99,7,89.56,24.4,95.19,3
2096,1,1116.92,2,3,522.11,29.75,6,15.31,44.16,92.34,6
2883,0,748.14,2,3,969.1,1.62,6,58.3,16.81,94.48,5
2296,0,550.0,4,2,392.24,29.4,8,34.61,9.04,99.9,4
5579,1,1281.8,3,3,858.82,50.4,7,85.11,2.22,90.12,8
1063,0,695.98,1,4,885.73,18.15,9,2.25,15.9,94.86,4
6481,1,820.98,2,5,285.53,5.74,10,79.73,7.36,94.05,6
4490,0,550.0,2,3,164.88,38.5,5,109.05,25.7,95.18,1
6987,0,839.67,1,3,322.07,33.99,7,49.21,28.36,90.94,3
3317,0,782.19,1,3,488.57,77.61,6,68.26,9.85,88.85,5
207,0,645.97,1,3,306.13,39.96,4,65.6,2.79,91.41,3
1085,0,743.76,1,2,70.48,27.75,8,11.87,21.02,88.97,3
4901,1,1016.22,3,3,495.89,57.61,6,90.83,26.96,89.03,5
5951,0,768.34,2,3,437.5,15.44,9,58.24,24.53,95.89,7
3575,0,975.57,1,2,197.27,44.83,6,79.16,4.66,95.97,4
294,0,550.0,2,3,622.44,45.71,7,57.65,13.26,96.1,3
1298,1,790.32,1,3,603.84,14.13,9,21.54,20.21,98.89,5
1154,1,1338.02,3,4,115.06,10.23,9,48.72,3.39,89.55,8
4745,1,1964.38,3,3,729.91,43.64,10,72.74,14.16,99.9,7
5567,0,550.0,1,3,2.0,30.77,6,79.16,40.47,95.87,3
5208,0,891.53,2,3,452.0,41.16,7,44.1,12.99,89.85,5
2276,1,550.0,4,4,584.5,38.03,6,35.22,25.15,99.3,7
1974,1,550.0,3,4,445.98,55.22,9,17.84,7.37,96.91,6
3675,0,550.0,4,3,670.25,15.53,7,93.8,1.6,99.9,4
5330,1,1696.31,3,3,419.32,48.69,7,27.18,29.97,97.49,8
4329,0,935.51,2,3,308.27,43.09,6,67.99,45.69,95.75,6
3486,0,901.84,1,3,280.13,43.2,6,55.74,20.29,89.06,6
5887,0,550.0,2,4,780.96,30.0,4,107.62,18.74,84.21,2
5003,0,1082.21,2,4,655.73,76.49,8,23.42,10.55,87.15,9
340,1,966.84,3,3,90.6,13.61,7,34.79,27.92,86.4,6
4675,1,1227.38,3,3,516.62,18.63,9,13.71,19.05,91.81,5
4595,0,984.08,5,2,731.79,37.81,6,70.55,3.22,88.74,6
5876,0,746.57,4,2,545.5,26.32,8,95.02,8.89,94.39,3
1394,0,550.0,1,1,845.92,24.96,5,47.69,25.87,90.98,1
2748,1,1522.4,2,3,247.56,13.5,9,26.49,20.21,98.15,7
6971,0,1080.39,2,3,232.64,25.09,6,22.17,25.15,96.09,4
3429,0,1125.46,1,3,1066.76,70.03,6,16.53,20.3,90.88,5
5745,0,1030.86,1,5,64.67,42.58,10,36.79,39.14,87.08,6
6699,0,611.64,2,2,583.16,25.03,9,44.69,15.21,94.28,4
200,1,1492.0,5,3,610.47,17.85,7,1.82,7.29,84.79,10
6765,0,550.0,2,4,799.8,30.89,7,6.82,12.21,92.95,5
4057,1,1024.69,1,4,386.54,17.87,10,2.49,2.2,92.8,9
108,1,1866.18,2,3,1059.36,41.54,8,21.74,24.62,91.43,6
6152,1,1798.19,4,3,424.89,2.61,8,5.6,6.65,98.31,6
1726,1,550.0,2,4,710.67,45.21,9,45.91,31.41,81.17,5
5793,0,550.0,2,3,730.12,47.64,4,80.17,39.09,92.23,3
4002,0,1025.62,2,1,169.54,23.35,4,103.43,9.67,96.55,3
850,0,1930.82,3,3,958.8,14.83,8,62.72,15.61,93.6,5
6675,1,1199.9,4,4,416.99,61.23,9,33.54,23.03,93.56,8
131,0,1239.22,1,4,704.29,15.15,7,38.71,14.52,96.98,6
2902,1,555.88,2,3,655.24,19.56,9,53.66,2.37,91.44,6
1629,1,1204.28,2,3,327.57,40.12,8,49.44,39.04,91.22,3
1835,1,999.38,2,3,502.84,0.89,5,54.68,10.27,92.1,4
2396,0,550.0,1,4,914.8,46.21,6,22.75,49.52,96.71,4
6419,1,1028.15,5,3,785.22,2.21,10,24.63,13.38,97.07,9
519,1,1210.49,1,1,248.46,19.59,5,60.74,11.11,99.42,3
1271,1,1073.25,1,4,843.34,25.57,6,47.62,31.67,95.85,3
3765,1,1050.87,1,4,293.12,29.56,7,68.9,22.03,97.52,4
5897,1,1559.91,1,4,688.92,21.42,9,14.28,21.29,93.27,7
1130,0,550.0,1,2,603.45,26.64,5,54.07,40.13,89.58,1
6023,0,550.0,2,4,874.96,43.64,7,79.61,28.11,91.07,5
3102,1,550.0,3,4,282.17,37.25,7,78.8,12.19,95.99,3
878,1,1540.52,3,4,626.58,56.18,8,0.12,17.64,90.64,8
895,0,550.0,2,2,417.8,36.77,7,45.27,5.53,88.21,3
1930,0,550.0,2,2,466.65,37.82,8,49.93,10.74,89.99,4
6593,0,585.01,2,2,536.05,23.38,9,65.9,20.22,98.71,5
543,0,576.91,2,2,501.05,10.54,7,84.42,1.24,95.24,4
5683,1,1489.94,3,3,756.14,60.97,9,79.86,26.78,91.84,4
4136,1,895.85,1,4,935.71,21.76,7,88.11,3.31,92.86,6
5096,1,1312.07,2,3,1016.73,43.54,10,5.67,38.46,98.34,6
4402,0,799.4,2,3,458.46,0.65,6,81.22,23.08,92.83,3
1829,0,1000.26,5,3,76.71,3.31,10,22.15,22.94,89.56,7
6063,0,2057.02,1,4,574.14,51.02,8,18.23,34.07,97.88,6
3421,1,1594.27,3,2,616.64,35.59,8,55.03,24.36,87.72,6
1737,0,1197.83,2,2,243.29,62.44,10,42.09,18.08,91.58,5
2743,0,550.0,1,4,47.13,52.34,6,6.51,3.06,87.83,3
1024,0,797.1,2,2,1071.69,52.6,4,43.98,25.43,87.32,1
899,0,1290.08,3,3,545.48,40.42,7,69.25,35.93,86.9,5
229,0,550.0,3,1,581.43,1.24,5,50.41,22.87,96.36,2
2682,1,1750.73,2,3,682.49,26.27,9,48.23,4.87,93.35,6
588,0,1476.04,3,4,393.1,68.22,10,29.88,15.71,82.16,4
316,1,969.23,2,4,520.41,39.87,9,45.53,38.54,86.82,9
6105,0,550.0,2,3,992.51,6.66,5,61.81,27.06,92.31,6
5907,0,550.0,2,3,1039.23,27.5,6,51.61,21.27,99.9,5
1701,1,844.95,1,3,249.42,11.38,7,67.03,35.55,91.49,3
4143,0,1521.66,1,4,364.8,31.69,4,42.24,30.23,90.42,2
1225,1,1235.19,2,2,647.86,5.9,5,37.48,27.27,95.15,3
5375,0,550.0,1,3,263.14,61.5,8,117.09,26.43,91.21,6
6594,0,684.2,1,4,625.16,32.37,8,10.43,19.72,93.44,5
2350,1,1450.56,2,3,691.7,32.15,8,87.01,11.36,94.15,5
5198,0,1313.22,4,3,975.73,18.87,8,57.42,27.31,87.46,6
6369,1,1113.56,1,3,38.55,26.2,6,53.25,36.17,99.9,5
5315,0,906.8,2,4,157.3,58.86,4,62.14,23.32,89.33,2
4860,1,550.0,1,3,576.33,29.73,6,69.28,32.32,92.56,3
2893,1,927.23,3,5,675.93,16.65,8,31.76,6.73,95.29,8
2075,1,1010.63,3,3,512.88,44.63,4,9.1,12.2,88.57,6
3828,1,1413.16,2,3,554.43,9.33,7,31.43,2.65,89.75,6
4436,0,886.05,3,4,37.09,47.75,7,47.0,6.49,92.88,5
5213,1,1175.28,1,4,557.65,16.35,7,39.81,39.11,96.11,7
6064,1,1108.37,3,4,454.38,3.17,10,48.32,6.5,95.93,9
1791,1,1575.99,2,2,105.49,8.19,7,19.72,5.85,93.14,6
4367,1,1143.53,4,2,524.9,42.78,6,45.91,5.3,90.93,7
520,1,976.75,2,4,768.59,19.68,3,24.61,29.75,99.9,5
2393,0,550.0,1,3,526.23,11.2,7,22.15,10.06,90.13,3
795,1,1536.47,2,2,318.57,41.33,5,98.22,3.68,90.88,2
3750,1,1068.77,2,3,414.37,47.68,8,46.43,6.45,93.35,8
4189,1,1412.25,2,1,777.83,24.89,6,15.21,2.22,92.94,9
904,0,550.0,2,4,225.53,21.82,6,39.84,30.69,96.35,4
5455,0,735.48,1,3,812.71,14.21,6,33.81,6.29,92.69,4
6508,0,550.0,1,3,735.4,56.12,6,8.93,35.4,95.52,4
6201,0,780.1,2,2,377.87,26.5,6,82.74,20.45,95.07,4
355,1,1217.68,4,4,407.63,34.18,7,100.17,1.38,99.9,7
4461,0,1038.58,1,2,280.62,45.26,2,10.67,36.82,96.08,3
3879,1,1454.5,3,4,393.24,33.38,5,59.86,5.17,89.97,5
399,0,550.0,1,3,353.03,8.28,6,16.8,43.13,86.5,3
41,1,1790.88,3,2,695.61,20.81,9,24.52,30.63,87.88,4
130,0,550.0,2,2,113.42,34.42,6,16.15,16.07,94.11,3
6016,1,2286.02,2,4,514.04,31.7,8,60.22,7.24,89.23,4
3573,0,1270.45,2,2,622.96,46.96,7,84.87,29.86,94.6,7
4131,1,1435.79,2,2,122.81,33.29,5,98.86,49.04,94.04,5
3693,0,550.0,2,5,595.84,33.9,10,13.87,23.75,94.54,6
6275,0,583.83,2,2,362.21,43.23,5,118.03,20.59,96.37,2
1994,1,1438.21,1,2,406.67,15.76,8,62.7,24.15,87.08,5
6278,1,1565.11,2,2,599.97,28.55,7,83.39,16.49,92.57,9
2072,1,1079.63,2,3,200.42,26.78,8,35.27,37.03,90.24,6
1553,1,1305.88,1,4,686.75,41.84,5,14.8,8.47,86.93,3
6042,1,550.0,3,3,290.32,32.09,5,53.05,4.56,95.57,4
5977,0,1454.19,3,1,640.5,10.7,8,80.34,7.35,88.73,5
5277,1,550.0,2,4,385.88,1.78,10,49.61,4.01,92.75,7
1183,0,1075.51,3,3,243.85,22.7,9,44.48,0.79,96.6,5
6753,1,1025.84,2,3,281.77,13.57,5,30.3,20.69,96.57,6
6501,1,910.32,4,2,929.41,54.3,7,35.15,21.17,89.69,8
5415,0,765.54,3,3,65.01,39.42,8,44.85,32.29,88.74,5
5426,1,1507.02,2,5,639.12,25.15,10,72.03,31.14,93.72,6
2615,1,1285.87,3,4,510.23,38.81,8,4.55,23.0,95.45,4
3255,0,657.23,2,2,782.02,17.02,4,94.0,27.36,96.85,1
6043,0,888.39,1,4,735.31,29.2,8,9.77,49.6,94.64,6
489,1,808.35,3,4,835.73,45.25,7,43.08,22.99,99.9,8
1416,0,1013.78,1,2,258.82,24.69,6,83.44,8.55,94.59,5
379,0,896.7,1,3,314.71,66.78,7,105.47,25.25,93.21,3
2101,0,1368.66,2,3,671.61,7.14,5,17.79,12.37,89.82,3
661,0,1074.52,1,3,76.99,76.47,7,1.46,43.07,93.5,2
461,1,821.43,4,3,800.0,21.32,8,35.88,1.93,91.06,4
4634,0,1288.26,4,3,168.4,13.93,6,18.25,3.88,94.77,5
644,0,566.19,2,4,404.67,20.9,8,67.93,15.06,84.96,6
1908,0,550.0,1,4,339.39,25.9,4,99.91,33.0,97.12,4
6054,1,771.18,1,3,95.67,57.62,5,42.5,18.61,91.95,5
1718,1,1589.78,4,3,455.79,31.28,5,10.36,23.93,86.94,4
4912,0,583.5,1,2,821.47,67.66,4,90.24,33.41,92.46,3
2330,1,1415.72,1,5,886.91,0.54,9,47.91,5.6,89.61,8
3016,0,550.0,2,3,21.78,53.89,5,36.83,26.37,86.5,4
672,1,1725.96,2,4,247.68,74.01,5,45.07,19.59,98.65,5
2849,1,1479.88,1,4,732.06,27.75,9,48.64,2.82,90.55,7
6133,1,1688.74,2,2,108.4,43.37,4,48.56,27.05,82.71,1
1767,0,620.84,2,3,17.86,19.36,5,32.53,6.75,88.01,5
6182,0,1025.08,3,3,898.79,19.88,9,5.95,14.62,97.33,6
1475,1,1230.69,1,4,311.8,43.25,6,117.42,5.49,99.9,9
2368,1,1708.43,3,3,673.86,35.68,8,85.52,8.14,88.64,6
5125,0,1230.48,1,3,16.45,14.51,5,19.58,20.06,95.0,5
2935,1,1809.96,2,6,826.48,39.12,7,67.94,8.12,93.36,8
